,Pers|global,HAR|global,HAR-J|global,HAR-CJ|global,Pers|1M,HAR|1M,HAR-J|1M,HAR-CJ|1M,Pers|3M,HAR|3M,HAR-J|3M,HAR-CJ|3M,Pers|6M,HAR|6M,HAR-J|6M,HAR-CJ|6M,Pers|1Y,HAR|1Y,HAR-J|1Y,HAR-CJ|1Y,Pers|2Y,HAR|2Y,HAR-J|2Y,HAR-CJ|2Y,HAR-J|global|WF
2019-06-05,-5.322340920888602,-5.366667634455941,-5.354591882862119,-5.334077617316467,-4.993106234998932,-5.059777700169592,-5.065310458260089,-5.014276133620444,-5.222596675193226,-5.249211219198126,-5.236501924749502,-5.221849365741738,-5.377872427886183,-5.392460687811047,-5.377396839381206,-5.377391432842125,-5.605250357076292,-5.611948013695082,-5.589353478945856,-5.605440874207015,-5.955814120397371,-5.954958798960043,-5.934241070032579,-5.952490166470705,-5.35895249562752
2019-06-06,-5.330529396055866,-5.417795420309956,-5.406001801741405,-5.38064966457507,-5.002094983012499,-5.130645488744953,-5.135720106639602,-5.08751968870834,-5.230106305999595,-5.298353481077648,-5.285887601772718,-5.2660428343991095,-5.38533379701514,-5.430523672632938,-5.415635881814946,-5.409384916423596,-5.613245883949407,-5.6335421908159,-5.61126065906807,-5.6217782482992344,-5.964097046657642,-5.9629346349662,-5.942859434745024,-5.956855894534436,-5.409151357797088
2019-06-07,-5.3741331867393995,-5.401178108171935,-5.3914104776739835,-5.427080438175926,-5.036232578295178,-5.029067131289804,-5.032783885190329,-5.0844911952088765,-5.272458500181559,-5.306161304714758,-5.295515540484656,-5.32472671529666,-5.4343085421419515,-5.4905256015664685,-5.4772467063532435,-5.486956843303417,-5.671427751167897,-5.727065040287492,-5.707237942266537,-5.710636257213867,-6.041119302234511,-6.077217725401835,-6.060796906708613,-6.059160628890194,-5.396199317040393
2019-06-10,-5.37299621767284,-5.44929450652557,-5.439030863271069,-5.416467421174398,-5.034594203158711,-5.088275312164236,-5.0925327607636115,-5.071174781918189,-5.270662241131907,-5.342310954762463,-5.331217390447915,-5.313562972038253,-5.433080296316747,-5.505952318242915,-5.492601766497014,-5.4777706384051745,-5.671604992700239,-5.732324467277103,-5.712660587549692,-5.705188595787106,-6.045853909468829,-6.090174374530288,-6.074555588270601,-6.061488514540334,-5.441632765992436
2019-06-11,-5.374039473228056,-5.634181913467766,-5.624245828540498,-5.620421630160508,-5.036860765188483,-5.2184442939201015,-5.222167854149548,-5.205952373113856,-5.272042647500028,-5.56478659875942,-5.554071454979656,-5.549241281072797,-5.433584868008856,-5.756031759356132,-5.742058361726113,-5.743960316432807,-5.670530414504638,-5.973412204313404,-5.949846660628305,-5.96950759644594,-6.040822393660686,-6.2695501779695935,-6.247367887117598,-6.278488652250467,-5.623093831298698
2019-06-12,-5.400878642165334,-5.89229809808745,-5.881703980389239,-5.666545056016703,-5.065637166202871,-5.470874148140134,-5.475315801410936,-5.232376143335306,-5.29720525242847,-5.800085419661659,-5.788766517444275,-5.602462510916985,-5.458241594594571,-5.977013525381735,-5.963441909394875,-5.817305528345049,-5.696167889639754,-6.189410566496468,-6.167171165302458,-6.0564207329918105,-6.070925245968379,-6.4592255590386465,-6.442615699290967,-6.363387121225538,-5.870830098066724
2019-06-13,-5.534092158281904,-5.784533336077973,-5.779948882144268,-5.7347452809178225,-5.189829309981856,-5.3830524020361885,-5.383702349176855,-5.2870734310368785,-5.435616592985874,-5.747230015271581,-5.741500093375687,-5.684350645470965,-5.601082199673889,-5.943081503415035,-5.934692790343854,-5.915618378210284,-5.836378369372016,-6.15778502932376,-6.142083225808041,-6.153599914055412,-6.195632417257119,-6.4041126521279095,-6.389319729642298,-6.415367040541197,-5.775036669924812
2019-06-14,-5.577355795006289,-5.952020480751202,-5.949248640869804,-5.925442580693175,-5.228969548267075,-5.514103415859697,-5.512538924320319,-5.512744551313147,-5.479483864512276,-5.904802419431878,-5.900900788395145,-5.872175065286727,-5.6468375824779855,-6.101420557935902,-6.09429370172483,-6.053275029188616,-5.88491197468822,-6.2815462365959025,-6.268056661982682,-6.235427756612661,-6.248181950807796,-6.478608570637855,-6.468113820175226,-6.457020382111672,-5.941120052769477
2019-06-17,-5.59299086389738,-6.080705315588051,-6.078251789308422,-6.016413046001589,-5.245352283552935,-5.66968441131692,-5.6677844333737415,-5.612093937209705,-5.494497920362749,-6.026111211277883,-6.0227008275461,-5.981614670221872,-5.661809142318484,-6.194884976702108,-6.188061130672994,-6.149129017168015,-5.900146097455306,-6.349529981371746,-6.336234423019106,-6.294816781972996,-6.264073841517039,-6.51253337912004,-6.503616546642692,-6.473823486037406,-6.06656896992125
2019-06-18,-5.607505749942227,-6.029772139179048,-6.028468267304355,-6.047192410441357,-5.2570887299557265,-5.6126140047126585,-5.609870226513669,-5.635377293966898,-5.508184529890207,-5.948768218398212,-5.946378090441464,-5.977380775512144,-5.677499138947668,-6.1370797824725445,-6.130938580938123,-6.155176528178529,-5.919422058472829,-6.35454854460677,-6.341208731883694,-6.356220656549445,-6.29105231215199,-6.612344879241643,-6.6013227978967475,-6.600582472039393,-6.019493528343135
2019-06-19,-5.610887181873232,-5.882893607355275,-5.88170674563704,-5.912840968795058,-5.259540554712337,-5.440170100918848,-5.437750490072412,-5.484025109140746,-5.512241615179773,-5.809995193640339,-5.807630978790754,-5.842006389686353,-5.6817253253537015,-6.019962114590724,-6.014270090141265,-6.038299682451428,-5.923418574761644,-6.266921778350003,-6.254999802235983,-6.270937364804756,-6.293928787949468,-6.58148366253516,-6.570909469385469,-6.574824421953874,-5.876246024932863
2019-06-20,-5.614221045800751,-5.92587837996314,-5.924418271521323,-5.905652082302859,-5.263213459066016,-5.53791488645989,-5.536062539439114,-5.481230518132818,-5.51598816957895,-5.848868009638894,-5.846189464589707,-5.8283905585196845,-5.685440704039524,-6.019693205796233,-6.014145519971822,-6.018326694148643,-5.92596309901806,-6.249669162168531,-6.238092387744645,-6.256255808457715,-6.292297884738416,-6.598201054611263,-6.585781944680278,-6.611486004397202,-5.917054677790807
2019-06-21,-5.622417288966469,-5.699080649905346,-5.698378715299926,-5.754946993606133,-5.266785964785754,-5.29452229839047,-5.292272490224594,-5.355304370551224,-5.524699569728367,-5.610979296131077,-5.609052674368243,-5.668774042352081,-5.696694451181805,-5.803724426789367,-5.799107414873216,-5.850080632434763,-5.93980113554695,-6.057330198042238,-6.048757344544247,-6.089343607411096,-6.312827998002754,-6.4493495786007635,-6.440819099820959,-6.468938632882421,-5.697522201278717
2019-06-24,-5.620715220746884,-5.766230628816752,-5.764826821981399,-5.739459491066666,-5.266601924928829,-5.377409988706057,-5.375789930719385,-5.345022483411084,-5.522125309169991,-5.66678361539055,-5.6641630581392475,-5.650537108314911,-5.693623264417426,-5.839930371899633,-5.835137917697163,-5.829472887230041,-5.936745553824054,-6.078328539743133,-6.070149824489503,-6.06860000161259,-6.3111464573589995,-6.468597314861608,-6.461742850155704,-6.457313628270906,-5.760905259439209
2019-06-25,-5.6546214659473035,-5.58756411576349,-5.587926785941755,-5.646830917981596,-5.2809938290779685,-5.195910021294934,-5.193679072752914,-5.257213882130537,-5.561612375675947,-5.497445937586787,-5.496624576747076,-5.559038223849012,-5.7443724470433155,-5.688116056136315,-5.685511428323711,-5.740392525484738,-5.9948194217053645,-5.9481839828043865,-5.9444629798986615,-5.98583312328141,-6.370917887183248,-6.356893790736981,-6.353853701815108,-6.379319563424386,-5.589672586616478
2019-06-26,-5.662568611184515,-5.788628798068936,-5.787990986967395,-5.678110453289617,-5.289544910596603,-5.4014592410724855,-5.399966688369548,-5.2962374741575875,-5.570160914018822,-5.689245152539692,-5.687423718093297,-5.588497616478509,-5.752197845625579,-5.847374151156599,-5.844713646673918,-5.7643978602101065,-6.000967781327381,-6.070247789707885,-6.06741219294076,-6.003562375942995,-6.373252509223297,-6.423472955090797,-6.423433747071034,-6.386526450877321,-5.782053640428538
2019-06-27,-5.68542593470447,-5.6737824936238805,-5.6747530911823905,-5.670735544413191,-5.305770872673922,-5.288013221412924,-5.2855717380780165,-5.283499522919679,-5.5948620912587606,-5.571912750243017,-5.571718959199011,-5.576943002021108,-5.780586899781325,-5.752563544940942,-5.7511254347922565,-5.76004639363245,-6.032695489829701,-6.00966628221742,-6.008199806295361,-6.0126428836128785,-6.406682837085242,-6.42526485157904,-6.425141277721492,-6.420444782993256,-5.6734496002550525
2019-06-28,-5.688946830599837,-5.624686435369353,-5.6261675048419795,-5.672301989567952,-5.310618451313789,-5.244192813694687,-5.241276776227136,-5.292868682974248,-5.598862582872077,-5.522848057224805,-5.523146147421796,-5.573641577302829,-5.783031607358363,-5.70936723932543,-5.70810924742924,-5.753606319652534,-6.031567431214624,-5.973930969046996,-5.972279640646131,-6.00592280164773,-6.4087252126499745,-6.406581660981116,-6.405388258015555,-6.424196276276684,-5.626923851390991
2019-07-01,-5.696528303052176,-5.550300604069154,-5.5520262085302585,-5.602098863365754,-5.329142118897465,-5.18385306494371,-5.180719146283492,-5.234440953681277,-5.607075621106791,-5.45239309875728,-5.452909080564053,-5.505784796632138,-5.782760615197588,-5.62969944659876,-5.628631229114886,-5.678543680144407,-6.018492452528536,-5.885449343292978,-5.884091195087595,-5.922843180151678,-6.386801358895571,-6.312889369911583,-6.3118285379212855,-6.334613599447997,-5.554531163478474
2019-07-02,-5.715892103638543,-5.5846090028754745,-5.586968433842918,-5.6290408564802785,-5.33251474508832,-5.1902973337945735,-5.187036762767418,-5.2441234233806036,-5.63294512585287,-5.498475417151598,-5.499763680865739,-5.540729056465526,-5.814886386279059,-5.68585251906851,-5.685809390186979,-5.720659397804796,-6.054865188430552,-5.939693156844609,-5.940108265180791,-5.965595981720863,-6.432219105015613,-6.366350031107122,-6.36760144529644,-6.382729979281807,-5.588602506315663
2019-07-03,-5.702470172062129,-5.57368704718282,-5.5753511871714325,-5.591509618285856,-5.320705036119515,-5.194808135009867,-5.1921518057070175,-5.211350798888022,-5.620056184111471,-5.486911032170454,-5.487558470472163,-5.505004130731629,-5.801226451381665,-5.663927044100627,-5.663453154051278,-5.683715792221263,-6.038435448852029,-5.903994900074547,-5.904012951939984,-5.923264398313611,-6.409301187700373,-6.307202541022484,-6.308124918293923,-6.323507885821492,-5.5767012302795695
2019-07-05,-5.74881997213327,-5.482494842068464,-5.486052996000739,-5.542567685900754,-5.310257264456233,-5.0154351211453125,-5.012972788061001,-5.097744922836016,-5.694363253136048,-5.447438402700083,-5.450671481277557,-5.492920887539418,-5.907706091957152,-5.70316652055483,-5.706442589902689,-5.71745614487484,-6.163435825998911,-5.9857059562009285,-5.9929668096564095,-5.979964156199028,-6.548917529820206,-6.3847552556902984,-6.394266926259056,-6.3882237547143665,-5.490313315343304
2019-07-08,-5.735797520446502,-5.516346850821234,-5.51920823184852,-5.544153361983157,-5.2961887409893995,-5.070382810229683,-5.068604151543711,-5.094768171178428,-5.683669147004607,-5.474511161376966,-5.477278467012506,-5.503328843658462,-5.897840050249419,-5.697457801764513,-5.7003832310444915,-5.7298653066128065,-6.150878653547796,-5.953071456495029,-5.959268712222879,-5.981952190454208,-6.528981907884077,-6.344254818730608,-6.352067231304895,-6.364634970516002,-5.523025028671546
2019-07-09,-5.741196019982602,-5.678271926432646,-5.680557770215225,-5.601029902558273,-5.297645739132729,-5.193179207897866,-5.191820213389972,-5.1284627466994035,-5.690991444909709,-5.664668346482423,-5.666799668226555,-5.576186856288285,-5.908521128206651,-5.909910119032089,-5.912738826216985,-5.826463399060893,-6.164049995591428,-6.143468548065518,-6.149807713095911,-6.079254069288632,-6.540673662588932,-6.437087444613026,-6.44586203858388,-6.428418325031817,-5.680833871199726
2019-07-10,-5.760963276754297,-5.655858734185748,-5.659396137556613,-5.648314641140558,-5.326479392865552,-5.1841688591271105,-5.181708887272148,-5.171284101346192,-5.708521445127634,-5.636880876719624,-5.640294022303709,-5.631583382701704,-5.916755113501713,-5.881399124891979,-5.884555283649436,-5.886122364024078,-6.163337807793471,-6.118789502017138,-6.123900839838756,-6.1271487897829084,-6.526645863678101,-6.425243795790276,-6.431852630003919,-6.4375341352152,-5.660193205089908
2019-07-11,-5.766936746718355,-5.754758529302909,-5.758066437297936,-5.686558696054693,-5.331518706182155,-5.246170560390394,-5.243793134865822,-5.191967659472286,-5.716202179121767,-5.759512598184416,-5.762649433456145,-5.682925742265017,-5.92426929608559,-6.026338416918206,-6.029433033040321,-5.9598958909029855,-6.16895009699692,-6.262781632728355,-6.267525902536679,-6.210309113497791,-6.528438397307118,-6.536204269811851,-6.543796259115943,-6.504689889319305,-5.756698312955992
2019-07-12,-5.774628786457218,-6.009096020230854,-6.012322672124591,-5.877573969636472,-5.337477735367728,-5.544426403249945,-5.541463952306062,-5.433414943038048,-5.723329791316717,-5.979723657149783,-5.982762745394608,-5.843161798611526,-5.932380728747166,-6.171664998680421,-6.174714581657402,-6.042589939421058,-6.179823647804739,-6.353596666500145,-6.358872913004234,-6.248350725765089,-6.551153099430249,-6.598859750571942,-6.608165387895881,-6.546550061923706,-6.005579022573637
2019-07-15,-5.771719977161889,-6.078992867250469,-6.08313986846582,-6.063646598842974,-5.336648316019174,-5.675582659785507,-5.671727034868164,-5.612724579176105,-5.720361158657005,-6.051243413789596,-6.055419509043728,-6.044013520868531,-5.927287403530999,-6.221587621730904,-6.224260169789349,-6.231592527513797,-6.172274361309478,-6.401163069193798,-6.402856624491803,-6.412390040097653,-6.540130975212603,-6.644280211981702,-6.64751568480709,-6.654994213265681,-6.075176446422063
2019-07-16,-5.770838603819895,-6.049306145296687,-6.053464760313154,-6.041537479493186,-5.334879298519456,-5.624671981755834,-5.6205380554074935,-5.6120926346129,-5.717695914712933,-5.991783444854717,-5.995931082265265,-5.997282623302394,-5.925701304843123,-6.169190637715082,-6.171940349148924,-6.175518584645741,-6.1746772906707745,-6.372639102313814,-6.375132282395657,-6.371837998130643,-6.557273894107696,-6.680062694962199,-6.6849857672936395,-6.672744639212222,-6.046129060273582
2019-07-17,-5.743661883404333,-5.77862777008607,-5.782295735739667,-5.847920965423208,-5.312655510134754,-5.351944890724033,-5.3483855847196,-5.424784257907352,-5.6890653586423054,-5.71728508522546,-5.720840495120284,-5.788395397376472,-5.893058831016992,-5.911790415496011,-5.913987357042723,-5.971209457186841,-6.139261686594215,-6.154742525967412,-6.157134263321994,-6.196804405298858,-6.520694171186082,-6.547736796986962,-6.550539104563871,-6.573750907364937,-5.780761806415532
2019-07-18,-5.736461246405878,-5.800102030094205,-5.8030396380812475,-5.810040298305603,-5.305577189682063,-5.372188656790896,-5.369253372006798,-5.389650778298147,-5.681533682076071,-5.729678411095951,-5.7324972765620865,-5.744331146586783,-5.885926456547304,-5.922169204158082,-5.924105836417424,-5.932214371591656,-6.1323949074994815,-6.161653512262749,-6.164329463711897,-6.165115748327444,-6.515354893048395,-6.5535387582863995,-6.557742510726803,-6.552962458573863,-5.800980728815049
2019-07-19,-5.73104901485758,-5.738344871642982,-5.741128127910624,-5.757525540775061,-5.304515734979718,-5.358727081956758,-5.356018657167916,-5.359908025010196,-5.674644784796835,-5.652421196496214,-5.655073355201376,-5.681376082771484,-5.874385947726688,-5.821602471923825,-5.8233655557958155,-5.855314192644583,-6.118767435177171,-6.069029511080709,-6.0716999966733685,-6.093184600957935,-6.504763780717336,-6.49825381914127,-6.502145159485169,-6.507861029967398,-5.740375268728174
2019-07-22,-5.734373642953511,-5.746783695633622,-5.749488796387362,-5.742115932426229,-5.314190752201869,-5.419682195307321,-5.417153643219702,-5.359519700461072,-5.678363977849602,-5.674102346038531,-5.676583063227359,-5.668412909445948,-5.871994268437899,-5.817255222930215,-5.818951823197916,-5.8323620674184,-6.108175544705251,-6.036235020152268,-6.03876164292185,-6.057237605638169,-6.477873292919939,-6.420944327651822,-6.423853491199062,-6.441184148706969,-5.748508129851519
2019-07-23,-5.719306707328739,-5.648170227715792,-5.6506179790108115,-5.683586211705477,-5.2976064512995755,-5.245682278362411,-5.243094302319324,-5.289224762323312,-5.663251967474197,-5.57965008888401,-5.58192580193225,-5.61512401502107,-5.858679084199317,-5.75680318118026,-5.758164743749471,-5.786765952325083,-6.097037157559311,-5.99437422676334,-5.99676816861872,-6.016045014840859,-6.470504075258945,-6.388117964124964,-6.391678183399653,-6.401496522448198,-5.651789913277736
2019-07-24,-5.7357455531585515,-5.750708255345003,-5.75356812603052,-5.758532665891545,-5.310558845981732,-5.339416049547463,-5.336456282572957,-5.3596328986069794,-5.681724285627184,-5.68305773617761,-5.68577760941954,-5.691045321854961,-5.878969502971295,-5.858904445187726,-5.860752881627034,-5.862880796628154,-6.117728302034478,-6.088641960892576,-6.091470212547618,-6.089239291339781,-6.490415561158435,-6.468727664220612,-6.472937829307662,-6.468696341752439,-5.752524601003378
2019-07-25,-5.724557073691778,-5.69477706840176,-5.697402110915203,-5.72565946102812,-5.299716543144854,-5.292558186356009,-5.289837930211689,-5.3286939270348945,-5.670517485232655,-5.62346500444517,-5.626004792001766,-5.657731176692243,-5.867846506010896,-5.800512143938534,-5.802094626254109,-5.829567663161045,-6.106460168213006,-6.037290542194027,-6.0397166501083115,-6.057252608774211,-6.478311737110009,-6.428245863731881,-6.431709767800134,-6.438938483241953,-5.6975889016264025
2019-07-26,-5.747378316591948,-5.710351192602881,-5.713686436698412,-5.7302737622890145,-5.315787163121848,-5.2787736326758505,-5.275820570121796,-5.307669995075894,-5.698148567683075,-5.658893417736552,-5.662209615989497,-5.677359156502583,-5.899035542248522,-5.850960412535847,-5.853548394114791,-5.866389675299945,-6.137017251991782,-6.0794930948672015,-6.083430415845342,-6.091003122107906,-6.505336451269232,-6.440151927387862,-6.445257759951528,-6.449535317569796,-5.713456629294194
2019-07-29,-5.745273244798108,-5.788785937055989,-5.791566826415358,-5.744423152671672,-5.314279759397245,-5.356191561826262,-5.353789187653968,-5.304914170244562,-5.695698047847189,-5.723522940826679,-5.726346473421661,-5.688943937784826,-5.896070462455197,-5.913632904025851,-5.915972160362291,-5.893312215037576,-6.1340074308533765,-6.151139633848542,-6.154464386934842,-6.1354969100327486,-6.503277817677948,-6.532161144644178,-6.53679922763036,-6.5201257187800925,-5.789613560972122
2019-07-30,-5.73668043213753,-5.713844556150155,-5.716948709044085,-5.750163398033023,-5.306096189986947,-5.2793506863954835,-5.2765330393536445,-5.315812122785273,-5.6878679051775745,-5.650412522368521,-5.653586647870948,-5.690580238094254,-5.887861897736479,-5.85554076592058,-5.857703390593849,-5.892052684091195,-6.124133054516044,-6.106877868357812,-6.10931857921043,-6.133008006874139,-6.489516235176872,-6.501479934500173,-6.5038417645625985,-6.517575160313827,-5.716712279042256
2019-07-31,-5.6858774947272765,-5.461266507715994,-5.462853562993335,-5.548238377128814,-5.257817378510904,-5.0421330182337,-5.040643721240527,-5.132471245184291,-5.6354577728834006,-5.392847042175711,-5.394526342048866,-5.481038301121274,-5.835367949933663,-5.604525674525196,-5.605409227510356,-5.6794517577532755,-6.072663394415528,-5.876879717353137,-5.878686016162845,-5.931249197873549,-6.439487944131787,-6.308186854047571,-6.310071683543561,-6.338917216745813,-5.46807763168284
2019-08-01,-5.658334996976184,-5.3939947489381685,-5.394439187742953,-5.464184612345664,-5.229901041786389,-4.981778344926054,-4.981272296321627,-5.054445916464882,-5.605152878980006,-5.318763223574298,-5.3192627298591795,-5.391567797300198,-5.80808565912061,-5.528210324255272,-5.528307138736987,-5.591465970933328,-6.052860327518978,-5.81054680752307,-5.8122172736328785,-5.856002071866932,-6.424223408646679,-6.250767680916906,-6.253206728093091,-6.275573779433224,-5.401109858263125
2019-08-02,-5.677403733743932,-5.5617003772983,-5.561682600136532,-5.483247088915793,-5.248246534120432,-5.150514342114523,-5.150484225923778,-5.074520375571635,-5.6243527027312235,-5.487027309923999,-5.486947316833354,-5.408900363728353,-5.82765531580797,-5.674401983642237,-5.674897092537778,-5.609081306389197,-6.073277580408397,-5.920922364882149,-5.9242551230038165,-5.875435426634053,-6.440342304050993,-6.295296445378775,-6.299977963294256,-6.2907358695568485,-5.564569338542927
2019-08-05,-5.2653783927384765,-4.764081912254679,-4.84630545412132,-4.790095676242871,-4.896292495898234,-4.416862202893885,-4.398527401750702,-4.308664650942122,-5.152418192642241,-4.632033014829454,-4.70934517615579,-4.68302439154175,-5.351043132992995,-4.857099341772954,-4.9684031083209685,-4.978050568167511,-5.639358938638874,-5.2089678637258485,-5.374241778194955,-5.314569217396336,-6.09214645339078,-5.76346912957148,-5.923945445673226,-5.816350875933726,-4.829532886730644
2019-08-06,-5.219848763651382,-4.773715696033917,-4.853810634372731,-4.570376297506604,-4.864817680465277,-4.439251347483314,-4.422198547938005,-4.126394934379409,-5.100700958810168,-4.637936179793372,-4.713004487709478,-4.436682579312569,-5.295101376045471,-4.847088354204617,-4.956421678694972,-4.737322324847351,-5.575711342977801,-5.173115923518336,-5.335607808387059,-5.087961861943646,-6.01014422291978,-5.68713916769201,-5.844822298230718,-5.596587606726928,-4.836871563276304
2019-08-07,-5.22295913162077,-4.9590516451448385,-5.037944186995341,-4.615869787387531,-4.867751442230855,-4.615496190654647,-4.599369621352127,-4.173808021190897,-5.103001447809441,-4.819396248822532,-4.8931795294077105,-4.476827633394468,-5.297980448503377,-4.999789667601122,-5.10890782739402,-4.7795155779195335,-5.580419673037149,-5.296652061034517,-5.460029348050611,-5.132047244001521,-6.019200023620001,-5.769916240334781,-5.931114106518267,-5.637857498839566,-5.0142337095580025
2019-08-08,-5.183236461052887,-4.760073640014186,-4.838801418314157,-4.518926766822023,-4.832507179224046,-4.429670434389721,-4.413442864978775,-4.08891255134156,-5.061624219099974,-4.620060047951822,-4.693767092628701,-4.372273147670224,-5.253619289007037,-4.823266461001356,-4.931164855634085,-4.669723148906527,-5.536381378684879,-5.152953179400994,-5.313413888903366,-5.036377467801685,-5.978724282670356,-5.676203652700896,-5.832647050787968,-5.57114006400714,-4.816991065866699
2019-08-09,-5.17951542624759,-4.844761597303156,-4.922669443932252,-4.505614365521159,-4.8292830938490425,-4.51547023307422,-4.499902422901084,-4.076528726365971,-5.057499871060253,-4.703361855723707,-4.776220502266072,-4.358613019811597,-5.249244534270221,-4.8878900459536965,-4.995500439444593,-4.655440434619181,-5.532201798252032,-5.195474100555901,-5.356099465182141,-5.0227600538261,-5.977697104126845,-5.701919193540989,-5.859786950696006,-5.564898038949906,-4.900587597109837
2019-08-12,-5.144741424540366,-4.89527259918266,-4.972884082990372,-4.971133609090558,-4.797371053603229,-4.557036336507002,-4.540973201087706,-4.640170388671461,-5.022031865943113,-4.759822888335125,-4.832528478836945,-4.837832106542781,-5.21241238465822,-4.962449598434275,-5.068503150249616,-5.025926902366132,-5.494134358042577,-5.273020204108471,-5.429073769534898,-5.319704614505583,-5.938086364704411,-5.7613128809848435,-5.913099084835543,-5.7848315488106685,-4.948750897513094
2019-08-13,-5.117078102531841,-4.913718101848852,-4.99034480981214,-4.98485729294824,-4.773967101195523,-4.581130020530447,-4.565574748587293,-4.656044747513319,-4.993396297078311,-4.776743709432441,-4.848516490817065,-4.851089755892428,-5.181397509958741,-4.971268543185384,-5.076180436596434,-5.0323931993874025,-5.460867050657406,-5.280454850974827,-5.434335578738316,-5.326197705320766,-5.899381563311321,-5.77115767133924,-5.920081804115303,-5.7961691830820845,-4.966247836089041
2019-08-14,-5.043436946809724,-4.711234769578233,-4.770702342771283,-4.416571349958234,-4.709025213269279,-4.391747374401429,-4.377882829606502,-4.503943896122554,-4.9170188619821875,-4.571298215211017,-4.628104512313968,-4.268142381574664,-5.102391928443958,-4.773251084374771,-4.837506484580406,-4.551660123251269,-5.37807853673861,-5.090275017526883,-5.241196972053385,-5.154966047256609,-5.800330153874959,-5.573836491209869,-5.7194331486779895,-5.609048476454323,-4.77431210064185
2019-08-15,-5.043661458561682,-5.026170064390132,-5.08359165197118,-4.506101006921927,-4.709170422804939,-4.693635439218032,-4.6812894309563635,-4.544398740181469,-4.917231880092188,-4.8780655523375485,-4.932803649647847,-4.359500712079654,-5.102701459073768,-5.040717320698649,-5.10441385434449,-4.643012780403213,-5.378495157347206,-5.308590328833157,-5.460285744877111,-5.193602395309829,-5.800681360709852,-5.7134977797074065,-5.864127895899961,-5.63782241251741,-5.085146297090884
2019-08-16,-5.031007305273214,-4.78753504365304,-4.846109934850108,-4.449716397046393,-4.697221285341074,-4.4630386854807425,-4.449760621432878,-4.516559194939693,-4.903762133362974,-4.646586286573758,-4.702494857516443,-4.301758882311899,-5.090237903608249,-4.842156447806979,-4.9058228054457045,-4.5914192305412955,-5.365066649834501,-5.137485258318759,-5.2876788317879235,-5.166780989317259,-5.789673992059306,-5.604766102860838,-5.750712294641586,-5.616204394414577,-4.8493041513133335
2019-08-19,-5.023228686497078,-4.835453153745327,-4.89360245702191,-4.50940107125053,-4.6901043972028384,-4.511919900087791,-4.498863337171285,-4.54160205281499,-4.895769653519122,-4.693838688841012,-4.749335440759409,-4.361116075386436,-5.081941202350097,-4.882092597788276,-4.945365565566565,-4.650459550336232,-5.356749091834196,-5.172975877602438,-5.322444721741282,-5.188465624296627,-5.780836053644404,-5.626196739343059,-5.7715762558858055,-5.631293043039916,-4.896305623931828
2019-08-20,-5.0208377928116725,-4.907256706037078,-4.965076828230114,-4.612177424571371,-4.688003437669643,-4.58837357026284,-4.5755259239797486,-4.57470131283357,-4.893690578978015,-4.770324439868011,-4.825479815666983,-4.468996681666523,-5.079664764944387,-4.946484989788998,-5.009525121737105,-4.762026310233932,-5.353838676541469,-5.220871167567857,-5.369778497358378,-5.222756838923952,-5.772652137354105,-5.64494236148365,-5.789307254746258,-5.651441933575506,-4.966959208732801
2019-08-21,-5.012064589108025,-5.036980085764938,-5.09512012094515,-5.086346711135389,-4.678098453057548,-4.6765246995064595,-4.662849019283591,-4.739566957814913,-4.885506907753937,-4.911447136645885,-4.967053130278406,-4.961425864436194,-5.071879568852069,-5.112871912898654,-5.1751890048738165,-5.149660289781147,-5.346806072294671,-5.391516919546933,-5.537137469891483,-5.416086764360393,-5.766370585454145,-5.812780396141806,-5.952909536023778,-5.825916356201302,-5.093739009468498
2019-08-22,-5.009617381053772,-5.048123325309413,-5.105878682060086,-5.060666249884161,-4.674319834728606,-4.670387726414632,-4.6570805245351306,-4.706119054778661,-4.8833645679874556,-4.928381911493303,-4.98358190021867,-4.938998971249192,-5.070619049111119,-5.134895765262184,-5.197130409460179,-5.132279487115381,-5.34653985802703,-5.41366595992852,-5.559677096932229,-5.404237285819168,-5.768112789265797,-5.841867571040089,-5.9838168293592435,-5.822507264629304,-5.104842398447957
2019-08-23,-4.982888414967427,-4.892300103512485,-4.9496643101450575,-4.982141273744808,-4.656525509541508,-4.58501042458219,-4.571882430768213,-4.671812450196515,-4.857017656990191,-4.769761387139217,-4.82469916206234,-4.862081549690275,-5.039714904263675,-4.955194651331955,-5.016730811586276,-5.030165910634714,-5.303177586068564,-5.20596911905846,-5.350694979679705,-5.265242374461216,-5.689948500166988,-5.566342390729916,-5.704718083822358,-5.602533119695963,-4.950774936563995
2019-08-26,-4.982239620607197,-5.02958196797638,-5.086088946353603,-5.007847065265768,-4.6563391400103855,-4.718528506950959,-4.705974324079439,-4.700325888150709,-4.856094972124454,-4.902806806043971,-4.956892656513105,-4.889308907482532,-5.038798331714358,-5.069036943898313,-5.130294076377043,-5.055448812640151,-5.301953190168282,-5.288648391639372,-5.433538910337507,-5.281846429172353,-5.688695240170274,-5.6192659689190885,-5.759647150245325,-5.610738662934373,-5.086208639583746
2019-08-27,-4.979483991435791,-4.9970909564880985,-5.053711809065877,-5.003173164923363,-4.65454587886415,-4.686342914547621,-4.673662986743163,-4.696273895556322,-4.853253329248282,-4.8746425784140754,-4.928816342207293,-4.884073127570083,-5.035567402049092,-5.044043764413872,-5.105237568000662,-5.051143813474807,-5.297512390347467,-5.265247359479506,-5.409830115240406,-5.275266713060211,-5.681894100011503,-5.599953310703247,-5.739244650132916,-5.606007984929854,-5.054079218370444
2019-08-28,-4.968557581976042,-4.93193807343833,-4.988526311923615,-4.984968143552141,-4.641479584385139,-4.594780312667705,-4.58207424632044,-4.66846943140455,-4.842475953524691,-4.806503473741541,-4.8606886749294675,-4.862909179405347,-5.025643152455487,-4.996481039158518,-5.057421644191791,-5.0351828544461705,-5.291726973752577,-5.264730065468509,-5.408888356137347,-5.277997264134827,-5.680336007505401,-5.633718610884474,-5.773695787154381,-5.6189689460168415,-4.98957897033332
2019-08-29,-4.96304896877949,-4.9366294694155775,-4.992847820503717,-4.967844119584859,-4.636560254320522,-4.619340988094504,-4.606976291065686,-4.660393745993356,-4.83682610764359,-4.807570940361814,-4.861385108282276,-4.842699159867256,-5.019736362987933,-4.985166761024434,-5.045928665302542,-5.011266782404558,-5.285656816917268,-5.236106182218919,-5.3801723894166535,-5.254514467148227,-5.673022924848521,-5.589057266432051,-5.7278601392772615,-5.596808257697185,-4.9941874782519315
2019-08-30,-4.967446997652252,-5.110779316581669,-5.166999078777032,-5.10906103678992,-4.641008598545075,-4.736630429031767,-4.724027568876499,-4.751464208059862,-4.840666952581338,-4.990167197202594,-5.043941003745018,-4.987455984653916,-5.023996035514404,-5.182120092591243,-5.242553341196071,-5.174243118174935,-5.290898235549277,-5.462900800734073,-5.604664322310133,-5.45678285001192,-5.678912788062834,-5.843835773501768,-5.978635118508525,-5.841674848403426,-5.165465883072583
2019-09-03,-4.969806376710094,-5.087585571949177,-5.143975495286182,-5.098424150324911,-4.644274213927261,-4.732696439555533,-4.720070965144733,-4.743912861883882,-4.84256276718533,-4.962803855640643,-5.016771606963626,-4.977867372230962,-5.025701337953918,-5.149173100765714,-5.209741699178734,-5.161551476162046,-5.292317046154418,-5.430018864325148,-5.571943283725106,-5.442194343932922,-5.67880930623801,-5.805506058557361,-5.9402177199484045,-5.815380532016239,-5.142674062510886
2019-09-04,-4.960173522345006,-4.994517709336829,-5.050875539615544,-5.049389569494261,-4.634045155799872,-4.623994424177427,-4.611419488088858,-4.690686246063504,-4.833353957139457,-4.871818412892236,-4.925782591764076,-4.929066862243918,-5.016664961741581,-5.075919254228955,-5.136333025729072,-5.1173308634859715,-5.283297157431054,-5.379197273177616,-5.520909096449776,-5.408088131299301,-5.670574907030372,-5.791015538640304,-5.925181196963695,-5.805023900582044,-5.050814295177165
2019-09-05,-5.057096720330398,-5.107170709764578,-5.179147574912556,-5.1321494919720925,-4.7283620868087555,-4.757837952289269,-4.7694367110973355,-4.785969894526572,-4.934137982710888,-4.982510509256173,-5.05003029169319,-5.013339422695122,-5.116570732346573,-5.168922357273538,-5.267748706574313,-5.193523066740588,-5.376361610322701,-5.43657321904472,-5.401539141604375,-5.453725922835814,-5.74645784755002,-5.8163196538645545,-5.7838590402108805,-5.823286585268402,-5.1541064761086295
2019-09-06,-5.087511026398411,-5.234398427708956,-5.307015054827293,-5.198985857414361,-4.757244416756796,-4.934123598973422,-4.945575682067108,-4.851425096017751,-4.965764082212633,-5.122644571856392,-5.190696281146381,-5.0849741998111515,-5.147251847250237,-5.276776826876607,-5.376457707869719,-5.261081111147348,-5.407413047434151,-5.508567663280237,-5.474812810293839,-5.510112972562358,-5.7782958880642346,-5.855237148900485,-5.82399923008333,-5.8637088351287305,-5.280083452366585
2019-09-09,-5.087792195909559,-5.312562796636086,-5.384797391860666,-5.223611092370232,-4.757356363275851,-4.933595725983049,-4.944780995744508,-4.878275133003989,-4.9661703794487835,-5.20698147399511,-5.27457712478785,-5.108046272803411,-5.147684939364939,-5.389340110104307,-5.488795189633833,-5.2825188194689865,-5.407772487120669,-5.63474242397279,-5.601507768852258,-5.529316136696471,-5.778643713190867,-5.943209969176925,-5.915164817835132,-5.881637249584381,-5.351480072663712
2019-09-10,-5.1154379158617465,-5.298256749719813,-5.3719011147627675,-5.26458310268259,-4.782688077313097,-4.917002858529532,-4.927262500671315,-4.905951673453982,-4.995155847121896,-5.183611913027586,-5.2527120374655345,-5.1513781343914715,-5.1782320543610005,-5.371080863037892,-5.471652785192895,-5.333077940462923,-5.436642219515638,-5.625296037301264,-5.59262627389158,-5.585491620357177,-5.801945406113053,-5.992655043480192,-5.964068458374292,-5.946647349648682,-5.338951859178297
2019-09-11,-5.1178146349905,-5.4473835615298105,-5.521443852707344,-5.440874867128007,-4.784341056894848,-5.066971647844408,-5.076435509692396,-5.081960988165426,-4.997806941426396,-5.336789607719117,-5.40637580209798,-5.332678727915514,-5.181299113221869,-5.517651102068678,-5.6179516330987775,-5.502585835487328,-5.439919014262396,-5.7518191655975,-5.717178437830426,-5.732036484069844,-5.804731480922664,-6.080643640438275,-6.048960074158596,-6.056289749323818,-5.488165415578157
2019-09-12,-5.148927223022288,-5.630786530005936,-5.705919411852246,-5.60796854206348,-4.8146443658065925,-5.260176411499823,-5.26878610397341,-5.22804928996173,-5.029694659310873,-5.530013517987558,-5.600752082057895,-5.519764825837902,-5.213492246782848,-5.697960105217557,-5.798963973145816,-5.689205932785614,-5.470767169362186,-5.898678526863441,-5.863721316860656,-5.889165191796029,-5.830580737986329,-6.173271994546706,-6.140312505253162,-6.165054855195175,-5.670575304853743
2019-09-13,-5.179202309495147,-5.707043122326867,-5.7831012341789725,-5.662911275456712,-4.8413198219037135,-5.2843855819701755,-5.292467204387698,-5.238447005937407,-5.061416569834055,-5.596802237294196,-5.668433926757824,-5.5657956824921975,-5.2472606562035615,-5.801551244732714,-5.903521526354277,-5.774319556573243,-5.504460605295712,-6.064702540808069,-6.029868655084747,-6.040385482406701,-5.862155053690011,-6.495016912067736,-6.458968236432337,-6.469023051021182,-5.746173347528758
2019-09-16,-5.298351755172121,-5.610600048484054,-5.598334922824992,-5.63394606963976,-4.9488549523970695,-5.2310116667942745,-5.236333045959258,-5.246811852483634,-5.188925863019677,-5.504928599193036,-5.491884774284994,-5.532637769305134,-5.3769895914129595,-5.690195188245359,-5.674326271942868,-5.715059145970779,-5.628630323914773,-5.931824746648357,-5.905711466092812,-5.951383463302505,-5.977035154111543,-6.279052036640433,-6.251917777439124,-6.295702832294053,-5.6059620589834624
2019-09-17,-5.298332480890726,-5.762739776929678,-5.749682885944432,-5.6784622064589865,-4.949139128661493,-5.450025668891614,-5.456069166074509,-5.31480229751679,-5.1891254920589045,-5.689098501714292,-5.67499503553626,-5.578379866696807,-5.376891891833195,-5.808601642563848,-5.7924726290608834,-5.743011707811808,-5.627871089415197,-5.982382269900174,-5.956514041574906,-5.954637619389109,-5.974461301717603,-6.258602151021031,-6.23291219377744,-6.258109729660932,-5.75453682185514
2019-09-18,-5.334013076758109,-5.698527365884579,-5.6874346170788685,-5.706802700636148,-4.981804571339192,-5.279313524056518,-5.283510948897085,-5.320178344873402,-5.22857267255875,-5.630093897532318,-5.618157477096026,-5.626382217013495,-5.414409095508814,-5.830594129870044,-5.815749906210405,-5.796049134112522,-5.665925090526288,-6.046492887924343,-6.0225273993455275,-5.999606968698949,-6.000455932027149,-6.280497901581178,-6.25696749142575,-6.267532340046487,-5.693391475168681
2019-09-19,-5.356864614636099,-5.7653960369659725,-5.754781680237374,-5.730476383176756,-5.0037023945644705,-5.3848781860287955,-5.389099356208744,-5.33759447312628,-5.253497673722587,-5.702273412895629,-5.690898168860133,-5.664490607142419,-5.439070351893985,-5.861981116745357,-5.847944109084615,-5.836227964352587,-5.687447101437885,-6.035314320699039,-6.012107124888789,-6.024039839339931,-6.013703291540203,-6.241967593210885,-6.218794298442586,-6.247325921085563,-5.758994035963937
2019-09-20,-5.34874751709017,-5.43195205997617,-5.421706009274247,-5.503209034430739,-4.994224763640446,-5.050662812610702,-5.055008817350316,-5.127897108487258,-5.246341680218668,-5.350014517600911,-5.339071331831865,-5.423726072124353,-5.432420353544244,-5.540448734082934,-5.526945748687057,-5.598362323478435,-5.679853282382552,-5.769030135211248,-5.7479431673162,-5.81000359364973,-6.007427425337883,-6.056327549190796,-6.035103337473975,-6.080802652928464,-5.429813582587363
2019-09-23,-5.373532658955536,-5.520543560329793,-5.510626896163169,-5.520912686487057,-5.021529596080684,-5.133968049984703,-5.138159565256679,-5.1370183084276935,-5.270165998389168,-5.425776089533512,-5.415111992267059,-5.437570247247555,-5.4554128007179425,-5.613673033466219,-5.600839298551452,-5.621316857617273,-5.700439961622075,-5.843260358782294,-5.823299803072504,-5.843152878877056,-6.026854922865755,-6.145423423667677,-6.126643151681551,-6.128121375840073,-5.5163152031666645
2019-09-24,-5.368329351992247,-5.345275347793577,-5.3355557236228,-5.4057486706983635,-5.023035934570165,-4.975357880154634,-4.979464378754202,-5.0388988661192515,-5.262164512503986,-5.236024577710385,-5.225415152191524,-5.302829824688239,-5.443372419549333,-5.429577254362454,-5.416752501416696,-5.483775903387727,-5.688245132985069,-5.702063631593267,-5.682562193365233,-5.736896079356369,-6.0168712982103205,-6.067026582241494,-6.046970875502463,-6.0807329914947985,-5.343395507858039
2019-09-25,-5.466792036251986,-5.411639029092666,-5.40498075879385,-5.424559143621799,-5.086363418761569,-5.027686624426296,-5.030621166193559,-5.051824873501842,-5.364323191691699,-5.3028808296955505,-5.295139826501365,-5.31794043299726,-5.560761850510996,-5.493546346368958,-5.4848210230912136,-5.504713208472599,-5.845474938177875,-5.7806846327733865,-5.770617821351972,-5.784574822001841,-6.248234267190477,-6.193648402649867,-6.187461267293723,-6.19180927124261,-5.4090083969402745
2019-09-26,-5.475891284874702,-5.531174273206029,-5.52396656451026,-5.430450544135578,-5.09316535411528,-5.156963497074276,-5.160535683550906,-5.055360417371541,-5.374473926320469,-5.414103448081142,-5.405838158313291,-5.3227285775654325,-5.571139179037982,-5.579892156374471,-5.571361487256657,-5.510774731284065,-5.858677149750413,-5.8472497892976705,-5.83825386463384,-5.795697296807898,-6.261585615112704,-6.248220535743034,-6.243936161592798,-6.216388826014377,-5.525037850282505
2019-09-27,-5.484270334530918,-5.4680852799125095,-5.4621974689705235,-5.49590635559122,-5.098816915685495,-5.09289019422667,-5.095305104555154,-5.119941308439282,-5.3824955583588245,-5.345980247744432,-5.339016407543118,-5.378162134500758,-5.580240999337327,-5.539668127089062,-5.5315214745030055,-5.568017087132756,-5.8736914936965965,-5.8421807345362256,-5.832622006234591,-5.865608147931937,-6.288647602951078,-6.320963349575267,-6.313714747819518,-6.336056147521235,-5.465749620402208
2019-09-30,-5.521827966282613,-5.393822295551321,-5.389410090873113,-5.448837758443022,-5.148832871199395,-5.036696034313653,-5.037962929267386,-5.089393987297214,-5.422234371600451,-5.276798901789304,-5.271267535122205,-5.334337057054936,-5.611852750534844,-5.467449129657588,-5.460616832909222,-5.517854001668879,-5.874187462074976,-5.747154982565095,-5.738579349903978,-5.788032569188327,-6.260637477845186,-6.19590442295328,-6.188642566045863,-6.220365216179886,-5.392859445657991
2019-10-01,-5.491997076390116,-5.250143735533958,-5.2449119766550725,-5.343031307857025,-5.122740847680822,-4.895912185497202,-4.897804881081698,-4.991572999124731,-5.389437948495166,-5.128761847410837,-5.122383113802787,-5.2247287888757565,-5.578240861307929,-5.3322783961004765,-5.324560225886964,-5.4117987307541044,-5.841671971481652,-5.628605244129032,-5.619293737614765,-5.685603545174414,-6.236382448917781,-6.089260306010141,-6.082067197388464,-6.120224383609797,-5.250587070807866
2019-10-02,-5.432803577920859,-5.125359484971161,-5.117947464449894,-5.213433583715008,-5.077546268665372,-4.79562813009344,-4.798911445895611,-4.884270767207809,-5.322773258482578,-4.9943895861079595,-4.985706501237751,-5.085791285879413,-5.509873779547627,-5.196782175767676,-5.186939001534846,-5.272800661012675,-5.762796984042118,-5.476269463589305,-5.464091744775754,-5.534521434345476,-6.169532509295676,-5.960244721730314,-5.9512541826443615,-5.990540038562639,-5.12573452954466
2019-10-03,-5.422734359594535,-5.1340765262859716,-5.125935573639222,-5.175944614499559,-5.062027850494224,-4.784893386507049,-4.78889000642312,-4.838634611128537,-5.312761935780166,-5.006488349022002,-4.997062080459904,-5.049551346838535,-5.504250169717648,-5.209108159670486,-5.199050919328211,-5.242709691543552,-5.760558198460474,-5.486761787968463,-5.475019970842596,-5.510661500112399,-6.183616076976879,-5.9810087603958,-5.974343027780828,-5.985602645632253,-5.133088561525133
2019-10-04,-5.419917333591729,-5.065134682776958,-5.05704517813749,-5.130720324280304,-5.071979144883703,-4.744526013465219,-4.748359464851222,-4.806801485950289,-5.307378060596361,-4.934842736225782,-4.925397953901201,-5.002730485119971,-5.493894947042511,-5.13226808970789,-5.122018795339266,-5.192114408891579,-5.735745532941042,-5.399238647428915,-5.386620268171985,-5.448483030675614,-6.14607008878771,-5.882495467163222,-5.873663793051725,-5.910551754202179,-5.065066117283449
2019-10-07,-5.435892988102483,-5.216067582382776,-5.207570604696608,-5.153810101798556,-5.085606135693095,-4.877958444830416,-4.882154372326589,-4.826074066564262,-5.323906100784453,-5.079195153179092,-5.069321960676546,-5.025044252542544,-5.5123257980758025,-5.263133136045827,-5.253268719014397,-5.217569824744722,-5.753724715106256,-5.515722816675338,-5.504478939045656,-5.476398053338396,-6.165524972935084,-5.996976812446638,-5.992878798389784,-5.943523030180614,-5.212029909366928
2019-10-08,-5.377028479676364,-5.036990640995893,-5.027525677848655,-5.118203123805123,-5.028086538678573,-4.705952850867988,-4.710645277387911,-4.791536942727249,-5.267603985262808,-4.9175008921514385,-4.906873781828185,-4.997307679963779,-5.455823160587608,-5.119792524351432,-5.108195560360381,-5.18773441034198,-5.6886616564147925,-5.370201849988211,-5.354921196100734,-5.424584130999548,-6.086571209873107,-5.8283613466490864,-5.816384752907846,-5.860548646512082,-5.037109171849802
2019-10-09,-5.35822137450379,-5.1206738049175495,-5.1102665460441195,-5.159969407833918,-5.010066214406409,-4.777245051027029,-4.782475051921316,-4.8230998406293235,-5.24837528675977,-5.00321602268965,-4.991716444105095,-5.0451760076748915,-5.436725346653709,-5.201290812923766,-5.1888133181740805,-5.236223045428399,-5.6690181438312415,-5.440663130400741,-5.4237552405575205,-5.467245156997443,-6.067715412573794,-5.875323169743253,-5.862600232974416,-5.887050956914311,-5.114948942324345
2019-10-10,-5.349357950611125,-5.151096488519304,-5.140236035288774,-5.1703179414566645,-5.003164285648065,-4.817162443883643,-4.8226257964174595,-4.840593659267562,-5.241284222631067,-5.046064308183346,-5.034130446159893,-5.060337913325873,-5.427962814110869,-5.22780560416636,-5.214953193158581,-5.244374393129813,-5.655182150057725,-5.440730443339906,-5.423076994341032,-5.461395331577202,-6.0394858027775244,-5.833355408821353,-5.819216379346362,-5.85058712659447,-5.144924470318653
2019-10-11,-5.326780837825081,-5.121798960935753,-5.11045734534605,-5.179537723282795,-4.982948942361583,-4.776894913268733,-4.782556319535452,-4.839202260569236,-5.217690357221113,-5.010452985095454,-4.998156048151014,-5.072154382285621,-5.402708807186789,-5.204831374204277,-5.191107948667298,-5.256628028116831,-5.631930262424218,-5.448483212902638,-5.428953089248489,-5.483832163536455,-6.01427865018211,-5.848252912953769,-5.832130045626891,-5.8657506456133595,-5.116470602469178
2019-10-14,-5.325818723169718,-5.221429789005947,-5.209276360594711,-5.177539300523195,-4.981972233992004,-4.8867853400631445,-4.893169303663077,-4.838767655057226,-5.217308638248783,-5.11828622862255,-5.105108461454877,-5.071746087348729,-5.402240385347417,-5.283260033556407,-5.2693596672633545,-5.254418107670877,-5.630636262385881,-5.491368831799747,-5.472167639329005,-5.478891343854333,-6.0085081599148005,-5.851950384765432,-5.836556887402654,-5.852603591799148,-5.2137953813928295
2019-10-15,-5.3101004564240695,-5.204712579158775,-5.192766710000913,-5.252221860785672,-4.966014843433564,-4.848699128802134,-4.854560041225613,-4.903442093856076,-5.201743906458218,-5.0940371781772,-5.081210622798343,-5.1445757499863705,-5.385851648140912,-5.282900521970119,-5.2683750465482335,-5.324973637386504,-5.616679123702158,-5.539310372174962,-5.517739045176326,-5.566230181724632,-5.994232552826189,-5.9240583863574905,-5.905447714745092,-5.936540421009096,-5.1993055035772695
2019-10-16,-5.313866577407085,-5.429904160954445,-5.416870640072604,-5.312468687486025,-4.968939531980813,-5.141981747078254,-5.149061167970737,-4.962921256812675,-5.205682182550588,-5.389859397875112,-5.375365246797283,-5.209004778408045,-5.390539298551568,-5.488201841002825,-5.473395845014736,-5.38390833204685,-5.621595375034048,-5.661368932471989,-5.6398384162632045,-5.620454458640191,-5.998412727270058,-5.967429927281169,-5.949352529618717,-5.963943959673881,-5.420933274062115
2019-10-17,-5.313236672032478,-5.423765049825295,-5.411113191378181,-5.355118168741779,-4.96812443499484,-5.067340612082012,-5.073585056068188,-5.0019308338077995,-5.204784427841084,-5.303543019137913,-5.290029077473174,-5.2442192510557275,-5.389785834002904,-5.467186253026098,-5.4523787043290985,-5.420444097414914,-5.621464205671015,-5.708176276409511,-5.685874959882624,-5.672635808650001,-6.000825266702228,-6.0728801009670645,-6.0551025290747145,-6.037451096762678,-5.416008185136522
2019-10-18,-5.312131547839384,-5.489189004897247,-5.477150785421271,-5.492936570958408,-4.971274043187094,-5.183845808010154,-5.189308757643146,-5.151285404554588,-5.203984124803941,-5.410789531477689,-5.3978174643345636,-5.403030623106218,-5.386544067889759,-5.552258285591967,-5.537092248688006,-5.559645379038167,-5.613932401536737,-5.743191750049855,-5.718771926116864,-5.762809921839741,-5.979417413651843,-6.0084446313113595,-5.9864911196596955,-6.030547284989528,-5.483428875412361
2019-10-21,-5.30954767121125,-5.481237371206296,-5.469083731018667,-5.482566563395249,-4.968766039044174,-5.13425325603445,-5.1395716050170765,-5.1394150748947975,-5.2011978789040345,-5.3810116104895345,-5.368055024380558,-5.388100952908853,-5.383602422489043,-5.541532349308341,-5.52628820564566,-5.546833454727696,-5.611401279081237,-5.754515107407024,-5.73013750213683,-5.757086773107047,-5.978914157548712,-6.040430349909302,-6.0193344058817,-6.040784823050568,-5.475389395875111
2019-10-22,-5.324196077690892,-5.700911989459582,-5.689302292595576,-5.687833910517036,-4.984148863255687,-5.425729150632924,-5.429994340968662,-5.403495165316652,-5.214388419517367,-5.613183844565458,-5.600808824012209,-5.612992426077097,-5.397128449131143,-5.7381574012357754,-5.722906469234451,-5.738139081194715,-5.625636159383742,-5.881202278308981,-5.856068128769987,-5.878657255050375,-5.999991721246757,-6.111234465119163,-6.090565337383944,-6.105232347453809,-5.69531070624839
2019-10-23,-5.3262869844111895,-5.701753228852129,-5.690074356573008,-5.671662950984642,-4.986606736783464,-5.419778404392525,-5.424136410767877,-5.384562707672511,-5.216756790064524,-5.606527510333023,-5.594043759971573,-5.586529431172909,-5.39916556752628,-5.730654759393405,-5.715503923712825,-5.714970337722489,-5.626867521999631,-5.88058405726905,-5.8557530204521555,-5.867706942883093,-5.998901437734476,-6.124712114889042,-6.103857700171246,-6.1164907661816,-5.695729499841709
2019-10-24,-5.34061705857345,-5.65539773126505,-5.64440977393835,-5.652521567911601,-5.000063831366352,-5.337243864127634,-5.341109633980999,-5.351216191418338,-5.2322827466410216,-5.567455122553824,-5.555629728136989,-5.569639228630896,-5.4155059916646175,-5.707543593558964,-5.693036157568398,-5.703240913711552,-5.63992318404255,-5.865325771689228,-5.841406460891377,-5.858158517841502,-6.008209975615943,-6.120202694704651,-6.100088986086976,-6.111486077243804,-5.649972079164632
2019-10-25,-5.341944366191347,-5.6243329579738575,-5.613581993976485,-5.6469576439954965,-5.00301786011238,-5.278369453563001,-5.282243794843059,-5.30530621259414,-5.233308459217325,-5.510453117864891,-5.498838412886477,-5.5385657490565965,-5.415694696799694,-5.674253783975466,-5.659825394941623,-5.695181376553159,-5.63887711299032,-5.887999994943156,-5.863301463172843,-5.899806191525146,-6.006139704372941,-6.239078970109003,-6.2153313951559745,-6.246308816938557,-5.619472501322163
2019-10-28,-5.3335662462269955,-5.525974848502906,-5.515073052658929,-5.573681153367645,-4.991284357947241,-5.116808168829338,-5.121096073602078,-5.1836154717752345,-5.225906915398566,-5.428551907021588,-5.416798530573891,-5.476410308274557,-5.409892818940612,-5.636195986749633,-5.621651106760134,-5.663968563722582,-5.634714863521983,-5.883460421871598,-5.858596580331048,-5.893691433559284,-6.00400347073378,-6.276055787209113,-6.252073710025975,-6.274108301155011,-5.521470073401851
2019-10-29,-5.339160495933301,-5.629528588612546,-5.618115792596962,-5.584080353427293,-4.996138389463757,-5.223457657855454,-5.228315903763326,-5.18367047237249,-5.23185458329651,-5.531881346491336,-5.519617363440377,-5.49063734264765,-5.416185353532887,-5.720456605720456,-5.705955562347595,-5.685759860815577,-5.640923809049437,-5.9467269104392,-5.922137951514,-5.920664907597915,-6.0099006130741985,-6.308542750927356,-6.284956348267171,-6.29728920626923,-5.6229570127049815
2019-10-30,-5.349337973791399,-5.551997969631022,-5.5413223375725,-5.559169107828129,-5.003982882046733,-5.1438890946206115,-5.148336339365223,-5.1564678686130065,-5.242895333448898,-5.467188375630334,-5.4556337449556525,-5.472524270933478,-5.4284011022128045,-5.665461217100086,-5.6515220103138635,-5.6699329800904446,-5.654100749644698,-5.893027502691211,-5.869327271496061,-5.899510200973115,-6.02127942372626,-6.236751308794747,-6.213748881812069,-6.248286420002165,-5.546574411229865
2019-10-31,-5.385908691201201,-5.494900378668708,-5.485659678484246,-5.5270246819482605,-5.037158864077565,-5.0909078676867106,-5.094568211533459,-5.128570786842075,-5.2821369379385015,-5.395041454736531,-5.384971596292863,-5.433640317180789,-5.468856734370708,-5.601642674876854,-5.589314386504267,-5.631632921012821,-5.6906394782950205,-5.861713445821648,-5.840554812438205,-5.877134849214364,-6.056547454532053,-6.253849209088333,-6.233541314771539,-6.255389142569242,-5.490040560182166
2019-11-01,-5.439387794751093,-5.509427338130041,-5.501981379716751,-5.53335040395039,-5.079770860293224,-5.08638264855372,-5.089167144602733,-5.12031627802146,-5.34298619402793,-5.422314732835149,-5.414098365508679,-5.447568937784614,-5.531093538393483,-5.638367001019174,-5.62819978067505,-5.656458187292241,-5.7551498527117815,-5.902691899785989,-5.8851396781947765,-5.912245633295903,-6.108022464363668,-6.2899191349682155,-6.2720680046867185,-6.294695621048426,-5.504521135883774
2019-11-04,-5.465187710181837,-5.7017508998555755,-5.694515442553731,-5.627499830457364,-5.108134425829319,-5.265833516787055,-5.268161345581371,-5.220884604967996,-5.37033803014601,-5.635702778609539,-5.627506617289099,-5.542854993311159,-5.555231843511449,-5.842084755929654,-5.832331787529524,-5.7386955593425935,-5.775346639168951,-6.062446436895125,-6.045943225261694,-5.976974120796945,-6.117901799844771,-6.3664497940270115,-6.350883709917437,-6.326297976570119,-5.694930561648914
2019-11-05,-5.514255145331239,-5.587073783357128,-5.582239763598674,-5.606512513800893,-5.1426852357422455,-5.1602354911116155,-5.161430590332516,-5.191150367876347,-5.425851443570855,-5.504798843636556,-5.499272193227913,-5.525414793824706,-5.614950142198634,-5.7179351860217364,-5.710598703939643,-5.730106923928072,-5.84342531855443,-5.974514500246338,-5.9616026725044655,-5.979656203269852,-6.183077749044759,-6.339676141047021,-6.3259958876335345,-6.341609033194231,-5.582429755852292
2019-11-06,-5.517425580373193,-5.805955949943782,-5.79991489700161,-5.649177480297966,-5.146194830877516,-5.458072619477247,-5.4607240850910035,-5.227825262156853,-5.429791072399712,-5.801921433541987,-5.794492356339714,-5.564877997220083,-5.618100568595494,-5.907619742424286,-5.899986891831377,-5.773143828177993,-5.845155450524147,-6.093213232515295,-6.080135867606448,-6.03303534496967,-6.181771331258789,-6.43170805896758,-6.417002965618105,-6.420842169157397,-5.797445625528484
2019-11-07,-5.621651428313542,-5.841689871671752,-5.840124138924402,-5.785224437291724,-5.237958288888307,-5.388317855414505,-5.387451779192328,-5.338706690922428,-5.5357574329670864,-5.764019917834645,-5.761649253558901,-5.716570429186567,-5.727076787932983,-5.982056663426937,-5.978127757817177,-5.9403699059260395,-5.972730325492447,-6.237756845068487,-6.2302455811421655,-6.198540525998219,-6.317643440214178,-6.5936186943656425,-6.586610168848732,-6.555126296693157,-5.836044346628574
2019-11-08,-5.668713945486025,-6.002634999040978,-6.002801211870229,-5.944544673228209,-5.281904164154431,-5.533504126281373,-5.531218658162147,-5.48106232671295,-5.586622499854423,-5.934199442256672,-5.933593691806673,-5.88368675057259,-5.775862095656212,-6.160770536838661,-6.158152390188778,-6.1171042225894245,-6.022981086319736,-6.405574176933547,-6.398860860572791,-6.36774825973004,-6.355806886164049,-6.71520280362973,-6.707297998887057,-6.690806146738284,-6.004797492732753
2019-11-11,-5.702431060552806,-6.07523959755009,-6.076242231581639,-5.9712587696747494,-5.31137805588621,-5.627649363187674,-5.6249868993137655,-5.515288334435356,-5.616252210384726,-5.980499092634195,-5.980605965084664,-5.898805349538661,-5.808027240378075,-6.193956989112004,-6.192427836956372,-6.12723688110796,-6.069777358205095,-6.453187014754175,-6.44934149724362,-6.387323209436483,-6.4277278841447885,-6.791848319870561,-6.789541227764962,-6.733741251943875,-6.077338188928119
2019-11-12,-5.790942600037616,-6.086960180275144,-6.092209465394131,-6.123118244888723,-5.386011194256617,-5.60650892738236,-5.600757003886252,-5.652205689422339,-5.714551259688137,-6.001237515122166,-6.005611292240355,-6.042064792892847,-5.911085476692049,-6.256390888891018,-6.2583820049855,-6.283048298329017,-6.169114669634489,-6.569590390837407,-6.568825022272313,-6.577155912621728,-6.515005606413182,-6.975208358057672,-6.971781996628132,-6.963005927983409,-6.089697833949249
2019-11-13,-5.797861497089942,-6.0629191777198574,-6.068101297772254,-6.064421159871737,-5.38979911400083,-5.59805243438885,-5.592670730603336,-5.60012629634708,-5.719877013297361,-5.964518313180396,-5.968742089186477,-5.973662175238625,-5.918785893771915,-6.200582181498886,-6.2030015159609775,-6.209094750108547,-6.182691382098303,-6.5195487514633115,-6.520482811949746,-6.51987283497167,-6.546241120956683,-7.080717863801454,-7.076701616986836,-7.076306528177665,-6.064997842042179
2019-11-14,-5.884550800015733,-6.155932422269984,-6.163758517412334,-6.106473773079303,-5.468119397322927,-5.699771877479265,-5.692918443236666,-5.642551174067191,-5.814224829498364,-6.060276392992509,-6.0671501091710525,-6.018057718907705,-6.018557815174257,-6.279641023201647,-6.285481603025933,-6.2524597671967515,-6.269630095521682,-6.569597717589797,-6.5756755426166675,-6.55194472749515,-6.61641625962033,-7.090185245108411,-7.090871828317572,-7.082222395399238,-6.1575734504119035
2019-11-15,-5.858661685537096,-5.8655846723985725,-5.87319584437602,-5.922513135502358,-5.443597418551312,-5.4369641595379985,-5.4304341294312835,-5.49270072118637,-5.784171691508128,-5.767851220004334,-5.7744065090900065,-5.828695004611188,-5.9875186486987335,-5.9853088313896725,-5.99073491261288,-6.038754831897,-6.245401671858505,-6.290112107730028,-6.297411460601637,-6.326473075795721,-6.618654104105184,-6.772431851505318,-6.777500110184905,-6.79453424642637,-5.865620559996997
2019-11-18,-5.861255295541371,-5.955127929024888,-5.962060801127559,-5.912522584414668,-5.445467019121424,-5.525769383774704,-5.519856020477317,-5.48302838181692,-5.787307065219247,-5.85212207148253,-5.858011640757425,-5.818673230186897,-5.991135940573087,-6.054084589134374,-6.059504622841729,-6.029304887531298,-6.249541566188719,-6.348376251783595,-6.356483097892151,-6.320227976407894,-6.61853670788664,-6.790273288652767,-6.797273360697641,-6.779736960152781,-5.955043954415298
2019-11-19,-5.872092958805846,-5.906019912697897,-5.91376168306944,-5.9194509348512065,-5.443978542837752,-5.495949679953615,-5.48967087321126,-5.504493793355229,-5.7896553765978345,-5.790930157618207,-5.7973422066405345,-5.813835696173483,-6.003572379012504,-5.994753737818332,-6.000750699445183,-6.017206869103345,-6.292575203315278,-6.302773569798248,-6.313347766312902,-6.315934899104197,-6.767275635389396,-6.838542350413573,-6.853672798401032,-6.838588196711369,-5.90589379719459
2019-11-20,-5.86982670607138,-5.810087858234896,-5.817919149543474,-5.851813194524082,-5.432561654889918,-5.359158703576631,-5.353153796384853,-5.4126229352739825,-5.791445157706724,-5.725400991134764,-5.731941752734635,-5.763315950520569,-6.01201319431153,-5.954706749825602,-5.961107435311567,-5.982663186243179,-6.306134079525951,-6.267563863432237,-6.27937392019166,-6.285690946048046,-6.789938040551498,-6.784011857957898,-6.800765264458016,-6.79778512922588,-5.809299909439265
2019-11-21,-5.855172897816301,-5.743001947581626,-5.750243961010279,-5.7807015172088585,-5.4153262175653625,-5.307401396690431,-5.302092463421184,-5.345846221094277,-5.777539379753403,-5.650807084748948,-5.656855735273561,-5.691515809670437,-6.000469604958068,-5.872723748517011,-5.878910262822251,-5.910658769521978,-6.299411454770395,-6.1928569316847755,-6.205096782085825,-6.219773041038447,-6.785865487204838,-6.718588691483944,-6.736159323750735,-6.735496597864943,-5.741643006959783
2019-11-22,-5.848734752068397,-5.802238728765866,-5.809108972810385,-5.817091473214951,-5.4076449586898026,-5.361168505258108,-5.356093664403532,-5.374045361421399,-5.772129343723911,-5.7174127941991255,-5.723135887394852,-5.733985552902248,-5.996305154178658,-5.938377191932509,-5.944255785838279,-5.957930952659407,-6.2951988643299766,-6.240324104219759,-6.2518234665525005,-6.258542034820931,-6.77899344832216,-6.733042380660073,-6.749873772028773,-6.749891544862073,-5.801312836461048
2019-11-25,-5.828362422399579,-5.680725469053813,-5.6870900846005155,-5.7299073879874065,-5.397594440650988,-5.283266323490263,-5.27844618535335,-5.319514926415715,-5.750392860156433,-5.591315513247595,-5.596543268828626,-5.6437452515648765,-5.9658321082491925,-5.792139704151195,-5.79727186777674,-5.84494262477887,-6.254025221599397,-6.078631562641384,-6.089270758487847,-6.121496262768226,-6.705794513342785,-6.536462499523184,-6.551448927349568,-6.566537710260456,-5.679120857712636
2019-11-26,-5.842752786046425,-5.760996176927903,-5.76734188730143,-5.741420081830721,-5.407285569537379,-5.349420835785087,-5.3447358932990285,-5.327078705708865,-5.767401487601256,-5.681932050911637,-5.687144706781238,-5.66237825879314,-5.985912985604536,-5.870484719501261,-5.876172534787284,-5.863507209565538,-6.275013939633903,-6.131610754431504,-6.143699135269273,-6.133270867855325,-6.725162236111149,-6.5571344955387305,-6.57464447658062,-6.563678132363481,-5.759368795190885
2019-11-27,-5.886802536519048,-5.848995729773715,-5.856706158654435,-5.802584514926499,-5.458528879052522,-5.455010205881782,-5.449088112444084,-5.408515356159737,-5.809550586890702,-5.755147276085039,-5.761603302560651,-5.715989418667134,-6.020416336497826,-5.930202366796954,-5.936994777525523,-5.903670658190419,-6.3021506374674905,-6.18276600739888,-6.196269032557725,-6.164437928447487,-6.7405822405228495,-6.605421972465221,-6.6247139527930505,-6.5874198823828864,-5.847547606197089
2019-11-29,-5.869608874454732,-5.7662608395224115,-5.774004561352966,-5.802157376403714,-5.4444061042250675,-5.379189766135094,-5.373017900761526,-5.416351153225038,-5.791584701753647,-5.676839840040279,-5.683347824009814,-5.715845840862849,-6.000249859548153,-5.861714739346379,-5.867922043038394,-5.897882662000544,-6.27969358772178,-6.122238015147478,-6.134220424531727,-6.149109062085915,-6.717471171241707,-6.549334098153316,-6.5658341636428235,-6.565217039223907,-5.764974403287294
2019-12-02,-5.789388152092065,-5.513427378814394,-5.518643357418428,-5.601029237427393,-5.394517023060128,-5.179873829399069,-5.1750329815612615,-5.261071412937509,-5.698939031427074,-5.403226980846492,-5.406972559580435,-5.494195617489317,-5.887144997995187,-5.576793054169806,-5.579614436096477,-5.6578088928791965,-6.15959171628902,-5.863585875721859,-5.870913578206227,-5.923800879604401,-6.597403459558105,-6.331627578408161,-6.343178204325759,-6.3667946694988915,-5.510908760469865
2019-12-03,-5.751822794765189,-5.459431923696385,-5.463167496334161,-5.530251841095917,-5.3581305631861325,-5.0939433870761555,-5.0902320558359015,-5.1702742330077935,-5.657922432763714,-5.343587466554089,-5.345809141201049,-5.417461307096,-5.845040930970674,-5.529041789977238,-5.530471561443306,-5.592278642285926,-6.128313520954745,-5.849521460412731,-5.855475447661173,-5.890916545302664,-6.584301519659874,-6.371858408785667,-6.3832052955615595,-6.386175108600632,-5.456575306062522
2019-12-04,-5.723396249751673,-5.408387296173483,-5.410979813455206,-5.464650673161924,-5.327449480268695,-5.026210793600151,-5.023498075291192,-5.092043738114607,-5.6288406004625955,-5.29827349889004,-5.2993587887046,-5.354135341843043,-5.818105387739603,-5.491445494762667,-5.492005399841958,-5.53798581500237,-6.106795185896462,-5.816675065130877,-5.821935367999446,-5.848461043576891,-6.573322670522352,-6.349748184278129,-6.3608394738257745,-6.363653989949719,-5.405153518830205
2019-12-05,-5.706026149998998,-5.423896007373619,-5.425554582456682,-5.439108864695725,-5.31069977365142,-5.043493221541772,-5.041517864138706,-5.064970530151022,-5.6103044901095895,-5.310846685440102,-5.311006632759432,-5.328398132787769,-5.799942541666642,-5.4965389479672195,-5.496443708429607,-5.514029769734307,-6.091209199190421,-5.818172319649491,-5.82287965691809,-5.828706602144891,-6.56091053423182,-6.344760605348326,-6.355936242239306,-6.347212245375194,-5.420580735339236
2019-12-06,-5.701543523484598,-5.416856638759184,-5.418351116124743,-5.431619916898672,-5.314210646367143,-5.060808844345127,-5.058866574461225,-5.0650057726349305,-5.602896382810408,-5.298411434698552,-5.29834104414042,-5.318048851059683,-5.7874598801486234,-5.473852649037215,-5.473360038070044,-5.499438792073601,-6.075898304292484,-5.789131898263377,-5.793017583497779,-5.812178718922049,-6.541498213075754,-6.31154958901201,-6.321223428225384,-6.326527717158288,-5.413510582017502
2019-12-09,-5.667883472649265,-5.409135645887552,-5.4097261511333326,-5.45593092216262,-5.277928391759112,-5.009097889698051,-5.007646723469708,-5.061972085228047,-5.569477233070612,-5.299573545674314,-5.298688042899074,-5.347363988907781,-5.757395531777043,-5.506378150771568,-5.504710204580904,-5.546267990222187,-6.0467350475902135,-5.841768366986032,-5.842948365596427,-5.871642151025979,-6.519933619885793,-6.404001147361427,-6.410355338063552,-6.4196327164876825,-5.406368754624859
2019-12-10,-5.6675501029519,-5.60666303224208,-5.606388795851357,-5.534530655837852,-5.277456452677551,-5.193726296482147,-5.19277929596541,-5.131637911483449,-5.569386176795125,-5.50492927619139,-5.503153305263106,-5.431861042500718,-5.757334434594407,-5.6945901179441565,-5.692491208497956,-5.634412078101373,-6.046494360776478,-5.988342475425735,-5.989011267552998,-5.945048952366882,-6.517862039206542,-6.4737470212122785,-6.480779712495708,-6.457976606247808,-5.6047007741163535
2019-12-11,-5.6552848734569325,-5.569814554104717,-5.569872179044516,-5.591359026332841,-5.265117912434308,-5.166390076988391,-5.164942943694584,-5.192867849420822,-5.557147509449454,-5.46257484295173,-5.4612405489719045,-5.486761210938852,-5.745359538750611,-5.66252961016511,-5.660040161754711,-5.6840682777530604,-6.0346881219369415,-5.968717135902177,-5.96770019400957,-5.983296861493316,-6.507197538508013,-6.474146308189944,-6.478868681327164,-6.481075745622538,-5.566844327922633
2019-12-12,-5.622544562732337,-5.471531550708354,-5.470702250914367,-5.5310702434710235,-5.236086890916931,-5.086602394973361,-5.085730972443169,-5.146578315796766,-5.523440315911563,-5.361188230299162,-5.359023486468482,-5.423899012452581,-5.710726790986174,-5.561964639834264,-5.558463263609579,-5.6158157507526605,-5.9958861378411745,-5.8611634412713824,-5.858659764337953,-5.901540553803301,-6.465460709895481,-6.3693211321344245,-6.372214460543994,-6.392775760980566,-5.46852346674266
2019-12-13,-5.613216872102141,-5.502150787539513,-5.500731182748222,-5.52712181969631,-5.228760621877682,-5.108327973021229,-5.107865577432429,-5.135081627741327,-5.5132056632234105,-5.390688365315542,-5.387929719464644,-5.4205851043811295,-5.699549113616089,-5.591466297721178,-5.587499237465991,-5.618502460616918,-5.9839749310957036,-5.889789351225101,-5.886599340601345,-5.908328763850282,-6.454990055558248,-6.40866277313802,-6.411257226792456,-6.415346244587612,-5.499115673295814
2019-12-16,-5.590850094078927,-5.471348440017372,-5.469351775852467,-5.5226225898246515,-5.207761644604078,-5.084683722105262,-5.084486330625937,-5.139404437481834,-5.491862829361123,-5.366074642052722,-5.3628081524085855,-5.418098713873749,-5.677919639282616,-5.56425508082793,-5.559567301064717,-5.608509495745895,-5.9588599063625765,-5.852944598314789,-5.848368627229493,-5.886700458308939,-6.414052394514648,-6.3229600169528375,-6.323337233275145,-6.347007319101222,-5.468726227485956
2019-12-17,-5.582822691649457,-5.495227505132147,-5.492578550501758,-5.499706078789603,-5.200588484296475,-5.115399471082992,-5.115738813544464,-5.1202947711060265,-5.484138604288415,-5.389232515698897,-5.385329938224317,-5.3954983837708905,-5.66981075108491,-5.57454590768895,-5.569555767730835,-5.584036740012144,-5.94862776050535,-5.846267589582259,-5.841603811212174,-5.8580366978590925,-6.400306231277618,-6.307006416710171,-6.307849113769911,-6.316041757478601,-5.492283975767494
2019-12-18,-5.5931497365391865,-5.620474490439115,-5.617478890408374,-5.529990442232317,-5.20974399626107,-5.219731357134552,-5.220245414602264,-5.1499030877773455,-5.494792018198919,-5.519439294380892,-5.515110707550152,-5.426367288800987,-5.681169431586827,-5.701823277238388,-5.69696733008645,-5.614843042938514,-5.960391811664187,-5.9567841243258135,-5.95307496788403,-5.885328144869244,-6.412140340662658,-6.378805615396975,-6.382559946019088,-6.337187579125491,-5.617359242099092
2019-12-19,-5.591671212220418,-5.658154298205223,-5.655588751493941,-5.622021769033654,-5.207164258510471,-5.242384764653769,-5.242360593695607,-5.225822978413808,-5.493674054876676,-5.559794513768367,-5.555990055786062,-5.524653313465697,-5.680871762352392,-5.76047568818943,-5.755438829356992,-5.718631632575019,-5.960649193625219,-6.040297948019157,-6.035069398908422,-5.986754851746535,-6.412479368342829,-6.440528250956745,-6.442024191101398,-6.413802195169028,-5.656368839223619
2019-12-20,-5.59253544461171,-5.691254467019269,-5.688872380022766,-5.670658095063181,-5.2050476581928375,-5.250573109347413,-5.250352508931744,-5.256109396206134,-5.4965299254592335,-5.621842802771811,-5.618196274248757,-5.587416751305878,-5.685170413848059,-5.849280358896609,-5.844182033801427,-5.790416745498303,-5.965132900930206,-6.119128388287236,-6.113419705362336,-6.0497791885178795,-6.411078120787181,-6.438130195569667,-6.438164493035926,-6.431545078168752,-5.69009432102318
2019-12-23,-5.594259267176499,-5.760585168448866,-5.758706821464694,-5.787179161173211,-5.203707310906224,-5.257515916254976,-5.256870420268623,-5.307345933059053,-5.500088375817641,-5.734680864933565,-5.7316762070861,-5.746826203210187,-5.690010990028752,-6.0276166687451855,-6.022223451662158,-6.0065589280437095,-5.970445312689823,-6.308715000426779,-6.299971214937197,-6.274457735015818,-6.415414233856931,-6.622949169774165,-6.6195734097815615,-6.616424443698257,-5.760966999701932
2019-12-24,-5.602964762612102,-5.906474550073829,-5.90448231607434,-5.870905388704233,-5.212160991074925,-5.389928022526614,-5.389490775684529,-5.353398200857409,-5.508624301416395,-5.873082313000063,-5.8702048218933625,-5.854075291068701,-5.6989024003002795,-6.214176382089082,-6.20862956487191,-6.197974951097833,-5.980286900200311,-6.682169936577747,-6.669119038917843,-6.635659648956586,-6.422252501825032,-6.7567683186716385,-6.75064229341873,-6.757762602258684,-5.907474081271165
2019-12-26,-5.607170503541262,-5.9017686511886005,-5.89990550274189,-5.86461170415373,-5.216043033706737,-5.3942415322620025,-5.3937512434709145,-5.352978201954754,-5.512714340249643,-5.876801004299358,-5.873950708429667,-5.84586083201257,-5.703152319150635,-6.190549355724855,-6.18521693202003,-6.172214776774052,-5.9854248910771455,-6.560736998955301,-6.548886307109817,-6.552652090162578,-6.427971873754145,-6.704625762428885,-6.699790781888843,-6.707455150975957,-5.902618283725678
2019-12-27,-5.612751662880633,-5.758287471519967,-5.75712288032637,-5.793814077710545,-5.215675252721778,-5.266150484518487,-5.265324345245665,-5.30476922553655,-5.51925948919279,-5.7180923383358095,-5.715943015885899,-5.758933524611001,-5.713758183114563,-5.997521567243564,-5.9930361563243615,-6.031408948479156,-6.001379710051124,-6.309224793165136,-6.30122458667953,-6.331684988879499,-6.457359269786932,-6.622538759709682,-6.620577731201835,-6.635462801871041,-5.758480258439398
2019-12-30,-5.603067487449334,-5.680287824742453,-5.67877275340986,-5.720688678033678,-5.207353532188377,-5.2353515718474775,-5.2348325871284,-5.2717079095482156,-5.512158376451754,-5.644049496680284,-5.641573584308326,-5.681817263252886,-5.705618360067242,-5.866668211660088,-5.8622191384114695,-5.902654850507784,-5.987754108684184,-6.104537276809159,-6.098314234842884,-6.136877811264448,-6.412096344402317,-6.376533978759431,-6.375354279644341,-6.405657858745359,-5.679785754787493
2019-12-31,-5.573431437033814,-5.519350948652423,-5.516938655260051,-5.588999977423274,-5.180517945146502,-5.1183933029449955,-5.118502247952561,-5.190878566005907,-5.479840604527912,-5.4215905326305505,-5.41820722638662,-5.4974272692542385,-5.673184483011101,-5.631727543072185,-5.626689461927555,-5.693430535223452,-5.955192051331744,-5.916151387346409,-5.910291603677996,-5.958291934018901,-6.3945662779080745,-6.341969066225538,-6.341381813907636,-6.356003878697908,-5.517875421667765
2020-01-02,-5.565654063687305,-5.4923969754531825,-5.489432749891964,-5.530560473969999,-5.173625867421548,-5.100209095944093,-5.100847288342036,-5.14000277613213,-5.47435609734467,-5.411391883069016,-5.407458784230687,-5.446692727595744,-5.666682313809614,-5.602729150711751,-5.597543235413544,-5.635983606068102,-5.943446809871326,-5.854929180469762,-5.849432423032648,-5.88512573635914,-6.362597778952768,-6.235622103541678,-6.234336122970415,-6.2597322847525225,-5.490231168326349
2020-01-03,-5.577366686658636,-5.39437850918729,-5.391925108323169,-5.453474656593385,-5.170592632604821,-4.989052156859201,-4.989873168737913,-5.055458576937982,-5.494715375727804,-5.322686691201226,-5.3195053359224085,-5.378703888481408,-5.697200474302419,-5.527528699722338,-5.523628927496926,-5.5750209869093394,-5.975163892597032,-5.790773386959456,-5.787999052952972,-5.828582132541073,-6.376560277504778,-6.167183031755116,-6.168020100341328,-6.193681100278769,-5.391182286331151
2020-01-06,-5.613455171741205,-5.57765554560387,-5.5753098888218995,-5.484417795752647,-5.203408427748612,-5.229186833346366,-5.2304943543057085,-5.088638286201925,-5.53571915304191,-5.508639577209776,-5.505574667325518,-5.411626274535211,-5.74036045221244,-5.659719400716941,-5.65709251437078,-5.605986371827087,-6.008352362173779,-5.876823064689269,-5.876246689357029,-5.852425397416127,-6.387339290938599,-6.208580260156197,-6.2116213730938785,-6.202125961195004,-5.5736543346962915
2020-01-07,-5.645248534677091,-5.572246187333294,-5.571337415390083,-5.519580208638121,-5.23631310825555,-5.174272586365544,-5.174204843956444,-5.120607694052326,-5.568820769367762,-5.489934814906912,-5.488352336940148,-5.4420180553515385,-5.772221665209408,-5.6731338671714,-5.671614547900528,-5.639206619696548,-6.033876423579308,-5.912007351591607,-5.912473966496407,-5.891026984227858,-6.400291447154084,-6.267152606516718,-6.270019094274094,-6.258724639507383,-5.56829983056401
2020-01-08,-5.642377393341555,-5.5298154246711055,-5.529511203437081,-5.564987887675652,-5.2350361400228085,-5.124372445978895,-5.123622725222387,-5.161056798822161,-5.567096221822087,-5.4644407713299215,-5.463562260172397,-5.503714848796573,-5.768785473135367,-5.65895232287891,-5.657311418421358,-5.694704923355698,-6.0256073688131435,-5.900189038232252,-5.899319101195465,-5.925885410362482,-6.385719264422204,-6.2315409538173,-6.23260212373255,-6.245187294702412,-5.526794060477611
2020-01-09,-5.650095702237945,-5.60570883694726,-5.605438806426569,-5.606500616869758,-5.240713002325412,-5.2199302287716485,-5.219253315679374,-5.203210010315183,-5.577187264252544,-5.536456755479264,-5.535670593231579,-5.542325243828622,-5.780012559632899,-5.715145943886132,-5.713777808303603,-5.73106973185624,-6.033945731999359,-5.945854947787903,-5.945056894089121,-5.962897216824321,-6.387268371774374,-6.27263285876882,-6.273060349103178,-6.285072987970553,-5.602924467645892
2020-01-10,-5.676486763979399,-5.7719308018946665,-5.772663868553744,-5.769136372091355,-5.266516199706501,-5.365956350640399,-5.363971772578525,-5.375236394400694,-5.60591682853939,-5.693048554979912,-5.6932855546770895,-5.693595571408494,-5.807297928362314,-5.874258023589244,-5.8734814913535915,-5.8716800651003,-6.05815902741662,-6.106622909284794,-6.105627867740619,-6.099243924773163,-6.401909998279055,-6.439413849380895,-6.43901711848582,-6.429970086650333,-5.7706402895457325
2020-01-13,-5.667604137705719,-5.693656136218139,-5.6942400488554155,-5.71651961595531,-5.2606939602306095,-5.30967738559312,-5.307918753837461,-5.328307277445117,-5.596911038034554,-5.614855913824786,-5.614949756818607,-5.6399599854992095,-5.795919432880126,-5.791514734846731,-5.790523020185083,-5.81750413749997,-6.0439201931530855,-6.02479346762651,-6.023430817402058,-6.046381684466559,-6.381420965462895,-6.353956685048079,-6.35201985308318,-6.371410182989483,-5.691981842173055
2020-01-14,-5.680025106620416,-5.79540288845668,-5.795740239643482,-5.728604478511916,-5.272757611881246,-5.40454649824866,-5.403013416550385,-5.340001833958659,-5.610518333506825,-5.715747781396834,-5.715584256162715,-5.6529185023683075,-5.8095007799342415,-5.879610565059557,-5.878922533643907,-5.8300934799944555,-6.055296805668506,-6.091879957885254,-6.091466685351791,-6.058007026356407,-6.386820719033948,-6.3913998320261065,-6.391154396072206,-6.379253005857127,-5.7966075266857935
2020-01-15,-5.719427766839235,-5.947575508069514,-5.949231686803146,-5.86223139148023,-5.304950542700017,-5.526790622842438,-5.524050967543849,-5.4718076517919085,-5.655932831558301,-5.90649145273396,-5.907522440959268,-5.79433452058232,-5.857735094743136,-6.077487138913614,-6.078069964944407,-5.966396298886836,-6.102166730328711,-6.253089324396701,-6.254258536182333,-6.177546843751883,-6.41955599437931,-6.499953720641987,-6.501134320132208,-6.467486957483523,-5.949062424643493
2020-01-16,-5.7295570173522865,-5.8376119029243325,-5.840477308926513,-5.864324307583254,-5.30943626965497,-5.375541748870493,-5.372261494480228,-5.4186839206334145,-5.671301913144389,-5.79077036546203,-5.793396424056509,-5.813809439481924,-5.8761824717930535,-6.0157957542878755,-6.017143924067748,-6.0244362396617115,-6.117902252044882,-6.253091233907831,-6.253646901948297,-6.253749368645073,-6.424170264536904,-6.532353351125326,-6.5307706290208465,-6.534304678023689,-5.838957602851725
2020-01-17,-5.767111393651441,-5.95149782586763,-5.95517915789914,-5.910438817347769,-5.341230062643969,-5.497578993661758,-5.493955707879341,-5.462422189779302,-5.712464142153057,-5.894565067058143,-5.898120516441891,-5.863291587794707,-5.919925350352564,-6.102379852533149,-6.1051065200629795,-6.074432907272218,-6.161331938652512,-6.326805472502293,-6.329682206800873,-6.298143605124592,-6.466723882677086,-6.595804340933136,-6.597770533366496,-6.569301236918929,-5.952921305563571
2020-01-21,-5.769854839456237,-5.887612018547691,-5.891996518035898,-5.924750653298831,-5.341044906036497,-5.408380515135664,-5.404338953705038,-5.447660031085473,-5.71549664434861,-5.829956246771817,-5.834221842835991,-5.873845178981674,-5.924930560135294,-6.07622684807827,-6.079169363041662,-6.113454139002661,-6.170853842402227,-6.362300878061307,-6.3642431467681035,-6.383108483697735,-6.479436868832075,-6.738886482341705,-6.736677903438391,-6.743045421866377,-5.888989910540716
2020-01-22,-5.76042183821319,-5.835424391748667,-5.839343529189201,-5.860449760182648,-5.333120278654886,-5.371703817268697,-5.368103696559237,-5.396061527290488,-5.70412961778076,-5.763982529920722,-5.767723914842018,-5.7971295491964705,-5.912879525211275,-5.999294617500659,-6.002000294803726,-6.028838186671242,-6.160048131362925,-6.287584552096949,-6.289951108536553,-6.305249739331897,-6.476134790366846,-6.736647831538295,-6.734505202693647,-6.737399995351901,-5.836655246195085
2020-01-23,-5.762900729727094,-5.900863987688429,-5.904313428938695,-5.853842403009442,-5.335316719518663,-5.407555973405537,-5.4042381659441086,-5.385498346171498,-5.7081188028750605,-5.88038220899916,-5.883308649841152,-5.796136155666676,-5.915842925191981,-6.134336814625679,-6.136871719936941,-6.029838451252677,-6.160708208068711,-6.363277635160144,-6.3662457295089485,-6.304327544060722,-6.4755958753436635,-6.737218065966818,-6.735864337322645,-6.726087151075136,-5.902139386541669
2020-01-24,-5.706915959634182,-5.554719094590988,-5.557076851788369,-5.638705158378171,-5.284587074900293,-5.118721276727777,-5.1164108777573984,-5.20697705563458,-5.647386262214735,-5.48098597358697,-5.4831048195298555,-5.566114255230257,-5.85283545337982,-5.70936702385335,-5.7106179463543185,-5.780409196581952,-6.0998541687374574,-6.00090111211841,-6.002776552781574,-6.051345222439389,-6.4316198805101825,-6.436918017437319,-6.435826727217945,-6.465993976444446,-5.555412688272691
2020-01-27,-5.556594597918468,-5.197114499744865,-5.194219318117839,-5.306303816968226,-5.150276276231255,-4.7933591700753855,-4.794822676254717,-4.907162770489886,-5.485604322261053,-5.114242185481803,-5.111046652814221,-5.223575955691616,-5.681880194597308,-5.331618591094418,-5.327640148727569,-5.423751072028263,-5.94063464467809,-5.646935877422491,-5.643383019673508,-5.713572190718783,-6.288398893897255,-6.086386173185529,-6.082239059415027,-6.123780672591242,-5.197304988427429
2020-01-28,-5.498745846128635,-5.150798744963177,-5.145550244185684,-5.222198549100352,-5.098877530360664,-4.760102516262819,-4.7631843849110895,-4.834058438498056,-5.421887048379495,-5.057441383363245,-5.051840332774153,-5.132105879904777,-5.614400267613915,-5.261600061850599,-5.2553740229932435,-5.326863463437768,-5.879462092715481,-5.578190690119985,-5.572170521538837,-5.624810804380116,-6.248125164352049,-6.037595224796048,-6.032891621549841,-6.058886495568302,-5.150973883343481
2020-01-29,-5.4968131552514565,-5.2792658866503555,-5.272978540743059,-5.223438969530161,-5.096963681333672,-4.885895157470778,-4.8898070352585945,-4.835045121621412,-5.419479208325145,-5.182011822735971,-5.175344980639753,-5.1332683525590355,-5.612216380527609,-5.364902799219011,-5.358385078287548,-5.328165654254266,-5.877965132652492,-5.653732729212038,-5.648122976614857,-5.626484260142819,-6.24972686429887,-6.093401873827253,-6.091474854373537,-6.060879661610296,-5.279579567721613
2020-01-30,-5.495833163619285,-5.229929435484091,-5.223916080377019,-5.215152082855481,-5.1003740039233705,-4.872737647479427,-4.876506356329315,-4.833552081166775,-5.416984861000508,-5.12990446057703,-5.123479867558424,-5.122601218639831,-5.606387985014238,-5.3053295001048175,-5.298730755166519,-5.313166232362953,-5.869466943965799,-5.594552536871208,-5.588380244098755,-5.607743603159871,-6.239476450167857,-6.032058251401343,-6.027831656206703,-6.040008572557737,-5.230180402921314
2020-01-31,-5.4308603172524395,-5.05820301867057,-5.050625529765216,-5.140273812935556,-5.039221446242623,-4.678357047261656,-4.682883756527563,-4.7656496610104835,-5.346148658822492,-4.958508343300848,-4.950467548822283,-5.042023256555928,-5.535734018948378,-5.160764140735917,-5.151949000783222,-5.2313916661475215,-5.804161859070537,-5.476702523719887,-5.467235926208974,-5.529289405494377,-6.209983773128065,-5.967598595204842,-5.961468639897191,-5.993179786681704,-5.058354585379432
2020-02-03,-5.4417443962400105,-5.250049837432828,-5.242292542253584,-5.249118021475674,-5.0479227531724895,-4.865000619533353,-4.869492254187605,-4.871562204930317,-5.3594043737381964,-5.147806058350382,-5.139624607448803,-5.148093329648071,-5.549332336214282,-5.333893810894047,-5.325164205140427,-5.336120460072303,-5.8174260435643195,-5.625642980791316,-5.615980461437564,-5.628852211842414,-6.21226307178302,-6.096716114784043,-6.089786995423299,-6.099129396653494,-5.250571956116633
2020-02-04,-5.407653568500925,-5.159739714259927,-5.151366972070854,-5.234191921127271,-5.013883437669431,-4.769592245245947,-4.7744126877181445,-4.851689161974759,-5.322718966221693,-5.059924063045526,-5.051159869717164,-5.135433961628075,-5.514323266758779,-5.265779994593093,-5.255929459049179,-5.327927591248995,-5.787767968247327,-5.5725391394380255,-5.560875992283234,-5.6173652985161215,-6.202429344681731,-6.068538330851695,-6.060077445551334,-6.09148178065026,-5.160257403451093
2020-02-05,-5.4209307222120655,-5.249283491946885,-5.240675097143514,-5.232872508411209,-5.028869494626184,-4.879803113090515,-4.884973750246157,-4.854030609232652,-5.333483186419794,-5.146790477853036,-5.137656310677716,-5.1334722079499615,-5.523953892237706,-5.324694431575678,-5.315072897640194,-5.32357953268893,-5.799141000552464,-5.603684909380268,-5.593093543217834,-5.61094408394814,-6.227724474142219,-6.0778432236196425,-6.071922437521936,-6.085822155104107,-5.2498436919818054
2020-02-06,-5.420788053380651,-5.349645614644106,-5.340345776793746,-5.242545102506668,-5.028133129486101,-4.948221452569423,-4.953806138698313,-4.857731576617676,-5.333430438615665,-5.262511170661396,-5.252548347239879,-5.1447339300598545,-5.524347176850601,-5.434459703282694,-5.42461975236991,-5.338593280203388,-5.800161836678348,-5.690231793636051,-5.679951447767506,-5.628608186476843,-6.230330805366309,-6.132915964234376,-6.12842107876473,-6.1074347563848335,-5.350326520888139
2020-02-07,-5.414121711948003,-5.363223828034954,-5.354705912546208,-5.376123996340371,-5.024173923277514,-4.987933099009376,-4.992572255764471,-4.989766021994283,-5.327913367644089,-5.2791473710260926,-5.270164454290795,-5.288212769389972,-5.516658082847698,-5.456374924670166,-5.446147432995545,-5.473824142995375,-5.787137009148121,-5.711670729664253,-5.698492338225128,-5.734839941923661,-6.197665708883999,-6.105473606039294,-6.0959477783158915,-6.1285857076809505,-5.364203929525664
2020-02-10,-5.419930485136838,-5.425051738379224,-5.416420729205119,-5.395068773591169,-5.030191867672797,-5.0556160903584475,-5.060326718228937,-5.013104995003049,-5.333857809207922,-5.338161200542771,-5.329075627055768,-5.308289761042287,-5.522297990707715,-5.502886840837543,-5.492760159480222,-5.489303459181766,-5.792230104251375,-5.744562923438464,-5.731760065732466,-5.743369884281399,-6.200017481774126,-6.117872090686228,-6.10939214560547,-6.1248068931733854,-5.426111688089877
2020-02-11,-5.422873103441547,-5.7270243269212315,-5.718442472902511,-5.664934057484812,-5.031765137374118,-5.378489401027023,-5.3822224666345075,-5.3208105762691815,-5.336765031180365,-5.652128639855415,-5.643228811234599,-5.598732886776035,-5.526262759709605,-5.783308267626502,-5.772629186025138,-5.739291054161402,-5.797992230745522,-5.9555095336653245,-5.940767331122288,-5.924524299023885,-6.210013878698625,-6.235501226202087,-6.227214504335199,-6.215680793978035,-5.7289096997194555
2020-02-12,-5.42088342912512,-5.66568097907119,-5.657633832311847,-5.681036727172978,-5.031125370479664,-5.314528662848495,-5.317759502469887,-5.332168965885072,-5.334901286603251,-5.601835755701362,-5.5934870131889065,-5.62179343025343,-5.523278109141492,-5.743598560384249,-5.7328831554578095,-5.760289750030724,-5.793071031956037,-5.9264827588605264,-5.910910362729637,-5.939450028687324,-6.200408898352521,-6.206067290586414,-6.195628273132282,-6.216169833957265,-5.667542955430094
2020-02-13,-5.423455688385871,-5.678787358909749,-5.67057617544192,-5.662741284211344,-5.032621641221305,-5.317344955977195,-5.320746389961754,-5.313109183583219,-5.337211181829496,-5.604721287247451,-5.59619990905921,-5.596943535509083,-5.526441877747092,-5.7521306779955825,-5.741521557250332,-5.740423962202381,-5.797830071083097,-5.940128051577519,-5.925199963838766,-5.927655728056095,-6.211353454397903,-6.229810464848728,-6.221163177981359,-6.217991462877993,-5.68061780047338
2020-02-14,-5.4234493096877845,-5.838910136988235,-5.83043239362793,-5.7773291033797225,-5.032564937838487,-5.453807106391961,-5.457193803675135,-5.40379280287415,-5.33737994312945,-5.776188347929659,-5.767272285299702,-5.70542760592356,-5.526558774131428,-5.9165757166303985,-5.905576633505645,-5.8583106076257785,-5.797682092370429,-6.086244756921108,-6.069710219456322,-6.053285771378746,-6.210527282637257,-6.365065240246891,-6.353333520501384,-6.357900529942806,-5.839659905208696
2020-02-18,-5.41749067215676,-5.682571487997242,-5.67458027621887,-5.717236677727212,-5.027131401942952,-5.275520465292048,-5.27871682430399,-5.319204217205257,-5.331380617527624,-5.601667409347667,-5.593370530619615,-5.639943135323778,-5.520479816420547,-5.787989437860082,-5.777055777433384,-5.814575239903323,-5.790802530559214,-6.014181746944273,-5.997168796160564,-6.031001594168757,-6.202189744364863,-6.359701754776693,-6.346235551834377,-6.3708761740183695,-5.681330918866343
2020-02-19,-5.419042627179109,-5.709558950846241,-5.7012414166315635,-5.696453113800227,-5.02988449256737,-5.297403495848389,-5.300917518507344,-5.294643877640372,-5.331995886852651,-5.621107435409646,-5.612459455530149,-5.616043684245209,-5.520382214723262,-5.804525287840558,-5.793563355643639,-5.795329627116935,-5.790976833155085,-6.037598057101383,-6.020939303666441,-6.022630007735733,-6.2043528523025735,-6.395915289117379,-6.384102040177842,-6.3753415063408685,-5.70963785707347
2020-02-20,-5.41280453644561,-5.624943458825216,-5.616747328493753,-5.659440391972959,-5.025609722596638,-5.235915851368565,-5.239399559440479,-5.26721150070557,-5.3250033954961795,-5.5235145720085,-5.51497131384539,-5.565505482476665,-5.51207383623115,-5.707476353106505,-5.696438662772353,-5.742967057170043,-5.781674767465158,-5.962680326601183,-5.945658403690559,-5.986655486969525,-6.195569171820691,-6.373685171551411,-6.35939272600218,-6.38640762385975,-5.6240961108565335
2020-02-21,-5.39477840642444,-5.414152657272463,-5.405482345405859,-5.484641781235878,-5.008815488486835,-5.015442451753408,-5.019579459698377,-5.093750290190651,-5.305870330495517,-5.3118958803243626,-5.3028222143409405,-5.3857937040108546,-5.4928014362583735,-5.512618776886715,-5.5013675838027405,-5.570595604344291,-5.763264678087259,-5.802113633054445,-5.785858014518875,-5.840633281656235,-6.181339484595784,-6.270544597085265,-6.256981895078283,-6.2888063995184185,-5.4135979046888965
2020-02-24,-5.187497671712433,-4.787603341163878,-4.866393136283642,-4.864811795466542,-4.810145045902452,-4.412580571539983,-4.396171933602441,-4.381520022695994,-5.092270511953398,-4.68164606433642,-4.755964472852599,-4.751253055431798,-5.2812279498076595,-4.900539245946911,-5.007552443368539,-5.038570659211072,-5.56103626699463,-5.2400085080406855,-5.3977594402400895,-5.379887830958362,-5.979095712679499,-5.743536858962065,-5.896288100832653,-5.89983100092262,-4.8460184661682275
2020-02-25,-5.133984151534242,-4.757355627789786,-4.83384639054192,-4.536611798909893,-4.767905150652028,-4.40735190964139,-4.3924471054765455,-4.099402780965507,-5.031431922909415,-4.636545895404731,-4.70846292702717,-4.39800781950013,-5.221022571529625,-4.847044355844927,-4.952035598462854,-4.698033613041296,-5.48945818756934,-5.155549230806867,-5.3104231085714515,-5.030065910842449,-5.913836352201305,-5.663544803366952,-5.814565557009889,-5.586639441954103,-4.817734869078202
2020-02-26,-5.141352630132433,-4.9087770301874984,-4.984378529268276,-4.5362526516166914,-4.774660312943604,-4.533098721520197,-4.518840202792389,-4.0954560069072405,-5.038576873316738,-4.80113860246641,-4.871981684837893,-4.399107488680772,-5.228649925031269,-4.993017866363243,-5.0979835120392245,-4.700898199751309,-5.498178761123468,-5.277438742362012,-5.43364905697669,-5.034394340643496,-5.924926439058969,-5.772143823061312,-5.928943691453951,-5.593281088083497,-4.9728554288981925
2020-02-27,-4.883278096364705,-4.3500513102255,-4.407559878775012,-4.429172733744528,-4.522632035440461,-3.9973785391629915,-3.9698181842622056,-3.985304963754355,-4.777359982316004,-4.235800588932759,-4.2910364035035125,-4.291241088222355,-4.971698369812125,-4.461957927876699,-4.526690224131888,-4.5956964334115975,-5.2468809550610915,-4.800444338893908,-4.900983312710496,-4.920734939728554,-5.684265151209451,-5.336482256619748,-5.457090821574708,-5.465293959033746,-4.415629011921012
2020-02-28,-4.870954494856085,-4.435176140005438,-4.491466910008901,-4.322066473589255,-4.498194717406727,-4.048719832878307,-4.022307783612799,-3.804889506558875,-4.774480441117584,-4.3566149786384925,-4.41073515364171,-4.246414961389714,-4.975114894380391,-4.587577579783053,-4.652174960791591,-4.5920885744510525,-5.251779291786212,-4.900046956568729,-5.0015483810408226,-4.928106349727671,-5.680198522193146,-5.368580218212601,-5.4910451975921,-5.423724624837223,-4.5034419042526945
2020-03-02,-4.842589636772025,-4.425845555481635,-4.481321652558018,-4.195991819445143,-4.467890575678505,-4.047973259067451,-4.022176047536031,-3.690300814924294,-4.7461561757785065,-4.322660514837669,-4.3762670640583705,-4.104310451771476,-4.949869844414154,-4.549827705265141,-4.613581245913941,-4.449908890846949,-5.2316966646720635,-4.879533055452747,-4.979152166361039,-4.826383821146118,-5.669867408504529,-5.403196094352597,-5.524367578811264,-5.381497174078425,-4.493610948177731
2020-03-03,-4.8179058847091305,-4.413477088128089,-4.468065227827821,-4.164308187446686,-4.44620408345715,-4.044706165053376,-4.019509693097845,-3.6587245290921104,-4.722346726081296,-4.315183355646771,-4.367986909108205,-4.084136494424013,-4.923665095347386,-4.531461067516084,-4.594312474385867,-4.420572529064051,-5.199349081687793,-4.847286654370523,-4.945038855201037,-4.790181663239824,-5.62000940942305,-5.336102975639274,-5.453723667147638,-5.281775817495024,-4.481495004584247
2020-03-04,-4.792428612117676,-4.359253326546256,-4.413025901106577,-4.0616043004196145,-4.418109445144905,-3.981045151956526,-3.9381850147928086,-3.6462085589914977,-4.6970821817107025,-4.259270821270674,-4.311334631363014,-3.96927761449073,-4.902223835133344,-4.48846307327134,-4.550646664268466,-4.307723081372838,-5.183501685208474,-4.8217413571712395,-4.918969614168344,-4.6975852259187425,-5.615885272174275,-5.3392108418949595,-5.457692762747122,-5.2421902686366035,-4.427309664739923
2020-03-05,-4.692389903952598,-4.292023048344507,-4.328164337402724,-4.030923685550312,-4.325365691991591,-3.913454058525014,-3.853970414884846,-3.617453870254606,-4.599041579424534,-4.204781052777359,-4.241575212538586,-3.941041614126983,-4.800984336107539,-4.4423633820729975,-4.462644649506674,-4.275193174544657,-5.069125423253732,-4.7571216621724055,-4.7951815230264145,-4.652147485086605,-5.457066742467214,-5.199526574845548,-5.2814256431591025,-5.158370364192629,-4.360743312405221
2020-03-06,-4.657538303818302,-4.278489719165977,-4.2971364397633955,-4.049943719191762,-4.29812764504718,-3.9273629258923353,-3.8505833034807058,-3.6882678347390283,-4.563539105087834,-4.180637775533151,-4.2021878108458255,-3.9432835132907185,-4.7594688898240385,-4.392095283059122,-4.37094405936925,-4.264580766905374,-5.019260001153626,-4.687160012258008,-4.6686215689994395,-4.633120597257613,-5.377216979613294,-5.09429734419056,-5.144164864827608,-5.136049791207664,-4.349577482059583
2020-03-09,-4.459324987789382,-3.936421165430855,-3.9351012604669613,-4.035662669199348,-4.098356790991152,-3.5731832923019193,-3.482751604460061,-3.7644349972637996,-4.360105162017857,-3.8318606541416873,-3.8357778381154533,-3.9289706182172424,-4.576115698339781,-4.091315798725541,-4.02734573420307,-4.251974858720041,-4.858686269009167,-4.442752564330403,-4.365638037642529,-4.607952120554852,-5.218092288359403,-4.885422124606692,-4.900847926188528,-5.070041063475887,-4.010663963197693
2020-03-10,-4.4222847394459786,-3.957576084366858,-3.9383549910082314,-4.13597706998472,-4.061372715032419,-3.593567794245297,-3.4862127385745345,-9.575658799080628,-4.321698446170597,-3.8492054358636976,-3.837482097637473,-4.02747431774652,-4.542221681186162,-4.104608433319119,-3.998893838795928,-4.36988881026838,-4.829375532241488,-4.450988415026027,-4.316848717752901,-4.757534317266009,-5.187471274099569,-4.879830940563719,-4.863702238092074,-5.321365835958216,-4.034671211240179
2020-03-11,-4.37966623274934,-3.9029595249834625,-3.8662582579861415,-10.242166313451406,-4.02072096432059,-3.5435224702179458,-3.4188874865155214,-9.55866463322443,-4.278459352780367,-3.79510292899115,-3.7681834084892993,-10.262287577520691,-4.500127658239474,-4.049257842531219,-3.90182415530431,-10.427443513384816,-4.7873858247847485,-4.3935705527937765,-4.201957773157981,-10.249456421979017,-5.137705650144314,-4.813984166317264,-4.764806724352188,-9.869404236204678,-3.981242511337065
2020-03-12,-4.151886330035978,-3.5695030806119186,-3.5118895558686885,-10.14754936460325,-3.790369113040118,-3.202375891717248,-3.064708376391765,-9.460357952546751,-4.061022243636565,-3.4782261632002855,-3.433117370017158,-10.172649264972836,-4.2977437222553325,-3.765073702629384,-3.574023130770929,-10.341847802180114,-4.582334172331555,-4.125226010880728,-3.873094543880167,-10.154223723779042,-4.892439166998768,-4.530793194853074,-4.443792576368083,-9.734951930179182,-3.650806446940991
2020-03-13,-4.043026622112056,-3.4672591822184105,-3.3904751802836426,-10.102548129049964,-3.6851837776042546,-3.104936847835125,-2.9517619643938686,-9.41574269954237,-3.951186902563196,-3.3728605126901465,-3.3109616200542544,-10.127557379614979,-4.193495231728983,-3.6621970447040573,-3.4285155325416627,-10.29789092686878,-4.480365068553217,-4.0233625209785435,-3.7126920801565544,-10.106975491869667,-4.777965648378307,-4.417810258334859,-4.2968866542196205,-9.672329693759886,-3.5516443920581633
2020-03-16,-3.8723795651546484,-3.26757480333585,-3.1706212566773373,-10.033595540108381,-3.5178644556491,-2.9062548090274762,-2.7387389682441445,-9.34662261782542,-3.785268007277521,-3.1819545800425773,-3.102454339416977,-10.061165950323876,-4.032635722587757,-3.4800790370743786,-3.203012329030718,-10.231397591639992,-4.319144014767411,-3.843603329891383,-3.472891558145539,-10.033125355740628,-4.599757423262792,-4.227069954673688,-4.0700354858694086,-9.575063614242836,-3.354887680231798
2020-03-17,-3.8664156503697478,-3.4031239843569034,-3.304910175883022,-3.6302814030862214,-3.5112223180975857,-3.0358882950245567,-2.86937201717234,-3.092964504623968,-3.7801502276013967,-3.321753543682206,-3.240963797538154,-3.5755339549087255,-4.028424672829902,-3.597988189974451,-3.320526924472101,-3.9979153243817396,-4.3158099666160625,-3.9335426641034856,-3.5632473649903926,-4.412155501439996,-4.597337413468923,-4.285356821482273,-4.131034457430384,-4.818305105181859,-3.493899471895095
2020-03-18,-3.8597462353425085,-3.396051599324914,-3.297649001431008,-3.459450046481375,-3.5083645418685236,-3.0751902620325238,-2.908963948075368,-3.017080389116696,-3.773738461578381,-3.3107907499853204,-3.2298793911075627,-3.388981116023193,-4.016656869683585,-3.5557978724216137,-3.2780012732329826,-3.692612978756757,-4.292930400863226,-3.8664441521287625,-3.4385447769527726,-4.401905995019881,-4.547566383532202,-4.192525450641909,-4.003083197546072,-4.791178442273266,-2.8333251840672764
2020-03-19,-3.843444257794054,-3.390386801909027,-3.2753495414843936,-3.4581563950164225,-3.4903758864219925,-3.0202236228155614,-2.8354659330456364,-3.0155180959818364,-3.7589458452697846,-3.3113368603783906,-3.2161047111505856,-3.3884622876109267,-4.004802165563626,-3.597891084935813,-3.3195573843861577,-3.5648535453479298,-4.284456405273685,-3.9354824071883994,-3.5065382981196063,-4.1242307388337505,-4.543253484804205,-4.269088874668877,-4.080076368563743,-4.582194922131619,-2.7519404705586616
2020-03-20,-3.838245153340586,-3.4882864295947575,-3.372769380176504,-3.380292798848391,-3.4885813442446225,-3.1709360388284105,-2.986645383702391,-2.9825276420664633,-3.75393853781103,-3.4097296842199967,-3.3140720479799106,-3.306701834632576,-3.9950873303140613,-3.649033406907867,-3.3702205177537348,-3.49688586400566,-4.265060007646764,-3.938941219417494,-3.4520709697843976,-4.118567963714863,-4.50117235594109,-4.220990723532628,-3.996982339419948,-4.560957354941397,-2.860042042984259
2020-03-23,-3.8214022149530074,-3.651173174047329,-3.5194005882324424,-3.4023113594258336,-3.471187171114537,-3.272837066083406,-3.0690782240824563,-3.006599665612612,-3.737815658294379,-3.5861248788661086,-3.4908185653699917,-3.1828274974357225,-3.9802208995754937,-3.852017779933169,-3.5721385873903597,-3.9290447206160075,-4.252558843444179,-4.130402561635596,-3.6401324942120965,-3.968395892673735,-4.492845762220497,-4.367769830427017,-4.141524124192528,-4.397456711576911,-2.9505806085083943
2020-03-24,-3.816753442852201,-3.70573329780176,-3.5733812757524372,-3.4050478299442144,-3.4683214930318447,-3.362468995546366,-3.1592172850678755,-3.0731497294674726,-3.733779229050221,-3.6434394937451655,-3.5475428204603148,-3.1831988021451063,-3.973708033865207,-3.8631819420997697,-3.58305243347916,-3.9125506040063858,-4.23998378347073,-4.092708453386798,-3.602179656902578,-3.8852062095931914,-4.465714649599843,-4.291608457438113,-4.032773512334781,-4.406252814619499,-3.0147531344837226
2020-03-25,-3.8147274093808154,-3.7215400274852466,-3.6057179663235424,-3.4324012386649816,-3.465499324390147,-3.3365975690865874,-3.1515712504506648,-3.0250935852255907,-3.7321864557889928,-3.656551847529813,-3.574975826629008,-3.197060656206075,-3.9734562997296647,-3.921139647040661,-3.6820596253577698,-3.9459961112931627,-4.240997164250067,-4.195288577725568,-3.7609673251633273,-3.8831786741454786,-4.467542303902885,-4.417620954045472,-4.1917623316406365,-4.40235439704429,-3.10303069593267
2020-03-26,-3.811889340110393,-3.7820830285105065,-3.6662232302592948,-3.391678065819859,-3.4629428293796223,-3.4211374474114513,-3.2359478005255786,-2.9782515888573413,-3.729437501410113,-3.710303804715061,-3.6287390034496605,-3.769704725571736,-3.970388136263127,-3.941617055101077,-3.7023677996874342,-3.980112447135453,-4.23746432000934,-4.180209464835518,-3.7453885234800284,-3.8963844804069723,-4.462235473118201,-4.375150272379211,-4.147497961660641,-4.358775070943619,-3.1661060657424893
2020-03-27,-3.807386933700474,-3.770633273740381,-3.654703068368109,-3.392688689393562,-3.459094599143352,-3.3937133502734276,-3.2086018985915565,-2.9404021500858555,-3.7249119548081535,-3.699113827995891,-3.6174823024274323,-3.7684062135279732,-3.965091379469138,-3.952674345176946,-3.7132011799787694,-4.00068022824774,-4.230983570644778,-4.221951898838513,-3.7859718992932603,-4.259686336707999,-4.454030339071975,-4.447639084201214,-4.2175574337677295,-4.28080487536195,-3.152938252390179
2020-03-30,-3.8102941676549524,-3.886145112230218,-3.786946403754876,-3.949259184217549,-3.460340253895798,-3.501148514486257,-3.3338029024332503,-3.598187732998708,-3.7287867758240534,-3.818690357476058,-3.751563063283352,-3.88171790711527,-3.971436045394924,-4.071599184068868,-3.8731049054181472,-4.099549981587003,-4.238929050001093,-4.323366630718392,-3.943607304384139,-4.329075954681927,-4.460387562067796,-4.518483284250884,-4.32181390849335,-4.353423692072882,-3.344596262631572
2020-03-31,-3.8096946892289494,-3.96609986622228,-3.8666186425067304,-3.9910756842730573,-3.4595570246622036,-3.549486143972898,-3.3823151462121497,-3.613519902122436,-3.728270137387432,-3.9092893709055834,-3.841789889552783,-3.9229914883801835,-3.9713467079052527,-4.212621295260122,-4.013797664016408,-4.175764256421784,-4.239023584783532,-4.513483922600896,-4.132470884782315,-4.453602374648757,-4.4606138606101045,-4.70435029545722,-4.5044600668047305,-4.675624854295047,-3.4329663652134346
2020-04-01,-3.8057183514486117,-3.8890539222920664,-3.789885219071862,-3.974473132165727,-3.4571156537844967,-3.525063672433053,-3.3576961500375053,-3.623264776589914,-3.7238862197663507,-3.8065373079564413,-3.7394854416427012,-3.896707038584258,-3.965199788065007,-4.0508143630493745,-3.852128733903065,-4.117815084165207,-4.229932365420741,-4.307081655908677,-3.9259981943376494,-4.359651855450992,-4.446041086865029,-4.519255303942141,-4.318133148944057,-4.546908479135685,-3.345004607256415
2020-04-02,-3.8036640583674455,-3.915616003367867,-3.8162160647647,-3.9796206745713394,-3.455100834072303,-3.535877383574255,-3.3686018255332195,-3.6253714769785446,-3.7217683857413872,-3.8349061201974184,-3.76760355686026,-3.9016701892855914,-3.963254687175729,-4.085975235968691,-3.887142890379634,-4.126657317162539,-4.228281783918567,-4.345532996671015,-3.964343516619436,-4.3728297523159325,-4.444520356513689,-4.5555848790336055,-4.35502617423529,-4.563480300019592,-3.375569595856566
2020-04-03,-3.8044063232449212,-4.035521390703203,-3.9357100571490067,-4.036998477993834,-3.4556569990835553,-3.641550278963794,-3.4926848252781304,-3.6744930772729725,-3.722688534361118,-3.9599939690501023,-3.892248063974608,-3.9606868754962528,-3.9644212748517895,-4.20970289578361,-4.01062710856945,-4.192388184188252,-4.229355384911838,-4.459971478136142,-4.078233329353113,-4.441025516488786,-4.444793579253297,-4.64900224054135,-4.448778179577465,-4.625865497723545,-3.508697071100063
2020-04-06,-3.807133273061441,-3.9932937104963124,-3.91063155080491,-4.052747165506204,-3.4577579396429963,-3.620742276711951,-3.489649630735889,-3.7035187500017677,-3.7259961069647627,-3.9236776500881603,-3.870837500274143,-3.979276837404576,-3.9683661586609578,-4.149753145123893,-3.9920314654586373,-4.188255738039056,-4.233271467662694,-4.37700554536046,-4.052060868915413,-4.410150562024735,-4.44674764772918,-4.5623192383983335,-4.392851545702468,-4.578690650001006,-3.52771991765513
2020-04-07,-3.80913492920436,-4.083885836591865,-4.017375285097038,-4.068695436157107,-3.4589385877444054,-3.707859161277524,-3.59528236016709,-3.728307623702136,-3.728273388737339,-4.00595229318865,-3.9670006159860987,-3.98962815782925,-3.971863275452213,-4.227252680565586,-4.110658990868744,-4.189754676895727,-4.237939763769075,-4.446414705016435,-4.178854393085467,-4.410269364511689,-4.452509531939461,-4.6167334591193665,-4.481888354629422,-4.581948060194253,-3.7024310529733855
2020-04-08,-3.8277467997554715,-4.214201626332687,-4.164751262011097,-4.192515143966758,-3.475263748894225,-3.8257986646451183,-3.730965881817535,-3.820500607479521,-3.7490356798973132,-4.143244875124032,-4.119200867337283,-4.128644474223728,-3.994127030527177,-4.365365947833771,-4.289875847851923,-4.3457939930017115,-4.258256585955695,-4.583426797943014,-4.370773427390861,-4.571323500141395,-4.4680707745567885,-4.755369359791709,-4.648511768648262,-4.745091848492975,-3.908767487102779
2020-04-09,-3.832859154926401,-4.361940646140123,-4.329196147785835,-4.3196909234738365,-3.4798407941824108,-3.9697620243077734,-3.8928015073945965,-3.9413499914722347,-3.754872545382709,-4.309731420109341,-4.300159776964278,-4.272325879233493,-3.9999462269284876,-4.509608477161437,-4.475069457159379,-4.473421281563538,-4.2631109942868495,-4.688504164922092,-4.531475935509553,-4.667185853983,-4.471662948151611,-4.820260660354195,-4.74425927289449,-4.808019536926725,-4.1360176592143025
2020-04-13,-3.8398349459812464,-4.427853867436679,-4.411744283462173,-4.359354616531399,-3.485746291828648,-4.01022888865624,-3.951217583863488,-3.9839434115172523,-3.762703793611617,-4.413244096963348,-4.417785486960009,-4.316157127067159,-4.008607357417282,-4.632556396030706,-4.639085640800671,-4.507174936747743,-4.271633155142329,-4.762733837412927,-4.662801416037576,-4.687762664509648,-4.479373170909558,-4.846403779666224,-4.803283293051627,-4.816840727342797,-4.278445890679648
2020-04-14,-3.9039924916889586,-4.377872536185518,-4.380738994763294,-4.454425458588741,-3.5462243440309096,-3.973798028383809,-3.9306829570748882,-4.072380939951434,-3.828690879672505,-4.304746768451673,-4.326201844392066,-4.386293977355992,-4.074779906864669,-4.548007211453431,-4.5963324822613245,-4.600368670331211,-4.335937203984131,-4.78180439521695,-4.7376230768151375,-4.816330739767901,-4.538994404028178,-4.961626371899235,-4.947125094760586,-4.977192766609141,-4.273990925709949
2020-04-15,-3.966360818940342,-4.298722045973309,-4.319220734946295,-4.3763846490534,-3.6045358188443393,-3.911541024133009,-3.885659756013521,-4.011461828466255,-3.8959824570359496,-4.227586091112816,-4.264257192436528,-4.307062477271671,-4.139849743379565,-4.457729533866935,-4.547635815375799,-4.5099256511713435,-4.3940274379778375,-4.678066185311479,-4.693135908521803,-4.716241983716589,-4.5881598511112385,-4.855177823675508,-4.8760750987112065,-4.874619295775889,-4.2574918021368955
2020-04-16,-4.228931053477722,-4.563155010798192,-4.601862411932777,-4.48143424224069,-3.863105517445635,-4.159926032003947,-4.147686380797834,-4.110676486247939,-4.169825176779589,-4.514059714207532,-4.563857827414144,-4.417122434903804,-4.394396415799794,-4.745077669284932,-4.696175938075941,-4.6218508635036555,-4.611411807200363,-4.8879364577293485,-4.960293141017859,-4.8241614204101735,-4.7591251050207655,-4.999763581212543,-5.058365660213127,-4.975380446725157,-4.603895586297006
2020-04-17,-4.245904459686274,-4.418513320150418,-4.45871706693876,-4.457789870529471,-3.8840897665647796,-4.040939508530044,-4.027655832906137,-4.093452789088858,-4.185009808520698,-4.346446617184643,-4.39783295181232,-4.390192694923595,-4.404244588608639,-4.560503217597184,-4.512351227006534,-4.59076552104584,-4.6157869092252675,-4.770307049965261,-4.842748944176077,-4.793208237452499,-4.759195533965043,-4.9391271626344135,-4.996586519884579,-4.948275987417618,-4.43661552487206
2020-04-20,-4.258997485218466,-4.26611491353815,-4.307092861849967,-4.356752195420319,-3.8852173825530856,-3.8782651746369354,-3.864927341038573,-3.9903551294729156,-4.197663946292772,-4.189725406514808,-4.241807090049196,-4.282669685594401,-4.432566317830705,-4.432356992422795,-4.385535996977929,-4.497514525538803,-4.667893557341491,-4.688669439422787,-4.8150351331175765,-4.7326426131817545,-4.845111043757948,-4.922061289823905,-5.012985415838864,-4.939134828432669,-4.2521522094194255
2020-04-21,-4.316911388266202,-4.289811860627478,-4.346654953118061,-4.366189851146298,-3.9559662077067,-3.928566514175221,-3.932198926854688,-4.014825357615305,-4.251662461150372,-4.208031954485278,-4.164211713014865,-4.288066613366753,-4.467145492801864,-4.427521789279266,-4.381964024783671,-4.488981347743658,-4.681589381175055,-4.662047537881138,-4.789580005388258,-4.709012562882102,-4.839721868579396,-4.8687885363300625,-4.959919202858236,-4.892988711353252,-4.312626320471993
2020-04-22,-4.335866761458654,-4.337808350796732,-4.395191962022231,-4.396182288955561,-3.9596403630653385,-3.955550226024,-3.9590726046159426,-4.035525286176603,-4.269932224361141,-4.250133504505792,-4.2067803113427065,-4.312555998289879,-4.504355747601457,-4.487400042444091,-4.4430455059844025,-4.52669662269489,-4.748550153538251,-4.7499622096787055,-4.68490141059838,-4.77301180121637,-4.953581718652842,-4.992819531695824,-5.11514344834824,-4.99662214783386,-4.364155434987982
2020-04-23,-4.435392644407861,-4.561499023490301,-4.517300429948023,-4.431162129603566,-4.068082311682442,-4.272583126313737,-4.302395273144582,-4.0740103165620924,-4.36860861262179,-4.501395078239783,-4.459490069273881,-4.34661288765103,-4.587185609198827,-4.647438040558215,-4.605732943323644,-4.556359551873474,-4.80715258718066,-4.838706884804435,-4.777468881046669,-4.79640856374754,-4.983361819749779,-5.028053804325714,-5.153132527092151,-5.0106928621589715,-4.576092167220558
2020-04-24,-4.456976648288806,-4.315726935067405,-4.273871747720701,-4.397239847868973,-4.07877861549312,-3.933280116229628,-3.9611030983076985,-4.033281961005997,-4.38530723800429,-4.227615570238912,-4.188115070934855,-4.310369329745704,-4.61756860108235,-4.470333888801657,-4.430102260516465,-4.531068031515536,-4.867093506229793,-4.753312610755444,-4.695235457493335,-4.796119574206164,-5.09935398930075,-5.0430747165730665,-4.982525826424157,-5.060433961542796,-4.293013943258087
2020-04-27,-4.476901892348888,-4.36465916348379,-4.323468137490971,-4.438858340167986,-4.104818545288373,-3.9870286544441287,-4.01417907355071,-4.079239583145701,-4.403149090873369,-4.275202787524211,-4.236252448666626,-4.350521100869821,-4.627018441507773,-4.509253947809343,-4.469267938946642,-4.564134650309819,-4.8669551847463355,-4.779815635586025,-4.721432638402897,-4.819261556465054,-5.091532462954503,-5.055840541652834,-4.994614127651088,-5.071850259760707,-4.344179304966842
2020-04-28,-4.507691568864844,-4.585168628397745,-4.5440502444174955,-4.521615903886758,-4.133059552147902,-4.214252144006137,-4.241600457434233,-4.143923830303592,-4.4348390742554145,-4.4944284082898465,-4.45549871881842,-4.435624421804189,-4.659784232097616,-4.70228205661662,-4.66303654248696,-4.661805065211055,-4.900622440242459,-4.951006026732819,-4.893606441411079,-4.931244096307931,-5.12768831580448,-5.217634149013592,-5.157271291349962,-5.209415242481004,-4.589824886925571
2020-04-29,-4.543976395350335,-4.483833135854555,-4.444951229348804,-4.546075918139752,-4.167311117181969,-4.098093821378704,-4.123675924779919,-4.173130333901472,-4.470706535439876,-4.396112448730048,-4.359348653430886,-4.461165182553602,-4.69666391985753,-4.629569748637185,-4.591797754690105,-4.678803435347807,-4.939562772126522,-4.901323391916026,-4.8458660405144,-4.938314757623426,-5.171780214427833,-5.196102142139001,-5.137278027489909,-5.213586833347041,-4.467353104846163
2020-04-30,-4.57255953767151,-4.481721451237134,-4.443681801293622,-4.526430954898257,-4.203591594545267,-4.098917550350989,-4.123862554203089,-4.157981856139132,-4.497094668296896,-4.393401728714542,-4.357314233502987,-4.440052725304893,-4.712812039556436,-4.6208636040432935,-4.583704384456774,-4.6547380604626,-4.944641743654084,-4.886263028951708,-4.8315673843888725,-4.912137136160712,-5.168026490247129,-5.177832901944501,-5.119600642893569,-5.1885632246511655,-4.466167147820381
2020-05-01,-4.568480222252561,-4.446823130810365,-4.40898805541658,-4.535890731167051,-4.2088049980658875,-4.0766514238049725,-4.101134517560305,-4.179295515967587,-4.489209037487505,-4.365295123359873,-4.329298846224502,-4.453188691691208,-4.6961895598742,-4.588082880369946,-4.550390252338054,-4.6552106719575175,-4.9209651572992295,-4.829615295674429,-4.773646463421573,-4.882712683915782,-5.138587936184984,-5.090769580446802,-5.031010894894161,-5.120243302396551,-4.424512132260903
2020-05-04,-4.629514320070684,-4.648095740927323,-4.611636649250237,-4.631609654796755,-4.255047537048641,-4.269340150228571,-4.293155249920941,-4.270214159880747,-4.55535673472646,-4.564226994165545,-4.529645893117553,-4.552661331124647,-4.771941539832713,-4.7697079244379115,-4.73433135508363,-4.75451756496507,-5.0081431175474895,-4.9923129401928925,-4.940991765962919,-4.9773788082304184,-5.2514697927155485,-5.236283584639072,-5.184389940273374,-5.2187740319645055,-4.644981495286301
2020-05-05,-4.668715049093879,-4.588050138307387,-4.553335473536441,-4.622890064659979,-4.294254931359563,-4.200081410756846,-4.2227368567772325,-4.256536091053571,-4.595870815273098,-4.507740507726567,-4.4748328510392215,-4.544207740799343,-4.809101104685997,-4.732047808617744,-4.698092409322315,-4.7516154001028506,-5.041202727928929,-4.974710463258992,-4.925230696944142,-4.982576422633271,-5.282421587054412,-5.242762641736257,-5.192107833938621,-5.234908057596854,-4.5745466615314765
2020-05-06,-4.678223503199221,-4.720475023472538,-4.685569613418595,-4.681780330112096,-4.306050943395298,-4.346675812623989,-4.369468494251453,-4.311664520351774,-4.6045878512330845,-4.648197074776722,-4.615010234154028,-4.607445778144111,-4.815347659125161,-4.843164401531381,-4.809176515317905,-4.814142271140209,-5.044593414930738,-5.04314421756886,-4.993293852217966,-5.033591434389713,-5.282677221275886,-5.272179451117346,-5.220625016242403,-5.268998752305419,-4.721298730656605
2020-05-07,-4.707561719258746,-4.628604094142018,-4.5954902894118375,-4.690472063980014,-4.334154659151092,-4.242376413286669,-4.263823005850429,-4.319157158283922,-4.628015538163729,-4.549698760531119,-4.518111032553932,-4.6140544544275155,-4.8440332578950365,-4.777572491100796,-4.744750704851554,-4.824405585127514,-5.082992539620119,-5.015939577479071,-4.967977095575461,-5.04926881450361,-5.337968776929804,-5.2843675062314155,-5.235023996087495,-5.298289728275588,-4.612047173353059
2020-05-08,-4.695015520014306,-4.632640012509898,-4.599351844281637,-4.725303876424603,-4.325063932079758,-4.238305661013451,-4.259672473277703,-4.345058446526421,-4.613943518435446,-4.546978008751524,-4.5152054639812365,-4.64115460817101,-4.827379978880674,-4.788776138574874,-4.7553129537802175,-4.859425271564731,-5.064121017315383,-5.054922545711411,-5.0048628563327515,-5.105896716029655,-5.317908914247572,-5.359071504368137,-5.306028433310147,-5.385503256218856,-4.612997918661793
2020-05-11,-4.696163503790849,-4.700096133555813,-4.666263442285898,-4.7171061223449655,-4.326227690049211,-4.3152632809238884,-4.337139450821728,-4.340273837000654,-4.614920531861105,-4.610429159860766,-4.578097472367842,-4.632094105931539,-4.828315899237653,-4.830599418573746,-4.79708986684929,-4.84748300496677,-5.065294448756375,-5.077973009233832,-5.028447746053492,-5.091812394795572,-5.320160747825976,-5.366534093428795,-5.315011781296442,-5.371345993652552,-4.692549189820725
2020-05-12,-4.667430773400192,-4.497766937499729,-4.463512070839542,-4.600640652232005,-4.299034448550431,-4.116482907764952,-4.1387149684082924,-4.234839277053586,-4.584709867781153,-4.407075044566583,-4.374318868537355,-4.5109657910299905,-4.797962576671712,-4.6441171926496345,-4.609953713530243,-4.722960139636913,-5.036733987890664,-4.9183576731569545,-4.868361957102376,-4.974619506303319,-5.297356104461247,-5.244306732331068,-5.192159477039342,-5.271272625950023,-4.472111936811913
2020-05-13,-4.657117895393063,-4.504757681945488,-4.469768990080394,-4.561997374616709,-4.2901062105238665,-4.1267743872174885,-4.1496211416098525,-4.198312763878871,-4.573498524026326,-4.412740540166419,-4.379223092336499,-4.47124507392336,-4.786126009025591,-4.6401690108924605,-4.605604837064573,-4.683684109757092,-5.024772017242372,-4.905941710615967,-4.855860946460402,-4.9387059108228035,-5.286260047266588,-5.225061942885642,-5.1733909754756,-5.240289019169466,-4.485367717204506
2020-05-14,-4.668569367913541,-4.507899643864092,-4.473286758403387,-4.562363616037435,-4.299727203222742,-4.120818033096583,-4.143453853755568,-4.194585325201003,-4.585041516092381,-4.416567505555446,-4.383393661727936,-4.471795869220244,-4.799412291289934,-4.651908186946061,-4.617797427098035,-4.688819675979539,-5.039844749674605,-4.926756559957209,-4.877525546718714,-4.950390382451814,-5.3049202619950515,-5.257662462133937,-5.207355394244538,-5.261789447641818,-4.488535977123708
2020-05-15,-4.696997292374705,-4.742482627229794,-4.707656438123466,-4.6335767462496085,-4.326293051896369,-4.3434505891115265,-4.36628962680457,-4.259476612269092,-4.612015577777236,-4.64542567426021,-4.61191813981691,-4.542863952185972,-4.827826189445076,-4.871437022701463,-4.8378668624052645,-4.761952859848758,-5.073069408982837,-5.149345792482908,-5.102176727653387,-5.027209452579824,-5.348408419782989,-5.411728821344765,-5.3660435309599395,-5.34729297533303,-4.7520781234112235
2020-05-18,-4.668427143277693,-4.447988770756053,-4.41366324304058,-4.542532277865694,-4.304239580768251,-4.085971325611497,-4.108350589721763,-4.188136405270347,-4.581882708875132,-4.353060444668355,-4.320089060170462,-4.448896635058808,-4.7924462389015385,-4.577737139185123,-4.543543246154849,-4.655005450608119,-5.031564558552252,-4.8466160904261715,-4.797211535806135,-4.906673534825809,-5.298484675634952,-5.171980386774423,-5.120934476604667,-5.20489358365141,-4.4211508826230475
2020-05-19,-4.676278282150997,-4.653900894551558,-4.619082298888049,-4.639338790795924,-4.310603897132807,-4.283044290780933,-4.305607897974892,-4.283515947619963,-4.589554067786295,-4.555241265235593,-4.521770341421784,-4.546417333623196,-4.801657080782533,-4.762337965580072,-4.728052661081154,-4.749048736729468,-5.04289614836487,-5.001815178201182,-4.95247223239836,-4.990337865867386,-5.313648425338489,-5.286014894921165,-5.236965262499369,-5.272422152661413,-4.648974380024286
2020-05-20,-4.71075198643754,-4.631940592334791,-4.598773970398592,-4.673983689173278,-4.346751411741706,-4.263999555721081,-4.285304159734753,-4.319671611573836,-4.623453520115489,-4.5337809581624615,-4.5018620381038525,-4.579249627738818,-4.833084924039259,-4.74837536946069,-4.715239015651964,-4.780571837733291,-5.070785090006638,-4.997641998339584,-4.94938453307617,-5.020609938926637,-5.337712860121518,-5.2932695955708,-5.244117426151941,-5.301702885172808,-4.5954991150542295
2020-05-21,-4.736463777242596,-4.668770348332562,-4.636501941223416,-4.70854806373076,-4.367175076980496,-4.321546111865336,-4.342308432693215,-4.367279416238042,-4.650138834627177,-4.571642465695449,-4.5405767366817456,-4.612955278444803,-4.863638242131611,-4.770559536590152,-4.738470140600784,-4.804078502693767,-5.105569090665005,-5.002630134320104,-4.956344350235909,-5.032439049033703,-5.3857402347976615,-5.286879779926666,-5.240371679624999,-5.304704340598055,-4.633876054893071
2020-05-22,-4.756537965328601,-4.731754704536135,-4.699706868986071,-4.709339965514284,-4.388108942544923,-4.374873998955194,-4.395509486535586,-4.3682581861655665,-4.671128456154342,-4.631279121762311,-4.600413855320686,-4.6137558701893076,-4.882002988659948,-4.824797385461919,-4.793259698516143,-4.804801053110569,-5.119826116864642,-5.049173060854608,-5.004094692559644,-5.033414565259803,-5.396922199994491,-5.321452777046469,-5.277265599281137,-5.3069806342692125,-4.706188237489152
2020-05-26,-4.751507620987376,-4.843181693412756,-4.811575743872358,-4.884955601586946,-4.3854911682051005,-4.511514370297231,-4.531375339573543,-4.542944477450971,-4.666127645323495,-4.752611393599985,-4.722238830341597,-4.794615960795851,-4.87471834595497,-4.937053551297865,-4.904939821954788,-4.976726779776647,-5.109156182804119,-5.144659851225973,-5.096493137592151,-5.180897293111154,-5.3796249456520115,-5.388002805492818,-5.3386551389665335,-5.411721210636356,-4.8158952465373766
2020-05-27,-4.787271335555871,-4.865297946365281,-4.834796516397341,-4.889080788965501,-4.422954020967851,-4.523014097501439,-4.542024647626603,-4.5540576805046715,-4.702027535918481,-4.7684097894922575,-4.7390890792174405,-4.797937518734952,-4.908039453622599,-4.9538036312497,-4.922859884549738,-4.975434670106895,-5.137319249589946,-5.160714066538855,-5.114511184811538,-5.17707794257007,-5.40251654165086,-5.40254008062383,-5.355630525628186,-5.408997503611999,-4.840424468595694
2020-05-28,-4.818117898761763,-4.934982385712867,-4.905557010974401,-4.953685597698041,-4.4532121665332705,-4.564870997475094,-4.582904530036373,-4.614129882447077,-4.7334916846742106,-4.854074233189753,-4.82572317909729,-4.870240029230291,-4.939074541355053,-5.048651880092376,-5.0186015477204045,-5.044281699074193,-5.166505699383264,-5.2509812129681785,-5.206026623906472,-5.235573431994166,-5.429220148648967,-5.476568436361125,-5.432028968409436,-5.453420023163922,-4.913398695345297
2020-05-29,-4.816945912489797,-5.00739728740714,-4.977931845362537,-5.019980061539403,-4.451002767878561,-4.619287135909017,-4.637282426695273,-4.658515855662447,-4.732559478183979,-4.929536102752312,-4.9011936235410225,-4.941840718197301,-4.939018169599161,-5.129207413333308,-5.098951498044019,-5.123852865060156,-5.167456949715149,-5.332941183000618,-5.286869735182669,-5.319396394874285,-5.4321191136066105,-5.55492512872917,-5.508662129714896,-5.536748456976554,-4.989839570990804
2020-06-01,-4.837364239034172,-5.033057302772846,-5.004205739199791,-5.032255719542531,-4.469374997517282,-4.641945412163808,-4.659617447533666,-4.665421967419321,-4.753697452517239,-4.952770753973373,-4.925048167318852,-4.95628945654789,-4.961471238378924,-5.154039161143989,-5.124535039305108,-5.141293774133625,-5.190261037081999,-5.361000588263438,-5.316153571728754,-5.338818744356509,-5.45552408967862,-5.588433457189491,-5.5439142545687705,-5.55796027988268,-5.017816171587748
2020-06-02,-4.849743285699132,-5.035045507845374,-5.006933910449735,-5.071282411781402,-4.4807195412522045,-4.604322271323459,-4.621582751742605,-4.657810073205088,-4.766055831720267,-4.9496899806944965,-4.9226989550258,-4.990928902082766,-4.974639614450266,-5.1999614667869976,-5.170799823294759,-5.22259490287575,-5.204290054615868,-5.475991931475663,-5.429828974241045,-5.482410756476646,-5.470991451506068,-5.795196336962439,-5.746093266668364,-5.78570427061454,-5.015695954507164
2020-06-03,-4.893507330844569,-5.063006371407096,-5.036419518341591,-5.097862098829896,-4.518924932628325,-4.603938995518244,-4.62036488839918,-4.657878910785983,-4.807591367921387,-4.989028188492604,-4.963361327411789,-5.025485020044164,-5.020213687956395,-5.272864139094789,-5.24516683244635,-5.290163153985618,-5.261982049684389,-5.602803874990567,-5.558619045161551,-5.6037753953739795,-5.552762046885805,-6.031400499000025,-5.98305953414301,-6.020881788463026,-5.044418144299655
2020-06-04,-4.892876960169569,-5.059392700491513,-5.032783714393699,-5.094522131311979,-4.517440678406485,-4.602742325324518,-4.619206076037168,-4.656526677602855,-4.807120615187047,-4.978804995880484,-4.953125930244904,-5.0166815932506355,-5.020801548210468,-5.266653997420919,-5.238993626293537,-5.284014959680034,-5.263634486903517,-5.613787530332948,-5.569640646087615,-5.6106398518989264,-5.553955558245792,-6.005747676558239,-5.9572915667645105,-6.005273909099601,-5.040617702037753
2020-06-05,-4.886533849948925,-4.874242628028026,-4.847706347275408,-4.96017153140237,-4.5172864829487,-4.488720696810066,-4.505231912153736,-4.577591033724437,-4.798579793353174,-4.773143329819953,-4.747462857501977,-4.86342752879911,-5.0075533216397075,-5.008561414488524,-4.981049766202547,-5.080895847213636,-5.245476121140271,-5.285350334031749,-5.243423421023938,-5.339173424643324,-5.5295337244068525,-5.610869512077459,-5.566502604565507,-5.641453917808008,-4.841515441260771
2020-06-08,-4.887458469016108,-5.0047285059563,-4.977290072416298,-4.967767015047728,-4.517486246614158,-4.599554398476333,-4.616686396603069,-4.585606973724038,-4.799164878825417,-4.903649310554529,-4.877003627401936,-4.870421318309977,-5.008923705246103,-5.129648903805538,-5.101934916872345,-5.0874871002460935,-5.248700328533329,-5.400121353571836,-5.359070774175218,-5.346119230984538,-5.535650067084695,-5.698553383278273,-5.658630765624325,-5.646809242038784,-4.991313287419871
2020-06-09,-4.894470239395129,-4.858362549777963,-4.831914937937752,-4.923361875901177,-4.527109555304266,-4.491504433304206,-4.507976176784802,-4.561477076901404,-4.8052797083866094,-4.755853526810325,-4.73017029257211,-4.823847358214027,-5.012642125807369,-4.970778889907942,-4.943555154638731,-5.025603228352904,-5.250439272647375,-5.226485228389312,-5.185935771780696,-5.268472705515018,-5.534344119979153,-5.534384565266202,-5.4923788893529055,-5.557650066477528,-4.827043236691139
2020-06-10,-4.933085214693192,-5.017686525684698,-4.991643133908999,-4.957390577153822,-4.564526570789776,-4.627941108697759,-4.644081172480723,-4.600854759844388,-4.844054032834425,-4.936629099597462,-4.911035262512986,-4.857076875376965,-5.050977342583315,-5.138586735069843,-5.112389632421636,-5.054067787752864,-5.2894669613220975,-5.357099398199587,-5.319431278529332,-5.292397139049244,-5.574706882841416,-5.6109950148488235,-5.573993319956089,-5.579324391817248,-5.006686166178884
2020-06-11,-4.633164689190057,-4.12883820866576,-4.093626859128191,-4.290825163040034,-4.279417894825169,-3.7790726176399607,-3.802301713997224,-3.9560380567032754,-4.5376280790038575,-4.026197537137983,-3.992072227411465,-4.186418254273317,-4.741604634744797,-4.265166953482029,-4.229904327610891,-4.391814862146705,-4.983391783612816,-4.571412810643452,-4.522094939020745,-4.665100969337733,-5.2772738042918546,-4.965312871524923,-4.915909381117552,-5.013630186434853,-4.057380210549882
2020-06-12,-4.637343537396914,-4.213974232558758,-4.178148483268184,-4.277877390777686,-4.280974171454001,-3.854690744721997,-3.878538675147635,-3.9382397023398226,-4.542006666928115,-4.11128859676234,-4.076513396340002,-4.1744641372490365,-4.748336067888776,-4.339217838626894,-4.304049653114415,-4.38482961701934,-4.993842993179476,-4.634559159657735,-4.586337899483525,-4.6656184255714725,-5.29341391278322,-5.01988354516099,-4.9734662252681,-5.025430242175093,-4.156998205196432
2020-06-15,-4.6429370682353115,-4.279623564550344,-4.243469854348094,-4.275507329612802,-4.2863310629276326,-3.9270113012150913,-3.9512220020015887,-3.9361207704936163,-4.547481614746596,-4.175235063697707,-4.140100574090638,-4.172066901534922,-4.754022501751139,-4.386275561368436,-4.351217192228666,-4.382669889699355,-4.999773942488258,-4.660934814533336,-4.6133150134320875,-4.663689881320751,-5.299821275173814,-5.025612694764154,-4.980012575688379,-5.023940705017572,-4.2329539800163545
2020-06-16,-4.651447660253777,-4.3360210506166075,-4.299788351017756,-4.282367317930739,-4.295364787227201,-3.972146364371538,-3.9963948494067,-3.941461154043003,-4.555723402339528,-4.230378763947075,-4.195128433580258,-4.179047565419973,-4.761668500619262,-4.444697099906333,-4.409790978491525,-4.390996642098477,-5.006812654133391,-4.725045062741784,-4.67811926565142,-4.67349130345194,-5.305312416888855,-5.092714589261607,-5.0500773505223355,-5.035030265329409,-4.297185229014014
2020-06-17,-4.6507840615122324,-4.363640395610451,-4.327167281729872,-4.281620147183781,-4.294819129517298,-4.01170804315272,-4.036224270716895,-3.9409558191058482,-4.5550835049696445,-4.258290242346372,-4.222787951878665,-4.178201852030462,-4.760928765753685,-4.4546935139630985,-4.419740588593124,-4.390055868483028,-5.005878741985377,-4.711496657746338,-4.664438978606472,-4.672370788947538,-5.303883418780496,-5.0556421138635175,-5.011162469371499,-5.033333353015573,-4.3291604214532695
2020-06-18,-4.677872656105167,-4.8087598167549,-4.7736480049760095,-4.739289481001575,-4.31635655815424,-4.3871588797760275,-4.409667603682055,-4.344217350272843,-4.582766953025118,-4.739867315230493,-4.705616159890201,-4.648513772350933,-4.792784413105982,-4.966746676500217,-4.931656252940943,-4.884311890582428,-5.0441873650341575,-5.219767886515829,-5.168225106424284,-5.172906416590317,-5.355553230307503,-5.549796446096953,-5.498547313445535,-5.531956723976273,-4.793064888414263
2020-06-19,-4.673784552568873,-4.8610889418874885,-4.826977454852527,-4.923748902205192,-4.3144557405733055,-4.499500829992912,-4.5206540363031245,-4.561207058543907,-4.579496101583253,-4.786090392640988,-4.753154122515893,-4.847656972529959,-4.787273391968045,-4.985223491427838,-4.949823185792608,-5.036434973560794,-5.033851377133164,-5.183189130973174,-5.129602233733953,-5.2268348379285134,-5.332457488883075,-5.402883344871052,-5.349740478375264,-5.431971123286531,-4.833577137660365
2020-06-22,-4.660033768651332,-4.6614033256755745,-4.62699948090414,-4.763137220294406,-4.305167091986097,-4.325044180402761,-4.3465044931751455,-4.436579403044755,-4.565874031143459,-4.572842958489563,-4.5396439715401,-4.676653446226457,-4.769633756045332,-4.765522934137077,-4.7300279405018815,-4.84567164572872,-5.009889618793613,-4.980568472247661,-4.927948758839495,-5.040378806943245,-5.295336654507244,-5.233765942099964,-5.181261951654226,-5.26689766429265,-4.602678039131466
2020-06-23,-4.664754695950563,-4.808894022451307,-4.773596867749451,-4.771609148154615,-4.3082694364897245,-4.452048497332653,-4.474143703653267,-4.447197227951475,-4.570632827794251,-4.722157316563653,-4.687997641576497,-4.6860764056072775,-4.775643329723776,-4.903511375774106,-4.867946849644257,-4.852427965297932,-5.0181895310814895,-5.104602125701632,-5.053281214549952,-5.0455402936976945,-5.308559000069237,-5.326775374915056,-5.279348554294902,-5.273751606565612,-4.772776828362892
2020-06-24,-4.653074904716083,-4.610663365808825,-4.575767007000655,-4.686658454615535,-4.296756210585647,-4.253962464045677,-4.276000801051628,-4.349571045695715,-4.558792500832734,-4.517993661391326,-4.4842877554508505,-4.596533689965329,-4.764789090403032,-4.728667272300043,-4.693103715619897,-4.781427941460869,-5.007423375817408,-4.957126840462152,-4.905187384002849,-4.992683967351512,-5.294990565585709,-5.215594907498301,-5.1645598157438295,-5.232681403958787,-4.553725359769751
2020-06-25,-4.652801429946994,-4.642840808289177,-4.607519955397509,-4.666443991612263,-4.295220035824771,-4.295334511585233,-4.317847561191753,-4.3311749410278235,-4.558464781187012,-4.550866328940051,-4.516697509396169,-4.575538128222278,-4.765769574995835,-4.743517188999111,-4.7079685013930925,-4.7606554839341175,-5.010312230669124,-4.957203491787272,-4.9058435680069135,-4.973772546719856,-5.30218551802286,-5.210055001464916,-5.160189266547963,-5.218858055550886,-4.593708935488469
2020-06-26,-4.646341974438468,-4.59023460407066,-4.554930379936317,-4.647091118570584,-4.288942284343917,-4.231126848006476,-4.253643518884643,-4.302961030962216,-4.552361503379383,-4.49593740845064,-4.461817259945269,-4.55366607398776,-4.759685143431841,-4.705923331935248,-4.670238305981965,-4.7475844632647375,-5.0032896185553835,-4.93976145394582,-4.887871719435707,-4.972066749088429,-5.292909707278055,-5.215601339262875,-5.164487402135931,-5.2318500823049074,-4.535099645468606
2020-06-29,-4.636373767697171,-4.606443810107785,-4.570946390074874,-4.680119347701469,-4.280147998081665,-4.226802874829531,-4.249361043305133,-4.315558518824101,-4.542069319319879,-4.511980835970397,-4.477707044690962,-4.587522383612231,-4.748618578191628,-4.741903833533866,-4.70572118233114,-4.797571293891184,-4.991454388355338,-4.997286791535105,-4.943703661806208,-5.036809083003044,-5.280623705269196,-5.292717730407347,-5.239128505842513,-5.310697701751758,-4.549396224846809
2020-06-30,-4.633329191589159,-4.629331422256674,-4.593369098324507,-4.658059563798686,-4.278432958253248,-4.266873171192786,-4.28986248541873,-4.301194840545784,-4.538894403424394,-4.533812496060156,-4.49905807336937,-4.564838777144122,-4.744280031791691,-4.7424987772418845,-4.7061722223575675,-4.768222182271196,-4.985450710815887,-4.978391373498173,-4.925032343662465,-5.001789629333311,-5.271697269916128,-5.259469460894519,-5.206307988432608,-5.272417974234308,-4.578794966215968
2020-07-01,-4.632440998530378,-4.724656874878316,-4.688468098626752,-4.7218366475240465,-4.27773075314717,-4.350983454514164,-4.373895490939519,-4.36559733598172,-4.537905816024164,-4.627965526793949,-4.593015142496136,-4.630565412529852,-4.74333849142143,-4.835561818838063,-4.798982278751114,-4.826359330271482,-4.9844023291900355,-5.0606830341039,-5.006819687096352,-5.050611606230232,-5.269664316855477,-5.319782148144929,-5.26660458965235,-5.313917852418883,-4.681009184698115
2020-07-02,-4.633065773761254,-4.7515904087208405,-4.7153707464696035,-4.740185898832973,-4.278954291078563,-4.390497675428295,-4.413461743200392,-4.383288997677823,-4.538577302297714,-4.655727573296859,-4.620733449887282,-4.648080131703422,-4.743429721144761,-4.850924741579313,-4.814308551395518,-4.843888342174331,-4.983416882768475,-5.067664688833,-5.0134252664042425,-5.0679299338516515,-5.266516496620185,-5.328417733715861,-5.274313229213918,-5.3303174498490975,-4.709861135315682
2020-07-06,-4.633940216030734,-4.829118128099811,-4.79291548389622,-4.809503518648832,-4.280097573705621,-4.441656192664415,-4.464305545918281,-4.446482554472631,-4.5393201474173726,-4.73239302438657,-4.697423587516287,-4.716584951313799,-4.744012487543975,-4.943919417730026,-4.907099649634247,-4.91413930179263,-4.983805021351448,-5.1757195244504794,-5.120759502693989,-5.140087312499838,-5.266235966493654,-5.419559348518063,-5.3652800360368715,-5.397794478496481,-4.79072862343605
2020-07-07,-4.632427547608821,-4.876995206138709,-4.841302795163682,-4.920593619553572,-4.279395985093512,-4.502873791085869,-4.524812699281196,-4.56107546990445,-4.5377218036319995,-4.7820146942832835,-4.747607383980471,-4.829075159777314,-4.741831938304869,-4.993642726749227,-4.956590051580581,-5.022757624808679,-4.980496000654034,-5.2089071398555165,-5.152109415651674,-5.228899123168627,-5.260728883007406,-5.426346401127952,-5.369144427892594,-5.439021470273393,-4.831667479631225
2020-07-08,-4.639387521773934,-4.977308443308732,-4.941635492881774,-4.9858213954183945,-4.284572303221882,-4.592391176503499,-4.61429298411173,-4.611713337146379,-4.545387756461581,-4.882453861254815,-4.848076531489705,-4.894739384400143,-4.750611980081337,-5.095351646428974,-5.058369869840892,-5.100866527735687,-4.990375525861057,-5.3095034181992995,-5.252257557317255,-5.313919371633857,-5.272140249601925,-5.513050768574625,-5.4556573021886114,-5.5145531183921985,-4.939615538655583
2020-07-09,-4.637848054825253,-4.9567919872277955,-4.921192514677823,-4.98222681433242,-4.283270024791844,-4.5686204890057835,-4.590411414430196,-4.610524063320916,-4.543703255841826,-4.857487240919551,-4.82320991154881,-4.889582542791869,-4.748857562778297,-5.07681767732775,-5.039814869462976,-5.0919195724441355,-4.988544637879602,-5.300948362700272,-5.24369101916634,-5.306088133096294,-5.2702921384947174,-5.520076186565777,-5.462657480852517,-5.518204119053333,-4.916256002747622
2020-07-10,-4.640842028977983,-4.922095683244762,-4.886657706947361,-4.957403255598964,-4.285146304135918,-4.530356932984928,-4.552156826803177,-4.580434437046395,-4.54680828533278,-4.820393080471946,-4.786258833840514,-4.861350381820487,-4.7530487840538385,-5.048322202871186,-5.011538905366221,-5.071926376996227,-4.994027065402694,-5.288185549462615,-5.231279545875224,-5.301418211636832,-5.277396818692985,-5.526111065409325,-5.468541456185388,-5.5313509736274105,-4.879310406243923
2020-07-13,-4.62233734698029,-4.63149474401271,-4.595754437279592,-4.732150894517958,-4.267727566871363,-4.25050823859677,-4.272982057318757,-4.367507670455365,-4.527933191273953,-4.533148088232082,-4.498680721148375,-4.6351898752361995,-4.7337140413942125,-4.7653499291969315,-4.728560065998137,-4.8406215956371454,-4.974634293646767,-5.031155949505799,-4.975771775497281,-5.083739834612402,-5.258747541702679,-5.341106744451895,-5.2845394794699745,-5.367105640180112,-4.571385554984358
2020-07-14,-4.893266919315273,-4.721319887337851,-4.694768185667669,-4.790560182634187,-4.520525766834824,-4.330089109076168,-4.347107964753822,-4.414615973446261,-4.807563422753523,-4.629411939538377,-4.603685239086924,-4.698069876635105,-5.020794930072002,-4.8645255112392265,-4.837867008082549,-4.916005943684717,-5.259366287421511,-5.142036304007572,-5.103325699825744,-5.178972679262237,-5.52714930803727,-5.480287681113263,-5.439302533174973,-5.497644985558532,-4.672672436498004
2020-07-15,-4.942964818557791,-4.786975704688387,-4.761732809760027,-4.801192530651018,-4.575736669309585,-4.398691364874269,-4.4148361267696625,-4.4256916822221495,-4.857526575010251,-4.689705109178917,-4.6651813138667375,-4.707838478475109,-5.064989964597991,-4.918218405413961,-4.893040574478679,-4.927810282828694,-5.292487498097098,-5.187659379346196,-5.151076367017366,-5.192225020403672,-5.5426176228182324,-5.506530540781245,-5.467253834240424,-5.50669421892886,-4.748323218956319
2020-07-16,-4.956165705462824,-4.949129294733464,-4.9232504797091785,-4.818718301209219,-4.588779874434963,-4.5571759077291025,-4.573885438514165,-4.44180919167131,-4.870942487827663,-4.8541884031428175,-4.8289420232520515,-4.726468063396269,-5.07791877685861,-5.055165964742778,-5.030165160006028,-4.9461465618523,-5.305070129270249,-5.287564931314691,-5.25212253769371,-5.209508494955293,-5.554953905310011,-5.566513045742532,-5.529912693863605,-5.52319623001759,-4.934394387275586
2020-07-17,-4.952633486368616,-4.791966814934582,-4.767147200423975,-4.816317534395926,-4.586291249229351,-4.402631148143897,-4.418443426059709,-4.438834397449859,-4.867075944808575,-4.696425118731552,-4.672301535234193,-4.724363007446987,-5.073062429248943,-4.924194783031665,-4.899288628266819,-4.943843052808302,-5.299665524626563,-5.195141747394354,-5.158735108904942,-5.207824072443032,-5.550298875397044,-5.524296816455681,-5.485111283236202,-5.525341573519978,-4.752297444317091
2020-07-20,-4.941190731328336,-4.875253366862798,-4.850406852434266,-4.936697236524305,-4.576205152779073,-4.483961911472166,-4.499400333831917,-4.552937322182759,-4.854996390230425,-4.781998445563665,-4.757900309784147,-4.846538241293973,-5.060046803271756,-5.013350888758451,-4.987733700300428,-5.064384834028346,-5.286512598943157,-5.279316361764611,-5.24039091957915,-5.316950456484473,-5.538487468161458,-5.5911144633254075,-5.548504726312365,-5.6107507587824665,-4.832927598703382
2020-07-21,-4.941799386233474,-5.137496048604387,-5.111726803344335,-5.063644181099262,-4.577310632455822,-4.7471215302469,-4.762955203112714,-4.681516332319921,-4.855096328341371,-5.036989513101016,-5.011941340156097,-4.968015257484939,-5.060005266202358,-5.237727470911382,-5.21159211388446,-5.1810086078726725,-5.286666026985719,-5.464243059500528,-5.424388498612083,-5.424447860372458,-5.539145542400962,-5.724603138032881,-5.682377222822379,-5.701489178146531,-5.120542998377586
2020-07-22,-4.955286151838217,-5.1481867053239085,-5.12322287184058,-5.113867577656084,-4.586001996720869,-4.766268283212516,-4.781529589665831,-4.733427519905317,-4.866985264619311,-5.046963194681917,-5.022670767211616,-5.018663205188751,-5.076378238442023,-5.246804641483433,-5.221221113669283,-5.224909755560083,-5.311640171452728,-5.475461360232869,-5.436461468110781,-5.462221116027572,-5.582469081054903,-5.755167881663724,-5.714064283180911,-5.748158234704905,-5.126588906624489
2020-07-23,-4.999424950548464,-4.9995776858621435,-4.976791557397709,-5.055510770458695,-4.617169535644857,-4.600182715074843,-4.61432993567557,-4.669881732385212,-4.9114351583541405,-4.900654782875019,-4.87842474741459,-4.959324066187303,-5.13253199500939,-5.13441805151469,-5.111117194581477,-5.176397844783524,-5.383569505618109,-5.407522123474035,-5.3731371692982,-5.434510667343767,-5.6804856866192655,-5.743429193204247,-5.707737058295733,-5.754998176398515,-4.96094110839858
2020-07-24,-4.999791285443609,-5.112826591020231,-5.089563630889846,-5.100531264589468,-4.619346740170709,-4.752225247511878,-4.766771151678695,-4.723205076735031,-4.911628761321592,-5.015742043455271,-4.993014398262935,-5.005967475472016,-5.130900057649072,-5.210594841699999,-5.187061590447148,-5.211873090973208,-5.379445810617163,-5.443413054950806,-5.408641608154752,-5.452771667253749,-5.673126937866903,-5.7380119449302285,-5.702071944996563,-5.747723188010559,-5.086157656540133
2020-07-27,-5.035946865329503,-5.181816609939742,-5.160235545563622,-5.2149671070570065,-4.654976578856186,-4.777216774168128,-4.790169894329074,-4.823586590255123,-4.948038953197331,-5.0766617385998485,-5.055610704020882,-5.117225451566727,-5.164655924484762,-5.307344091919414,-5.284773946236565,-5.332294915352725,-5.4132186175166,-5.574746306944557,-5.540268770969673,-5.584325875411949,-5.715240875892175,-5.899807464731758,-5.864658766028705,-5.891919323077672,-5.151123260729112
2020-07-28,-5.047867997952192,-5.206157247041087,-5.1846994745724615,-5.202569718429976,-4.6653225241792775,-4.81703655226272,-4.8301001095227,-4.815047911510646,-4.9595208101456825,-5.108037067378911,-5.087000291140827,-5.105938687614062,-5.177498563492759,-5.320456235069428,-5.298329238368921,-5.319507993321169,-5.428855972911377,-5.5621509571038965,-5.528924546514826,-5.56725048058085,-5.736170913780234,-5.854334237241766,-5.82026549709508,-5.863690923542783,-5.1815046128566085
2020-07-29,-5.076776393151791,-5.164908384399248,-5.144636675221628,-5.186907677420913,-4.691571336819104,-4.762928134988049,-4.775260440690944,-4.796198681000684,-4.987506631230027,-5.062991522438713,-5.043062144920948,-5.089320397647116,-5.207295861566203,-5.291358294374396,-5.270372961205364,-5.308149454814182,-5.464044849091481,-5.55687300038334,-5.5258409263547685,-5.566208855056728,-5.781042472762243,-5.87494173872164,-5.843863561264771,-5.8781289868095445,-5.136621028439043
2020-07-30,-5.125402543140305,-5.298193331073198,-5.2795871933595215,-5.306510207081101,-4.738001820701943,-4.908293538079005,-4.919296617790464,-4.923834320813048,-5.036055258268665,-5.193338947819917,-5.174977383446213,-5.207217973064177,-5.257364793347064,-5.407292677725572,-5.387826215915494,-5.416377088150917,-5.515261875528218,-5.652434366774873,-5.623370752273832,-5.658068028792479,-5.830353620625393,-5.948107837733346,-5.918964063781957,-5.949386382930825,-5.2759180746904155
2020-07-31,-5.146672095411856,-5.387775987303676,-5.369492116412098,-5.338839036392878,-4.754333782520616,-4.99485626229362,-5.00588578414656,-4.941034448765858,-5.057079133114854,-5.28079688622509,-5.262677308465241,-5.237338369499597,-5.2830421747742395,-5.488922863102138,-5.4701956631697755,-5.459633106792624,-5.548063391798483,-5.737312707668071,-5.709604401048202,-5.720442743696554,-5.874689353935678,-6.048331589302893,-6.0207540357506035,-6.0405717883002215,-5.376031718999153
2020-08-03,-5.155316271269372,-5.442664849279391,-5.424917394556682,-5.41737906639827,-4.763058852575226,-5.0461415375498975,-5.05648693637033,-5.025335958375255,-5.066061339130979,-5.344007529459148,-5.3264477519779,-5.32403557812371,-5.290719036324884,-5.5511446705031435,-5.53253162780712,-5.533536380176087,-5.554799458935368,-5.777979647586999,-5.750018531780643,-5.766414366926797,-5.884056500399456,-6.049814794791077,-6.022528164879511,-6.046306570444267,-5.428918258115901
2020-08-04,-5.15978270711582,-5.3992691989224495,-5.382010804502113,-5.417679058484167,-4.765844528988507,-4.9923512467324365,-5.0023578119305485,-5.018855169227121,-5.070331099381127,-5.297195408351999,-5.2801145576142146,-5.320344580910116,-5.296275700753431,-5.518037489412374,-5.499693007404554,-5.5339039151247515,-5.563418004163534,-5.772229725874294,-5.74443978795666,-5.78206815136747,-5.900334982166227,-6.096456620991103,-6.068704513163006,-6.1016256138294045,-5.3785789664113475
2020-08-05,-5.1625535968350995,-5.456111722152371,-5.4389698863008205,-5.472125217581042,-4.769580605522149,-5.043700466220087,-5.053423314831806,-5.073180254091689,-5.072877073472674,-5.353685513601678,-5.336724533569371,-5.375018432803311,-5.297544754743485,-5.574923208765532,-5.5564834831444,-5.5845640284066,-5.563317911915992,-5.826938814569172,-5.798584518432466,-5.827206818229268,-5.9012352158180015,-6.144214388487357,-6.11606200535536,-6.142355905942408,-5.436985136353314
2020-08-06,-5.178340282228813,-5.455894789162222,-5.439363984160808,-5.479589235118912,-4.782662332542264,-5.023453957339492,-5.032857257231995,-5.063553570393375,-5.089298058230032,-5.377529493011095,-5.361105675257067,-5.397597267566192,-5.314903745297964,-5.607289472174732,-5.589395569482489,-5.615509379324657,-5.583327582556996,-5.849921848086744,-5.822392374054033,-5.855564679039204,-5.931602672881464,-6.130797329149216,-6.103996454228842,-6.142093512506319,-5.436124914787469
2020-08-07,-5.186100878302134,-5.59593811613661,-5.578740159920535,-5.495704605940244,-4.78907169015389,-5.171662248955873,-5.181763516890078,-5.074115604127551,-5.096894203232441,-5.4993639989512735,-5.482353410728494,-5.41399563857375,-5.3237591459045,-5.70856829733389,-5.690775885830528,-5.637259102094987,-5.594329709101212,-5.940668756917283,-5.91390964460291,-5.882627120782196,-5.946585643702892,-6.216699588842524,-6.193168437268945,-6.1712076048281395,-5.596786079994444
2020-08-10,-5.197656255863771,-5.574089017728689,-5.557627940894524,-5.515974390932904,-4.799828975932326,-5.145725855533764,-5.155272003419875,-5.090211382423411,-5.109173306083967,-5.4807242460221826,-5.464438235814414,-5.434258399731119,-5.335712593296771,-5.698390219988234,-5.6810398859181,-5.659519280618928,-5.60577608787768,-5.9423126905382935,-5.915712591015037,-5.909821203974937,-5.958321042091892,-6.230604516716487,-6.206089351054798,-6.20618657857316,-5.568853145125609
2020-08-11,-5.200559820324248,-5.323689107822852,-5.308210908135853,-5.392496943278199,-4.801644258877058,-4.888788888966664,-4.897851811105588,-4.968203381379485,-5.113023386142176,-5.237846820016034,-5.222511743251916,-5.309630129230923,-5.339238451291285,-5.486219635272877,-5.469489722533174,-5.539875437924482,-5.609483100884588,-5.770330126198031,-5.744919928205188,-5.805851025507829,-5.965959470836652,-6.1250009360778455,-6.100082652852886,-6.143489307464405,-5.29549256524814
2020-08-12,-5.326284744525798,-5.294118496244055,-5.28292480276107,-5.356889609571029,-4.919381486191421,-4.868218818451162,-4.874879713465232,-4.938286552027921,-5.2390364479553755,-5.1988046030256765,-5.187425086308654,-5.2662790196282385,-5.470027496620474,-5.447471884176342,-5.43556541833553,-5.500290412888332,-5.746246455466848,-5.750909099792825,-5.734371258595752,-5.785811473719887,-6.108815715044444,-6.155347690669416,-6.139470212058281,-6.171034802027735,-5.269769868736263
2020-08-13,-5.408782701404957,-5.411222772851278,-5.40234471163284,-5.399070982599513,-5.004901680011924,-5.007769032463353,-5.012970311750929,-4.988031514584956,-5.317430288376239,-5.313291097812465,-5.3038249735697125,-5.302239203765739,-5.5459429903790145,-5.531309948964172,-5.521959041735339,-5.531185540615132,-5.821384618574624,-5.808777155655197,-5.796726855038754,-5.816499480562382,-6.1814431436587585,-6.20215190521027,-6.19040965558221,-6.2140577792639915,-5.402212308996462
2020-08-14,-5.430890894521315,-5.376485958971249,-5.368509437510328,-5.383514079898953,-5.029403525984071,-4.978588909911748,-4.98315057923194,-4.979932243963439,-5.341569909229764,-5.291066759550411,-5.2824608716411,-5.292179186811691,-5.565315219711102,-5.504448282464817,-5.495860323324719,-5.514615206061561,-5.833135395110408,-5.765585582209448,-5.75464207749237,-5.784280615598517,-6.180066654030644,-6.1135511420877515,-6.1028230126974545,-6.134910813811395,-5.3646865521265426
2020-08-17,-5.406092192079982,-5.245683523509363,-5.237180582119891,-5.303692233500833,-5.008801749683008,-4.852186728242752,-4.8570520868804605,-4.912337597563215,-5.315823212502093,-5.148155382382227,-5.13912534728258,-5.209129028664214,-5.536307346618548,-5.372766574873743,-5.363443940583856,-5.4251868239945695,-5.8010308912315365,-5.652896588774327,-5.641058124629013,-5.692638931217386,-6.14615246265125,-6.0272164566462925,-6.015899956695664,-6.049569302362301,-5.223312035793556
2020-08-18,-5.439768208244428,-5.437506364322364,-5.429411402719256,-5.388363259150087,-5.042740411349368,-5.033179987509436,-5.03760254243737,-5.000005551817844,-5.350437664087563,-5.344174221106403,-5.3354433327442585,-5.294096234227262,-5.569097071946248,-5.548782390313945,-5.540244783211086,-5.504629810564839,-5.830891955405044,-5.796400769610834,-5.78600473038998,-5.762005506516912,-6.170728444034478,-6.123546294079013,-6.115163081887165,-6.099952613253553,-5.435155622756207
2020-08-19,-5.498271792804961,-5.419756483843995,-5.414420834962807,-5.459724844658927,-5.097514142029074,-5.044223919006693,-5.0467072860058995,-5.084061665384101,-5.409899490833968,-5.3286413405736655,-5.322635325119701,-5.371697732413155,-5.630225291443769,-5.529874705508292,-5.5235536984909315,-5.568457747869487,-5.894062019967992,-5.774718215004014,-5.767226164580193,-5.805233689714715,-6.23240152094515,-6.097110503611286,-6.090311032942504,-6.1165059115947775,-5.406079262750991
2020-08-20,-5.496954302506846,-5.4823772715710986,-5.476552544900563,-5.463955110264311,-5.096221936741985,-5.094981481582477,-5.0978171801914,-5.083831807300625,-5.4087286489138195,-5.392144462525819,-5.385628816072683,-5.375835712964691,-5.62891273427853,-5.586752480732268,-5.580263965921869,-5.575296416565466,-5.892543047130597,-5.82177504334815,-5.8143224056707,-5.814810754084425,-6.2306399942847115,-6.13275509575122,-6.1267511530341885,-6.1290618376926105,-5.478204813561336
2020-08-21,-5.50205345755726,-5.562335935698149,-5.55632447368453,-5.49361424521629,-5.099444759596292,-5.151486507489051,-5.154408615387089,-5.104597962224319,-5.414316339875996,-5.475020858463102,-5.468244281849612,-5.400867824878158,-5.636118565036697,-5.694513627436861,-5.688048837621191,-5.607195968951879,-5.901474634108676,-5.9494656864915845,-5.942573765622317,-5.858213628760761,-6.238727520707423,-6.202995685856784,-6.196693411049808,-6.191198865204405,-5.567052972679117
2020-08-24,-5.559989494078972,-5.706717637632623,-5.703217546106752,-5.68595364507659,-5.160791965267187,-5.326492024849739,-5.3273834049785656,-5.29033838687484,-5.474629679479888,-5.654519776378686,-5.6501436215555,-5.613360699898472,-5.691717995379308,-5.83985916179885,-5.835004533900653,-5.815877033215562,-5.947201775554283,-6.02679757663257,-6.0197261715545896,-6.029654951643449,-6.258957313330364,-6.243053820292958,-6.235157209827163,-6.261566607022491,-5.711124167214054
2020-08-25,-5.569235816845176,-5.6917439749984995,-5.6886529862782185,-5.682873577379477,-5.163631688133811,-5.286736562338392,-5.287334953366709,-5.288178575620247,-5.483571966979169,-5.611864855873535,-5.608066298479852,-5.607723789206159,-5.706357756780971,-5.818080565197293,-5.813801423860125,-5.8119536235499405,-5.970372264008822,-6.040194484496385,-6.034632230558952,-6.031645205494794,-6.294905234676226,-6.28160433218245,-6.27710615940905,-6.274662244906731,-5.694448113109527
2020-08-26,-5.584953289700355,-5.682412526081789,-5.680351874142874,-5.732444847507971,-5.178494195566719,-5.236911889828053,-5.236782840815143,-5.2972224520032585,-5.501847467856107,-5.598881053796478,-5.596202628330491,-5.655689440145914,-5.723221851806432,-5.856092149467106,-5.8523035078424765,-5.8968843103023705,-5.983960196178059,-6.139474688454707,-6.132840657223892,-6.156965456086497,-6.3013914455240485,-6.401255269010785,-6.3950690033750535,-6.390426172316576,-5.6774563910300415
2020-08-27,-5.585609056874872,-5.641107509234646,-5.638962518386292,-5.6818614403837016,-5.17748891246142,-5.211904460530612,-5.212050338811724,-5.254876019564397,-5.502307936961631,-5.560828875056138,-5.558005272470745,-5.603950786326894,-5.724209823158401,-5.800046090696584,-5.796436636322699,-5.8375983630625,-5.9877882889992415,-6.064940053041661,-6.059357446111724,-6.0930583378335434,-6.315456807643412,-6.33512091530117,-6.329212365546008,-6.352353594557837,-5.6364895509541935
2020-08-28,-5.607489036720412,-5.6846162761755945,-5.682834554159511,-5.674426212333804,-5.198676807646775,-5.250609098441512,-5.250593184480108,-5.249340480718394,-5.525766097241926,-5.604757024334478,-5.602260520893623,-5.5960360655381995,-5.746657777803615,-5.8361252798987895,-5.833257773451763,-5.826972914713551,-6.008228443908182,-6.09358949584017,-6.089693369606405,-6.083638066147643,-6.330906493675234,-6.353518640880821,-6.349482542225228,-6.353436896483695,-5.688162780717897
2020-08-31,-5.468298945991019,-5.136101790392627,-5.130152219567644,-5.251083240437927,-5.067284866162821,-4.736476582346132,-4.739871962630589,-4.8571192420652025,-5.382713463805378,-5.039753972154249,-5.033248391514241,-5.15513807718174,-5.600220465836023,-5.28153559885197,-5.2747324407032945,-5.376803797769898,-5.862186087239648,-5.59056999256121,-5.582808814353696,-5.660220996633194,-6.201640413408239,-6.014614669323203,-6.006089404837574,-6.053046618359019,-5.108085986216167
2020-09-01,-5.468607169637254,-5.3154080944399364,-5.308108261034689,-5.252282138793665,-5.0661266405019365,-4.901326248950926,-4.905795965296684,-4.856766770202061,-5.38345400646576,-5.223867365176177,-5.215924923015503,-5.156944750950067,-5.602166412473272,-5.440943214067427,-5.433881589224954,-5.379675930240214,-5.865344975157146,-5.715029008401892,-5.708274784011912,-5.6640500034570636,-6.205724327802173,-6.09157274528763,-6.086841021544639,-6.058061776753189,-5.314890888655867
2020-09-02,-5.4002502217854,-5.056453305062856,-5.047842505749455,-5.141934426015935,-5.001396262998309,-4.66317576915922,-4.668532428586284,-4.75505089089417,-5.311275983975505,-4.9547234561724505,-4.945597491848862,-5.04205837216714,-5.530049475565612,-5.191452240536479,-5.182353262534233,-5.263657135027739,-5.79863536133855,-5.503019953207104,-5.492852700161212,-5.555050898296608,-6.149391777778359,-5.9310687542420055,-5.921559362727043,-5.95808684027457,-5.0291332997674925
2020-09-03,-5.253850755070235,-4.815117756513766,-4.801502223276724,-4.929307060244536,-4.859895369117115,-4.427514052186582,-4.43644339471374,-4.550559998697756,-5.160308115355904,-4.7103766269225975,-4.696425450785473,-4.824647870784168,-5.382627899001235,-4.959192794207647,-4.945346374779249,-5.052046739228456,-5.657166197165607,-5.28738303423136,-5.270985591740056,-5.3554649703970325,-6.017061334134186,-5.735908114289072,-5.72090059006445,-5.7720755040392255,-4.775566109042668
2020-09-04,-5.210618646993649,-4.8016170432554155,-4.786118289578578,-4.870867756267844,-4.8067431005958285,-4.392244331533977,-4.402790911347783,-4.4801834286389,-5.120267393390858,-4.70414123539803,-4.688472327243661,-4.770528372279592,-5.352991579819722,-4.964966105645527,-4.950056758097816,-5.011162488296385,-5.6401207224281755,-5.307261149172545,-5.290441545535597,-5.331373350795197,-6.014938273928089,-5.775466543954472,-5.762567218013266,-5.768433865640343,-4.766785787203355
2020-09-08,-5.211125545400197,-4.959109972344048,-4.942860157239818,-4.922968070316406,-4.806291556958056,-4.537004326979581,-4.548068978775883,-4.522359236944484,-5.1212764488882385,-4.876515552343951,-4.859988446708173,-4.825272645685307,-5.354702546208098,-5.124846409436825,-5.109640982870887,-5.072828283915423,-5.64251194755715,-5.430688631780913,-5.413501164838857,-5.397959435512986,-6.018315130687516,-5.837901534208776,-5.823867634378205,-5.832439875896889,-4.9416820427565025
2020-09-09,-5.168265950163412,-4.790417622959814,-4.773453118510575,-4.860825279082749,-4.766832016106453,-4.389198072902847,-4.400719933161743,-4.467223280928765,-5.077236018621394,-4.6897249484464885,-4.672711997740846,-4.761321134032455,-5.309574312847108,-4.945812516653914,-4.929376758660852,-5.005412926920793,-5.595898870816279,-5.28152864407861,-5.26183663350697,-5.327144704824476,-5.9689551989596605,-5.732333299003796,-5.71504636121566,-5.7566818313171,-4.754276268311094
2020-09-10,-5.1570403700874285,-4.860197069836897,-4.8424552923905555,-4.878193473385696,-4.756396753850162,-4.456125556918146,-4.468163312980843,-4.481187773265782,-5.065419792989524,-4.757829812702776,-4.740056728400632,-4.779589874417785,-5.297582583351813,-5.006190471624927,-4.989187694933998,-5.025876813375218,-5.5843453209638305,-5.332318555837416,-5.311830071766642,-5.347772536153894,-5.959757762709653,-5.774996282749449,-5.75774356787681,-5.778092565432284,-4.8322762885891635
2020-09-11,-5.146190318924157,-4.919264476336727,-4.901523128805474,-4.9772352677787195,-4.739698907527225,-4.473751410304157,-4.485588622281292,-4.550697785463078,-5.056709797526752,-4.835422580900382,-4.817748633967582,-4.8908484134399135,-5.294989668952123,-5.126355261039521,-5.108947361929274,-5.160904065348956,-5.589479590305409,-5.496505874335581,-5.474158885926483,-5.507316077592198,-5.972049657504675,-5.996761112939364,-5.9787751636847775,-5.958854233400316,-4.887112674601804
2020-09-14,-5.1528144707021095,-5.063885521341577,-5.045920341708342,-5.055276204269075,-4.746932587005488,-4.661257673142801,-4.673273642670463,-4.638463440239039,-5.064211007838455,-4.973848710045384,-4.955992479104312,-4.967380831336665,-5.301342419327958,-5.211709064441099,-5.194327761116135,-5.218555215175784,-5.5922872304435645,-5.513831487846805,-5.491306073728374,-5.530080118066905,-5.963846937013947,-5.904720046317199,-5.884221680027354,-5.920955396986289,-5.043851110523958
2020-09-15,-5.154005566599591,-5.1526184547007805,-5.134076366519125,-5.062485449032442,-4.747534775680903,-4.731781844445583,-4.744142737402202,-4.6476523118623065,-5.0652543183634435,-5.05164284964757,-5.033233094303723,-4.9715064768110615,-5.303043737118212,-5.2851451133289915,-5.2676732312491685,-5.221099054704711,-5.595355436535306,-5.583546739841283,-5.561631172550973,-5.533926412998013,-5.970317853826452,-5.977619428979708,-5.96022424947158,-5.935122710546915,-5.1453390982510845
2020-09-16,-5.155132005616527,-5.236743351734032,-5.218791200340308,-5.205323654644764,-4.748105075610307,-4.801733385100026,-4.813348755447749,-4.768704917910818,-5.065918916044524,-5.152195728982946,-5.134372738344513,-5.124125021698968,-5.304271257289461,-5.401823033338117,-5.384077379683809,-5.385005224201703,-5.598434515727754,-5.706621694387551,-5.682248517882206,-5.701858931491449,-5.981206909875618,-6.086106367790727,-6.064005258449082,-6.089932685118525,-5.223559407551377
2020-09-17,-5.1621964914806675,-5.2424822918319265,-5.225117130278712,-5.251508176578218,-4.753468904567298,-4.799667241548211,-4.810765294466454,-4.808561543560474,-5.07357062185057,-5.165158981498711,-5.147965848661707,-5.178518626566141,-5.313647372699789,-5.429409358641543,-5.411917972583188,-5.443060779960306,-5.609325795335529,-5.732673629772823,-5.708198181589129,-5.748118093616213,-5.991439510147758,-6.075358226664282,-6.053400682634028,-6.089818575274932,-5.224223905572269
2020-09-18,-5.161915766384304,-5.506591377213127,-5.489098288114015,-5.478920749117635,-4.752898090876692,-5.0854833630884215,-5.095692238784167,-5.087795872176608,-5.073561815750583,-5.440594017661899,-5.423207582134599,-5.402797999305945,-5.313885002537208,-5.654622327954251,-5.636601475616446,-5.600753200492227,-5.609522078674565,-5.856265810557674,-5.831306672873849,-5.813711984494226,-5.991027344458055,-6.103666899203172,-6.0834016962624435,-6.08564261282099,-5.498961605033303
2020-09-21,-5.152049021133107,-5.259099946308316,-5.241942453286587,-5.3336034398360495,-4.743093718136828,-4.835267038876702,-4.8457305656833665,-4.920285650409226,-5.063089299581384,-5.164284458219177,-5.147341148120034,-5.2428326483412295,-5.304368065449942,-5.4176321656608,-5.399813953209077,-5.476032764675555,-5.601455544053999,-5.704013053459775,-5.678940128613966,-5.743286446474872,-5.986956193551997,-6.061153705172207,-6.0386838292422045,-6.082715389422228,-5.2323220606184435
2020-09-22,-5.151201511915363,-5.3297774942274465,-5.3119227434747165,-5.31835248278415,-4.741511989344859,-4.886514710010036,-4.897551253672052,-4.898323497897164,-5.062372689201885,-5.240798703723823,-5.223103547940618,-5.230020216020042,-5.3046230008513975,-5.499078660145466,-5.481104818303465,-5.470946630310607,-5.602935910240908,-5.790802353121553,-5.766410769262369,-5.744789443687218,-5.9897376323052125,-6.1383372876655535,-6.119770140133434,-6.085115106665977,-5.315898604121974
2020-09-23,-5.1266981974794685,-5.074392525873367,-5.05628671617735,-5.156302540480417,-4.717657809472991,-4.64202782064096,-4.653602733504396,-4.736820474438188,-5.037275001843405,-4.979327472744475,-4.961427864564603,-5.06331563508723,-5.280573237912533,-5.25433595162465,-5.2360697279526995,-5.316838342119595,-5.580052305913447,-5.578464970553421,-5.553741211365522,-5.620064559056993,-5.970214397157625,-5.987696392565741,-5.965645329528374,-6.008424573962113,-5.042047320168794
2020-09-24,-5.125820228638848,-5.203804730758133,-5.184768897056462,-5.167052964833496,-4.716434412893301,-4.768374032985249,-4.780715365693451,-4.743163625208026,-5.036152321780126,-5.109605539100002,-5.090722776786736,-5.0741885036440575,-5.279769079075908,-5.3646892429084945,-5.346160097820328,-5.331930771843083,-5.580396327055096,-5.664299049970435,-5.639747408669999,-5.642071943592813,-5.9770292623586,-6.049072058805354,-6.028088413990092,-6.04360333696834,-5.18912315039648
2020-09-25,-5.115326789551006,-5.067780466247045,-5.048973869645875,-5.113557307950904,-4.706675109097831,-4.64031609788082,-4.652513629577021,-4.696245981466536,-5.025499546956619,-4.970453294102577,-4.951845798493046,-5.018568232006817,-5.268800874006026,-5.234993430061785,-5.216363065284875,-5.272096363173191,-5.568932121477864,-5.555731727617389,-5.530941478101145,-5.582277349975846,-5.965460566695954,-5.977591902995784,-5.955905951099751,-5.991529558720073,-5.03853903962767
2020-09-28,-5.116081722487793,-5.183383283500131,-5.164162446568233,-5.16660716329007,-4.708471279252875,-4.778769836314145,-4.791313399648722,-4.746971623849969,-5.0265522394340545,-5.089033571967311,-5.070015459769781,-5.0749471029966715,-5.268559961321966,-5.325734715546306,-5.306883692578335,-5.325539694429853,-5.565719934417227,-5.61523617618337,-5.589764580465389,-5.625312339488749,-5.954581356396991,-5.994766309050975,-5.97205948548955,-6.00810779626063,-5.165183734750228
2020-09-29,-5.117903011209663,-5.223984202924538,-5.204562595945572,-5.172176378542891,-4.710375631545275,-4.836663544253874,-4.849419083562449,-4.758679390911857,-5.028521180995546,-5.137976448318769,-5.118682798621501,-5.080958038519232,-5.27044258281358,-5.353278927357321,-5.33443998985756,-5.324195292175358,-5.566961781893859,-5.61624138912028,-5.5911372457741555,-5.61188432067064,-5.95269026987282,-5.966749535810985,-5.944826501671996,-5.975128265492802,-5.211654978279707
2020-09-30,-5.116920026936851,-5.353314690578475,-5.3342940454303,-5.342496878442175,-4.709451294834367,-4.931499441441268,-4.943170604033107,-4.934170262182434,-5.027621724314963,-5.268797452718091,-5.2500299472302645,-5.259406313292746,-5.269386205929892,-5.4910683142211445,-5.471833650170393,-5.47993113407897,-5.565594115043678,-5.736580692140758,-5.709805588462825,-5.72817954158879,-5.951796171139168,-6.046243832406058,-6.02362142357719,-6.041145847380401,-5.336687944597584
2020-10-01,-5.156475455286227,-5.343330278133644,-5.325776053493795,-5.344838193838433,-4.7421814746205255,-4.917364924164569,-4.9282418116278635,-4.933376982120181,-5.068695287734114,-5.2599043014619085,-5.242552967314836,-5.2628077915327935,-5.3170097244034515,-5.491798031105073,-5.474278752864336,-5.487392055327714,-5.62111302373476,-5.746967183826688,-5.723452317130091,-5.742497727193773,-6.012724076310532,-6.063614196970635,-6.0442144276141185,-6.065065688602783,-5.325669649430788
2020-10-02,-5.151080300846875,-5.378448343398098,-5.3610850878924685,-5.422160284073157,-4.7380998005152675,-4.972166818271953,-4.98258644985373,-5.025306874666586,-5.062991976828655,-5.2944712028036856,-5.27738607742111,-5.34356014570814,-5.310155769431968,-5.51431549667684,-5.496472569190676,-5.549616842408854,-5.612413543376559,-5.753515568721767,-5.7287663752688145,-5.777448367165639,-6.0011704073791625,-6.055672123507181,-6.034800062733611,-6.069443726642867,-5.354846966703127
2020-10-05,-5.1637499340464705,-5.2083510861755,-5.191560570569512,-5.282591769070249,-4.749259452605399,-4.7998989714597595,-4.810374169301243,-4.882204689754749,-5.077155694419057,-5.118528133262741,-5.1019796884758195,-5.1958646437898315,-5.325638814002456,-5.357859454922285,-5.3409601551222305,-5.418142259418291,-5.625567970121033,-5.62933972920188,-5.606718313099375,-5.6733351032684345,-6.005995004643986,-5.973277983797756,-5.953483621211431,-5.999667999432618,-5.178040200032978
2020-10-06,-5.264585291421322,-5.270098541399215,-5.256397655539666,-5.290729069163926,-4.835579214710898,-4.844650949396988,-4.8535760986789915,-4.877606493605736,-5.184997149288115,-5.185486577710929,-5.171945064254772,-5.206247031379251,-5.4436224527543375,-5.426429191022722,-5.413640152204693,-5.4415571611354805,-5.751014446267965,-5.7055964700847746,-5.6904792201081245,-5.717080957660443,-6.132312805826037,-6.067532927503102,-6.055621004959367,-6.073885198757652,-5.251130987357655
2020-10-07,-5.284024083861173,-5.10649102773193,-5.093842882332451,-5.186457910441028,-4.864611616973918,-4.68843627100171,-4.696703502506581,-4.778358670757539,-5.20110113213117,-5.013954000151967,-5.0013111155907515,-5.095841824615934,-5.448193355841655,-5.269255623158811,-5.257005919528809,-5.334207443981068,-5.739814364783029,-5.578105928011078,-5.563340501559966,-5.623557863787712,-6.105876122887015,-5.982341163910976,-5.969274795446401,-6.00444031010882,-5.076759628749485
2020-10-08,-5.261186560591396,-5.057965492997165,-5.04435447340059,-5.121549914806079,-4.8442656982262084,-4.640578892951004,-4.649601472995194,-4.714982524459216,-5.176618779743437,-4.965336835076723,-4.9517067417804315,-5.029791514060172,-5.421946860164484,-5.2178383918521005,-5.204777271395587,-5.269114546367443,-5.713944587153755,-5.529410563367245,-5.5138879121799285,-5.565738017931105,-6.087868033357604,-5.948364549829731,-5.935125518864258,-5.965634198906927,-5.029436777826742
2020-10-09,-5.285533290261998,-5.018097954611612,-5.005330250266004,-5.085058227586416,-4.864552561879455,-4.600658291400923,-4.609358186268984,-4.676711383926826,-5.202512707852691,-4.924062741132813,-4.911258729409017,-4.992691673395926,-5.450197360081678,-5.180859066192876,-5.168909969268438,-5.236761016239898,-5.745235987813577,-5.504687679714799,-5.49139176553108,-5.544902493698073,-6.127856292177334,-5.950966188026138,-5.940225989756392,-5.969578395253898,-4.989077958045542
2020-10-12,-5.295681864667079,-5.11794683490499,-5.105072987872864,-5.121621809790383,-4.876166806891987,-4.723912133000397,-4.732794302057266,-4.712384356023888,-5.213614860511874,-5.022055374369377,-5.009155464484204,-5.02994079405761,-5.458485538227944,-5.250983652500411,-5.239173787280005,-5.270524038130856,-5.7478412813743915,-5.551581294624368,-5.538157226302273,-5.5747180064734465,-6.11916198072255,-5.980768923859833,-5.968994122394999,-5.997448067181355,-5.100078323704058
2020-10-13,-5.328753442565493,-5.161849818001696,-5.149939486336334,-5.13996384047177,-4.917915774751688,-4.747856426511456,-4.755773268776147,-4.733842109605405,-5.24313921588131,-5.061294449464714,-5.04916232948364,-5.045271212111002,-5.478771624809554,-5.296710307041257,-5.285533176022962,-5.283496784272087,-5.7566143556445075,-5.598881916123881,-5.586112958502055,-5.5858395135179455,-6.116995677931167,-6.020613394297931,-6.010026344203431,-6.00705488201367,-5.1492357405234035
2020-10-14,-5.335300463320375,-5.309085857301151,-5.2970120109258385,-5.227931125997934,-4.921180331592115,-4.882826834280372,-4.890725435674486,-4.816477655079314,-5.249743980564874,-5.2232853120437595,-5.210875646409277,-5.135422975924561,-5.488514299272047,-5.445129340093734,-5.433957027300413,-5.371887840214539,-5.771438682748406,-5.7151660317787725,-5.702428074336675,-5.668171920597732,-6.143376069237734,-6.10073910338221,-6.090656675916721,-6.082056978374445,-5.30761691335174
2020-10-15,-5.333893537068229,-5.354991147804513,-5.343327195874563,-5.324777299573223,-4.919316717520216,-4.92484460184792,-4.932126606386911,-4.911490702229377,-5.248771061290511,-5.264269668347922,-5.252372751351476,-5.232488218457623,-5.487834772177467,-5.4959967345418805,-5.48465113174423,-5.464340838539788,-5.770795022919832,-5.777595748355927,-5.76353592395713,-5.750345400179508,-6.142343101230877,-6.167011591850962,-6.155528727452702,-6.148443101637481,-5.346525380274933
2020-10-16,-5.329816721664225,-5.47358401446949,-5.462400578937715,-5.507615767476543,-4.9160502808583475,-5.071871365986037,-5.0782180333175875,-5.110948424252931,-5.244286138009231,-5.378782723796118,-5.367484723593022,-5.417242451178009,-5.4827980300947825,-5.5931693682465635,-5.581366132616619,-5.6232706754353075,-5.765349376622534,-5.847200929182461,-5.8307984367139625,-5.869170056150855,-6.137098914997972,-6.191355286462173,-6.176701768441715,-6.206012837435467,-5.45711150787305
2020-10-19,-5.3048530104405955,-5.25653189093398,-5.24475954437538,-5.342119651699648,-4.899047295163283,-4.878179514582618,-4.88509098943412,-4.96453189775107,-5.219704036897488,-5.170497511346149,-5.158643315377451,-5.257030779180373,-5.450440695014127,-5.383785855954402,-5.371323532523556,-5.456557359986336,-5.720361161281779,-5.631247845519631,-5.614291071616927,-5.687737478583037,-6.066213618226619,-5.954986426465325,-5.938891829684984,-5.990605075823165,-5.2286199494098105
2020-10-20,-5.305794957424985,-5.432337127010796,-5.4194031836789325,-5.360057835372401,-4.90093404553277,-5.064789057376909,-5.07261899065252,-4.98759492838212,-5.2200918565357535,-5.344136919325253,-5.33108306087522,-5.277132359415149,-5.450080584302873,-5.51845740763749,-5.505698748789803,-5.470628511337234,-5.719616572930415,-5.723241405939656,-5.706768704071147,-5.693745407323526,-6.065131829201761,-6.00283214448292,-5.9891391828705345,-5.989704898001589,-5.430600998391846
2020-10-21,-5.311306779287532,-5.223763515007562,-5.2119623315085954,-5.281953042572345,-4.9046337268906735,-4.8233733815626465,-4.830485394916656,-4.895637187511915,-5.226196893346622,-5.132376914780886,-5.120467503720547,-5.193767251377242,-5.456899531923288,-5.359110172759368,-5.346957133084514,-5.403780292475515,-5.728928771086359,-5.628177369103508,-5.612442865042636,-5.654148218930507,-6.07837406418216,-5.9720379764217135,-5.9584222758768925,-5.979010788155031,-5.199636009834989
2020-10-22,-5.31273801455618,-5.319122320107153,-5.306648971509534,-5.282832610749112,-4.908691026108049,-4.976506730793073,-4.9844061784106275,-4.9054755329266575,-5.228226387527966,-5.249759124055217,-5.23700320451951,-5.197114455644956,-5.456108494840814,-5.420292191470727,-5.407986731695433,-5.399994887215483,-5.72278418874728,-5.6329631384379315,-5.617217816512439,-5.6379301200870175,-6.059793658251091,-5.9270926883641835,-5.912682621148109,-5.940650745847372,-5.310539507295033
2020-10-23,-5.352820718902965,-5.294098270668999,-5.283352631902456,-5.30048838585916,-4.953063055094947,-4.92607888504246,-4.932474102619857,-4.927966649056489,-5.26930435718769,-5.203267933136752,-5.192359619594539,-5.214944617236369,-5.48998397865499,-5.398009128005451,-5.386966949971733,-5.4131014403586795,-5.74806962826352,-5.63374703446143,-5.619392856908685,-5.647567141614513,-6.072172604671178,-5.932532988259953,-5.919103058391935,-5.942253582958253,-5.279735562551037
2020-10-26,-5.239964065708617,-4.937979674248389,-4.9240060080765184,-5.056389492560519,-4.8395113034903705,-4.525628543871707,-4.534608580354182,-4.654997636308526,-5.156278918012328,-4.850230425223895,-4.836319294529459,-4.96822413141435,-5.379474438518996,-5.104969973377877,-5.0906398787082585,-5.198977287899083,-5.643897399322963,-5.419752132674424,-5.400702789145882,-5.486953687675042,-5.989405225960579,-5.841606042519945,-5.822764558603702,-5.876247576695962,-4.896933537814026
2020-10-27,-5.254814869480335,-5.106725613669684,-5.091993940727051,-5.058502760725272,-4.85313431572568,-4.6793866725399695,-4.689048130701476,-4.6547340002716515,-5.172187632159439,-5.028178530804328,-5.013379718041707,-4.971630412388976,-5.3958213770217105,-5.282460870624748,-5.268353728157397,-5.205389034528388,-5.659722196075416,-5.603350066197272,-5.586424780616753,-5.495580674539035,-6.000183233811561,-5.890335239632669,-5.874402025228579,-5.879930375794763,-5.093698402832933
2020-10-28,-5.018926835254956,-4.549695561650904,-4.527954218454462,-4.688202656773616,-4.611954832196728,-4.1375596784606605,-4.152581207827279,-4.289763036753883,-4.934958974004564,-4.461041177644642,-4.439842362951049,-4.598070220324622,-5.175481343774307,-4.741784545242979,-4.720997854003772,-4.850235308965871,-5.4651283339642625,-5.0988318572354165,-5.07278153430537,-5.1768127728582405,-5.85826698009372,-5.597497548536716,-5.5745530639871985,-5.636479411242799,-4.494787692738222
2020-10-29,-4.994382047492528,-4.60253679388796,-4.57926684587129,-4.655407983139514,-4.585779359874557,-4.187268638254435,-4.20350727975628,-4.255600636282548,-4.910145555044243,-4.5115551848253155,-4.488856848367113,-4.564658819309434,-5.154538680181599,-4.783196411343596,-4.761581820868107,-4.821558792911151,-5.4500263521809025,-5.1320143137354375,-5.105678703470797,-5.156537725929982,-5.854711865121989,-5.631376779333988,-5.610021666598488,-5.634800142356232,-4.560663570987627
2020-10-30,-4.994500528315219,-4.738081671213735,-4.713787368886393,-4.656353931928216,-4.585538610211542,-4.316585675428651,-4.333652076521818,-4.255372865098816,-4.9102195150080705,-4.645540232070669,-4.621779576406825,-4.565774167292882,-5.155327688231469,-4.90992375056265,-4.888076047055392,-4.824366663884879,-5.451528011663502,-5.251279072841258,-5.225793241982169,-5.161127077613892,-5.856731098703405,-5.694310082571415,-5.6756686137968675,-5.643183202736185,-4.718438501366045
2020-11-02,-4.976525517708445,-4.628783668669361,-4.60486026767385,-4.675254694291826,-4.569338157311304,-4.2163471473549965,-4.232968707549036,-4.271992478701683,-4.891742986124161,-4.536991971412457,-4.513681097944372,-4.584718170084835,-5.136922354250286,-4.808577505006321,-4.786262196377118,-4.846994342889718,-5.430807640151807,-5.149542894536369,-5.121585912397486,-5.182201946834112,-5.826557577071906,-5.6258105159193965,-5.601462237346264,-5.646888387964365,-4.587542938255681
2020-11-03,-4.958457990357179,-4.595464254305476,-4.570922091082401,-4.645646782682408,-4.550426288452376,-4.178947040539612,-4.196022082193256,-4.243280095041507,-4.873310244887378,-4.502656433749147,-4.478755504039227,-4.554055207987105,-5.121235430855444,-4.7802789758961515,-4.757468841748672,-4.818249589918767,-5.419423342752588,-5.133100869301076,-5.1048141101298965,-5.158288211903789,-5.820899820154936,-5.623779077362256,-5.600030906628974,-5.631583020882439,-4.552753191193146
2020-11-04,-4.918567107089009,-4.656897156351188,-4.631444784374706,-4.758282847147843,-4.51487259822944,-4.246309520176146,-4.263469812202381,-4.3580572579227805,-4.829394256488102,-4.553754355128109,-4.5289710987290075,-4.657808460260918,-5.0750134410201655,-4.830715251779774,-4.806085933998469,-4.913840700961098,-5.376941269546177,-5.187165965105258,-5.15473541203361,-5.246854763052121,-5.7995127249422085,-5.696411683285987,-5.668392323044852,-5.724191209341966,-4.605376240192297
2020-11-05,-4.919100092643358,-4.8394985726432616,-4.813025392959278,-4.800972561232565,-4.514519827109793,-4.408430439025993,-4.426213421623998,-4.400578530672544,-4.830581900685733,-4.76277008912996,-4.7367381287207655,-4.7011718106526255,-5.0768348508869074,-5.0261609205913205,-5.001177247497233,-4.952998024311666,-5.379372548045601,-5.340497864643575,-5.308649098368054,-5.278546666364208,-5.802860190424499,-5.773966330503901,-5.748719015517696,-5.743461724984163,-4.811458648324918
2020-11-06,-4.921561612407517,-4.75248432698444,-4.726603227438305,-4.782011779619381,-4.514850546048307,-4.32924043774477,-4.3467249326613535,-4.378870293455459,-4.834474303812482,-4.660613974508467,-4.635386496050541,-4.685657499257363,-5.082513451269917,-4.926616560764295,-4.90204881879965,-4.939755920883321,-5.386622409922523,-5.260902328240596,-5.229162487607813,-5.267978949338997,-5.811691653323294,-5.736622122646106,-5.71056807807374,-5.736496324263538,-4.713129429847664
2020-11-09,-4.924256433974628,-4.791177449954217,-4.765314030166253,-4.8083462785187745,-4.518663641394449,-4.389584215334588,-4.407100982566177,-4.406388458377405,-4.837282526770734,-4.693870237740502,-4.668704744304881,-4.71222927949997,-5.083789827663106,-4.938410420856168,-4.9138547459612685,-4.960266786475512,-5.384507168391013,-5.257523122594156,-5.225313176165278,-5.282874020831221,-5.800803695783808,-5.729137594327567,-5.701109506031728,-5.7489604542391435,-4.754179595370318
2020-11-10,-4.934339838201408,-4.953080727194325,-4.926825328429274,-4.867743182739691,-4.527649214331478,-4.536703835299852,-4.554370933636385,-4.466804167489904,-4.847733927758811,-4.850237641992828,-4.8246855173243235,-4.771538538022912,-5.095063177421495,-5.081714973726214,-5.057247303179389,-5.0123521137525024,-5.396562194064869,-5.390769035381551,-5.359358901949056,-5.326122923331121,-5.812736703966013,-5.82940661225206,-5.8046777023590534,-5.785074179042872,-4.9338519345054666
2020-11-11,-4.934049742349685,-5.115660639830982,-5.0903006576722,-5.1247471903737205,-4.526477888908122,-4.670716543976643,-4.687081076790947,-4.690854064762961,-4.847316855255708,-5.0395632892313795,-5.0150568977257475,-5.058265195237944,-5.09591174926866,-5.293751909819707,-5.268740284792584,-5.302908435786528,-5.3999003369023235,-5.582515360981771,-5.547317991618789,-5.581416222832685,-5.821763049071904,-5.9634474786984955,-5.9345873120582455,-5.948259672541806,-5.083053170829761
2020-11-12,-4.9264536405895125,-5.000235527116474,-4.974922415307175,-5.056269023230047,-4.520065691695178,-4.575961651647738,-4.5923362971451125,-4.64234150607222,-4.839885280876202,-4.918820738921336,-4.894319700751761,-4.977581919615236,-5.087071988012607,-5.16457943610555,-5.139558472375694,-5.209527698863902,-5.38861231225379,-5.45073898311458,-5.415936454184039,-5.48412764673051,-5.805760840393399,-5.839201323458406,-5.809323275285279,-5.858723214888656,-4.959034622785897
2020-11-13,-4.919280908140204,-5.014535951090579,-4.988934192774791,-5.064548098275343,-4.513231439932928,-4.595538683135711,-4.611989952510261,-4.66253324808501,-4.832742669246238,-4.926322340508009,-4.9015375386401345,-4.9781330500172105,-5.079649682213446,-5.165307750260089,-5.1400216907247,-5.200046897152851,-5.381131040577538,-5.4485640213404585,-5.4135715605097445,-5.4700710299105175,-5.7994045584139435,-5.842277444354027,-5.812799983636397,-5.849254138448108,-4.974161322848892
2020-11-16,-4.919070024441768,-5.155024637941568,-5.1287756501115105,-5.116491486049751,-4.5129482151415585,-4.713415614725535,-4.730286836388533,-4.696884027209369,-4.832507903122499,-5.066775640342637,-5.041329424447188,-5.030712698408562,-5.079548868002051,-5.311139543009453,-5.285518181105638,-5.267191380147755,-5.381314707213659,-5.607316387997022,-5.571639748531654,-5.5571124611454605,-5.799938791025585,-6.027569373186654,-5.999246104243996,-5.966015436583351,-5.129707108358302
2020-11-17,-4.920074107262715,-5.148531505543576,-5.122331568197449,-5.1122588329217695,-4.513538150749768,-4.717973002961509,-4.734893095959779,-4.693510007629146,-4.833631957254701,-5.059399849053022,-5.034015833856616,-5.027049905753176,-5.081108264764893,-5.294172760223976,-5.268644572946986,-5.263028817299903,-5.383599908247728,-5.5751552364554,-5.539516798297078,-5.551194292889504,-5.8029267776948,-5.957925018231319,-5.927240212796343,-5.952530625056575,-5.122837793926852
2020-11-18,-4.923802245768545,-5.049238184280565,-5.0237088538122645,-5.086211439945161,-4.514418238779834,-4.614376671088146,-4.630886918811275,-4.666101438346947,-4.8371304449163,-4.959802715643948,-4.935097683217701,-5.001261025168963,-5.087874808858947,-5.213526150164753,-5.1884188586302065,-5.240444285089495,-5.397708111216205,-5.522289925065853,-5.487475642441007,-5.536177230242192,-5.8399408259537156,-5.961500298679403,-5.93293641390878,-5.959747231462426,-5.011353469356345
2020-11-19,-4.922544644749641,-5.17875788579058,-5.152874857253891,-5.167572393044763,-4.513347011172645,-4.740502258090648,-4.757153771601187,-4.736264875255956,-4.836004042807398,-5.09565380337658,-5.070575539119899,-5.084963704186231,-5.086516151109675,-5.338924822237689,-5.3134676580116915,-5.3307589043114385,-5.3956882889098,-5.631019691027215,-5.594851096452368,-5.631515641324625,-5.835745067426346,-6.044355029941492,-6.0131148586910825,-6.053168276354924,-5.149482670257763
2020-11-20,-4.926670881022994,-5.273882232024074,-5.2482862416964,-5.271805902387258,-4.5174784627151086,-4.847487367746221,-4.863673684476565,-4.844674475433642,-4.840407027999322,-5.1869532306702375,-5.16222132497311,-5.189278928319446,-5.090602074876631,-5.419750317437012,-5.39423016347362,-5.423900029161272,-5.398440384460234,-5.693014737794936,-5.655994130320627,-5.701335988401535,-5.835197972030065,-6.056895103041404,-6.025214163289747,-6.067897905586799,-5.24414022532014
2020-11-23,-4.924298531067968,-5.203306143386757,-5.177810342131231,-5.2290742914699795,-4.515885458698072,-4.804435995939624,-4.820553089770642,-4.827270315746701,-4.837530137840299,-5.108053033915079,-5.083423598717461,-5.1405199819924485,-5.086837289582305,-5.326333465713586,-5.300902532768506,-5.354212278609228,-5.394154248756295,-5.58809078780511,-5.551936891171228,-5.611645311890568,-5.833650583676051,-5.957399368992839,-5.9272114474938595,-5.973981996042101,-5.16852015766524
2020-11-24,-4.923640594281666,-5.193501786266597,-5.167860473576546,-5.205428380643231,-4.515347819378264,-4.798710120674144,-4.814938632551407,-4.81327706677569,-4.836716756214252,-5.092930976243702,-5.068145646285003,-5.1125819091059,-5.085922331119636,-5.3056354349051205,-5.280230039945388,-5.320625923836882,-5.393248093097135,-5.56458774675841,-5.528948456976991,-5.576471000148731,-5.834695976267445,-5.943206342978191,-5.913993551689066,-5.950941405423627,-5.160774653085511
2020-11-25,-4.959530927427339,-5.297184048553686,-5.272730883102025,-5.293631608978634,-4.547214599626594,-4.8855591578184185,-4.900718695164941,-4.9085641366676045,-4.872838391820842,-5.206528781703926,-5.182812198100393,-5.204252373072934,-5.125964867086995,-5.42121643399939,-5.396980976227844,-5.402632318269584,-5.438860341433381,-5.671057725942792,-5.637662119230048,-5.642198284634338,-5.888705027633468,-6.0317138340186425,-6.007341653822001,-5.996288387526417,-5.2786136449712435
2020-11-27,-4.958612841128159,-5.285270157682424,-5.260846273008216,-5.290042783675958,-4.546617623519869,-4.873453153923409,-4.888651854022805,-4.897973081298281,-4.871577887851202,-5.184496963750051,-5.1608360814488154,-5.195277359811467,-5.124294476394736,-5.404022612929323,-5.3797626375029015,-5.401557662704361,-5.437414649268987,-5.671953687118925,-5.638157817345311,-5.657224121834707,-5.890288340386421,-6.050387992048257,-6.024709839202254,-6.029712272419264,-5.2653346354624775
2020-11-30,-5.14067325699198,-5.5483568347627035,-5.529044980078883,-5.38760164055142,-4.722043082487406,-5.172456625388969,-5.184875926834339,-4.986249410664388,-5.052972147338063,-5.4600398445323535,-5.4408299467086705,-5.290600247275801,-5.305636598745127,-5.626516363189626,-5.608301035744122,-5.505137229759668,-5.618360336702343,-5.844140048622141,-5.820455960925937,-5.775343498724659,-6.0629851948945,-6.1903743393497015,-6.1734932584461,-6.1672831262845484,-5.557932562034616
2020-12-01,-5.181799692165411,-5.566179403156925,-5.549039969573336,-5.49331414936404,-4.765335248513476,-5.141534793779546,-5.152061972682014,-5.063785126626802,-5.093712099764473,-5.490552154501143,-5.473407730188627,-5.402572204796409,-5.341098024763673,-5.688692977527096,-5.67156939349546,-5.633876623114597,-5.646749082974294,-5.942553126996696,-5.91833233848072,-5.919137354087515,-6.078329592400314,-6.306536074813231,-6.286722806694577,-6.3065636281712605,-5.565245819091387
2020-12-02,-5.183152876269659,-5.625872022489691,-5.609143342656466,-5.5914336183474544,-4.767151587801536,-5.144548704015008,-5.1544700345167165,-5.124004593342562,-5.09497706656923,-5.541741808314771,-5.525223359381636,-5.513372381707086,-5.341370036097597,-5.806332408370809,-5.78890893817166,-5.776107213825063,-5.646604656964213,-6.149586063369314,-6.122823021817325,-6.109994955691856,-6.078327815212801,-6.5276582925227835,-6.505069260851623,-6.504339799607153,-5.6213789841200725
2020-12-03,-5.2212583546841165,-5.680770641310244,-5.665574850522471,-5.667076423250194,-4.802161901016661,-5.204943133683499,-5.213693484240474,-5.205485406155539,-5.1330985824064195,-5.589853627369244,-5.574791096516806,-5.5825633128442185,-5.378889359585582,-5.851654226461947,-5.835464944363358,-5.8349181824395195,-5.690099468303994,-6.18577512594985,-6.160933175716427,-6.160859488495979,-6.147921959667837,-6.554696607295983,-6.5356826527794,-6.538321037104716,-5.67528690662571
2020-12-04,-5.272453626936993,-5.8144275489290225,-5.801205997561469,-5.8132936245206634,-4.855264359062283,-5.33618339853203,-5.343230781902372,-5.347412143852163,-5.184503830334956,-5.738325274167877,-5.725163300342818,-5.743476856862807,-5.423516718013736,-5.986649763850239,-5.971724793538865,-5.982466941586613,-5.72731896128689,-6.269355144698964,-6.245388415190425,-6.258831348528573,-6.179821439455153,-6.58796467751846,-6.570120054044688,-6.57551474164795,-5.810993502865315
2020-12-07,-5.453708369316426,-5.733878305132307,-5.72713504159597,-5.763334356528739,-5.01735441020897,-5.233748132271537,-5.23728418011424,-5.278894101603614,-5.384126919682215,-5.668879996498437,-5.662274421947204,-5.700306171330567,-5.626827834973803,-5.95630666529952,-5.948794858472654,-5.969966910759231,-5.918316658365977,-6.2971975406362635,-6.284734443125039,-6.29172333875686,-6.316082504765298,-6.699513351296439,-6.689697813323501,-6.669379488851595,-5.726547342925628
2020-12-08,-5.444938816422897,-5.510161381104619,-5.503253131530509,-5.575335147755879,-5.016954545133053,-5.069844389446826,-5.073733349643893,-5.136541503615323,-5.369266860863507,-5.418612968263156,-5.411635783897152,-5.488566529581875,-5.605791283612767,-5.6649409685503,-5.657385686720781,-5.723349635748436,-5.894113243646839,-5.980376025218851,-5.969797069638304,-6.022118153656931,-6.2943004945462615,-6.433367538471041,-6.423563143887407,-6.458182422351179,-5.492885721138386
2020-12-09,-5.468318420807722,-5.397499741792214,-5.39132778377763,-5.463473008585808,-5.051089938450917,-4.966573515347344,-4.970009316465822,-5.039353389275162,-5.384086577760328,-5.293064809735276,-5.286447649581978,-5.3638495277059555,-5.612261548349162,-5.5428887238538085,-5.535877489476118,-5.598817355077851,-5.898357133986653,-5.878020947635051,-5.86926220830996,-5.913427590691066,-6.303822411391624,-6.3859861236870525,-6.378584632040068,-6.3990543180877815,-5.377736857615084
2020-12-10,-5.502387822867085,-5.4951104585514825,-5.48944754610871,-5.47243745270972,-5.077096950864028,-5.080803092865014,-5.084288751662162,-5.05053827770259,-5.416981367466685,-5.385644763040018,-5.37940077455523,-5.370880803579908,-5.652400866955606,-5.609380513091611,-5.603679961348358,-5.604744134124333,-5.954142379369299,-5.922539584522893,-5.917409904679552,-5.922594792199136,-6.395518953585649,-6.425083612188657,-6.423729030472551,-6.427316095483019,-5.4894599525979375
2020-12-11,-5.496449013935548,-5.433263881850234,-5.427669719365284,-5.4487102365443265,-5.073871717528717,-5.022943841501788,-5.026279089799578,-5.035477217400121,-5.4115406757955125,-5.333644874991146,-5.327448664165572,-5.349164430501429,-5.6443587237082244,-5.557417739569785,-5.551546844099644,-5.576619005653535,-5.940080017375288,-5.858439559877814,-5.852870337599369,-5.879706411332147,-6.366544143619642,-6.312012222430491,-6.309687566171077,-6.33290226249074,-5.421173512761265
2020-12-14,-5.498657215636194,-5.394062899281121,-5.388654288404553,-5.425900817175269,-5.079513165757106,-4.9984995970715405,-5.001623542911622,-5.02863329750259,-5.415532432149147,-5.295497172572943,-5.2895383694711215,-5.3273283627936445,-5.644185095596447,-5.511270593855637,-5.5055042558566765,-5.543093872560013,-5.92998901188639,-5.796625332547876,-5.791105226786525,-5.826214573860922,-6.3309719486985205,-6.210650353711451,-6.207827956023577,-6.233954128064821,-5.378959605139546
2020-12-15,-5.525912268086899,-5.35395584586688,-5.349715806493138,-5.416042994344765,-5.114070249105803,-4.983298903742119,-4.9854730493762345,-5.039052225492646,-5.438751391037401,-5.247138329856913,-5.242182560847797,-5.313111336588353,-5.661094465364358,-5.45684719115261,-5.45181602377764,-5.516937677980746,-5.941262358827916,-5.737956851600652,-5.733575880362556,-5.785771640995159,-6.342525525344608,-6.162195975155947,-6.160778297625818,-6.190157608194509,-5.334294686878434
2020-12-16,-5.57256623761293,-5.486573021796873,-5.483598930936018,-5.495406454294252,-5.166134439213064,-5.110152595146157,-5.1111072606745696,-5.130708393987432,-5.482897021618518,-5.3843552570630875,-5.380461415092083,-5.396537543465668,-5.700459922813239,-5.579436691977874,-5.575542050679018,-5.587576495063446,-5.976078249914783,-5.8322371228218115,-5.8296851450233875,-5.834826203373364,-6.368184020318677,-6.2167565914631036,-6.21819351534003,-6.212771321637157,-5.477400352841318
2020-12-17,-5.5748606573104516,-5.514116905358113,-5.511013388036357,-5.49560691144037,-5.172310384281165,-5.156711605580473,-5.157804187491156,-5.133075647449434,-5.484672692586232,-5.414158442186862,-5.410098075795088,-5.39828544786722,-5.698786323330417,-5.591503286947402,-5.587523803912952,-5.586738178960797,-5.969923033466585,-5.827195354531089,-5.824337640444697,-5.829266359527365,-6.3562031224709035,-6.194688311953658,-6.195174576509822,-6.199218392662246,-5.509149255666489
2020-12-18,-5.52884917193914,-5.302408807962039,-5.2983724874223395,-5.381095022273037,-5.122880006476046,-4.89967201130583,-4.901598413941413,-4.990247545520183,-5.43529382370834,-5.194263308647846,-5.189284039971147,-5.275627273367951,-5.652511536865707,-5.421809776036834,-5.416555367561778,-5.485887925053538,-5.9437490607305445,-5.755773947614701,-5.751578651556232,-5.79042318656546,-6.357938461317447,-6.224162905030778,-6.224414834877961,-6.225284645716357,-5.27942700393515
2020-12-21,-5.482796378854663,-5.162974443704811,-5.157347821597977,-5.2542066674446275,-5.088305925251663,-4.776724596382175,-4.779769717877774,-4.872350373498058,-5.393112074411771,-5.066978709313995,-5.060599450409531,-5.156468855056635,-5.59928812061378,-5.284336355457013,-5.277501533970742,-5.360574997709285,-5.866536004031903,-5.583597902927384,-5.576414632638746,-5.643357037151498,-6.239770699420887,-6.015712463549115,-6.00987446032085,-6.051488403763442,-5.1346159519573185
2020-12-22,-5.489784278217409,-5.358896402338786,-5.352362265989043,-5.295878813746848,-5.094996822869261,-4.958122966871253,-4.961897647019319,-4.90068899636024,-5.399115506344195,-5.261926694464666,-5.25458107262335,-5.201546063743275,-5.605686713529969,-5.458475689374857,-5.451489424132405,-5.412687917520521,-5.875284873468754,-5.736602450110617,-5.729782544673814,-5.704204113321197,-6.253898481619788,-6.125674810697988,-6.1220874970023695,-6.111510695596841,-5.355143441144257
2020-12-23,-5.484008824490133,-5.26035621817392,-5.254253495005829,-5.281295940152884,-5.090934018887852,-4.877899434216319,-4.881327421110524,-4.893100527367411,-5.392204531492912,-5.159904386007398,-5.153009809219186,-5.185288641282887,-5.5981162353076455,-5.36497826902615,-5.357920328915561,-5.392236372069115,-5.867025331474551,-5.65216041920207,-5.644777342746748,-5.677622268466092,-6.248609467556108,-6.068377566923114,-6.063524640276108,-6.083504217793114,-5.243378851087868
