,PC1,PC2,PC3,PC4,PC5,PC6,PC7,PC8,PC9,PC10
2010-04-15,2.647059514112912,-0.15476614778131714,-0.17774782933273042,1.991885144926861,-0.13297597991870452,-0.200618285247593,-0.10293459055337154,0.022851024639298428,-0.164234381270935,-0.03425710714755628
2010-04-16,9.049560391947944,-0.3018922427519434,-1.3876620639244237,-1.501510662178061,0.062422692387690173,0.048023488460531685,-0.013534032894561754,-0.011351207202708649,-0.0014383240016832496,-0.044647664198446284
2010-04-19,0.6551543225356973,-1.51204205527,0.43246472554066706,-0.4464885022377224,0.14524328296784234,0.175059482794555,-0.01697721836014835,0.05754064549096,-0.028890595970653275,-0.03799558734258053
2010-04-20,-5.26021202425659,1.229166152114668,0.2739931052495247,0.46984831368083724,-0.1255582201197627,-0.1260544855703704,0.048376072644519104,-0.03685666611090327,0.06568788687845377,0.055540054851726105
2010-04-21,4.29172823580772,0.8720495726107865,-0.7648032565240758,-0.0602215803970332,0.3835460903585153,-0.06017329002073545,-0.08910206713763702,-0.04664543798299604,-0.016354867365457652,-0.03674001082999038
2010-04-22,-0.6170777368455986,-1.4577291510078758,-0.8998234652022752,-0.6831944763194276,0.16276298966298236,0.15877747643848772,-0.046189705612369666,0.06032614466212694,0.030411565676126677,-0.02735971856234964
2010-04-23,-0.16584589885305334,2.640109250545427,1.399294772219769,1.6581589997528738,0.020214325384160698,-0.2756392314739792,-0.005254725137331487,-0.10281353247026186,-0.06307464752706261,0.03227229682972629
2010-04-26,1.4751239294764684,-1.4727916106274093,-0.8644273345713103,0.403583125487912,0.2138789016814629,0.13651745157671122,-0.14879819854128448,0.047780208591476823,-0.07259238990648074,-0.05221303093134992
2010-04-27,17.499930852083654,1.138075734989015,-1.1014755134930445,-0.7597326762715229,0.08225428730505285,0.0007400634538923549,-0.1595483879355345,-0.05874426453764132,-0.08182991954576058,-0.0713746345160684
2010-04-28,-3.144226619822292,-0.5375984572489828,1.1727477180630652,-0.9555690535017246,-0.2068169933303514,0.005669677854614435,0.21196157154492976,0.03465919202894935,0.06148557502213124,0.018372471720777377
2010-04-29,-8.060840836830373,-0.8981909794236737,0.6314628648669808,-0.10590863352506287,-0.005606278382950082,0.06382580955853312,0.08722658186998834,0.0299533807848569,0.05492550010285706,0.030644382799380383
2010-04-30,18.427678784323017,0.643105522630376,-1.1281937988455129,-0.9079748831913063,-0.12596368235649058,0.015798395180655168,-0.09561844181137907,-0.016886695725140646,-0.07412469172531076,-0.07380024570595997
2010-05-03,-5.523992501184709,1.4029787649677776,2.3330373847672963,-0.43136146596042674,-0.21740450512141138,-0.1301954683274967,0.17318918063387978,-0.007541722107119228,0.04857004492860827,0.07171770109173221
2010-05-04,16.97812494873647,-2.592805497005568,-3.459159608301296,-2.3360154447922548,-0.0687457253396716,0.2864511362329513,-0.054230933374025216,0.04384408233215769,0.01691656447512736,-0.12049064715325486
2010-05-05,12.141885401103538,-2.0540775230292536,1.430873818508088,-2.198554461587957,-0.36007516091207764,0.2945043549369858,0.311323922152934,0.07116721007420564,0.05784009882330284,-0.04662892395651711
2010-05-10,17.108641489849695,0.04969719156220195,4.975896313056408,-6.117910810158735,-0.5265813013520607,0.4403821866318318,0.3113174959850716,0.14785675129466008,0.18523877334924604,0.0921714684408794
2010-05-11,-3.951748322990305,-1.7698879743131748,-4.70032508423483,0.864788850672192,0.33628041203621206,-0.13386775519043428,-0.031097179413466652,-0.05956420693615051,-0.0020357873024027416,-0.11929579220608184
2010-05-12,-18.80047085313853,-0.14970904457474124,1.4117128628889464,3.7246681271103554,-0.6024416343560924,-0.24024431228267415,0.029115487196312906,-0.045890625532846126,-0.13794065783217516,0.13484177854556356
2010-05-13,5.949876380045522,2.923370898260673,1.2361780852823454,-0.6752014294267716,-0.7314891829614383,-0.2177144935059239,-0.006774843626476481,0.007940564567093971,-0.02655100346941753,0.06670272945010887
2010-06-21,-4.795490003268048,-9.432209949959677,2.414269240526696,1.2840755082697537,-2.0973323672353734,0.4559293679368513,0.8084153257610173,0.18106751388863496,-0.12532036539064426,0.1306688760864735
2010-06-22,11.779763580466145,-1.6749223459085256,-2.396380175556266,-0.07642865069611947,-0.09273304458811561,0.3495560032634524,0.10452811583968016,-0.01980001667678646,-0.07668013069689565,-0.053120761393167924
2010-06-23,0.7409242140189699,-1.4419554937247538,-0.46483622744348163,1.6727340256123662,0.07329627382289285,0.3547950111010771,0.04212939712345454,-0.0648696737522746,-0.1348177379671498,0.015062647079082088
2010-06-24,14.191864041058183,-0.4397350750891177,-2.2668147244702785,-1.8409132366353218,-0.3747288347435436,0.28121520751301216,0.031388852777444125,-0.10128491016820361,0.052767564260341814,-0.02627161239962435
2010-06-25,-2.829096805556424,-1.217313982993729,-0.019285151521251372,-1.604788853900024,0.21582664297146698,-0.07519175076718854,0.16849207702069627,0.06741715434288587,0.09711274390641711,-0.03268078791053666
2010-06-28,5.288181526955937,1.095807889533057,0.48655835604779574,0.09428503007818648,0.09306502993648946,-0.018844598934165024,-0.003406870973790021,-0.02653417240735303,0.05605268393999455,-0.030626757964540657
2010-07-12,-4.132517900162724,-1.4858157735733981,-5.362122289256634,-5.188514569067948,0.9577650276267585,-0.03989605042683935,-0.22117423121430244,0.025403769835149175,0.23128350795210728,-0.1131731037892346
2010-07-13,-5.255013175417227,-1.8185754684344206,-0.980586686014377,1.5698332838017681,0.08835775318618379,0.3141991227548346,-0.029130267392422478,-0.06018493463245337,-0.13159761786251145,0.031790816279943616
2010-07-14,7.300973386568516,1.760764533304525,-0.12013952780211595,-2.338235618358659,-0.7952338445435877,-0.3781581397702971,-0.028424729760739155,0.09391779904709324,0.09051658267448617,0.015012461605837238
2010-07-15,3.6654244211747438,-3.4892819667136528,-1.2652027682748186,-1.0496516211287206,1.0105546998804094,0.5925606057976776,0.33418814640734906,-0.125251259480992,0.12713810345954762,-0.11227105899245932
2010-07-19,9.44746432450659,-0.7100564901538032,-0.8561907187930399,-1.3363862133741262,-0.1954338422042575,0.16775776514360458,0.16126235208534834,-0.07649623856692267,0.06494134634678522,-0.04496872704023888
2010-07-20,-18.224583499385364,-0.829210069576468,2.5226848656869545,3.740258706178131,0.5498075895204296,0.04618866256736574,0.020374135397162277,0.06385192255856906,-0.1682236395218861,0.08928583682001258
2010-07-21,10.04205503245711,2.738725771439723,0.6785578864060787,-1.297448808942121,-0.3692588117960698,-0.373145832902961,-0.09398036542481258,0.02239794701971326,0.09855351683477044,-0.039980077700243914
2010-07-22,-8.687193884966023,3.0621455323829356,1.2428483857824617,-0.41136312185801766,-0.5473995814001611,-0.5990190574730444,-0.34758297796600723,0.1738549453184968,-0.017745758870768895,0.10590404216804565
2010-07-23,-8.29928469859043,-1.8011313223521874,0.8128239431801633,0.8349747968592209,0.09108848922859694,0.11406095418896568,0.0803302911927825,0.07018622859509302,-0.03577835992517565,0.05348576162180474
2010-07-26,-5.624137170278384,1.9373955421908557,0.15655280200944324,1.3259880675606313,-0.38186261465695925,-0.2744178466481202,-0.23166016239552886,0.013178065772261218,-0.08093323819667708,0.04613866099748789
2010-07-27,-1.8683324024771617,1.5413753431312178,3.002376959211131,1.750748318006229,0.5069312697713889,-0.1176353486379411,0.019154249127384778,-0.05363593836702948,-0.0037187280038274207,-0.007272860454782111
2010-07-28,1.6599339903106445,0.8650110446076255,-2.1346580368456123,0.7931221687685757,-0.012202955152829991,-0.037136037351212264,-0.19716352545967877,-0.047499292854180405,-0.07775962647675891,-0.03383770655536392
2010-07-29,0.38068945511107216,0.07051306514580893,1.2635366146901874,0.5332273628223683,0.2815639560123712,0.024782067972509928,0.07219430808100528,-0.01446092030301118,0.012763076517874863,-0.015031182869754876
2010-07-30,-3.2558680684401042,-0.14504661632984278,-0.35147641437483834,-1.3819516748278486,-0.046286868038514506,-0.05147684821077975,-0.032911438100300644,0.04407694571274975,0.07247092387097025,0.025790876849545775
2010-08-02,-9.819040831244244,3.878716582571502,1.496485829400803,0.5990631193189071,-0.015091809175895803,-0.36162647478761806,-0.2561235401437482,-0.05825331379441439,0.03968516232851641,0.07290781191423742
2010-08-03,3.2648423412026837,-1.4103923008412613,-1.154280562771018,0.20291525169488248,-0.40611935493894824,0.035808832364211715,0.07630329479413563,0.04664531175511039,-0.060384026781605295,-0.01206569678737435
2010-08-04,-0.21219750363308373,1.94844433243662,2.4819303130219454,0.3214833819707162,0.3565108658207399,-0.07550448097926757,-0.031411313765281494,-0.0673599202790842,0.030097615071801958,0.009998711803511884
2010-08-05,2.0873256172407184,-1.4519944157789069,-1.1929203085161126,1.3143415877994487,0.18299476765284728,0.09353945227937993,0.013432165896739803,0.02920221511072623,-0.0839518592557075,-0.05399979996658768
2010-08-06,1.7251059243372504,1.0718024241063722,0.13036671346405082,-0.24176924466419009,0.17382251622585038,-0.06233879372138325,-0.05275539103017082,-0.025843118886628196,0.028107159161675117,-0.015314177229533817
2010-08-09,-3.6055847394523894,-2.677863445955108,-1.0941849179102183,1.1946682117531475,-0.26362513535587473,0.2028474734129736,0.05232168309833534,0.05154922055376652,-0.12091602927121853,0.020514973437948784
2010-08-10,5.21752122905229,2.0042272218111634,-0.4475543746591233,-1.8252445604622027,-0.3294459952118953,-0.21671628543482838,-0.02981838189919229,-0.026440216535836714,0.09812714809092526,0.002429258096055184
2010-08-11,19.716647361099305,-2.6264230633926102,-4.1582530292485425,-0.23410857607133922,0.31353628557127033,0.6903076082669033,-0.03864893122289251,-0.18656832148890518,-0.07702620993403322,-0.12004845669157996
2010-08-12,5.102220827425536,-0.7294153396280554,1.4227489423269863,-0.6450414288523819,0.7019592086284464,0.1766926845265297,0.30440379812092255,-0.03008195003614235,0.15526147820183,-0.10105614169133192
2010-08-13,8.128133484929792,0.8396487228737797,-1.9862465701591174,-2.0414569165154073,-0.6865892169705785,-0.138779733197313,-0.1567407000870037,0.041690778733073544,0.008762034334089695,0.014779421343258691
2010-08-16,-1.7772087284527938,-1.1787662307490274,0.9270317322538499,-0.0901699535284611,0.07140518740871242,0.08883046658013465,0.20038737950318516,0.01583834404777024,0.028862387808945622,-0.0016205963930192079
2010-08-17,-6.310360365878165,2.969851072845425,0.48991244945670714,-0.8754765188750103,-0.7195133404304132,-0.5962398683606118,-0.21539357342346085,0.13479661836113851,-0.02060028996793185,0.10318167274468285
2010-08-18,-1.1206638416891548,-1.9767753905473384,-1.2978433406938932,0.6243036229638552,-0.023739758468588404,0.2412483085106915,0.009683477216094617,-0.0402378265892247,-0.062012812963880865,0.0017724329475639917
2010-08-23,16.51513447114494,2.7539333421916914,4.847353721355155,-3.777805910906933,-0.31938901392360164,-0.16275751930073176,0.2905652217763226,0.1452848677717902,0.2235540540748109,-0.006651032099394776
2010-09-01,-14.30644676960833,-4.891556585392502,-6.605277375078009,-0.5183559964221834,-1.5037176296867212,0.0650451797897723,0.00717301919860629,0.002733843187264964,-0.14221784793223552,0.13225178051851136
2010-09-02,-2.6341442032605062,4.651895613673314,5.049187441334496,-0.18423164509991838,1.447467807413823,-0.1802630796672343,-0.1291092787144116,-0.05689231423728244,0.13828794141936854,-0.039039130559481744
2010-09-03,-10.206812075435323,-1.9733614251894664,1.410114585767749,0.6638722783603976,1.1393825915537383,0.2986690482895837,-0.03916397148572283,-0.004077390093052071,0.06704485735792026,0.008279228187463503
2010-09-07,8.567584084070058,1.515079810391219,-1.8757389212080995,0.15538277855977772,-0.947334060377333,-0.30295300044606294,0.012096808474363776,0.003700856640388466,-0.08522698730681058,-0.030477250895647918
2010-09-08,-2.3797801542527623,0.7822918559318965,1.4247806206477267,-0.5646462992299777,0.1798820001889221,0.04786128853365672,-0.03781063404523548,-0.015474363116145367,0.03196567677361904,0.038152223516116274
2010-09-09,-4.625536716183315,0.12231839886717695,-1.775664793609649,1.7907894057043903,-0.761069908966641,-0.2757418599814016,0.005458100455820459,-0.0018578384247658767,-0.08600253257991738,0.032155444780891156
2010-09-10,-6.745589741055449,-0.3240804716661876,-2.335450967843692,-0.043309903435716335,-1.076171294453555,-0.18037075359390903,0.09515035523688342,1.063423496384181e-06,0.029868640587356752,0.10351639135016313
2010-09-13,-9.628368336233809,-0.1445210103253582,0.23425394459842747,2.8173277731601876,0.47798532483987527,-0.024895813184802183,-0.20794096681211838,0.028841956942353038,-0.08354970567348512,-4.2834348489054186e-05
2010-09-14,-0.3191791796045611,-1.1846487087907414,1.1599897936478758,0.24857547244508857,0.6651111778081015,0.19491026269814712,-0.03773782458276834,0.03490213409129665,-0.02895019781341253,-0.056302183239023765
2010-09-15,-1.0387201657092788,-0.8510147041139582,0.6377902516613864,0.4467516014825238,0.3861871785414818,0.11629389047971167,-0.009660372467723952,0.020679559997704294,-0.02356747332416492,-0.023402462460689395
2010-09-16,0.18206236829798997,-0.5785057779287486,-2.1078954752683714,0.19250157530534248,-0.33200797110679975,0.023677532753861308,-0.09551898010617271,0.019242091754788977,-0.05011923242776557,0.016933130728159433
2010-09-17,4.635485585262512,1.9082946654178288,-1.0968407018370074,-2.5405395031815297,-0.7720479101123422,-0.2606719006359475,0.17983579879530132,-0.06354715379502594,0.17207508244204583,0.05120667251139212
2010-09-20,-10.471594989413616,-5.7579206194558035,3.2719092790615103,4.258931932865205,1.8435541262025321,0.7560988677058004,-0.03511181317550833,0.1517039092961445,-0.2846312805501882,-0.08291106397202305
2010-09-21,3.8675146261327566,0.9924861731947459,-1.313433497172056,-0.3894547944296196,-0.8999371466411646,-0.15319988949632438,-0.08760937501223927,-0.019301316440705908,-0.042878346246134846,0.03658533528026351
2010-09-22,3.082537035013888,-2.280117838895037,1.24077530499056,0.30471937791416953,1.5496243401097498,0.4536599698254842,0.3139830733417508,-0.09964776435351123,0.06310686268383552,-0.11203785911700648
2010-09-23,8.635809518695076,1.6552557069705665,-1.95035143506094,-1.2661135299893085,-0.8303294747890654,-0.1783572270064397,-0.16795638459723683,-0.05327709743734756,-0.002489155603315152,0.0029861733146327838
2010-09-24,-12.742720639877728,-1.4252622435434403,1.5306935003046804,1.518481733510479,-0.12491111445051942,0.016784486252792878,0.00020974586720945817,0.16563914324932238,-0.10110828376847168,0.08784850932655126
2010-09-27,4.659217950411653,1.4333274827531108,-2.957569023700524,-0.730155704176339,-0.7031396520443497,-0.12283711118393573,-0.27940519392643237,-0.062311900266804485,-0.024288439994881412,0.024138183851851278
2010-09-28,1.94577069402128,1.095186350861051,0.043347966921433286,-0.1562613614250958,-0.39861344685033634,-0.18336355607300311,-0.008037846796321205,-0.01032715803489702,0.011285536208947554,0.02074505749780258
2010-09-29,4.826952180650153,0.12515022414126836,-0.7744691977590361,-1.3679266113597746,-0.0682788111445703,-0.023275390045382642,0.053952244082053125,-0.021398320987942785,0.07551206169132857,-0.022133840365159398
2010-09-30,3.0936194418971277,-0.7745932349796025,-0.06287155190815578,0.7262974236716219,0.6808940958824996,0.27948741453808235,-0.015089767046342557,-0.09751947638663513,-0.048522324558566754,-0.05876912603954282
2010-10-01,-4.254102382940372,-0.7577700404553672,0.2776957204650601,0.8553996666670296,-0.10446499742569786,0.08412610374372503,-0.026214601978828966,0.0347978953815623,-0.07942588589225226,0.03858462845121724
2010-10-04,4.973257304395476,0.2740903807066804,-1.740092459523812,-1.8036178311780102,-0.6864317290978788,-0.11728528518413023,-0.036910449881344405,0.02383919892562823,0.0549776809362549,0.029555575437497428
2010-10-05,-7.648088255956075,0.9359367655146545,1.2230723685138802,1.2815753723141827,0.1278915588369346,-0.18875889707884103,-0.052825441923742944,0.0516152038651749,-0.006363553112199267,0.01880553082717753
2010-10-06,0.011713350797351751,-1.8042321410329147,-0.8640275216622508,0.7906293444360657,0.25703385896632747,0.4049898924131164,-0.10296482808107457,-0.05208242881469626,-0.1339052325700838,0.0075643722535130515
2010-10-07,0.2105543248265888,-0.149903282288676,-0.38560114272400126,-0.6080688062001196,-0.4393178928872698,-0.06665260596467486,0.004630323131835008,0.05649848620984962,0.008312767113962848,0.032151517518352594
2010-10-08,-5.183605221787701,0.4918803715861313,-0.6999190681837498,0.6668078079386078,0.4239092882398035,-0.012369014910733377,-0.20657316255535657,0.0034025714534494213,0.009360226698062406,-0.006634713163444874
2010-10-11,-1.0753571258743804,0.7883906994413835,1.0339304086541756,-0.4400665684230522,-0.3653129754986761,-0.2733730329784167,0.14826242002607146,0.06875795690926947,0.07936196577728072,0.012206658526003868
2010-10-12,-4.320342218997199,-0.6840275932808234,-0.5013582449043654,1.2214214133835382,1.0678661144068042,0.2908396782935698,-0.1927035980698737,-0.05838747896234809,-0.050648993190703644,-0.05115282427877429
2010-10-13,-3.334004167295583,1.9155665548469865,-0.30561538108600705,-0.14769533980185642,0.011393626041215615,-0.33697500473577363,-0.09068372332696537,0.030650809624242242,0.1246429382032461,0.001604789477274622
2010-10-14,1.9544339055850963,0.012864876228624,0.9763945426932248,-0.00428485738525456,-0.25614920437513805,-0.055557590174527986,0.12795754571422907,-0.0012089871066752705,-0.02324654771558762,0.0068216178095283015
2010-10-15,-0.6072997090766894,-0.6582989005366775,1.0433888765745218,0.2617452265814694,-0.08290231495222018,0.045534990808390394,0.10039920062650436,0.033119033005972943,-0.040461734021214446,0.0062385364622702544
2010-10-18,-4.562741368667395,-0.28972622059182224,-0.8414870833916483,1.280324739908235,0.7468177020927624,0.20882047444969157,-0.24731162441762256,-0.03928808512723975,-0.065905300642609,-0.020777422452998455
2010-10-19,6.403679736087028,-0.563721361385247,0.3111842343079333,-0.5380442037036485,-0.16082429324768474,0.09020487561831364,0.1671188108894259,-0.06283932490301498,-0.021143375614344633,-0.013589502954720861
2010-10-20,-4.867595391206972,3.033714010559686,0.9774258030989659,0.11596409602159968,-0.01625159210751544,-0.5475712063720568,-0.025482942751206134,0.038201291700953155,0.15707484383906534,-0.0005489122388122247
2010-10-21,-3.225923728851955,3.6762394357923123,-0.14066056078185343,0.23277949665008782,-0.8726949048543836,-0.5914303221359463,0.07967906888921739,-0.059998372686601326,0.15131636629373083,0.10984211495411476
2010-10-22,-5.258568313004695,-0.7688672843357554,1.0003069567519018,1.2856098620725511,0.19223133211213025,0.09376577689420927,-0.09228507423791028,0.06522707975583394,-0.08891712745714545,-0.007600758586550181
2010-10-25,-0.11234063866259872,1.9660808128970348,-0.014503077598227485,2.308472922608394,0.5053034824135353,-0.10622012217359776,-0.2860674728991103,-0.11154438198468117,-0.12242792221846831,0.002686255591396251
2010-10-26,0.5819926692720274,1.984009288283797,0.32747339422757915,1.0041608166119904,0.21498591358048005,-0.19410270166458155,-0.07460961743925167,-0.08018500019695622,-0.0021378315693866812,0.012653995449822843
2010-10-27,2.6109463530819523,1.5889271766506194,0.1260370327302279,1.2089722247592707,-0.13282808621211037,-0.1304075353687856,-0.14020344973780136,-0.05228160132713123,-0.07613548498824216,0.05224500304008241
2010-10-28,0.2642734603711918,1.1476758778853642,-0.8808042779463284,0.5855552075815629,-0.010492608578616933,-0.10665941055227321,-0.15832843555420892,-0.03300646014623117,-0.004220379763773533,0.058489328216932125
2010-10-29,-1.4436319420262547,-2.1226881419405172,1.4624536777376766,0.9642172104267382,0.9931595823672456,0.4403901858399311,-0.11202343678591609,-0.0021978170116107943,-0.15232636720969955,-0.15188876463530043
2010-11-01,2.990651777821101,1.789367475858823,-0.43902131505950437,-0.4715238822095898,-0.85844363907374,-0.3412318772880428,0.08645691173338607,0.00816400442684426,0.07031293829817316,0.11010663316836845
2010-11-02,-2.9896360041425605,-0.4193363214822638,0.3692960582997536,0.19854419343130789,0.6002243520472308,0.08036530241570396,-0.01456574506298862,-0.007818412592641238,0.013206442687352507,-0.0700876184910654
2010-11-03,-9.996074580606688,1.7467310377433485,0.9824265892236181,0.10981361004235414,0.22698753442371153,-0.3586171090775579,0.2717035132219372,-0.020038662372929485,0.21646303219354276,0.022682816024757795
2010-11-04,-10.632159640212645,1.7815143157854876,0.9163716267760539,2.358460337877154,0.23438334111123757,-0.22982528965751783,-0.026291051584343833,-0.03611986669946768,0.03693006853680528,0.075633315819234
2010-11-05,3.012742219927194,-0.24685136092180374,-1.712939952979728,-1.0737604409158297,0.16491825860420617,0.05040676444801562,-0.060276993638322174,-0.014977540887575348,0.060655124404970395,-0.0053061378444737625
2010-11-08,0.43507390323115114,0.042093664138434524,0.05382508606240786,0.26015805786307356,-0.023051332521850335,0.00020547765065678032,-0.04453154893921725,0.0022213830151691575,-0.032047802327134736,0.003563211160337189
2010-11-09,4.50359641889123,-0.09177491827202255,-0.5945915834272831,-0.37230486740031354,0.04613385582069013,0.05018521557039885,-0.10166384164213556,-0.008823678037237357,-0.04207385622950239,-0.018746401338508096
2010-11-10,-0.9313262345040139,-0.22131884784802328,1.160503449582677,-1.0419244394776301,-0.013732629629205512,-0.02326671315153035,0.27657294250624764,0.002767828549449141,0.0890959598421556,-0.04325821348185338
2010-11-11,2.0103382096307905,-0.4025295243173255,0.6920940010018236,0.09584486471045929,-0.3071061831787122,0.026960060232219144,0.024866525806826932,0.02600356267303776,-0.06666371342441534,-0.0018276873583963655
2010-11-12,11.02419475511835,-0.7813081191138815,-1.5050313926760421,-1.07529313312162,-0.21713738398796328,0.16062805794691945,-0.1614332853263001,0.007522895735510436,-0.0897054639262074,-0.020153123405734573
2010-11-15,-1.658875745312759,-0.3616284651256407,0.7861311651013266,-0.6474375363637662,-0.07555560784171705,-0.01822625466528397,0.18929274641893365,0.016767790332561715,0.05985676532361491,-0.019105659839460554
2010-11-16,12.628343607768782,0.9912951204220426,-0.245599623434118,-1.7460021279766287,-0.11079365699293031,-0.04245544035815626,0.05585954315238364,-0.02587893748358694,0.024097626341438076,-0.03353954990850618
2010-11-17,-3.121453429236931,-1.781155343847547,0.37162037992754343,0.20158375465570566,0.042558398027837556,0.18024478882740225,0.006847523742018552,0.04360749938135857,-0.04280069002953279,-0.031077018851081707
2010-11-18,-11.728717908380002,-1.5484063050327965,0.9420977431027072,0.9680872175422552,-0.07090706874412214,0.06754117891020973,0.06260107005874824,0.07370969031678087,-0.008221954911765838,0.020054177355757735
2010-11-19,-2.5654798042923104,0.4350795648399415,-0.23155080999198582,0.12357102819063114,-0.05782905778150688,-0.07907215494411866,0.015574830696366886,-0.008130068487556423,0.04193782451330854,0.025970217798020327
2010-11-22,-4.664944321870773,-1.549316756813931,0.07620932575143097,0.4986890125484009,0.40021327900230874,0.1962192169481653,-0.11921925645675177,0.07149333662604258,-0.05145535772067744,-0.03923391272911185
2010-11-23,8.05940741059076,-1.2126526888105882,-0.6176470208199504,0.11503464157769762,0.3848737492614169,0.30456884964860387,-0.14505700045331418,-0.04521851526810637,-0.14477395499409168,-0.05894955567229105
2010-11-24,-4.257316119763021,0.5162609576256386,0.993167364644611,-0.11400498703371213,-0.34802448213479303,-0.19356842386303066,0.14346265349407528,0.046066290326069646,0.07048757453394658,0.0333084278667978
2010-11-26,10.988133630354188,0.2308644845961967,-1.5170405116836587,0.31650770606967094,-0.23316447423427908,0.15328917193273106,-0.2226023840517105,-0.08662338800671432,-0.1490124385998441,0.021829055820322744
2010-11-29,0.2372926319824353,0.8358249693736544,0.7060989882641443,0.05551872711415881,-0.24913513020906214,-0.1595665221499992,0.08539827545274145,0.008519812677834668,0.027002038514944964,0.021384560182838408
2010-11-30,11.19913767055249,0.8032069446183923,0.20909835535723897,-0.8760896538955807,0.06574819268591499,0.027432442850122,0.03276974897468338,-0.037167931844945316,0.022795362771556638,-0.04247097910039859
2010-12-01,-8.581876556881388,-0.22777778542642935,0.7505720357054353,-0.010785191241164392,0.5715320090249699,-0.06870810412297908,0.09184192884313289,0.013040747232006452,0.08415290817107388,-0.04629651550617109
2010-12-02,-13.174703991395797,-0.7305540309869487,1.5202671858540902,0.6928107666269987,0.42684340720231645,-0.021922625343527936,0.07012614360050293,0.059132192181982804,0.05211879591403141,-0.007951043048204955
2010-12-03,-6.001968249243429,0.05494216236934835,-2.010986213416057,0.740705191014816,-0.43015011971069744,-0.06777381503286259,-0.16609718169845553,0.03421287528724537,-0.011050736377376271,0.08059171736330523
2010-12-06,-1.0480709216244586,0.25353642588450914,-0.5300429610722927,-0.24191209811336492,-0.1421989946777965,-0.05967756720571355,0.01771877336829325,0.0011072065409438942,0.050519837281490565,0.024741431941060914
2010-12-07,-1.4908647885660051,-0.025942351959515615,-0.022321009079962144,0.5134247068293724,-0.24900859876482795,-0.024113960206780333,-0.028121114165054337,0.01919177012648428,-0.03241121658068943,0.03342553660553409
2010-12-08,-3.922933939063464,1.6310851297665574,1.3073653156730842,0.48354569023942195,-0.20058829768968398,-0.25404510197068236,0.19704527758592985,-0.04980637500645043,0.09938905688608575,0.04317779455391377
2010-12-09,-4.550656411338765,1.342413337175372,0.013397446409344996,0.8449785740474716,0.5180794672808099,-0.11004766524006228,-0.049156867824606605,-0.055377522328063526,0.06539075772274161,0.006918494069604407
2010-12-10,-2.380192027999029,-0.04699938024322073,1.1171167520707324,0.8411555447227342,0.20375417793408968,0.014264993234211196,-0.056950347052079825,0.016041525844229264,-0.062196313888562595,-0.028282188133435148
2010-12-13,2.688057226200959,1.2611320317891748,0.8984345703102933,0.8056369269776904,-0.056967025357757176,-0.12799119373420578,0.006913149860368845,-0.05925806898572506,-0.05868235348250395,0.013614239064452766
2010-12-14,-0.8271789116141118,-0.08814059798178218,-0.015100369590647356,0.2046548262571523,-0.23728309298538425,-0.02452817000188125,0.021274520630526147,0.012528543353005447,-0.005537418862154092,0.02595199663637063
2010-12-15,3.0394475866581683,-0.14477239947225762,-0.32581421921837406,-0.1000241314141837,-0.1301908330546237,0.02030874081949064,-0.038534438161431955,0.005518691860017798,-0.04137957364963116,0.0049087397681969154
2010-12-16,-0.430342885099967,-1.065391243376719,0.11888219885531646,-1.518031982878319,0.4348596939656739,0.14398665502104857,0.06847932927252952,0.021131075241635107,0.08289496918538677,-0.07727398999894837
2010-12-17,-0.615762113191152,0.7491175133236839,-0.27960065381986055,-0.40050031833793914,-0.4578487517872124,-0.13145337313135227,0.17357318142445227,-0.04083781042722745,0.0943847504475386,0.06524912608272071
2010-12-20,-1.7027500509453832,0.10836926977390121,0.6982063285329151,0.0050907815934779915,0.11321353850697227,0.004828644141969425,0.03200108171117257,-0.009054515708924108,0.017444710348374824,-0.012550688729623624
2010-12-21,-1.8669354717593267,-1.1492723110403686,0.5197658089832846,0.20316881903582354,-0.6905303734745527,0.022114604831529244,0.07604086204475567,0.07522363500461385,-0.035794371203618426,0.03098438058815463
2010-12-22,-0.861261193034655,0.4196026655539669,-0.5718599813638381,-0.49658366885530086,-0.14875322954435405,-0.050321646941646335,0.11467537200211729,-0.03453662376344358,0.0978151455561291,0.038372352301382494
2010-12-23,7.654073175158478,1.3462601867114685,0.8554992928720457,-0.39527261300157623,0.043073995777788206,-0.08962373338839677,0.05885481715775511,-0.09273477145762754,-0.04744120898186142,-0.016356391216769583
2010-12-27,4.175127269658751,0.14311805808136202,-0.010282966086593995,-0.13471172987100316,-0.19168793235536916,-0.027508458518026645,0.004224743200975784,0.0009037290084749324,-0.039738336502089563,0.004099937063859346
2010-12-28,1.0405705697919452,-0.2363453665681205,0.21435781048028388,-0.0702229455362481,0.16343579772724257,0.045874564172838445,-0.052511471929489545,0.014360335818562572,-0.026685187928519868,-0.029575298187652324
2010-12-29,-0.5704092312655145,0.5244202689005213,-0.8744113976485001,0.17059128227120962,0.010609382595998888,-0.07135199741840344,-0.0051691918695002,-0.024037608021987174,0.03245716307359351,0.03305917385492496
2010-12-30,1.0775526307771774,-1.5100770746011283,0.11843668595432041,-0.2989890048363417,0.04005026857829843,0.1533764639483136,-0.0814104026119501,0.07350877133617253,-0.06220122131428556,-0.05144187342426297
2010-12-31,1.5070846984231034,0.5885480069752558,-0.47738793748914077,-0.07851759683967802,-0.11799796668059326,-0.07102901663222383,0.026146811240884995,-0.0274446306816035,0.01978871992578275,0.028080732915001027
2011-01-03,-3.7994886515070214,0.15625480426443433,-1.9262319087774702,0.892513858341274,0.2611997434659978,-0.026910053972489103,-0.18635182105791337,0.003512782354032666,0.014923493707023916,0.04425120735639119
2011-01-04,-1.2177007422809984,0.30625659923869497,1.779959839767657,-0.9389907003930725,-0.05663019439962103,-0.016219940076750254,0.2557944648601621,-0.04317257487944127,0.084377664278837,-0.026150830752227683
2011-01-05,-4.087302393232214,0.29435255128728743,0.6966687584370741,0.3816599477998031,0.24621001033711754,0.0012986522270931292,0.0043573337587648545,-0.018300220591016048,0.026843570245397446,-0.007849197971487585
2011-01-06,0.7083331461184669,0.3220012273388687,-0.032717322985430106,1.3575754655018064,-0.13621660180334302,-0.08853984417892702,-0.10953267884946552,0.02042178530987332,-0.0949683960188269,0.024159478103106837
2011-01-07,0.3995542757037389,0.12775300431102793,-0.38479885207472786,-0.7867620408886956,0.15311313361353304,0.015356866873830134,0.051917465802116924,-0.027246045532966938,0.06521352070176208,-0.007355374901528836
2011-01-10,0.403310893590167,-0.6967807604310493,-0.0012424547116165656,-0.35197861959094606,-0.14236573368210803,0.05379775060557793,0.011777649900329727,0.03112553646279002,-0.0073773106214265515,-0.010328479757196333
2011-01-11,-2.9090457437797848,-0.3144981385485224,0.8473319540092316,-0.20715838449306911,0.34300257216832364,0.09211442604607878,-0.02081084718274854,0.004789611609037858,0.018465688614359,-0.04174839289149227
2011-01-12,-6.776527936495232,0.11729150990649051,1.4524093305439334,1.1449486937889743,-0.05715540712621837,-0.021079038095532895,0.016131429660661972,0.00021883253900837796,-0.00313249723819022,0.014784939866718536
2011-01-13,0.0385026050121387,0.23616924133787173,-0.7394155145292078,-0.4737864260624172,0.12333550849447772,0.00277770492935161,0.023103326314648266,-0.02064843043421559,0.058402301925283076,0.009802690008578282
2011-01-14,-4.998636024222675,0.318221012589148,0.11843260637938562,0.48230060430324967,0.04463568383190263,-0.017014671184490182,0.034316315384115864,-0.014451915777291064,0.06058910317375266,0.028164666787381953
2011-01-18,-0.865641203022813,0.34914084363017506,0.6917015834127538,0.28982160745602104,-0.059482735097767615,-0.025058736224464917,0.032214966397125115,-0.027308651557585252,-0.008180337802894802,0.007039617876093529
2011-01-19,7.2416303579860815,-0.5870137633440248,-1.478322408825707,-0.37190724467935893,0.06915749040276878,-0.014447538615354848,-0.13357113598565362,0.05522553557341909,-0.08440788822771701,-0.03363144325212101
2011-01-20,-0.30966007694883485,-0.22831796210460872,-1.5721619338518853,0.39220024216123006,0.16367442165529403,-0.007518419741674635,-0.13320014998045754,0.03519932565816564,-0.004717483036280391,0.011956244184179043
2011-01-21,1.2817286647375257,0.4245498976303545,1.858457803821795,-0.00034052477446211074,-0.3275333903538391,-0.04766189344749779,0.1407059340837681,-0.03861339982694715,-0.0317906725107342,-0.0011649038245252577
2011-01-24,-5.036406878513691,0.21059084188757668,1.5796935047195533,0.3522803103336748,0.6535471215725209,0.10006257247957226,-0.09242714684495859,-0.023417869498696117,0.0028641849828747283,-0.05156663880659011
2011-01-25,-3.007860854825879,-0.40096657501945343,1.0820513653496826,0.056214319940384616,0.3373840630009611,0.12261921150884693,-0.08639724477774519,0.008544122358588044,-0.011190230713103258,-0.029447516165840234
2011-01-26,-5.536253114713072,0.09033309145033165,-0.4292208271094575,-0.11725652404017614,0.05178289303524031,0.05334220209347205,0.02491217378263289,-0.0031615344490041443,0.10342121286140642,0.03162901769650265
2011-01-27,-3.244424088041034,2.5954634327485038,0.5435891598843022,0.17517933010295234,0.03100215201187836,-0.06678427691676707,0.2279325254903542,-0.19003818832189648,0.11460195731280379,0.08657993194872253
2011-01-28,12.518271844170586,-2.1025022782566603,0.8000567232315988,-0.16991519499057467,-0.08112636218662954,-0.011625666747750884,-0.23165049028180118,0.14609641915100355,-0.2587100839122744,-0.12652234792102648
2011-01-31,-3.600678119679657,1.2088704347055697,1.9761812295278482,-0.5476264677499679,-0.5188823328969518,0.09712960042776761,0.2056873268363374,-0.14834061420828573,0.07451016329546689,0.07521461765049768
2011-02-01,-8.963346910736083,0.533989751883909,0.8161341569250694,2.1991804105178883,-0.029994474684874917,-0.1313871770235427,-0.010792448342488027,-0.018294430848430732,0.001796578993391313,0.02144892890061681
2011-02-02,0.6287570539476104,1.4572983401346804,-1.1966203702106233,-0.31679153123121984,0.19945021847764546,-0.080346408100805,0.12435382998103651,-0.07461518135926212,0.07918825051537341,0.04681206239211965
2011-02-03,-1.1298797730584114,0.57708553660479,0.8594355505606491,0.6523168483899537,-0.12412131609458184,-0.05319037292084353,0.04298100742867163,-0.042654948029145365,-0.02083017276906062,0.015107661910484628
2011-02-04,-3.0570724214422715,-0.2500168845803178,0.02061276042693915,0.3742812378970533,0.1758600935231835,0.03371940495976454,-0.06919926364151771,0.01852388213672537,0.00880172759578284,-0.01021886988589764
2011-02-07,-2.248488986883603,1.6285153833798927,0.7496020711097938,1.6561919523733153,0.01638362217402592,-0.21203412371088462,0.08335853310554141,-0.07936160005003713,-0.018842614799665817,0.04186403536025686
2011-02-08,-1.8176148297490526,1.5067971103625948,0.17535951038298014,0.283317999034972,0.2587805055520511,-0.014173609218002738,0.09142839348511211,-0.09928613791450587,0.036115736919076886,0.04953595370607769
2011-02-09,0.1709747918862835,-0.5614239885437037,-0.3067599215604202,0.674783400938165,-0.3517317196894286,-0.15722691882342954,0.030636948191001184,0.05642442172435398,-0.005199894326235671,0.00798106699605838
2011-02-10,0.42546743564133005,-0.5218065020525524,0.588008161590941,-0.052472172450901605,-0.14434979035937368,0.042338741623938116,-0.046936108290404274,0.022756672614029368,-0.037566572827710885,-0.029475520192412955
2011-02-11,-2.076002651584788,1.0227651320823181,0.5774084604045927,-0.21267616717346974,0.061660667208967686,0.0904597228280439,0.11952929918716784,-0.10621827588513916,0.04367858150637941,0.04226646669777066
2011-02-14,0.5747708718573913,1.1915290791864164,-0.6449386825897524,0.7889251457074027,0.3599716651133868,-0.18524240355540764,0.007205959838841084,-0.022810407896473112,0.004271750295591185,0.036126403695017545
2011-02-15,2.510699317973799,-0.25649990110558113,0.3511250657513413,0.05824109169515429,-0.3869569002437943,-0.06682160433296869,0.034053845351644935,0.022841913889381758,-0.032872312541417266,-0.0013985001435068735
2011-02-16,-1.2381236969266498,-0.8395431080539351,-0.06751712380722653,0.5871552153809197,0.42064743429658985,0.02003132641554005,-0.2670696472154356,0.08999509056510395,-0.06554821871983511,-0.07964138550437366
2011-02-17,3.081131754322539,-1.096672301981095,0.7842153617864529,-1.662848507025773,-0.4047644693483801,0.22734974449854436,0.030935857779997224,-0.001754246416988301,-0.010842100336848081,-0.033318667245029236
2011-02-18,3.1946635619545822,-0.37049827373200317,0.2539799573559426,-0.8046206194076565,-0.4528600327724785,0.03635938646454613,0.09868765336909326,-0.004239913036602866,0.0006389334765035855,0.008875542711958256
2011-02-22,18.473439598061514,-0.03762746364607496,-2.5661839289553807,-1.1112531606934555,-0.046384685380116114,-0.24083847822863402,-0.135356504063467,0.18459085259038044,-0.10162935993123941,-0.029316074347176528
2011-02-23,8.26565599918086,-0.6448371716464929,0.899513437633562,-0.5105590129094278,-0.4085944699937975,0.0563641475865131,-0.036809767548765374,0.09277843175965271,-0.07659653993850393,-0.03229680401937881
2011-02-24,0.6053926189065512,-0.7295740590084577,-1.0752321186588738,-0.4865060668176072,-0.05613760850295416,0.01400563999864611,0.0014984780345015513,0.023932497335530253,0.013099579978636939,-0.004157587790634919
2011-02-25,-11.947489325673944,1.2251122501284997,1.6585487084664143,1.2892717273820624,-0.05596388462296921,-0.0594571353060505,0.18908720743073043,-0.16357399463057107,0.0765212116662451,0.06331006001262401
2011-02-28,-5.108929205181302,-0.7849422490264236,-0.05522570904432948,0.6023196073740562,-0.22272860930905697,-0.018117438889880697,0.04201373150973198,0.01182524720426198,0.02281207699316805,0.009390207064328995
2011-03-01,12.97975566071691,-0.673007332773667,-0.5340145467355122,0.008164876806147657,-0.2520642875917023,-0.03592392362070647,-0.1972762478669231,0.1897153473612314,-0.15480238537551888,-0.034156046283899254
2011-03-02,-0.725679279831917,-0.5541258582327858,0.11212076031357096,-0.6730650004061275,0.11396189629895168,0.08092937521332658,0.010667949879657237,-0.014726617636519222,0.021457702946751648,-0.02827481867523646
2011-03-03,-8.37868194300427,1.0385858242775796,-0.15384671350835874,0.3665696173745507,0.010373748996425092,-0.08436850476305074,0.1761791263184859,-0.13236235432037274,0.11422017288156928,0.06456565044412686
2011-03-04,4.334760294926495,-0.779405015019502,-0.4201067810927534,0.17687143906851646,-0.049492663885033296,0.0005695768230011376,-0.13695112647875782,0.10690700810192011,-0.08181536638852421,-0.03001746326678922
2011-03-07,7.22457097981424,-0.3663150916477171,-0.4883578393987462,-0.7843646116142073,-0.1204159338433785,0.0429653363812956,-0.04697431800744186,0.06108816932059612,-0.0400816925083962,-0.015368392161533033
2011-03-08,-3.1605694766075154,-0.1475374748738847,0.7171369778529794,-0.06387696897011125,-0.23438491428131045,0.001456971415196862,0.1142531415057986,-0.041143206423186654,0.03522812911846819,0.011352384088296705
2011-03-09,3.038430365173992,-0.8322263846565624,-0.9439885334771869,-0.2087393289225597,0.012211952518131307,0.03879877617133079,-0.09594146015740541,0.07581444337478895,-0.04394940744624087,-0.018205230623706176
2011-03-10,8.748545699746394,-0.8016395497762194,-0.2720694660223427,-0.5063771663046254,-0.06727358090543169,0.11267166495406543,-0.1110208434432016,0.10118776645589035,-0.08315165496729676,-0.03223017934355107
2011-03-11,-4.936256423398645,0.629845122111072,0.12206924235093276,-0.22598611516517253,-0.11423380311138927,-0.09048411797629079,0.15168219070058553,-0.09040386816103535,0.08771474024075336,0.032897802870963035
2011-03-14,6.163977823316811,-0.7502617450091804,-2.2522730083722426,-0.6933635641995207,-0.07897471961344407,0.044470725277869105,-0.11621410861455915,0.07420006690916985,-0.03925480853528281,0.0077722460788797396
2011-03-15,8.17180761606506,-0.6809425158652762,2.056449801931192,-0.7341933593370276,-0.4694113865774553,0.12549436520933951,0.09590441877244367,0.06968125366810315,-0.04270170976290328,-0.03192285702950895
2011-03-16,16.282880391739866,1.200101611422592,1.4831324647688218,-1.4439624872140846,0.13901392745503713,0.15117768457707895,-0.045431389174986486,0.09576490783401766,0.028121004007563847,-0.03918251119275181
2011-03-17,-11.696969503769253,-1.2990928010161826,1.9149790099912347,0.8115141497186545,0.11829470034001338,0.03424664749294887,0.10917386766341027,-0.08930814415683402,0.010545088940733156,-0.018718053803834123
2011-03-18,-6.276009448313291,-0.6557821570963219,-1.491616481782266,0.19365148851000757,0.3047556468201997,-0.02745779023220194,-0.06594861790072631,-0.028365862381239674,-0.00905281759570848,-0.013831670631341018
2011-03-21,-13.621107979212534,0.8970723868914078,-0.20248137958241355,0.25221255082329125,0.38802622856208946,-0.06859733588534286,0.01706552706402116,-0.16291188451177807,0.09562624128972473,0.022010283571684507
2011-03-22,-1.7823563136884777,-2.303900188809851,-1.8376757465635178,-0.2533233250248667,0.24764839672349623,0.11001056443264656,-0.12990357971015024,0.12273666489065531,-0.030668627389906476,-0.04211333519157328
2011-03-23,-2.9898460215047975,-0.03197259577294296,-0.2106168179863422,-0.5325514976626363,0.061329930740336054,0.037872731974158975,0.022222380821330802,-0.03364927702750034,0.060785698721662965,0.007877948571633847
2011-03-24,-6.919281649924995,0.785624002019119,1.0737646319782046,0.8283304255314671,0.23972438416227548,7.618806046520973e-05,-0.0348067883226978,-0.07185935943555165,0.031756071298145894,0.011781103788714557
2011-03-25,0.667557606390354,0.7922046010430293,0.49278774081889215,1.2262055511513663,-0.09343118204268991,-0.14663704955855028,0.0007962744428230899,0.0004340903970443399,-0.054642919546613544,0.006130868695031399
2011-03-28,3.7173585058813905,-0.6552256282114273,-1.2252450526960663,1.2830673064529903,-0.18573116390141545,-0.08579058581217865,-0.12405218147788752,0.14003738758271403,-0.137801073592269,-0.0006562844189203736
2011-03-29,-5.407738906999267,1.9947053304615345,2.1378305398149164,-0.6987377297759112,-0.15140590099257858,-0.02907372947619134,0.25568169659960416,-0.22846792038414007,0.1668559619328808,0.04546368257845589
2011-03-30,-2.2672324193724593,0.19612101961555206,-0.9781997154960128,0.38517303750595056,0.12463688674953664,-0.06711977056624502,-0.01738749033208518,0.010320070243756467,0.020147074752364314,0.012705494900892506
2011-03-31,1.318169491538398,-0.5100828977966149,0.2912986435588517,-0.8106982095023568,0.04668518816251524,0.10976488016004744,-0.011261819972140118,-0.004041646182763796,0.00681773803214051,-0.019050868817069425
2011-04-01,-1.6060163307792852,1.0425994079124223,-0.7523158434235506,0.05233642034216754,0.18948693324307903,-0.06356174292495795,0.044092473655062005,-0.056503598624811066,0.05544730167929567,0.029544705545337974
2011-04-04,-0.9960079725968112,-0.36666712097752885,1.305249272104744,-0.3653965299367841,-0.38721216223840643,0.0958899675103823,0.08140789708327055,-0.039949462038913114,0.009284054644005347,0.006692377019879794
2011-04-05,-0.29301955397952967,-0.3419584745171346,-0.3959361667735428,0.1847503884385945,0.10553071059845943,-0.017881661111996367,-0.054004780627616315,0.03938843095326037,-0.012112469679628663,-0.012368949912761898
2011-04-06,0.0479157163357378,-1.1825060507589,-0.11331011655754102,0.5250828986070263,-0.6754195451185049,-0.09037366204575008,0.055327992288455474,0.09810318028242362,-0.04052610272575867,0.00884992020006058
2011-04-07,2.740435496725714,-0.5673753772477949,-0.8254130484061275,-0.367675190962606,-0.40176753675553245,-0.04022651620937355,0.06091888651789813,0.05459233637300577,-0.007351793740976966,0.017580022856221237
2011-04-08,3.99192247408118,0.386911625626557,0.26534448614879796,-0.38656599631447086,-0.08884501885603462,-0.011907376281677762,0.0463004203447128,-0.02513612087166594,-0.009288014501215481,0.004245996307196044
2011-04-11,-0.6702440038913683,-0.8182977585768929,-0.4700385874814874,-0.020572855039203992,0.13710477567891072,0.047187250138148375,-0.08902475189372594,0.059340338813312195,-0.023413272986105058,-0.022501792625984264
2011-04-12,3.281554016313119,0.31495583146311723,-0.838138227822142,-0.5831440397491521,0.35092141715896497,0.019315177704998424,-0.04953778405798805,-0.00876175584131116,0.008263245879767964,-0.011842394595010897
2011-04-13,-1.6768960276307217,-0.48974412243212256,-0.21706159452468665,-0.11143366073064015,-0.06265694757090007,0.024547613104938342,0.0014606174589834175,0.018630293672177244,0.013498754192422033,-0.00022025587840296453
2011-04-14,-0.392702449973039,0.5028166240856102,1.0265571908146234,-0.2924969682443677,-0.41344436524190736,-0.015744891449520973,0.16288079439884462,-0.07697750700374488,0.04573600673063784,0.029683176682885594
2011-04-15,-4.183845517697841,0.6229058207315423,1.005756129305496,-0.47741734570336547,-0.3528897639098978,0.06984064284636518,0.19496134080666816,-0.13243465953385647,0.09984829500601308,0.04271102706473318
2011-04-18,5.569879801381049,-1.1234125456804913,-1.2129554333738701,0.1266636029753829,0.14233077310432282,-0.06040345736104165,-0.16783111264885073,0.15877782905001453,-0.1031233246330737,-0.04116776063837999
2011-04-19,-4.661251804876876,-0.3059349691628848,-0.07767809786406821,-0.3004371177480137,0.016831783588892563,0.07534946931796713,0.02310779442203554,-0.023248508120819463,0.06812430526170177,0.006450146584255491
2011-04-20,-6.792959963513242,-0.03318886592740182,1.0264730076396653,0.7910447006490174,0.1387443322401171,0.06065247422482098,-0.06862935694303225,-0.022727348750241672,0.017096392995852316,-0.008403698668988555
2011-04-21,-0.1062054378917431,0.6114609274041732,-0.39490406719168725,-0.3106994653737336,0.4908498072595997,0.05316534918568664,-0.05239314568675167,-0.04217592491763567,0.028873575623109448,-0.003812898511290048
2011-04-25,0.14355682942355116,0.16546651406859564,-0.17949221574255136,-0.28418168228201357,-0.0024329936121265843,0.016461429506843536,0.03269804673842573,-0.020234839573416135,0.024636644721053858,0.009362921382049274
2011-04-26,-2.3855544900360646,-0.5236788651813185,0.054338693098347025,0.5923095808173413,-0.09337489349391732,-0.03242593864351765,-0.04448353529978466,0.052869323486321854,-0.01594068592291955,-0.00757929511699308
2011-04-27,-2.5098999268150366,0.6040515013896655,-0.43843553603757374,-0.34170817152134975,0.2940096410029089,0.07839008725478604,0.014711224101703007,-0.05305338791287548,0.07698953726870947,0.018620241114486156
2011-04-28,-2.5188575241126205,0.5485439291953162,-0.5860357968721632,0.17534635737691326,0.36673110380407853,0.010865343494079879,-0.023511145238823635,-0.01714991299497254,0.04937994718981019,0.011559405731954525
2011-04-29,0.13293058395850635,0.8516269879282649,0.14263395588894442,0.092272881129227,0.08336199554977371,-0.026707852086519122,0.062088929714244526,-0.06487286301537645,0.014320950713982634,0.019618013705674276
2011-05-02,4.736921639587413,-0.5651134777464475,0.9136661505494024,-0.1116456808704905,0.2177766440371171,0.03064543739897796,-0.18160023751548854,0.0359039071493502,-0.12527752457821573,-0.06345898647724421
2011-05-03,4.2159347408318935,-1.114744476668788,0.07353575489604505,-0.5158583803575838,-0.12495132057568638,0.026850674274755994,-0.05204436885617579,0.06866318927550588,-0.056468029017445305,-0.029859701323371565
2011-05-04,2.3610030405356253,-1.4041373109044504,-1.2554774689728627,0.22285435331218215,-0.3289002966276218,-0.10758456704742186,-0.01628584656348166,0.14901433165888914,-0.0547142728982002,-0.01446495067909102
2011-05-05,2.9227237811721833,1.066707195528405,-0.5828540894323113,-0.6061450774114275,0.2745863788415129,-0.017814385308515618,0.03696934305372677,-0.07133144561425991,0.03984919631904796,0.007719552505815729
2011-05-06,-0.09090054320324822,0.19325654654395247,0.6142156622329509,-0.15333120283033372,-0.09589702957156393,0.027143370101291413,0.037857162868780464,-0.03654086289207789,0.008122269676576699,0.007373201036368125
2011-05-09,-4.199172930952211,-1.309164632676402,0.16054163607255317,0.4558757321515399,-0.1656826996501814,0.04430843411469017,-0.06816925034647937,0.08561182723199447,-0.01463067072236725,-0.01036146566463801
2011-05-10,-4.102397679000931,0.5020400883023676,-0.11557503633615399,-0.34858581682697143,-0.05593692660468519,0.069703527935663,0.07583090159821333,-0.06218005348199904,0.10175384188286066,0.033784154394673784
2011-05-11,5.213357088269526,-1.1122022390260755,-0.9418389699044754,-0.21149697927758196,0.12233464494345374,-0.03891381219697845,-0.10287690227095071,0.1150123647766955,-0.085932554395124,-0.040226715511752005
2011-05-12,-3.9129168560075764,-0.03484027813164951,-0.38050023476791206,0.38006831395117746,0.11091804645533439,0.0019121090260557129,-0.042180111734825575,0.024399179064148895,0.033543839437175954,0.005876926062482911
2011-05-13,4.9511542126007475,-0.4738045318226817,-0.640276719746256,-0.5449018597761938,0.05783832241201263,0.0034498880413505605,-0.02283037445990598,0.03524884610846604,-0.04356381324327462,-0.019997083983247718
2011-05-16,3.663128255809642,-0.8384224166857077,-0.48186777864806685,0.013931237943373411,0.13111080621449647,0.020743759001696737,-0.08897382012101913,0.07334977463712213,-0.08380393374483536,-0.030812557615035194
2011-05-17,-1.8047568964206033,0.21903251101310015,0.011682438537021427,-0.6251444730671596,0.07433117177461725,0.056559499016487956,0.031559372182677646,-0.03973148094531307,0.07848133342276342,0.01074462235160767
2011-05-18,-5.842941293493215,1.0688348965991752,0.002963629224720143,-0.004104451352240494,0.03208939016970817,0.0174863915222786,0.07392383484218418,-0.07994284752600157,0.1291442090001261,0.042350616922953624
2011-05-19,-1.8748940380657433,-1.1564828271897356,0.44528365713694973,-0.053890521357838034,-0.20501926157936004,0.08612194800282896,-0.05621023450222469,0.07352398497348478,-0.017519734618525084,-0.0064543196257659296
2011-05-20,6.799580695984025,-0.1949816787988862,-0.7594189256442301,-1.3526015830059523,-0.20510293866437584,0.005173523701744401,0.11110824282120298,-0.019768565020493453,0.007413651808101709,0.0011531915639502387
2011-05-23,4.206191379754168,-1.9412849439576658,-0.7397068422976057,-0.002928798043424802,0.18930930879015198,0.052878354962425884,-0.15668315742371486,0.15736228001388583,-0.1300821219472734,-0.05171131796800528
2011-05-24,-1.8678469294222928,-0.5019247461514632,-0.1974849761888564,-0.338319899602433,0.03891469827277217,0.07387092742778147,-0.032299564745409015,0.03516322017202446,0.03350208521093252,0.0038532854586454507
2011-05-25,-1.7245259681946883,0.4550138307439249,-0.3293360613285781,0.10514927536714617,0.1193311203066212,-0.01698289949958344,-0.011788136102306331,-0.016320919702024598,0.03980767615512463,0.0050930660459971855
2011-05-26,-8.417735222419381,0.9291669435084468,1.5760984649544518,0.06704420102253192,0.06099893742176346,0.1622306467220872,-0.01756211034275518,-0.09373434266096377,0.12599912954316855,0.04463641439595932
2011-05-27,-2.7390389794027423,1.3490725021796204,1.0322993115036572,0.5973066460733858,0.027516130434098764,-0.011255907343944386,0.04648888489059131,-0.11733059890393774,0.022287086521155932,0.019511000565047187
2011-05-31,-4.762455292329943,-0.0750129935866742,1.0406411652259764,0.567163558074231,0.187223691110773,0.12675332804693576,-0.1405679318526745,-4.310062502196591e-05,-0.0038462567598886795,0.0022730791300043197
2011-06-01,10.186958644863891,-1.4102413812485985,-1.3599874100756169,-0.2495435462431434,-0.08657152050122922,-0.24416774791957477,0.04447019840385359,0.12385187547481685,-0.14531408052010814,-0.05456066128155204
2011-06-02,0.07191069598019054,0.4305183493930346,0.30225657435671494,0.002572180653888793,-0.05866757746326419,-0.014615791565882254,0.0368805152690096,-0.04435217283580689,0.011163198803860182,0.00722114088119162
2011-06-03,2.752887918176185,-0.6229100224585974,-1.097092846136498,-0.19926529883907126,0.14077888669033614,-0.02509689019528209,-0.03505358400736844,0.07150434227678186,-0.03120923163463722,-0.02224408265307676
2011-06-06,2.744221909562711,-0.7836701652655158,-0.527687706085879,-0.07558682750830538,0.11427531633193888,0.010623896841643568,-0.04401283250730763,0.06271677804141226,-0.057283560687121815,-0.022650241764337126
2011-06-07,-1.6633824936859964,-0.356741422939149,-0.7415598343726434,0.1578700680569288,0.10684648548537261,0.013652467741265668,-0.0639263044085166,0.05855915754985742,0.0031424472529315685,-0.004482817779361532
2011-06-08,3.084401427344522,0.6214141789247265,0.7911074681307472,0.8072567906960801,0.1821748950379487,-0.08916156386250715,-0.0008348502371421341,-0.056223485862492206,-0.08885369490305076,-0.02223126932200266
2011-06-09,-5.273394263894553,1.1828336404153643,0.44082319673041775,0.8246268230736001,0.10052422329198442,-0.080495724338015,-0.022345525396365046,-0.05510884339341503,0.048777503829965894,0.016158070867666057
2011-06-13,7.280808167988013,0.08326704400910903,-0.23657914713982506,0.7222159377680998,0.2178152822826092,-0.06754087538768536,-0.04453968377548722,0.005113625657476275,-0.1455267651922742,-0.03914996479593169
2011-06-14,-7.00654464303059,1.264399830604313,0.3484982786914588,0.5958292184949323,-0.04469792075450772,-0.1049666359520323,0.02244153631632547,-0.0604634837856426,0.0938961167689386,0.03379816149350767
2011-06-15,13.507714275826517,-1.2173013176287488,0.468074780929839,-0.4837534159895935,-0.3332491514691711,0.06704885507304044,0.07186424139837252,0.048774866288907065,-0.16736307249979274,-0.031080245247870217
2011-06-16,8.854842519439016,-0.6369289728050491,0.249162985347651,-1.334630104007792,-0.43647354073820904,0.06900609153683206,0.1553822952606377,0.004858088749937257,-0.000644091018380539,0.0010853322890340264
2011-06-17,-1.5756246262136993,-0.8909637061703733,0.32776586276130726,-0.8568059500854082,-0.07806143231359058,0.0781855507003112,0.051136588466812544,0.011303741609838847,0.04687960603129983,0.005874455080909087
2011-06-20,-5.81909125035785,1.6864249117436854,-0.4029539716624213,-0.1406731396194665,-0.29677826536444574,-0.14978057998712485,0.05825026306713261,-0.09725059997401947,0.11846044818706822,0.044430706222540896
2011-06-21,-5.048457718280667,0.2490146368675103,-0.6744098931750494,1.4808018213911052,0.36301206741815895,-0.07099093819083571,-0.15141880569365712,0.043065792851944604,-0.040361281911929524,-0.009065553915308862
2011-06-22,2.307306180924559,-0.6782909308376288,-0.9008468875226845,-0.4058310299861618,0.15306232354965782,0.0658206565987512,-0.05297884897631338,0.043224103487516,-0.021529896969355165,-0.01761424220063638
2011-06-23,4.110206512232077,0.5173147940111704,-0.32689419752453003,-0.8283077247916415,-0.1609277608596113,-0.032762037845677106,0.08822119874108106,-0.048442934548641986,0.039474633542106945,0.008371928905830495
2011-06-24,8.184825400255514,-0.9653573000406637,-0.36721814719506246,-0.43928141832728856,-0.2037622945793636,0.07950623606876571,0.008145033794594275,0.05165344249457781,-0.09018634998419392,-0.01766989194112785
2011-06-27,-4.272054859532159,1.2870274317799097,2.374332379769539,-0.010541732388772478,0.03450884904399448,-0.05662990948223768,0.1002789663389388,-0.10972745000984847,0.0871082233754862,0.017189122161557085
2011-06-28,-6.319365998166315,-1.3685629387577591,0.2030793148780737,-0.3727359816038499,0.16090356140595727,0.15746454452468173,-0.06601663320845245,0.04159508739320277,0.041983666770232436,0.0036185847881831774
2011-06-29,-7.391587100100704,-0.38597628382109417,-2.324422218563672,-0.6592147995859847,0.3334808056061762,0.1016220443451743,-0.11566084625823472,0.06791494490791114,0.13667237311573857,0.011184793907994303
2011-06-30,-5.604648800369867,1.2571519117724443,0.8605565947977519,1.4614729228091903,0.719157141913942,-0.03352339463311535,-0.15559480827124533,-0.05724075299216636,-0.010224952520367269,-0.013892405469821126
2011-07-01,-8.479104356611938,1.9990346964514447,1.530199340869687,1.0555063189952345,-0.17821835603823957,-0.0277245437997667,0.07493092029832156,-0.14564090626419574,0.09050851564974219,0.05750114061323981
2011-07-05,-0.021270672935021186,0.06597069579450875,0.6121220391527249,0.5610791258853234,0.12870243895035496,-0.03499422191464705,-0.05340270323966053,-0.006410094754137672,-0.05192225283860847,-0.014451469371107905
2011-07-06,1.288553400310577,-0.3898445269657229,-0.01619699736504242,-0.0558698779725408,0.0977416215135989,0.007526137527619092,-0.04045001785958509,0.025646386545008226,-0.029142432388322054,-0.013755207738876483
2011-07-07,-2.9886992039591034,2.997452314239497,0.9500980978431044,0.20003211404393687,0.044635133150120215,0.010844054671306369,0.16788205481478802,-0.23192773095052677,0.08673573911991966,0.059110615110984775
2011-07-08,1.900307671067604,-1.5435932166518196,-0.41775977514853047,-0.7781879405885653,-0.07751899496523024,0.08583832240737317,-0.07165935360205847,0.09303341589424372,-0.00939308900037978,-0.019667513644409627
2011-07-11,12.77707043995734,-2.1260674788489315,-0.0891903405170757,-0.5725459539113561,-0.10704594950541582,-0.09915786973628835,-0.008675835644502115,0.1321600487298543,-0.16584792800618622,-0.06760095811486057
2011-07-12,6.566470996614468,-0.08823866826112725,-1.0379129000384484,-0.40017570153584187,-0.4232956692569692,-0.12256425422381896,0.11920308019261848,0.034965249986421365,-0.028831032234718737,-0.00747414135338092
2011-07-13,0.2145813172372133,0.2371672933739716,-0.8295571609097139,-0.37589203768104024,0.2743874803254042,0.016109336554222125,-0.037927437189274035,-0.007228117956727085,0.03134913354107322,-0.008883633393593006
2011-07-14,3.8462836861292398,-1.2411235100405762,1.4642243285109573,-0.2115457280355452,-0.492091911431627,0.057540289285993126,0.08935308108465789,0.03704564344119762,-0.06067739420053342,0.0052305616644762
2011-07-15,-3.9100510078578,1.4029345692263107,0.08281410039990159,0.008482007905662753,0.21075059643869962,-0.010779465107697844,-0.022727378130224345,-0.0934615860065427,0.06598184267139988,0.01876267543743419
2011-07-18,7.454724093475117,-1.5058848200111128,-1.6389206448638032,-1.3615079759769106,0.24922071791411718,0.1004132739307392,-0.02635058232156021,0.09564980934041413,-0.01447706259232177,-0.045510010876807394
2011-07-19,-8.075159868286391,1.1096367186056684,1.0558873836477627,0.6199134479102966,0.051616304662099655,0.013512307303544292,-0.03626624781964505,-0.08526059806547107,0.053814079362985844,0.04026897236391472
2011-07-20,-0.3573115814726994,-0.07300990078961571,-0.3846521918081621,0.426713092344614,0.1131402526831638,-0.050897505436156044,-0.03279564722672059,0.027652534060447063,-0.018128220045517982,-0.013256638761431556
2011-07-21,-9.34633567603964,0.628587274363722,1.0412439749338323,0.5641130768021418,0.24927090717734804,0.1327101786978047,-0.10479517888419697,-0.06343949038620915,0.061217608286180614,0.03552292841468504
2011-07-22,-0.5594139762330282,-0.5271921230633027,-0.38568804409283214,0.06758752648115805,-0.07531440585714808,-0.018151762360961887,-0.006126178539109658,0.046342483540962945,-0.0005978968732722295,-0.0035459803753433057
2011-07-25,5.145439297227494,0.29931076055738665,0.41758057322699743,0.5112601973257338,0.2382311506491325,-0.107130760763713,-0.010047470932854363,-0.008674931085860404,-0.08478050333809774,-0.03549534178442443
2011-07-26,3.58583445625233,-0.641584378563856,0.2013178744106791,0.011097563565556193,-0.12274618374725316,-0.01926789904531126,0.03308794676204142,0.037850963802413616,-0.04700993920150261,-0.013438318059463421
2011-07-27,10.546010517010613,-1.6814251718093312,0.4942294175220288,-0.3359797514771185,-0.013917493121033542,0.07880835637712846,0.10325455737842736,0.0852445347848735,-0.08526906456874092,-0.03699276604857226
2011-07-28,0.31262741925106885,0.6399132410054822,1.0723019030899934,0.26621420712179733,0.06619202797695824,-0.012139540966493726,0.002422929184597528,-0.04640677840002814,0.006292418236769357,0.007183060056839578
2011-07-29,0.6272033411838065,0.8821806475088166,-0.22652916015503646,0.33870092898619863,0.15477794472267087,-0.0647545481706614,-0.03874016702680614,-0.018630979531417843,-0.006200917047043961,-0.013586571203577104
2011-08-01,-4.093544482154953,-0.7362769647822641,0.017595341635921236,0.14586221320603,-0.04072067728254928,0.02999728466037251,-0.022260189141017336,0.01983797397250343,-0.0009634526635777762,0.013612876301298631
2011-08-02,11.9947894264424,-1.1864149728958715,-1.8298988145583623,-0.3579193557395678,0.21890031091737902,0.10064199681421487,0.06699002400385479,0.09751693273453078,-0.06526775398245542,-0.07148521044020896
2011-08-03,-0.9332214288707357,-0.03568064488636077,-1.1889597762267492,-1.15063204387992,0.23651138434306804,0.032266381617197484,-0.0543421497580956,-0.017917594222732564,0.062204983638600136,-0.010333498828351224
2011-08-04,35.81366495155136,0.27486180509519187,1.4905191540327898,0.2641942127653051,-0.21972853896917074,0.45205785182657715,0.31994114827063735,0.08847902737375249,0.03588913278391542,-0.09703590470771094
2011-08-05,9.304837465987848,-0.24094273501208188,-2.074569535327141,0.3656960176201243,0.1371450997730874,0.3349709210567954,-0.11270515800512984,-0.0529023818439047,-0.021034405450202034,-0.03495111373148061
2011-08-08,56.01542422158676,0.2590442214888113,-2.0253671923034497,5.5203836365891705,-1.0200335250375456,3.3744440401431297,-0.5225295558077345,-0.6808443071502572,0.3912935963104341,0.3190469886266825
2011-08-09,-48.51025783511944,0.6811982285971031,6.898586996537655,-8.226247387213874,1.2830893199937428,-3.479423058654321,0.883009242947047,0.8353876097355086,-0.04774285636983254,-0.3504283543400111
2011-08-10,32.47496360492163,-0.4562606151138428,-3.187065807808869,5.47256599696267,-0.6995401215620592,1.8255266173981006,-0.22931076484482774,-0.19121169951558092,0.06416064158297809,0.07301234608289636
2011-08-11,-15.519660301683816,4.526252745334051,5.441408784464266,-6.555390410395008,0.2349966659300808,-1.8355741656140383,-0.042753166617951796,0.48165757355510297,0.07116798151862182,-0.042357937867587216
2011-08-12,-10.340180335006716,-1.90733863233103,-0.9327034960355383,3.6075624891633282,0.16701723005663313,0.08619763092083994,0.10285422118485893,-0.13562924994875236,-0.1366366030952011,-0.0016338574410112864
2011-08-15,-17.87320731948096,-1.0947134159713061,-0.5594428485804664,0.8905695051309453,-0.25645837178436837,-0.3296661634831509,-0.015113469953310773,-0.14404978332576376,-0.21685159802870985,0.06771949261766466
2011-08-16,1.4216652079375027,0.0713413197834749,-1.3442480915096886,0.29177396797147326,0.3445746876170756,0.08138601948903934,-0.10739697049777783,-0.02735695385147637,-0.021289867571648736,-0.035866976126375974
2011-08-17,-4.276477363215749,0.5047143348054541,0.7133197583135492,1.0454059688863098,-0.0778986635550143,-0.09751436001774501,-0.05345739544493868,0.00612276954685585,-0.04954440659443454,0.031156322307070328
2011-08-18,38.35253224562546,2.3604703100821984,1.6677199150130289,0.910279174640149,-0.30349033261270786,1.0151450693097865,-0.09452307864713567,0.3793817592427061,0.4052187947744612,-0.014157917111437629
2011-08-19,10.67335709435788,-1.2053841960300047,-1.4577272089819875,1.4810245373917883,-0.36976128418885346,0.8371822401293797,-0.039613463397017865,-0.13625598469750222,0.03792765298391799,0.07191872695795481
2011-08-22,1.5375167728165091,-0.9251920816382616,-0.5249421836356587,1.111200725045987,0.2149830921392863,0.47571347819311566,0.059493602770946556,-0.1953386257031749,0.03692009265129952,0.011346142207781759
2011-08-23,-20.849702210544937,1.5861393096852718,0.7594243599330949,-3.4423930116527277,-0.7380147899016775,-1.7707744473305862,-0.05230766855187562,0.27383700767863345,-0.324236956816598,0.0037855133606574994
2011-08-24,-0.6999744406703706,-0.9643697819098731,-3.0083617055501324,-0.16126705735572008,-0.7404536289931503,0.03356485624420044,-0.18201523257772054,-0.1108199911420566,-0.21708363498237218,0.08862085113802796
2011-08-25,13.076925582567435,2.6636129707687473,3.0959598761887315,0.20232836062414628,-0.16270527572125562,0.10902371650365479,-0.0642757214513543,0.338155302649955,0.24088933764467588,0.01360648412390872
2011-08-26,-14.355677912749941,-3.21340396114045,-1.7483883235376354,-1.2105805237391127,-0.13904164332708968,-0.28581918621179675,0.33098897597255117,-0.2812922678416846,-0.181974311358445,-0.025913772473180163
2011-08-29,-13.01539407656062,0.45571937919722394,1.528551314682879,-1.146175425602002,0.19438622862792454,-0.528577600469415,0.15727289248630838,-0.07042094371189499,0.02540384024407229,-0.0282119533377456
2011-08-30,5.1337188569668655,0.7710798978531382,-3.767480427452632,1.5432216123033933,0.07140288550874875,0.22325292139980193,-0.5042891652602302,-0.03091212787570078,-0.1723446245985154,0.0439152858381839
2011-08-31,-6.045327561065364,1.9299629641872083,1.3077203887712647,-0.1920361542531639,0.7254653396045546,-0.3448578659007054,-0.036668781979543805,0.005078340056018894,0.07945904595554429,-0.061484043026336664
2011-09-01,4.837459388427131,-2.215255797502597,-2.3548213054733376,2.2250732134536917,-0.3403302091586207,0.6696416741643763,-0.22801361525546912,-0.10903145987315191,-0.1888254546116069,0.09560624989555379
2011-09-02,12.527561615174085,-0.42847707708891875,-0.15294207397281445,-0.6056461299395155,-0.09954198989446665,0.42316929077516285,0.036722568091937115,0.02714261036757458,0.11553746639904902,-0.008993738995572783
2011-09-06,7.522207470205399,2.1490016745101927,2.8403933959895937,0.30209554521241816,-0.12293603695527969,-0.042817695162291926,0.0098151632778398,0.27947307217532263,0.18108471175436597,0.0033916335174812924
2011-09-07,-15.601236595855879,-0.3928712542131074,-1.1683766542490144,-0.6951265321737511,0.04014889829558971,-0.6022121936514667,0.05361200156044111,-0.14834912623277383,-0.16854897227825572,-0.01563556004846498
2011-09-08,6.924615659116996,0.6900900512451362,-1.0289635292664854,0.3486640930273575,-0.029902718468529384,0.2134509482461713,-0.25725755380435783,0.026329457806212268,-0.008807852153707656,0.03400779732970261
2011-09-09,21.722460312557406,1.263696956983288,-0.0015206242183689893,1.0665260690431597,0.009046179759229042,0.8729174637992855,-0.3984822987365852,0.14690696697778693,0.1902886009519446,0.059052492426632394
2011-09-12,4.143299988434359,-0.3845633602305879,0.12902320429298603,-0.3069867570066535,-0.19029305068466004,0.1507386999245453,0.06622298034579184,0.02366873283348752,0.04961715446968264,0.006660533374687622
2011-09-13,-3.497743200970478,1.5886806946731384,-3.215140990211873,0.12237986569594883,-0.21227667393738778,-0.3257474411079023,-0.6481617967617327,-0.05520403647522303,-0.25884676978648374,0.1142772334446845
2011-09-14,-6.02693886965022,-3.616341749783549,-0.7182123303381936,-1.665931585456249,0.6120822747987082,0.08060847201932414,0.6253828970093439,-0.30404644251130786,0.06366391773185488,-0.18201673084290873
2011-09-15,-11.62970636267635,0.8547318980018707,1.6007476000847407,-1.658627533322267,0.12512221453375744,-0.8666522903801787,0.33664732930730024,0.13710924738884805,0.024553311637079224,-0.09263123448605078
2011-09-16,-5.392555399818709,-1.1316319432372575,1.6279780217288213,-1.3651705442884563,0.30088871174642706,-0.18377392968638004,0.41503243530924033,-0.013352986997467795,0.10239306225153409,-0.08830045272244161
2011-09-19,8.203954950280991,-0.12103811193718444,-2.742551641661847,1.0383414704048786,-0.1832685296426949,0.4306475081505374,-0.39164782322899644,-0.08074975262401891,-0.09331392072041936,0.06478951759823345
2011-09-20,-0.635038837969537,-0.7388777741876394,-0.653447838140305,0.2630844045306746,-0.03793712342359657,0.12892898944583908,-0.01729212462950037,-0.07536632114164893,-0.042996504805383154,0.01736898879821568
2011-09-21,17.935985709490485,-0.5694333835287662,-0.3287677790566017,1.265846856998591,-0.10151780833546649,1.046874774804163,-0.15393416092674278,-0.11250488444685276,0.14328802977603847,0.06177638584700696
2011-09-22,21.983564496440156,3.5462731276047283,-0.19331853575295604,-0.7590278946998724,-0.5715461922029458,0.18130744031772522,-0.6109971350983638,0.4069316346294256,0.18224419829686192,0.07704006356103885
2011-09-23,-0.34445829554813523,-2.885977008250634,0.2640568690035624,-0.5708020433926867,0.2596245154769255,0.3562105420267655,0.5782463646542738,-0.24905513885813524,0.1269044531073528,-0.09930814948166733
2011-09-26,-9.561902037077992,-1.1532548385592933,-0.2986249270573593,-1.20278504485883,-0.07772045392364653,-0.4951864385687111,0.25084008970116617,-0.023488173295610128,-0.13524600049479105,-0.04176051457484541
2011-09-27,-5.946848399226094,0.03839111712354688,-0.48990326831991704,0.5523896762866758,0.2755608044234601,-0.10880854198147515,-0.08996856321293178,-0.08251723688294746,-0.08112523505786316,-0.0007158689186176049
2011-09-28,19.0536387557517,3.5494833402656987,-0.21143339815533604,-0.133614434808896,-0.8522224701777782,0.14053761255673025,-0.6840640594077172,0.39488886933880585,0.07293090839443,0.14439427819276768
2011-09-29,-11.04623423725872,-2.130760050592215,-0.20685899517894632,-0.4938900069139151,0.2786767111216269,-0.20948446444473842,0.4093530126832143,-0.20919189301389934,-0.07662990731814336,-0.07636348371061363
2011-09-30,25.84883067992758,5.255413734264,-2.2419246731484868,0.8071568560046488,-0.6149475633599366,0.44510107002414206,-1.4270993434236903,0.41335121971218214,0.05120238943955637,0.23772869143432318
2011-10-03,22.39477422329703,-1.062440146468391,-4.273154996407638,-0.19023674279719838,-0.24035173440898375,1.3540156441527949,-0.7422357486176859,-0.3959113652035091,0.17480045524694968,0.15803438784791185
2011-10-04,-21.381889506291692,-2.696578414986974,0.21711551586128588,-1.520435348321144,0.5055235521406737,-0.8872896479598351,0.8866991256642379,-0.1956420933245368,-0.19462118377916307,-0.22510617080700704
2011-10-05,-14.88074501445901,-1.5479616923592376,-1.0122900129129582,0.19205643652088356,0.31122475835781643,-0.2998557612577645,0.14298092858016787,-0.24044937168512884,-0.20107431602703407,-0.021660015952524758
2011-10-06,-9.214527584650195,-1.3130704731532516,-0.03922650473233129,-0.33392476283019035,0.2136530098279555,-0.22378154623266286,0.2973384469353421,-0.0988672790150992,-0.06275054451475921,-0.06138980533668984
2011-10-07,3.025505193728037,0.10758485795018492,-0.14698479700117073,-1.5955908622720372,-0.24363940666569261,-0.2608195031298786,0.13361510133698365,0.1415489288056235,0.04174582877350368,-0.04684117022569771
2011-10-10,-20.77629580268276,-2.154956853748637,2.038286826457412,0.014592583421156418,0.18459934445076315,-0.5241701674343797,0.7191181095999806,-0.02480211192874695,-0.08747398148099166,-0.08054329224319474
2011-10-11,-2.0735464021916297,-0.7114362839549794,-0.36915946383222425,-0.18400235115799618,0.14548609124997022,0.03280504924608156,0.06733395412883568,-0.06454033650185896,-0.002889687704995472,-0.022651895334745598
2011-10-12,-14.34443690696763,-1.8489013914732995,1.2504122108244224,-1.0545584863951842,0.4698056784144206,-0.3900110087582067,0.5550334933488471,0.021851572329131968,0.04721281816112488,-0.11789643766963535
2011-10-13,-2.234949836314436,-1.4440456033868825,0.4939799446889909,0.379795089357992,0.060164285192391496,0.1941365021782597,0.1948312307056891,-0.06469250717283928,-0.007960875056445034,-0.0034571305911487403
2011-10-14,-15.57406599893807,-2.055890618981475,2.13013835955062,-1.1978433900909624,0.15259370138448666,-0.41840380432488145,0.5102671143156531,0.14653013719554533,0.05091519094836007,-0.0436190184564812
2011-10-17,19.20100787674214,2.544062944265458,-0.4587377242851165,-0.2715618136970211,-0.0852336365743077,0.18323213425845344,-0.2441316805622873,0.013150568767231252,0.11143967736838402,-0.03127437691697822
2011-10-18,-10.012601477366198,-2.1199038860408956,1.1851701894265505,-2.316739322394361,0.2366427413021757,-0.2748295128930498,0.44523403891050434,0.0687042578599361,0.10238101602168573,-0.05149366613611211
2011-10-19,16.327084184337394,0.35273786212292035,-0.5385944382534544,1.0211458589650506,-0.1382754432334197,0.5288698260909378,-0.05344728415104024,-0.08099916873021344,0.051955190839854504,-0.01785201866701729
2011-10-20,1.0316721929228847,-0.22855806618008356,-0.5458598732587154,-0.2739220973217662,-0.06628312015420654,0.03409883599898634,-0.01570656434243733,-0.019255889599425983,-0.007371889528554668,0.0014472640179752807
2011-10-21,-15.271457261545281,1.8326138405633134,0.8566782867357742,-0.611139448391423,0.06141473939394958,-0.7569102811657878,-0.15997248041687964,0.14315162434005213,-0.06832349478752667,0.03373960767579661
2011-10-24,-12.1154054278649,-0.8325423922770872,-0.6950173506587651,-0.47075469831743744,0.44536533123761307,-0.1496731811536243,-0.00935132370366408,-0.0391946950976764,-0.007009622767586867,-0.007198476201455506
2011-10-25,12.145842746938847,0.49499834298318185,3.1387700571968478,0.3307131289148802,0.11746983495779834,0.21230868844568626,0.2482416644877614,0.07050149615555296,0.14399108706452096,-0.04291763098610899
2011-10-26,-10.632609157831308,1.0167627497261076,0.06124896103887862,-0.33892098777762886,0.019903838065521828,-0.32993969785361815,-0.16176484000506122,-0.003071599635070888,-0.05632788123713234,0.04995507225212828
2011-10-27,-28.983238833186125,0.06747916449235439,4.119725348505891,0.18526129314694625,-0.3407706239515081,-0.18248374975880016,-0.03779752813025054,-0.1326700781724956,-0.009568714704095801,0.2271990247950132
2011-10-28,-3.6615982793932016,-0.25803737872211047,-1.34678493457352,0.35532943887573015,-0.10013971820237684,-0.08369348176251602,-0.03822042315347776,0.02198652304166522,-0.02999400386130646,-0.007401279650111858
2011-10-31,23.562161299841453,2.19593199778452,-0.45624600740592614,0.8710340368739322,0.2569636451992232,-0.016169869463477777,-0.031781142833668785,0.11174434412697463,-0.01559597706609612,-0.13643191980161798
2011-11-01,25.473795077887598,-3.524309977059723,-0.9460069831041313,-3.3543258156779556,-0.8359696537541406,0.5296447180836589,0.5096494858668341,0.11072202456771688,0.17622688581758916,-0.06477982249799989
2011-11-02,-4.262208389650023,0.5929845725120748,0.02187766236848217,0.013070330174993977,-0.07707793089838344,-0.14338874001121374,-0.08719117112387151,-0.008754108386979842,-0.040129571006760595,0.028715343114135285
2011-11-03,-11.623233883133732,-2.1257689105080613,-0.01577142342344573,0.3732200190430121,0.06746340655817441,0.008733579764760607,0.11534735317432485,-0.0581856562785674,-0.046982149910334184,0.038863921961698245
2011-11-04,0.8012079101589088,-1.6401791092257274,-0.10406180303355325,-0.6652450002037145,0.2085327362224724,0.15917792338523734,0.1594435407281619,-0.009680885333640558,0.05251392603442882,-0.01749264392901178
2011-11-07,-1.7782689463013164,0.7871532596219638,0.8522596307648099,-1.0168737416397884,-0.453792962905264,-0.13122157414476565,-0.04836769586349388,0.0038137461808529696,0.011180651810664417,0.06482457601563847
2011-11-08,-8.390555052284398,-0.3663423109952678,-1.3766786345478605,0.12415775308941372,-0.28802984929807196,-0.11699910996672219,-0.1079051722727701,-0.005077699097731446,-0.07511486245448379,0.03860279623289064
2011-11-09,38.43560805740895,1.0358757216183518,-0.612984142017714,0.6664020179538662,-0.08018155712713475,0.5662330029409549,0.17057114013724975,0.09853683236973038,0.13129673664238523,-0.16847360728891814
2011-11-10,-11.86424156878556,-1.679680050027835,1.1398313959219974,-0.3478534614330078,0.01503302026382921,-0.1345339453759543,0.19198638179811522,-0.02630866421479646,-0.022139278646713997,0.04876467082484674
2011-11-11,-12.610955194473505,0.015773591919775745,0.12387412175715208,-1.2359123470138418,0.20963043643711313,-0.21721076689296892,-0.13592544814409893,-0.04430517927947489,-0.005914842988954303,0.05750201673981231
2011-11-14,7.479890559952476,0.3418786909732223,0.38445506556191406,-0.47380725530704704,-0.5394602347325369,0.007107977104544484,0.08298159143618118,0.04511061682513175,0.01613389328278814,0.007763815594834663
2011-11-15,0.3529716829891335,-0.6521878801124663,-3.3788032275058133,0.5593587308528978,0.8305110804873252,0.14754064094751487,-0.15309477527345727,-0.0687803356696445,-0.03756705751352277,-0.1079343998840309
2011-11-16,15.480053328149426,3.0629654315417523,-2.686356480793823,-0.41581701955351597,-0.3628558313402248,-0.06608571512673182,-0.4221446692726287,0.029278954431323435,-0.03652218874908351,-0.03580712183979127
2011-11-17,9.328822835943932,-2.658830457977959,-0.9605073628542369,-1.4302106573124018,0.02409905425645711,0.4263175798609004,0.3060150879239879,-0.06215169343755808,0.11318847184696704,-0.0672939894998124
2011-11-18,-2.6763801789525496,-1.3279516966633715,-2.447645659975222,1.1169254986447392,-0.02039267327279941,0.2669597684609066,-0.14047899623367324,-0.17592805869685793,-0.12816069473957217,0.02909041199473922
2011-11-21,12.518993198997547,12.664874948522653,1.7325930636886928,2.990354964053603,0.5106147256382342,-0.955865863497998,-1.485137758171046,0.49351908601010974,-0.0548782299809368,0.05284708138679627
2011-11-22,-10.595307704366695,-15.135539239621055,-3.854062250596826,1.138577398981409,0.0405308446459619,2.252305653699965,1.394740870336446,-1.153632214727261,-0.06034226264389217,0.007141815854237938
2011-11-23,13.62457938747483,2.195383440499383,-1.1645667689873413,0.7028293288105282,-0.13648453059341475,0.337102663250635,-0.47157385958636366,-0.13940728022200755,0.06699040961728346,0.0423643894546458
2011-11-25,4.839864274716654,0.8621010002435574,-1.4460031652568777,-0.9853595355240236,-0.3150931711278468,-0.1349335833805953,-0.311074683786993,0.07532731512866296,-0.03416970539068272,0.029272587858793157
2011-11-28,-19.749148267831483,0.03737256511970961,2.2086477532365216,-1.178552668089137,0.25119130156355013,-1.0711595435276224,0.3457949065051951,0.4324875799473531,-0.06605211598921784,-0.0809367938547321
2011-11-29,-6.567259950429385,-2.904840567794405,0.265899923683449,0.976378259202706,1.1910535259630597,0.5549335686692889,0.4622192926601349,-0.31896761885771624,0.1161030760807979,-0.11364686119642717
2011-11-30,-20.81710532394182,2.6029256954289814,3.4816244058130983,-2.9348859640835743,0.3157705681768899,-1.4483577306568831,-0.03864886039058475,0.6468982133752702,0.08439190216600324,-0.004467397842902658
2011-12-01,-2.3907085324494846,-0.3294170778075225,-0.5581853520444258,1.0120887967070498,-0.030239365976044676,0.07055476807411648,-0.06224645015313992,-0.04471714032652387,-0.07162467597932905,0.017203508200851484
2011-12-02,-3.61252453021935,-3.1775533962382783,-0.2970742829328713,1.8379468289154732,-0.9892670242131056,0.4391892302451467,0.1624945171711763,-0.06250498267079982,-0.24875214376656307,0.1416970663124581
2011-12-05,-1.7048853116247025,1.3884512110729497,3.5837326720257288,-1.107239661163555,1.8055015437327355,-0.2868325257880898,0.28075487712428854,0.07515623941369275,0.37263389379505063,-0.16748567645860257
2011-12-06,5.201505908739795,6.790989285991524,-0.31772885449952226,-0.13481331199503385,-1.6911266137943002,-0.8353331811876258,-0.6972618597801076,0.15661531724422184,-0.17576311691858673,0.13680189499914205
2011-12-07,-1.0650509675889543,-6.686813036263712,0.9746791738745871,1.0033355810472961,1.165785887551659,0.8937407541636871,0.7727948188466133,-0.1601482997461932,0.12342599778696255,-0.10770506484483403
2011-12-08,12.665142930923126,3.294289531071163,-1.743192562565219,0.10679064785232649,-0.31843326200389377,-0.06686775352909115,-0.45411385431891055,-0.029825069884660826,-0.024463518536241763,-0.029309238482059855
2011-12-09,-20.708500940599595,-3.678025709825692,2.383773253873671,-0.20842158222781776,-0.07062958075791595,-0.13797979505794433,0.4056962123691474,0.1329021481955982,-0.04792668283549633,0.11530951731411543
2011-12-12,9.051329342493514,2.456445052570811,-0.8985433940242599,-2.3539427856110446,-0.2691174604564548,-0.23345023573523208,-0.2181173530993601,0.0322539918504583,0.09021484166362681,-0.029669154808722717
2011-12-13,-0.07326752838099031,-6.666953608559685,-4.090344946139757,0.3601128685354625,0.032216904631917995,0.9511374180507066,0.4303979848237996,-0.2233410399189415,-0.12093046565889183,-0.01762004212877598
2011-12-14,4.861904822608343,-0.7195669154215799,-0.5797700792412942,-0.6350585826497185,0.2713332949010626,0.20360397563038962,0.15702576005374372,-0.09540624849839031,0.0886078509148811,-0.059302431496940824
2011-12-15,-8.439134130360038,-8.187336434529993,0.21590298804246166,0.03362453096489611,1.5436412518514666,1.12768857938493,1.3285249352406525,-0.2331853820291927,0.16877751712323097,-0.07894288072358581
2011-12-16,2.4554396368666582,9.75645759322718,-0.5031354940921915,-2.50312214633952,-1.857253746080399,-1.7302698192030792,-1.6670410405973457,0.5119151634710809,-0.11995374812097317,0.13119409712294527
2011-12-19,-1.963273528224399,-3.047562854095696,-0.9678683531544469,2.6518601712167365,0.8129629627487105,0.7693718033473588,0.3018047886066588,-0.3090327705896007,-0.08522978246695075,-0.05026527147600582
2011-12-20,-17.91462717477904,3.4023188217189135,4.1039837514184665,-0.551254326387648,-0.38103727563951617,-1.0352506897275395,-0.4529143240563167,0.4700708231644273,0.03429866372670614,0.1710496730008994
2011-12-21,-7.7561063294134405,1.7917030820206663,-0.3031196210760362,0.601833296002791,0.020485564014870443,-0.22707860104517083,-0.3305496098907387,0.03280840231147359,-0.024805079219582703,0.03192083821958256
2011-12-22,-4.76918123134918,-0.4659453973594661,1.2108528130668734,-0.492389016170651,0.08042512245572339,0.024277556482878347,-0.008251773647939418,0.05169257449133707,0.05686563048811894,0.06548227616505051
2011-12-23,-1.6643676156371383,-2.161921432353085,0.010510986848106101,-0.7565201564741718,-0.12965974626082868,0.17049771176443348,0.1092845408698174,0.09793498449746064,0.01776369989203719,0.05581696149713925
2011-12-27,-0.4277084535464471,3.169028948812656,1.9708017851343196,0.5259805410173334,-0.2620498191664371,-0.26471637131356135,-0.15251791963122124,-0.12841225638588966,0.007472447184490225,0.026987032871442336
2011-12-28,7.509694139223702,-2.369152649491747,-0.2290790755252126,0.31380905358758676,-0.11163318982695991,0.1460233851693028,0.36646154045851087,0.03292427077363683,-0.055762473691566165,-0.05096069303976582
2011-12-29,-4.966101615853947,-0.25042689261026674,1.7282044387898414,0.9035816757871677,-0.1590916074406331,-0.04918021602977182,0.003792585102375044,0.033640403326344895,-0.03548316187951132,0.07194823444932658
2011-12-30,3.6745718585648772,1.587347015977585,0.22884417931219467,-1.0270714305476645,-0.32046997575648406,-0.09959283520225545,-0.07008222839352551,-0.07142046529678238,0.05448628368296842,0.002452434521906192
2012-01-03,-7.809516921439864,2.0427505946269235,0.5808177511819943,0.7253455255563975,-0.8439098220948799,-0.248325380554168,-0.22496122759608256,-0.014576942687521126,-0.05137336771723379,0.07067087593381262
2012-01-04,-5.813396081289847,0.368561559396081,1.127105936006339,-1.1545672670359832,0.4232291070333498,0.24696877596323435,-0.2121548586005685,-0.08200963239385814,0.11319503300149915,0.09224581374601849
2012-01-05,-4.156317084474131,-0.3870123394776554,-1.2813170505882976,0.6611148392979913,0.23084853565882926,-0.04580210710728373,-0.08571599881874359,0.0869487754980447,-0.019058228627447438,-0.026398352402130256
2012-01-06,-2.8437971095951724,-1.872571198024014,1.4329231512476241,-0.14574228716304855,-0.1239826306999566,0.17067302551807595,0.01550154720870019,0.041967267414225795,0.00802109358456757,0.1004016770611268
2012-01-09,-0.30945011145427775,0.9793362044818954,0.3550280002020597,0.8614738680858514,0.19628660293519357,-0.10096626311093619,-0.019565984844369635,-0.046316242977400994,-0.026619820571731713,-0.032507846808483884
2012-01-10,-3.878126616598435,2.5235108926802288,-0.19033521367678172,0.5357176614915085,-0.10216689786146746,-0.12037166643451731,-0.16224055707484522,-0.0818643452136592,0.006721217868090518,-0.021988146389244703
2012-01-11,2.0809631480657664,-1.2647382925633879,1.1655203578688953,0.7465122761256184,0.1350999477130713,-0.016522464461949778,0.12369885591614294,0.020018475814541904,-0.04889484348584624,0.008013459019321602
2012-01-12,-1.1380305436780098,-1.0148160856720843,0.23579488633669093,0.3855760447038275,-0.25561189835075937,-0.02167798388862239,0.053017363285466725,0.0643405463582781,-0.037454682966158566,0.02148091157166245
2012-01-13,6.159258379893578,1.507067571018769,0.582777838330134,-0.17918009227310883,0.009543794467148639,-0.07615897165796948,0.08732716908794345,-0.11499603643745396,0.014761315147246249,-0.04373555087172686
2012-01-17,0.9809504485950583,0.8566950382135802,-0.5922208001218868,0.2115609684309917,0.21115527474803567,-0.06719563877436398,-0.03468144782923908,-0.01312655734579086,-0.005961768349965896,-0.04380668858535508
2012-01-18,-6.602737954959872,0.9175705069849811,0.1677454167048239,-0.46783246693204233,-0.33041618863558553,0.07586321668643875,-0.174927813435318,-0.04983625951309937,0.04158402576938474,0.06389198832359327
2012-01-19,-2.707705350404412,-1.0422685726162555,0.4504879615927995,0.5281671395624901,0.15530291837577054,0.04028802545541705,-0.028534247029925866,0.042516399055309184,-0.014525107803884277,0.02656694608445893
2012-01-20,-6.184369626510038,2.41252768019918,-0.18647850086357842,-0.4931936672117258,-0.32241100059058997,0.1068770703674,-0.17643345856037074,-0.10253391639046097,0.06674090439397634,0.027596929892165886
2012-01-23,-2.1797401713073445,1.2721041151582289,0.12050744705750324,0.44431175920984484,0.020496266097777646,-0.03218300256823209,-0.033580286423059304,-0.049998095373187376,0.00031198398512582835,-0.008916850619816367
2012-01-24,-0.7548424350031484,0.5582321840250798,0.12360362546714777,0.016604420232991246,-0.08523706729321273,0.010838808844953722,0.0012226555871060793,-0.028717563894813645,0.005375644062071339,0.0030852271242152217
2012-01-25,-5.532509205301579,-1.4813853807657045,-0.5275163117308105,0.5938225110229128,0.23533965925817096,0.03908001758791784,-0.13990270083073134,0.12128045167442508,0.013981559533044016,0.016493698036492168
2012-01-26,2.2224509290762278,0.7162615184820664,0.9116426887994045,-0.34853253667611933,0.009191825410642299,0.07968333706650949,0.016334388906164222,-0.09096287430161858,-0.005603251184804604,0.011279891489266758
2012-01-27,-0.5716041584553246,-0.9297388213290707,-1.9192148376272662,0.8844316903323683,0.12944415963754682,-0.28536334516061296,0.03546770999637126,0.15109202400985688,-0.028434499056211173,-0.06121065593375834
2012-01-30,4.1211852924196295,0.12144205052967225,1.147224245983093,-1.2435019980859365,0.25956386232509365,0.24509821607792645,-0.024161203089356827,-0.09975588607542087,0.025504930593804886,0.03762237096466527
2012-01-31,0.9243120017767815,-0.535351177224051,-1.7409800370180377,0.32179182823747743,-0.16962640194321207,-0.22652669480836585,0.08938969287353309,0.10612717015906886,-0.017351417452556667,-0.054891501303509664
2012-02-01,-3.8387764636091273,-0.03926890332920417,0.8620942324016663,-0.553002389483432,-0.1901503476373096,0.2384929091977729,-0.09669200062714431,-0.03031381974339635,0.050927880372750735,0.06719184119454691
2012-02-02,-4.367932829518325,0.4968653986361897,-0.5011900664710741,-0.30765129620517473,0.18709816735083534,0.18429601166384843,-0.1360610364538315,0.02041585700472919,0.0651839978270527,0.019812358849188104
2012-02-03,-6.649596106226253,0.6875638083487475,-1.063806908823802,1.470532097394557,-0.09205246697692425,-0.2099513006891626,-0.02105556303038957,0.07197692985684348,0.026158885051816953,-0.03171147975984173
2012-02-06,0.35525026131840304,0.693531835790987,0.17368183570552004,0.07808118008314523,0.2309214329951203,0.008864155184778537,-0.01776570983036841,-0.04988609864140063,-0.005038124582095107,-0.007617877261393088
2012-02-07,-1.2040349133306694,0.44378597262224584,1.4501317042426765,-0.1851144895014276,-0.18609352064033524,0.19909077963346697,-0.0320226517426317,-0.07685105364863722,-0.0038293408583650974,0.03903011263571238
2012-02-08,3.1437248564636713,0.27717331546300594,0.6265852288209297,-0.842600974819385,0.29694413303870265,0.19724010052423196,-0.052439568286441314,-0.05549896114348415,-0.013333272577034563,0.015353395526864903
2012-02-09,5.3258090479610125,-1.3021248270750012,-1.3160585713014359,-0.11613652206311897,0.1096673054225465,-0.29281209949417303,0.10782923246919614,0.0713780285807256,-0.024690757062512805,-0.046547949938732264
2012-02-10,10.169694719744951,0.46812369319166364,2.059045494000466,-2.3584703731848036,-0.1392668307491099,0.37884372935805743,0.0672654225548669,-0.15483849824486468,-0.014619459451538,0.05297793762394138
2012-02-13,-5.223988088888683,-0.3480233982134979,-0.6756314199427834,-0.2085345464416143,-0.3914115644458564,0.12540675419985609,-0.033733784077289226,0.06440527797470871,0.05321996870595772,0.026143535325920148
2012-02-14,6.187343276999716,-0.9738710950016899,0.22581982577510668,-0.9541299549754669,0.14754172468020213,0.033764148395369745,0.04393792654890261,-0.009534220025082469,-0.006781200669721575,0.009529817194220446
2012-02-15,8.287798593727835,-0.858599704299038,-1.6547183492599173,-0.9367992485857844,0.27125087893394223,-0.2001717631174309,0.14171960048922036,0.05134966168014587,0.00981453922756492,-0.06451048420715967
2012-02-16,-10.24631599436157,2.4430232226043294,2.028053198462108,1.492581670751642,-0.6256784294868468,0.13924498956630632,-0.09039284531297133,-0.11036688314735078,-0.03431562345849312,0.0485038014362336
2012-02-17,0.20767417142513192,-0.45184518341746444,-3.0762621239270085,-1.5358739970763877,-0.42727144534307687,-0.020598479451301985,0.13062199083047227,0.12311842267963562,0.11553258516045485,-0.016086417818903832
2012-02-21,-1.9398827465099422,-2.980087942006325,1.882545981805089,0.25889223914817217,0.00772095070410717,0.1943416505251227,-0.16661368447629932,0.05649707803195402,-0.02232787480249941,0.08321459701977103
2012-02-22,0.18115971728371863,-0.8446101005650103,-0.9026668725870228,-0.024739251652008565,0.15473349281095955,-0.08120273376412897,-0.006086874760741553,0.07293768221821613,0.012996557970213773,-0.009057586139439187
2012-02-23,-7.709288537872858,1.6385781382630675,0.7798256771128591,0.24599934613241617,-0.09970193526369639,0.37314120845735294,-0.17723491186518356,-0.015249818505940725,0.046597216664983385,0.03058345350740796
2012-02-24,1.9845145003443108,0.044625929152158884,0.3576359372205419,-0.017029452482035017,-0.007406542871407009,-0.05134962873513757,0.03910384310325118,-0.041537020390143835,-0.025774180773354104,-0.003209829043847705
2012-02-27,2.5114062764903387,0.003027429789345101,-0.4549572346601255,-0.20369860504785395,-0.37053943031047976,-0.1696761778735413,0.1488511052752385,-0.014514734551660288,-0.003953540799923439,-0.021434711395306668
2012-02-28,0.052774573183045986,-1.1653203615187595,0.06930060878563332,-0.7148984313348623,0.0859791591462813,0.20102119761965004,-0.09566231021816686,0.05542077984809864,0.02768686272683905,0.04268753152453684
2012-02-29,1.5539554860583555,0.7667637641211318,-1.3594555302216678,0.19705580754065308,-0.021593071215524694,-0.2743649454480773,0.13038449786222034,0.0018162195440688323,0.004662464488347612,-0.05990965723034157
2012-03-01,-5.10701232267743,0.7549998904426531,0.9316498438338056,0.5872071776990555,-0.0661650515184775,0.18369825228987882,-0.09531481318049012,-0.017876972927789697,0.007371465837993255,0.021314526876638984
2012-03-02,2.3621913981403577,-0.7127766224046932,0.07188755913016341,-0.7411388606908339,0.15445785617419958,0.11850627625986741,-0.04728225424901536,0.0157022282839699,0.0027835721771776283,0.021575379532436448
2012-03-05,3.143734939750892,-1.1073339917439602,0.004451147153591465,-0.24301353440521004,0.04825778573614549,-0.09545773580905502,0.032552857405963635,0.0064866475779289095,-0.01713418909705744,0.009542278848722722
2012-03-06,12.445763386589723,-0.7165677570745468,0.041515034002911545,-1.9348347963103891,0.13479012448416905,-0.0002184722713741446,0.18197331933644753,-0.0702676391405567,-0.016980639872565526,-0.0065822987971189935
2012-03-07,-6.022468192818188,-0.45834376019375317,-0.6249742276438228,0.8345871095567721,-0.09082518820403784,-0.05756519036167043,-0.07723001519422834,0.08515092120065339,0.019495962759281567,0.005565008124938524
2012-03-08,-5.787591791203326,1.0928102186069373,0.7291599508288105,0.20058362172302818,-0.2717724051184721,0.2685385654334868,-0.11442583086665466,-0.0095021334127356,0.024693495991176182,0.026298702761167934
2012-03-09,-5.851106831070244,-0.07423500234570525,0.10924732101000928,1.4742677446992838,0.08243899872216498,-0.12499659005786641,-0.09551531402153789,0.041357703859951585,-0.006340446335342682,-0.0028910230066887203
2012-03-12,-2.8603775717185274,0.7149586564652419,0.41668835891636236,0.26494099285084083,0.16813989453842115,0.16004783729183325,-0.09937714911086355,-0.006855134834758058,0.007492004456768248,0.00523282779200098
2012-03-13,-7.270137301476484,3.673149766079176,-0.27182547357004627,0.9834769574687864,0.13976064652299616,0.2049129214988633,0.024079473936027898,-0.020237921904400793,0.03560166252548197,-0.058418533673419225
2012-03-14,5.880422122279879,-0.7109954597294913,-0.8883341478966768,-0.32951116076224274,0.20712856906026786,-0.35591941507922437,0.0749411778680098,-0.0367746465444838,-0.02593637344805304,-0.02098899689447906
2012-03-15,-1.4781705879080322,1.013667806116214,-0.19951994754739186,0.2662713651449079,0.2516508866019368,0.034227074548710885,-0.021414332574330733,-0.0077234485452566965,0.004777473854045913,-0.012961652240295635
2012-03-16,0.32985004889864317,0.8925181558049455,0.16973831473637924,-0.711040974669298,-0.12906359760473093,0.25314443915813206,0.03958155361105372,0.0008904787683647506,0.006226099067410896,0.009694443575817233
2012-03-19,-3.4370949748997446,0.6088354785505389,-0.640454806491102,0.9848178233172229,0.25516288381346264,-0.16529669541689293,-0.00479179602607097,0.006174259053319803,0.02875467498351704,-0.017586607361045534
2012-03-20,0.694061673465349,-0.465170501015785,0.2116557991358292,0.4909579718446983,-0.0042415574173886314,-0.19103141604858925,-0.004256358456383512,-0.029399712539929273,-0.02856920555919751,-0.010196889333798182
2012-03-21,-5.297968783413304,0.5395954216234462,0.1084195220564342,1.473773958499804,-0.09498765686791237,-0.16384297092526467,0.028812627399891082,-0.010545807331229472,0.017967497384919744,-0.00935669795186124
2012-03-22,0.3992040118318882,-0.29655517402331405,1.4719967226376733,0.9717713661127733,-0.09864884477497822,-0.16059769827870604,-0.03151987778307832,-0.07605699703446399,-0.09179914906569366,-0.008001675362851584
2012-03-23,-5.559829085237941,1.1885601968144404,0.23589406963920614,0.7652270759629852,-0.2240275964857843,0.10008498865070058,0.06360896979904516,-0.007120614821349784,0.04251812806329358,0.0030647800673111736
2012-03-26,-8.507263095341484,2.6416682489585503,-0.3414355902421108,1.6490888192983981,0.03860412504194525,0.0034720254859361894,0.21552283196288044,-0.03530587551422738,0.09233897217500185,0.011944776985412757
2012-03-27,4.731260224535606,-1.3637228799286143,1.020588204395058,-0.10129334129398873,0.10491901753507643,-0.14432718386328386,-0.1952371157648574,-0.03653892904949468,-0.12417988131647831,-0.028680911299648837
2012-03-28,1.1609389050865526,0.010466228511400479,1.5480306664705328,-0.005519599310003792,-0.15992887744741394,0.13514640417709523,-0.04012425663181828,-0.059807968869751836,-0.07386365442508429,-0.0002656556502862972
2012-03-29,0.42399142887159713,0.8825529560325075,1.1216899577130752,0.5317504031308667,-0.0857699702179224,-0.02299493762154267,0.05429737620018626,-0.09094976399963804,-0.061665627982305245,-0.009694128995885046
2012-03-30,-0.940207264998069,0.9856490914876486,-0.9975696356781495,-0.15956802497588998,0.2102993310951174,0.032237255780553926,0.07012955441096093,0.022810437148189002,0.0398040265470837,0.0048655134936798515
2012-04-02,-1.1547832562493787,1.4099202209882284,-0.34667266610329733,0.4713940385938532,0.06155022940305181,-0.0883949352844286,0.14934513841264457,-0.04695404461196669,0.00971767316662734,0.007227933340943058
2012-04-03,1.1858536767749588,-1.6545052524784687,0.26618530230748605,-0.2364705863433958,-0.104179503607669,-0.02653610727261928,-0.1437070192788893,0.038226219056542755,-0.007433899764703772,-0.011078107321029212
2012-04-04,6.664608856429435,-1.0856980607973492,-0.2774480259654251,-0.6099067069444404,0.14582353996590663,-0.24016784760723422,-0.04203806549884825,-0.015217294446019243,-0.04586163842481757,-0.011004433124052955
2012-04-05,2.7519625725760766,-0.8724880368276405,-0.48441161277663763,-0.045666073286118145,-0.14134844139859018,-0.2359189514022028,0.04968713446750845,0.011644807872745926,-0.0028953414611390537,-0.009268631788620786
2012-04-09,8.538161738749835,-2.712183524511499,0.41576607252380615,-0.37904776977374616,-0.025414641826318446,-0.25583304796083706,-0.0069109766569135445,0.04690358888688718,-0.07710198822138266,-0.00674626376209287
2012-04-10,11.30809025211503,-2.5362021559527044,-1.3313061071342425,-1.5700771651924617,-0.07029500210513763,-0.1480187103445801,0.17043366885688407,0.1190619610260929,-0.015980477458752414,-0.020327040093075323
2012-04-11,0.07181034945671233,0.08661373361088757,0.2974953751271901,0.043704883297619256,-0.00738644742981826,0.011032630825388468,-0.002614549887307319,-0.017076003041303457,-0.0035904409602872537,0.004706846716485224
2012-04-12,-13.108608698455335,1.7181376308966596,0.14496235684755612,0.32887611382595866,-0.3395051442622429,0.34863143744686337,-0.1582533915385712,-0.03368608593201387,0.10008882543139531,0.044501294278874816
2012-04-13,13.498639796353611,-0.3206564271024061,-1.4650957666594033,-0.7992501238879212,0.4833025861795193,-0.37489990122557765,0.16161176112388295,0.016661008260940243,-0.06560581468778114,-0.07452690639247782
2012-04-16,0.23239663839240965,-0.3542595023204735,-0.6029863555203349,-0.7065313749359701,0.12122220978054724,0.10593487480558686,-0.037838089369043454,0.03027934155540593,0.03307466586604225,0.006512299613057141
2012-04-17,-9.09855297556746,1.018394168310802,0.44842730088798183,0.2824699612274274,-0.13189240990569345,0.285195335182672,-0.11677644903278708,-0.01851607496826854,0.0638815055655585,0.04651907180773972
2012-04-18,1.632159719533112,-1.9344264024857682,0.5407202136613696,-0.20720011840616967,0.00620480549362737,0.033471143784411954,-0.05928388777429176,0.0522145484732751,-0.021491909000358276,0.024744544686376546
2012-04-19,1.8977481112665608,-0.3988221112832783,-0.9106874274146484,-0.3609920853902308,-0.05719241018196611,-0.0844641895575004,0.05675900011323853,0.0425910842255814,0.012105467302117656,-0.01604595905380073
2012-04-20,-4.583976670242786,-0.5359064649574493,0.25392508267487823,0.20600386736432166,-0.013729804924652193,0.14422990788852733,-0.1194257612161146,0.04786359851757861,0.02699210685615405,0.03291035052826206
2012-04-23,6.238231721354935,-2.2715571864684905,-1.1080782300154703,-0.8176978454738726,-0.35369469158039046,-0.18098903066884636,0.1647336383397268,0.1181564369362816,-0.024528207652403117,-0.010232650662890055
2012-04-24,-5.235100420702478,0.4607701064961031,-0.07215239200774612,0.2678048015485565,0.015845888735050932,0.11177951769219459,-0.11777095307922535,0.021042263548897717,0.04595044189485178,0.01713009964934818
2012-04-25,-9.394576500027028,0.642404278078326,0.4819773048670543,0.17520456881667854,-0.3386629749019367,0.3550592382793175,-0.1756619355991281,0.04276220210181114,0.10392295240550921,0.04741216353679313
2012-04-26,-5.171165209978338,1.7220455928305152,0.9110146723628101,1.5391173105983775,0.08609728847590091,-0.046470821339055716,-0.022543616969258582,-0.08384967529083612,-0.015166700170950474,-0.024505852236942228
2012-04-27,0.17609168609047451,0.8850265213376076,0.04343572820354243,0.445919648554859,-0.04716464852361437,-0.12697045632561416,0.09514451261474974,-0.06198766832948137,-0.012478826565923666,-0.021307302619586504
2012-04-30,1.7849519143155455,-0.1340228846501633,0.9371322502588831,0.4110726222718806,0.08041895011005808,-0.09057948415669932,-0.013690338938684245,-0.059595188123561314,-0.07111540978026323,-0.0023760385616031867
2012-05-01,-1.8954842504476193,1.352782307006442,-0.26601343319086723,0.9584416558223107,0.39593881551130244,-0.1357584351814519,0.000528524044398879,-0.04119388062262532,-0.007734825911310756,-0.03075956474039351
2012-05-02,0.7355741219026197,0.30303921111008936,0.22948930479804988,0.3316728200793071,-0.008153546466130401,-0.09858489998631083,0.03875710634188749,-0.0365127554946845,-0.026104487803949427,-0.010279363829703677
2012-05-03,2.5649979472007343,-1.5606435284165003,-0.10434392881462552,0.14047450446494586,-0.05335832777740951,-0.175870618805911,-0.009378777717240688,0.07159342545584348,-0.052529702348581946,-0.0033310578426322336
2012-05-04,8.884345590615538,-0.6104741160371235,-0.7097503179517453,-1.5697937058585938,0.0040821669596630885,-0.02272496811022559,0.1389784431598057,-0.010627202680838438,-0.011307556052996522,-0.00919302223349902
2012-05-07,-1.1113704735980257,-0.6754798008528105,0.4203138328977651,-0.3219244708344229,0.1482939208350799,0.17307036344303667,-0.10662092852663187,0.019763024851850726,0.011936934482979488,0.032125528394619525
2012-05-08,2.724551087802148,1.3470875122654935,-0.3216684667989388,0.31766186920516365,0.06291593048050256,-0.19423073039086466,0.11456881313368243,-0.06875326419136685,-0.02346514710394452,-0.04501370565937259
2012-05-09,5.559125151513519,-2.0156666405826416,0.35440315015073914,-0.45938301142007176,-0.03213843142806575,-0.03819963892437072,0.06225483305874789,0.05727886789329894,-0.048538251309454376,0.011234578419677212
2012-05-10,-4.704979660754515,0.7001290587964087,0.2798129116705793,1.6352150445172207,-0.26819666019862226,-0.21557433172224358,0.005689039522530563,0.006273724226153513,-0.0394768108825577,-0.02182130439608566
2012-05-11,4.6895029830266,-0.8541040968862216,0.0287806733754774,0.4658688408201463,0.36027965337972856,-0.13073294143262923,0.05946846759571868,0.0497158835825671,-0.0748386137870474,-0.030530641818654173
2012-05-14,10.438928176788373,0.055257949456232344,-1.235254081403847,-1.2286510762669778,0.29282654452243395,-0.03797786809783572,0.15280336765845534,-0.006030291238044395,0.0043919847118062474,-0.06209665055729655
2012-05-15,6.640181533473687,-1.0829459899296618,-0.7252934856575294,0.3465886714807027,-0.03886165819350301,-0.10555421657807813,0.16733128283895599,0.0894614421156726,-0.07349068002197692,-0.056927664017412366
2012-05-16,5.471394333708753,1.414305594832418,0.838216357385913,0.21224972703055592,-0.2518468616697095,-0.12064185512523534,0.09208716396029355,-0.07463006004379613,-0.013190290677077198,-0.018987326605705228
2012-05-17,11.055438258076588,-0.4338015632108492,0.08909930675675196,-1.4642798128433276,-0.480708937524175,0.04509361251436789,0.214460007072304,0.0057321673568450976,0.026076895236815136,-0.009353566552197481
2012-05-18,7.739426527170242,-0.565054673710984,-0.41650134328193356,0.01881125013506506,0.09143330078901156,0.03678285455617632,0.12198411055558107,0.050566532359169386,-0.014931972387250183,-0.04904095249468785
2012-05-21,-16.533813266443566,3.213969281639002,-2.7244100037119208,-0.2687993951149164,-0.4585750670608233,-0.29648560530164364,-0.28571425389989774,-0.11211630218329974,0.06019838957956455,0.059928784355787974
2012-05-22,7.431845692780563,10.58026687382041,3.52145898015991,2.121114944496089,0.1835024148227342,-0.5159153596358517,-0.024770346796861617,-0.3005769849465169,-0.09076622602498127,0.08223510498553337
2012-05-23,-3.340678171320236,-9.669886385276019,1.2810782040320994,0.6782028936670033,0.22332952826113095,0.47511316056236513,0.03540846320100417,0.2632287874605903,-0.012493497611802379,-0.09347733182586242
2012-05-24,-1.5419074657497893,1.053480062662835,-4.732556691065615,0.5064686621195702,-0.07117308262402999,-0.27899283079141846,-0.13884824608682395,0.05447019305329089,-0.0532198277744664,-0.03959323671126186
2012-05-25,2.491834175382157,-5.142776137606637,0.2589196136971792,-3.5757175734602793,-0.035593029621430176,0.5325620711430389,0.19051362178416467,0.1104211793966547,0.10658072481989193,0.02374854791929475
2012-05-29,-9.061605316453663,7.109285715758344,-0.8071404951095842,-2.863778120710742,0.8037293723320869,0.27122046046378057,-0.29329253320239856,-0.3314427788990042,0.2211262600532846,0.0869016025222188
2012-05-30,11.958475417267577,-13.87087377281,4.4767775883384235,2.0743170778152074,-0.915977398329124,0.21417443826172616,0.776154320995763,0.4958335691058866,-0.2118565887721912,0.058448950696244575
2012-05-31,-0.5791930093180494,2.5526163028704607,-2.1708379814313816,0.026627056343015543,0.46887045262594307,-0.12522517496082433,-0.2541919229842813,-0.06292173313451342,0.012099294318720512,-0.09715122557443087
2012-06-01,20.663908228064287,8.760103246252038,1.7934143602651562,1.0450961946257544,-0.8759946200433442,-0.5709504700410541,-0.0748967543100937,-0.1633512546502655,-0.02142199866886468,-0.07787763854587126
2012-06-04,-2.788256610261288,-7.068308650208613,-4.29153268061157,0.6474331033743316,-1.2742081620161665,0.2945075386121559,0.22595911703634458,0.235364417750677,-0.27224694676803435,0.043099450455235014
2012-06-05,-6.7129022404477725,2.7179225044718547,0.4056618274226589,-1.4700746603871389,2.431755856735986,-0.010304872313350373,-0.30573993184739134,-0.18665195926496092,0.28570521713068875,-0.11024343614141499
2012-06-06,-20.19400276143065,-10.782706011403947,-0.5269088667339894,-0.7051407804632854,0.16480010634474776,0.7318178240439579,0.19878379713974795,0.5442234576578716,-0.10043391404775243,0.23351366173278315
2012-06-07,2.398961201236248,5.05479536624648,1.7664246387256262,-1.690755860963505,-0.8352710894392951,-0.24922706397949132,-0.22492225908452412,-0.37471016790184675,0.2070775887609253,0.020741203790727015
2012-06-08,-5.255512393877048,-1.554657982505016,0.933062476875502,1.1859141562640365,-0.35019468864117925,-0.024075442825605236,-0.0007145378503528402,0.12496533845251356,-0.0869598385485584,0.06058125660249203
2012-06-11,12.24369205101684,-0.1977823454081866,-0.8856155325068162,-0.418381100374777,0.668476492178101,0.04093750382982569,0.30052855358285085,-0.055169919158393414,0.010400175263285094,-0.11834625364916312
2012-06-12,-4.254954662858838,2.560281410165327,0.7961622263640098,-0.7435017319171194,-0.5381499698319087,-0.08159335553207062,-0.24071704770211327,-0.1460788547519557,0.07733695094484723,0.05530484245365492
2012-06-13,10.546376772752971,-2.0575861903250923,-0.28268195420207487,-0.4981669764848222,0.36600873019151686,0.10798992844084099,0.33640337617488547,0.05612960793952667,-0.0007307697842051233,-0.05606109777926376
2012-06-14,-12.58450249735208,1.7233305181543268,0.9139261246669679,-0.14316078453280945,-0.7056388379392193,-0.014328504298311487,-0.37567311706182016,-0.07931084302198459,0.035446765626424834,0.11833244065494601
2012-06-15,-5.790113173442714,2.777463771128164,0.6240340457383845,-1.0033691112667662,-0.2461466201881607,0.22847103974315217,-0.23263424054353118,-0.18798110570649684,0.09730500820637485,0.0511941962377011
2012-06-18,-8.079671513306304,-2.132484765759946,-2.0032740733667835,0.41257554204621644,-0.1411765256237384,-0.010722683029007632,-0.13303073469406612,0.25232309960649985,0.01734112936052274,0.017030568849299346
2012-06-19,-3.6411605841250987,0.540438919177919,0.3597631802319058,0.6757231076932132,0.2265748048731897,0.015838992673278155,-0.10557132955052301,-0.01666681961722219,0.002051322977432858,0.004738329930197106
2012-06-20,-5.396537979993314,1.3558127381806648,-1.5394616723807828,0.20945184361249208,0.32911018447160845,0.031556963128046005,-0.1354053919974208,0.035615112714211604,0.08072297410166036,-0.031168745873947117
2012-06-21,14.858799297695658,-2.1060377895690756,-1.2562918659038096,-0.30258910425066504,1.0450955602154082,-0.19401560456581088,0.2418942288142863,0.06041550768152553,-0.12918762882508783,-0.11324031922398611
2012-06-22,-9.1766321479195,0.08610830553319039,-0.1647544808447865,-0.13452874151966704,0.022210431069364277,0.1973175321815211,-0.26398485367120106,0.06690992983694832,0.08691835773380135,0.07250733582551969
2012-06-25,9.5292297909131,-1.6045066448371479,-1.0138597162515854,1.4138950336970233,0.008384746594157264,-0.3092568781451527,0.3439702665783894,0.09375787832385084,-0.21113034104340164,-0.12657038921512312
2012-06-26,-4.203412819017697,1.89223538830936,0.9078728736298549,0.16969283884959802,0.21177994392059432,-0.014616642169219657,-0.16092929396327774,-0.1186288096312633,0.07247532687392177,0.023218382323288433
2012-06-27,-2.3359277111842807,0.8569053327324578,0.22403523851844065,0.19265245292698668,-0.24857006879496218,-0.04788241202960832,-0.040100608461698876,-0.033645320843513835,0.01678621717999817,0.012038692719066373
2012-06-28,-1.4961047916264485,-0.9121655856564506,0.2736924074777782,0.5273576014233262,0.15977336550282573,0.022071415270988527,-0.023957700014260463,0.06362525665163059,-0.03857643936541623,0.011451586102545512
2012-06-29,-13.788435370626665,3.680542636328206,1.4080756910810148,-0.29052219644528365,-0.40198959002457624,0.33801525148711875,-0.3066963351007258,-0.1939770289744139,0.21118336941988694,0.10033307044849682
2012-07-02,-2.168101054979185,-0.2771414286129936,-2.335123870982127,1.093289121211242,0.23058523802233963,-0.2951078024678516,-0.004765817353985573,0.16397392364987168,-0.0006947830581194196,-0.06889777571925322
2012-07-03,-1.6450117817139962,0.40731085875737744,1.7263665106144999,0.11496423850174063,-0.26768274966118016,0.1042537064346345,-0.013704672528922265,-0.09274738793077614,-0.008269464337203524,0.04193173169604305
2012-07-05,4.958173896856683,-0.16043982052558894,-1.4430451053137858,-0.8643921760161261,0.5007981216186281,-0.019622959513333562,0.02359040941681303,0.017293321032966588,0.01186123316378297,-0.03992170677677039
2012-07-06,-1.3193484585938418,-3.8576899365169615,-0.5305902334381569,0.35355392192064117,0.10451700312825676,0.06082530152670538,-0.11009862498112714,0.3200845614356752,-0.09886952331575145,0.0311296986576482
2012-07-09,3.0006935672603983,2.378633060823813,0.10893639376432238,0.6364442331904748,0.25130716057905056,-0.21659877942417893,0.09779750404224465,-0.20419675012182315,-0.014327620132652685,-0.07381855567086919
2012-07-10,2.680253937154518,-1.387451338849058,-0.5884187796888963,0.19999960168962633,0.3927964224390317,0.0014472514011921727,0.022211231123919147,0.08802039996248837,-0.07096660647454146,-0.031086390709095354
2012-07-11,-2.5870165734752093,0.8083258241587045,-0.4797640424046251,0.30342283229842554,-0.36543870966320635,-0.09397725959553772,-0.01968806459083518,0.00782251167073574,0.027133280719356886,-0.0036430105331301393
2012-07-12,2.15943288489826,-0.18433842388942062,0.1763765721289071,0.10126880465015926,0.24729381518478924,-0.006729222889965569,0.024409165103099865,-0.022419194420833455,-0.03595782188097982,-0.01681893082594584
2012-07-13,-8.865245184030996,2.9066738641109624,0.37902323124410836,0.0287210552426005,0.010551390590523886,0.09120637760291304,-0.15804574893010603,-0.12852389490009095,0.18563900861192312,0.04729248592949049
2012-07-16,1.7655032992636661,-0.21112777640286598,-0.10806633621849387,0.715697269957696,0.32775169283007705,-0.12303577513206246,-0.005984435360196437,0.008800292412159386,-0.07812540763077792,-0.04043503465525485
2012-07-17,-5.789302422194703,1.7480196438485889,1.5807023592567033,0.6582651476657152,-0.020457549571054803,0.07697734045213263,-0.07824379326702599,-0.1221942743179133,0.04519870015233426,0.04391815566390757
2012-07-18,0.14385813162730735,0.6723799591949805,-0.2128894169114735,0.7122651944209742,0.11230080928627334,-0.1566635913540804,0.029089611287269806,-0.028620896212818412,-0.02759308654146736,-0.03039905724162258
2012-07-19,-2.2780005461642747,-0.8239280800488041,0.7060357557045664,0.8512109015057403,-0.04313191912061745,-0.029991968471390528,-0.06429844338889819,0.06181318547346066,-0.060616022604183625,0.008109590216491642
2012-07-20,7.563906584248051,-0.0038776540174720055,0.027007371391423212,-1.0145677280900536,0.21077883861959865,0.009621111310553428,0.09875018459972766,-0.08398537625862675,-0.026798817992635025,-0.022981392049926923
2012-07-23,10.449218311056374,-0.17043484286553942,-0.5223855893694631,-0.6371320712920701,-0.1874696205692389,-0.16239923104861784,0.21576257319521544,-0.040576598841224845,-0.06550206029615996,-0.057980258029557016
2012-07-24,7.662852871112282,-1.1280211851053434,-0.32629471117907016,-0.04748532252249093,-0.09969015118143566,-0.06356679227728385,0.15199826567559185,0.03819935565362238,-0.0819026973529003,-0.04616874552171515
2012-07-25,-10.17096128121195,-5.920908772514111,4.323477649165093,-0.08532846108339626,1.3556825087882955,0.6925453999560093,-0.1125015569770084,0.1395232114300222,0.04738739890658323,0.2832301398282942
2012-07-26,-9.283997448985335,-5.962222212262264,0.7959346358609974,-0.5005088500092869,-1.089928813359878,0.2561259727145485,-0.15087616062059975,0.5412576787571673,-0.13356537662691328,0.35206846961282656
2012-07-27,1.696614699222325,13.361911487902315,-4.2706635263065955,1.7139766966089878,-0.7632835916883096,-0.9203139283198122,0.041843665480212185,-0.6781825251776341,0.20850510655544208,-0.5314974186035164
2012-07-30,3.112959522505332,-1.287055186032809,3.02571580022625,-0.07598666082658,0.42134110402241254,0.2099098538718013,-0.04680163191984456,-0.08092781420426513,-0.0758302423255646,0.0553416695265157
2012-07-31,3.7807879286673756,1.4750797726079008,-2.611955179519388,0.18514332468023526,-0.12146056451426962,-0.3079917334122759,0.11938871384620477,0.018061571847400607,-0.004915896463411238,-0.09842623339855769
2012-08-01,-1.4755696768389877,-0.23049528375807574,0.6297500349546146,-0.07537983433367644,0.1360913841635042,0.09231198899458036,-0.05364993423499268,-0.009032716911517974,0.010422340855275965,0.02173485087106004
2012-08-02,-1.4268850912227442,-0.2454231193298922,-0.7896727060454384,-0.9130157771967434,-0.06975793393801877,0.11972821640057522,-0.03665328287184774,0.03185161303114871,0.07181407258682743,0.020508826546832164
2012-08-03,-11.5777480114322,1.3497857195868175,-6.484542182555613,2.276102720379197,1.08048214101891,-0.2804024073249528,-0.29993919802511226,0.24631545088892617,0.16707987036355804,-0.09937618059486254
2012-08-06,2.970649823633932,-0.7319290079356482,6.983704517285916,-1.8955597585169837,-0.8593544789243245,0.4791446404739431,0.0959140030058625,-0.24523952657217243,-0.08997312255112036,0.1486831559611632
2012-08-07,1.4070932951161763,-1.405554951507233,-1.9915921719936691,-0.03853198790593366,0.25487328498209544,-0.08934523724572058,-0.017438770896713206,0.16646459646342326,-0.011676359644017233,-0.045252186573364876
2012-08-08,-1.68647354450879,0.5265266784325437,-0.6535462313851378,-0.2827845839409863,0.28247074485219203,0.07188423554052752,-0.06975880284638265,0.0006850010928542142,0.06671321887103915,-0.000960188056255694
2012-08-09,-0.9693056883598403,0.6383643651247464,0.780839430104343,-0.29276736203400283,-0.20097578121993495,0.08752057583753646,0.010950769637715806,-0.06880394063469529,0.031131769249287868,0.03246906533854535
2012-08-10,-1.198767403489129,-0.4299471101408236,-0.33015099936622594,-0.07962642340956001,-0.006287646106380982,0.03748185183493415,-0.036511755811754365,0.05459974644775319,0.020740597807030137,0.006922735438535275
2012-08-13,0.007146064702726816,0.7251954033096929,0.34692627460341674,-0.886114231635797,0.12059910447641772,0.21788723583762398,-0.03805197972080498,-0.06589333233658852,0.05712337487513879,0.029837852831894347
2012-08-14,5.468522770311685,-0.33090478369311066,-0.5155617364020567,0.21297403018400124,0.09124249400362591,-0.25127292123603895,0.108461865865128,-0.015492184330259643,-0.0789536399120587,-0.05724332748892665
2012-08-15,0.8136570756271834,-0.6420644947679661,-0.43520869096144693,-0.17401830429964388,-0.32511342270888804,-0.04863756582683507,0.061250431692943655,0.048983059866588304,1.6700362062534125e-05,-0.0007193063494878988
2012-08-16,-0.05680313720823698,0.5489256566104951,-0.11798077643029034,0.18832517486919806,0.06472945530486084,-0.049413949574000936,0.00983813109575443,-0.029162529618292736,0.003070120586103698,-0.010692917330110546
2012-08-17,-2.464409085370675,-0.19108677865651083,0.5560494181790239,-0.03250340809777125,0.14204876441713118,0.13918756961559686,-0.0975083327522066,0.01322034479340884,0.01674394284506042,0.028683081943862463
2012-08-20,3.3417636830469966,0.6447390089448616,-0.6362908665771982,-1.0367518099023827,-0.04656037368351171,0.03294961835579206,0.08041113146728283,-0.0538106199215103,0.04435326574068014,-0.006846264643830456
2012-08-21,2.7709836784245345,-1.9099639671685695,-0.726948366540904,-1.0746115540889356,0.11981457616815636,0.13177734267007776,-0.039676671966017235,0.11080726984004723,0.012465294616926062,0.004264491988163569
2012-08-22,5.1549364684933945,-0.6250319781642467,-1.756501515382491,-0.9889173208391031,-0.13193271504670168,-0.08105131152158664,0.11703940250072245,0.04403285537758082,0.023415633410700555,-0.04340642234486807
2012-08-23,3.507546116806824,-1.437870000870122,0.036299959901787374,-0.8496292073738893,0.4111154967837222,0.1576517100696795,-0.03334424153271068,0.03898459930889215,-0.013936308477689112,-0.0007273179336630532
2012-08-24,-5.375976291568826,2.3001835108659447,0.5423779523311869,0.6577146487843301,-0.18052052270276936,-0.02883954354636835,-0.04748400191066415,-0.09108992570077806,0.049892547376043324,0.02672084882613925
2012-08-27,3.168186770765573,-1.7689696068746565,0.6287455790989938,0.07026412038813967,-0.10571110919853442,-0.02945796699533078,0.05328333142883958,0.04561964445876467,-0.08384770899849107,0.0006640205671819251
2012-08-28,-1.1930931870486978,0.4636774285109292,1.001594814313751,0.935809440273076,0.17900639379095393,-0.0629539048663134,-0.029359376988846574,-0.05055292767383359,-0.051175289097652774,-0.0016243069809874237
2012-08-29,5.502670238027112,-1.0096989164669274,-1.3248660150376281,-1.1348022432219844,0.022341194129432824,0.012616875195884579,0.0945207304491846,0.04593989436188298,0.015470647179894123,-0.03566707099956614
2012-08-30,3.436907120398584,1.4157775545185403,-0.31014238890798207,0.9706289439516327,0.33979686010036175,-0.24055642715719827,0.04272278653446584,-0.09346914348839262,-0.06372535094230145,-0.08547458175724479
2012-08-31,-3.1038720461810803,0.47859234675167794,-0.009387438075966011,-0.13308246884394745,-0.3050152802213874,0.014881672363370749,-0.023028222345618722,0.003069292053048793,0.04237202430882743,0.035999253999102386
2012-09-04,0.9657711605812097,0.1176251751232588,0.4105955885065084,0.7356911857756382,-0.6649075840571463,-0.19633265409216497,0.13357284752385606,-0.013852177655246675,-0.06429097411711902,0.0004081198973538833
2012-09-05,-8.359543640885517,-1.6570039071599614,2.096687508496999,0.5662692352555125,0.8500183950891379,0.36970139765149024,-0.28832444585483125,0.0782319163931431,0.00790284038966936,0.09260423276561582
2012-09-06,-6.209501784294613,3.8015864767091077,1.1730650801273095,1.2881805954360477,-0.335623588230777,-0.12781754089943795,-0.036719303463970863,-0.1952710174572611,0.025173109414379263,0.007294851182917193
2012-09-07,-3.447193172782192,4.069407166723727,-0.3242969908425776,0.4543530111196043,-0.11983785074099308,-0.08549637510184031,0.15679234625942298,-0.18571380582947059,0.07641201495191118,0.00812157707691038
2012-09-10,0.012341695737249216,-2.516652691352178,-0.8300837459706768,0.877150123556933,0.37192777286629747,-0.16341975111966478,-0.15710197696309436,0.17400364094599452,-0.05826686003017812,-0.0548844070075516
2012-09-11,-1.337180056179252,0.9336204306146827,-0.1279072026658447,-0.030486667292576562,-0.007098856639244898,0.01147461949443934,0.023523891884494167,-0.042568162181739574,0.04001796022886342,0.010749869567132479
2012-09-12,-6.2579441822565,0.16435585092614308,0.8864411181219709,0.4939239523808481,0.1428686560271991,0.20127583781087732,-0.14294617785434485,0.018962725580105873,0.03255136024237341,0.0391432052780756
2012-09-13,-9.737377070879978,1.1976017598975952,0.9435200959290343,1.066333511278613,0.23260103655908831,0.26635226744934554,-0.1639085063359027,0.007694161892710348,0.06774835516132877,0.04421999993477377
2012-09-14,4.244002982674881,-0.5663958700304607,-1.034908638821038,-0.13502678761014725,-0.2074490593417603,-0.2855229066871943,0.13548095648264574,0.010444645865778394,-0.018391678619252786,-0.033134481632425404
2012-09-17,1.3300915908501305,0.8293391375096344,-0.40776104895861454,0.08186966791618543,0.42845520968746886,-0.061209422622226464,-0.012510363249283065,-0.04646130618710332,-0.00865994097201614,-0.022562193679794992
2012-09-18,-3.806354830829452,-0.8579190533793023,0.7934741853214331,-0.6678107821927075,-0.3166400442271436,0.3726003507128198,-0.10171558751016137,0.077590849324181,0.057782825495304974,0.05858617608226923
2012-09-19,-1.3650185155318928,0.38180845307976957,-0.6904304411634233,0.4701027171902393,0.16574571901009927,-0.1122219525553441,0.015472076881582704,0.012627672152769795,0.030904665328935467,-0.013403816821437308
2012-09-20,2.262272178765385,0.07060511557232213,0.20615643960161312,-1.445224651737837,-0.4116037688022375,0.25321541458695956,0.09701778514837194,-0.022324048651260767,0.03914813423022487,0.036793094482022434
2012-09-21,1.441136704257622,-1.6487603736586964,0.25864714514550763,-0.553430054323598,0.04034945214812562,0.1097864672062297,-0.14996167328668525,0.08017623095291256,-0.03172317395604161,0.006771921915086467
2012-09-24,-1.618302152785384,2.7378736755216107,0.20321986914549375,1.003515608728216,0.3293881632476907,-0.11714144038509139,0.11351417973660398,-0.14968217176861742,-0.01200985320571498,-0.017133185192595435
2012-09-25,5.355159656618258,-0.4240415843426555,-0.7485385465598999,0.15172074924609702,0.016028811433956895,-0.3767952310540742,0.08772740738063331,-0.03317025121740644,-0.05979907284552492,-0.050070888991361515
2012-09-26,6.011123657855907,-0.17320836944875712,-0.2847300692505565,-1.016403628585294,-0.046771510648919434,-0.030541570297467194,0.062374705917694034,-0.03085179990812674,-0.032724620544028055,-0.016733633371441632
2012-09-27,-7.559775314233729,0.5866003390616127,0.37712798468974396,-0.08678513132912788,-0.018215698445143973,0.4026225602874067,-0.07541415221436909,0.051904918955244454,0.10493365287376492,0.06386553003656846
2012-09-28,1.920033693512887,-1.2850952538867189,-0.21580186186273678,0.5570918638794088,0.00410402532505427,-0.26874251703714014,-0.03668211804025323,0.03405389987523968,-0.055800856713353185,-0.03799667630614805
2012-10-01,0.6021222739562068,0.6538794662594364,-0.023890820693256175,0.7301033260784868,-0.0536100281857144,-0.22315014899164368,0.0870676815566893,-0.05619231291804428,-0.03135558599236901,-0.019910806314601542
2012-10-02,-0.9639096528422471,0.9989223319659627,0.5483991331296397,-0.18292836615708233,-0.00641563066396363,0.13547812006943855,0.025500731413497586,-0.05771769101381381,0.010691075339486362,0.024520402302753243
2012-10-03,-1.4817699625217233,-1.3802363572628382,-0.3063460572906216,-0.021405282943284663,-0.10513500135202794,0.026887100999342477,-0.07546856982293329,0.09986784885661071,0.025602465014245734,0.0015193133532224949
2012-10-04,-2.8674794698887087,1.2412181377614353,-0.0839148702615518,0.3487436968786489,0.06679750142403978,0.03467293085806078,0.0571621465584579,-0.0406334944271472,0.049718533908883075,0.0178189810306745
2012-10-05,-2.9916725766328156,-0.2097301082970363,0.3548508506823487,0.5677408138821597,0.4874256297466954,0.09610719016414729,-0.20827699589680632,0.04819061505661374,-0.017875123003090035,-0.008187649171574326
2012-10-08,1.5950801907515495,-0.4715497011681495,-1.2033909087657904,0.47985441743876095,0.09798665037930773,-0.3063835883091581,0.040676555529138056,0.03269013560708632,-0.0030430229221293107,-0.04081197740714643
2012-10-09,3.7361639467468954,0.5381059451805638,0.8717696705670838,-0.03875046992504507,0.2199761922301106,-0.03575343775658494,-0.020017412888980925,-0.0935298454820659,-0.09804407348653507,-0.02079636513350602
2012-10-10,0.6380776818673812,-1.0314639768387586,-0.0964721951522743,0.08748263724238037,0.06433083233361787,-0.03272134193336175,-0.06263156112943274,0.056879475532147804,-0.02693128948614903,-0.015255476616446044
2012-10-11,-3.409232016138968,0.8414048305114175,1.0055131204177978,1.014558807080032,-0.1018870094387712,-0.04037476462047272,0.004462885374471519,-0.05572281146058081,-0.022361311167231217,0.013730594895971376
2012-10-12,-0.6229272289465144,0.16559480220877035,-0.311260251798677,0.3545899876320317,0.3096313646076396,-0.04757349435488556,-0.05466071742904217,0.009515616871741649,-0.0036245905828148853,-0.016572756006279846
2012-10-15,-4.766109208807658,0.9202318494975871,0.15118060889598817,0.1279037480565178,-0.3608003853965364,0.11873618612997318,0.09305497913004832,-0.018657687098800873,0.09292154712638122,0.04840153129774448
2012-10-16,-1.8671968511053971,0.6836942309078905,0.8530876557909218,0.9487514640759945,0.17714838040844616,-0.05356573244400622,-0.046775502120514324,-0.0528949314203697,-0.0511119514310021,-0.006905015667725692
2012-10-17,-1.8670122337806134,0.1416822683584394,-0.004597637930359111,-0.1778261803932051,0.11095683654708027,0.14966965108143268,-0.0498371185661155,0.02202474664652596,0.03557678875667578,0.015408190698187193
2012-10-18,0.11332861837022805,-0.5146147824775316,-0.5208343756302574,0.22802891759565996,-0.005571677338279625,-0.12489340289557577,-0.003864741700575708,0.039127776529238247,0.00589706173933088,-0.01409491260141122
2012-10-19,9.74913817658732,-0.5444145333782403,0.015635842835857387,-1.281447242359319,-0.1477705600306524,-0.1060855182918179,0.0947403183842664,-0.06350625419979189,-0.09682376203429442,-0.031157171040765885
2012-10-22,-1.740368803095278,-0.21196109531094925,1.017703265317514,0.05260683946763233,-0.19463111572405195,0.1324352392332556,-0.03749499838432387,-0.007130682776852202,-0.013524155760280621,0.024536253947194216
2012-10-23,9.819031956190797,-1.6642435642597126,-0.7823776501029099,-0.24754831057171475,0.1405752566521248,-0.32305781883151774,0.05948184499178173,0.043868180674744794,-0.11569095864597974,-0.07590708230776094
2012-10-24,-0.28848817648366476,0.5868104674249014,1.076075374233928,-0.5540529546975497,-0.16687284064961283,0.18047100310122752,0.0007147446918006987,-0.07090770022590963,0.011575816541833372,0.04038504802173562
2012-10-25,-4.392181799968475,-0.3667309472580176,0.5750159242885651,0.9554226457492592,0.1633692518237378,0.015605542335451143,-0.11346459944400486,0.030918705051451886,-0.015139013502128913,0.008759294720393551
2012-10-26,2.1286331050619283,1.0003797232598883,-0.31015353783033495,-0.6270396133271712,0.04485062941922812,0.03561519541426931,0.05163933883002323,-0.05386117600635685,0.019872427335063583,-0.002676476129059839
2012-10-31,-0.39156787603316245,-0.9962710217904726,0.5362118224337965,0.8489945256741463,0.3184982087634058,-0.07553010866450616,-0.09639682346737259,0.03588837714895763,-0.05944355568735241,-0.015578641390368578
2012-11-01,-8.386222846354402,2.7942653503487973,-0.16480356704456572,1.549580793719862,0.133731375683193,-0.07778614012984987,-0.0015993097651684355,-0.07806648409610718,0.055888645778184774,0.004665984444861976
2012-11-02,4.472215840724332,-0.8120406853970731,0.4520754399311634,0.39890091368543434,-0.03045698445462369,-0.20044443813111446,0.025532393009403416,0.00010504827117289265,-0.0924108255137528,-0.03445578551151389
2012-11-05,2.3310356384216244,-0.15445119390547976,0.05913304461595246,-0.20571111510613396,-0.00417859639298492,-0.023156423636973573,0.021649464852782817,-0.006589105160761531,-0.01861331040539378,-0.007791792466631838
2012-11-06,-4.836287869639743,1.579442423025755,0.8297008046653671,0.23001716644511536,-0.13470816090126067,0.1524801946901702,0.002658990204960453,-0.08551750223410697,0.03699951225689654,0.0416649000990692
2012-11-07,11.89728625122794,-2.014889110590377,-0.7270568490417434,-0.5229243525809464,0.29261230973662,-0.2484708464704873,0.04746943826164862,0.07944371103194194,-0.0976921234964676,-0.07959745157222366
2012-11-08,0.7285559559975542,-1.442975456316876,-0.20472285809809498,0.2562351206845892,-0.2666789012362065,-0.06921890904808381,0.05773599012136588,0.08103402050653205,-0.029834486098418444,-0.008321225226167473
2012-11-09,1.2013807355776092,0.14992223164910565,0.10166652013711777,0.4453796715706543,0.3129760406375631,-0.04717941725535262,-0.022427640148059435,-0.00700260680581132,-0.030436515294750922,-0.025056356423310035
2012-11-12,-5.192400452911758,-0.018236760736780024,0.06209789266268736,0.21737565931030228,-0.06048925550404108,0.05937223829126889,-0.07506946075617058,0.015812165056927473,0.030454467725301377,0.030067862174256024
2012-11-13,-0.3525711283688883,-0.17642649371338343,0.141800564681968,0.5891219180059417,0.3301896930304148,-0.028195479550709186,-0.046834519178000515,0.013731627004116483,-0.03190128926400471,-0.017284645713324547
2012-11-14,4.8357633967361,-0.7391195344278778,-1.1817119044193767,1.2382133281170862,-0.0484721531081024,-0.23240454425898852,0.1080130292821624,0.09467320867099534,-0.12260927650611864,-0.08172401555024296
2012-11-15,-1.1963933467770915,-0.04445902353928187,1.073089703424489,0.13293538000431765,0.1266616242532158,0.0470450672586953,-0.016877157018824255,-0.02809208455315005,0.0028857407905579207,0.021109775023777682
2012-11-16,-5.659614610701544,2.390531887618818,0.19789324338676786,0.38102090141766304,-0.1902297593872082,-0.10055048044039386,-0.069685362213646,-0.10784408006461634,0.06551797489125735,0.02969947683372921
2012-11-19,-8.65786973621852,1.4801778608636045,0.5779515383275187,-0.07041401087551104,0.522568917325177,0.2573119073043005,-0.20700981744382466,-0.08477958461356577,0.09786839926322573,0.05273413719703306
2012-11-20,-2.2727110899509886,0.3284702266311655,0.7007387483784565,-0.3248240484639759,0.0631446144112068,0.19843600321780916,-0.07187717684992734,-0.03742007386306181,0.025150366420002235,0.034097099414268674
2012-11-21,0.6834316432365657,0.292420255453039,0.19147915438959828,0.46186767494894065,0.129795166420368,-0.09085275352809286,-5.0660348161880205e-05,-0.020176077041445754,-0.030726461478609277,-0.015897010611388186
2012-11-23,-3.058920462932471,0.5295979078333561,0.5351603944185326,-0.13784981384508493,-0.43007751638035213,0.12113369203554006,0.043994997039189285,-0.038560368766794924,0.03713737977003229,0.036909681167877934
2012-11-26,0.6445427114602243,-0.15086164810437885,-1.4001128376658425,0.3377224868743313,0.4380432709179011,-0.1709467226062395,-0.03749059940109967,0.06220873160579223,0.00417353228070723,-0.040784089708278196
2012-11-27,3.0057712609067364,-0.3457387436674146,0.20034248944971558,-0.35557868989477814,0.17298970250569876,0.02567752293799713,-0.02335036488160658,-0.004415843232912493,-0.02817271024567052,-0.009610211630597519
2012-11-28,-3.052154639492025,0.4043615970282593,-0.5411317123729619,-0.03929246327388236,0.055080031122159465,0.05877143666205014,-0.028721784939039388,0.013498962526488393,0.050852751653297876,0.011501041555468761
2012-11-29,-2.1633965163254443,-0.024416363784248,1.3169998285447533,-0.07947037615065485,-0.20631526077338425,0.19606200933377496,-0.04287257075736738,-0.03515089162994379,-0.005351118912378553,0.03892324073095894
2012-11-30,1.8171332007990322,-0.23411399742747344,-1.139284165123627,-0.24721701519764172,0.2895480195231148,-0.08224765342373105,-0.011342079850774237,0.04399512360442104,0.014163804196994851,-0.02641609863065943
2012-12-03,3.4402084918098326,-0.8767085376635692,0.10713063993546251,0.17281058558778012,0.2545977306644279,-0.09768727857549417,-0.01893914000925188,0.020723895347054305,-0.05708508867029479,-0.02928968041358234
2012-12-04,1.5475210557425998,-0.44656716238787314,-0.05129564686619987,0.006009410393369131,-0.0722429607063497,-0.05414132446571273,0.03536777334922854,0.015806927921903708,-0.016915611585798115,-0.009293299604036635
2012-12-05,-2.6048206449078433,-0.07121964146020526,0.03733450640544852,0.22877318708919478,0.0030495264882718404,0.03194289824485916,-0.04462168571553714,0.01672024572322481,0.012845378529981103,0.011808252212570345
2012-12-06,0.09002679783755062,0.23563463591497844,-0.09218068744080089,-0.03641131957066331,0.012533609529710672,-0.0065061054078670725,0.0035307134463567922,-0.009492651365500399,0.0051109498418851484,-0.0020500112133616448
2012-12-07,-3.4344814959682353,-0.7593341875715189,-1.4197368335829588,0.0038404658695334534,-0.0394328777316673,-0.002497835910295243,-0.0410488525681221,0.12045344985625914,0.060214591966184804,-0.002775671155359604
2012-12-10,0.8539960255084003,1.7527424562538008,0.5455270284344084,-0.39590440104082736,-0.16858524761901664,0.04740398764010046,0.08570596840484943,-0.12779552220233512,0.023414550135042036,0.020348842674515873
2012-12-11,-1.5937275371166777,-1.273743851347574,-0.6546602615623132,-0.47828795023551696,-0.060536328989560136,0.10946754876413135,-0.05964381422460989,0.10453696327303232,0.04870243074335028,0.013956536997862796
2012-12-12,4.521597760897156,0.9721345544786447,-0.7668583396762032,-0.9089879251259002,0.8290879153266177,0.07731837333408798,-0.0787113077570573,-0.05005424568954707,0.00144090386458288,-0.03420146347612331
2012-12-13,3.655143453354501,-1.3100243267389218,-1.1313801853004304,-0.5456205379219838,0.502687509677976,-0.010467081405978454,-0.05852014856137543,0.07253240169605303,-0.0005990040773034547,-0.04678535499531204
2012-12-14,1.4138933271596335,-0.34283163306670716,-0.27501786399599504,-0.3965273662665054,-0.3308241882735962,-0.025337156872598816,0.07622420170865031,0.013793050212114487,0.011255967177145726,0.003994679564243964
2012-12-17,-4.748661931646225,0.26113070803015137,0.14071479653251498,-0.0007856990002648339,-0.16181436867652535,0.13826831079257557,-0.050383386900210374,0.02572179787454553,0.059178829206876046,0.046042463876987925
2012-12-18,-5.875634921664805,0.23240861983958036,0.231286170233862,0.6759595246801554,0.2913351706445556,0.12402351729013375,-0.15022115417934576,0.042090604244082015,0.03482341125544917,0.02422264679868878
2012-12-19,7.0997495782320446,-0.46941185571660465,0.17033343334933973,-1.5985857633580036,0.08520055458284294,0.1350030110015636,0.02827372383043447,-0.040218381848306575,-0.027727207853902203,1.7318675522325366e-05
2012-12-20,-0.9028268093896018,-0.34109396083386195,1.9438560259672841,-0.6381939308812941,-0.17265150468582477,0.384590273051859,-0.10513525997550022,-0.024727512589135192,-0.01978072888028348,0.08239455551209195
2012-12-21,4.718718554891453,-0.6671914252710021,-1.0323091101017141,-0.8783758808801022,-0.8117813736509761,-0.2096201236522867,0.25756587320727775,0.011276621608271907,0.024819090578128176,-0.020783513370708398
2012-12-24,3.4022177473223647,-0.555111106003463,1.5477075521035002,0.47669803178620346,0.2622785874179747,-0.06233143688307664,-0.004118586321140091,-0.07698594949534324,-0.08910920757659405,0.0011438681601003537
2012-12-26,5.079364098903044,0.5567962929510674,1.7334732880649484,-1.3096625483253372,0.8731310266830259,0.453724611881326,-0.18029897523751784,-0.0893090239684289,-0.017469153251492238,0.04889548629932123
2012-12-27,0.210953091595889,-1.0329915763498367,-1.2747169604390989,-1.0560432430899054,-0.28401961088582167,0.07403000076498387,0.029601480072592314,0.08776076637695754,0.061598715285294516,0.01161417891958847
2012-12-28,10.390735060948296,-3.477292369853474,3.154452541313535,0.4308955419834415,0.44741544995809684,-0.1338112111524171,0.39805734151766564,-0.1804318908308868,0.012821674943442106,0.06942949805494696
2012-12-31,-17.31921319898073,3.1240339210326713,-2.139111212397869,0.9595120202764134,-1.2800691065668657,0.04360468088531524,-0.36911017364102205,0.18231091448510203,-0.029609063200128145,-0.028512358214898947
2013-01-02,-14.516392254087451,2.9454850673585042,-0.2524278995672229,0.36046595657517055,0.026598306089164372,0.7826923925380934,-0.2974355757062704,0.1931904836010659,0.10283347337567277,0.020297939154348705
2013-01-03,0.48303170704430787,-0.0009723552952309529,-0.8403012185634143,1.0658123586283585,0.06782107721662561,-0.5332222913679523,0.11738179028312293,-0.07176950930637996,-0.005454753538007574,-0.041793336061371575
2013-01-04,-3.0485145848694915,-0.41523912627803067,-0.7414348222844634,0.3401779909814142,-0.1927501626365063,-0.07384666954602835,0.015612123411269134,0.06975466059591219,0.06505021182858403,0.0010262909343198812
2013-01-07,0.7645756232877049,-1.3515496223523396,-0.31049454228627166,0.14463831970480814,-0.03303194216688268,-0.17120674117109155,-0.021989268412497206,0.03963097852858164,-0.0067233825755441835,0.0004418867516711603
2013-01-08,0.33019808891156166,-0.0913658633846916,-0.06205895172088071,-0.06869514120512273,0.06708105946394013,0.002929491535644662,-0.013482997322659772,0.003477311259415807,-0.0010867286783719655,0.00013711948076064971
2013-01-09,1.9514205889995786,1.0784968786180131,0.035189496311947246,-0.587508945549912,0.3100946533531614,0.15225931900405446,-0.01043396055887145,-0.04672360064673994,-0.008892276264220289,-0.006664270056448754
2013-01-10,-3.466091073594993,2.2091965402615865,0.19235628941359653,0.4113844108178296,0.06051107090837982,0.17650360250438496,0.04061216519450583,-0.02071932649498565,0.01370746230785085,-0.005078797313029679
2013-01-11,-0.335761807899691,-0.871266916508911,-0.7907856039790117,0.5332466296835037,0.4108971312543212,-0.23946199374139493,-0.09089728182539929,0.027698027784470603,0.013763752634646883,-0.02057616425874203
2013-01-14,1.4190078400094788,-0.18963991666184238,0.4173811021882552,-0.0022957533619389642,-0.05050184409829199,-0.040382049846817314,0.009113456712019965,-0.03431064561885672,-0.036747625696355334,-0.0010622638441259128
2013-01-15,-0.999239862036947,-0.7578289687245781,-0.3024555368428884,0.4401067970953219,-0.1022813960758213,-0.15446412595531553,0.0053049403962830135,0.03139703329115018,0.011589572500856498,-0.005144256362392747
2013-01-16,-0.42843057574127674,0.6251866436561342,-0.46712496277888776,-0.7768622592463493,0.4139912289507812,0.29199081600515636,-0.10440918072653062,0.051481498181160185,0.046806692153866764,0.011921897465794383
2013-01-17,-2.218407729705622,-0.07560642486227155,0.8497932066287112,1.0913843989428988,-0.34834731050390777,-0.17192326204183583,0.04649154950382649,-0.04556970891053215,-0.03864769228223799,-0.0013842360393543113
2013-01-18,-4.007990970137901,0.8474787350704222,0.13382611549218232,-0.08981063038764214,0.026699959311249494,0.3362867469712773,-0.06616511705183539,0.06911454187841587,0.05674153540524398,0.022541642575941954
2013-01-22,-6.313469499388765,3.1185880811806963,0.6756653663154626,1.454249581871542,-0.34071771740500084,0.08222367235740842,0.29112623979159424,-0.0749633297223585,0.027880472015516772,0.005290390846303831
2013-01-23,-4.280619671982925,1.23167215374243,2.5457910685472247,1.1866979996348062,0.04415164654207054,0.37870098595173096,-0.12814360584715265,-0.01646331402897951,-0.1382051598710124,-0.017764050471009082
2013-01-24,1.845916532996185,2.0850343107519724,0.07602096670750363,-0.23249574781595184,0.18803226804031264,0.11745563265366754,0.17575168368295416,-0.042741793845882885,-0.06736632556282796,0.012567623681747733
2013-01-25,-1.3294477732131538,-0.3771409765505961,-1.3024214138543166,0.3808084244223722,-0.2022530973030686,-0.36187672492729983,0.17609705607394635,-0.039794741174248104,0.12829110510671196,0.02163687766653279
2013-01-28,0.6691348601801179,0.12170175186335068,0.7812845401419872,0.0704179333428713,0.20597007566218203,0.101639748667243,-0.13813815250542938,-0.004724838735977267,-0.08396794205068796,-0.021803594260133778
2013-01-29,-2.580734263467102,0.004408284750019194,1.0488508598237087,0.8109586788409219,-0.27017090580501063,0.022917730929571094,0.004214253448845245,-0.02540229608369821,-0.028843306033480388,-0.012784369613423902
2013-01-30,4.837822860722833,0.46128419204976934,0.4024036780352419,-0.10695496139450622,0.34693742707807806,-0.20407854764084615,-0.06027489784426937,-0.11490767329249447,-0.11683735463620182,-0.020470128156601295
2013-01-31,4.358077497598258,1.7612102905125795,-0.25964456266977276,-0.6049431974367536,0.3206299873657533,0.004773571431247472,0.09069730777677906,-0.03804577332935674,-0.08414611055478717,0.011812107114986682
2013-02-01,-6.772798524393202,-1.1819520723680905,-0.9054896369180458,0.3977887595289252,-0.4754305879810519,0.07531366459886962,0.11542218727916656,0.1023635547944496,0.19778833243725982,0.030595281061404418
2013-02-04,6.111049550103517,-0.9731707253678633,0.7214000933250793,-0.9601199011025087,0.2220051255234928,0.02664029447999056,-0.2495001069641693,-0.023549833205096588,-0.11836758363524645,-0.03787601499977667
2013-02-05,-2.6400703434425217,0.5082353251156965,-0.4225144695998435,1.1670050945344037,-0.10622372576911943,-0.349814475840645,0.16166756852033135,-0.08219076077164175,0.04670962205121759,0.004582560995056488
2013-02-06,-0.2755821108455564,0.48807864695071307,0.198349374922075,-0.8854870189339668,0.1896704595619642,0.5016887583509637,-0.08929337117192918,0.13175861064718478,-0.02282288205044669,0.012481833677224104
2013-02-07,1.362772659189649,0.8130285282707962,-0.33053238925085293,-0.2977401621714897,0.016667632076221413,0.0012038909047319927,0.11281213931629049,-0.012078158288156466,-0.010771257066675059,0.017463917815295764
2013-02-08,-3.569922886336665,-0.7647932305002273,-0.10828980710280303,1.244682279777022,-0.15611140774988688,-0.3344650060850766,0.020129214310125744,-0.06340574835118157,0.07175225048487224,-0.010534696902580382
2013-02-11,-0.029575804707211547,0.7550820275904377,-0.8360197076553496,-0.07107428261443383,0.24384608839883784,-0.04534548083433899,0.0831248680801976,0.0017614932619258727,0.03543856631718839,0.02358680557046522
2013-02-12,-1.4671291210827206,-0.6263134001849803,0.18367272956569938,-0.4183961566620784,0.09445451814899199,0.32957157601428005,-0.17184521073414039,0.12645713096655337,0.012502810240378335,-0.008354489390319762
2013-02-13,2.0850150121903512,1.4089741130743043,1.6743278453249124,0.13820794320682012,0.04365589403491162,0.18314241614956372,-0.010195297839985247,-0.05157141613079239,-0.18035627530751414,-0.015746087168732822
2013-02-14,-2.04711070464926,-1.302034915363153,-0.48068408205796437,-0.12134759384493618,0.12094363353387906,0.08251062358312722,-0.17199215958925823,0.09115964141174754,0.08013830220012387,-0.009214847558707806
2013-02-15,0.09928380763437508,-0.9711216241492584,-0.8710345190201844,-0.4477919943678297,-0.3128775287730023,-0.09059358555076243,0.07579518410315723,0.023921346699121115,0.10065250221689838,0.014519508666800199
2013-02-19,-1.3242493784034373,2.3299086208858584,0.7355853688795309,-0.08164993509815414,0.05994356744784178,0.4889005761171102,0.16610162238988518,0.08532051783164755,-0.0841279086768907,0.03593424767426195
2013-02-20,6.058138533020002,-2.7633149248438564,-0.14272684413581244,-0.37326636228969007,0.36591911648104924,-0.5381642300028188,-0.3949399053381247,-0.13527717222744046,-0.032173116960224235,-0.06673105564575847
2013-02-21,2.8533231927344582,0.045400404533324994,-0.41856636717961804,-0.002456435745775409,-0.2326482089022176,-0.3487754846419224,0.16282378490316393,-0.10809787804355381,0.0021753467372795823,-0.002166068843057149
2013-02-22,-4.466544169747556,-1.3478722407411756,0.3301116070958069,0.5810837719345135,-0.23987732036496442,0.06372751074393028,-0.1044421315262975,0.06232678493570202,0.06276720436340716,-0.0005671255826521682
2013-02-25,16.090979567356435,0.5942067245975953,1.708283657569624,-0.8763182992503731,0.24460199528286802,-0.4612040720866943,0.027881401937578522,-0.2781368146258899,-0.2548212728049315,-0.03696347957283901
2013-02-26,-5.073703828694143,-3.247816821226864,0.14235990467456905,-0.5297421403718131,-0.27620853676280854,0.373187698272425,-0.2106872480294023,0.14352034906122504,0.11716996909644224,0.05046705748801871
2013-02-27,-8.242832902712165,2.4657957501640753,-0.3516322146872383,0.36500941960449873,-0.005743957185051254,0.5821788600356863,0.03541058075952732,0.18781121215339577,0.03824964207284877,-0.013060075943183468
2013-02-28,3.671275285557529,3.104029153694262,-0.293088310191033,-0.3337406958464492,0.19288036872725745,0.007034093228764224,0.2538923645873778,-0.04528663393840035,-0.10796889098432982,0.007948677480438348
2013-03-01,0.3320122819984021,-1.3335715521801899,-0.045568415126684476,0.5202717929534848,-0.42495450428150955,-0.41982205477482043,0.07710391304523682,-0.12078648898424363,0.05470554146395067,-0.010185034042303405
2013-03-04,-3.2545633704046275,0.5680658846176825,0.004167644189848059,-0.3099081939864856,0.25852020162363254,0.500218814009535,-0.10143883168618928,0.16669681804970393,0.00734136245995962,0.011122785440898977
2013-03-05,-3.1864178862151413,1.8243646900186559,-1.2201205631703287,0.5429158801480201,0.33319663021513785,-0.03762377070650838,0.18831402886306864,0.03118512199008072,0.053432719285643276,0.040424228591713816
2013-03-06,0.37388516567294977,0.1610529832338879,0.1582148712557607,0.38719265910901457,0.043396995883382916,-0.16474203400820817,0.006536128820976849,-0.06457478743356423,-0.023172598079495246,-0.008553128984687719
2013-03-07,-1.7165868886596334,0.3316895666048796,-0.07177866223577456,-0.5000199326092349,0.1522883771836151,0.43757628163595663,-0.05860877864787401,0.16259344503713305,0.008134338278003856,0.01740854464466246
2013-03-08,-0.08819927527041159,2.232272308056327,0.31329759495944126,0.49364351469815415,0.26423534577326757,0.03831844490142975,0.14481285624806628,-0.021805336216901255,-0.1037008595347996,0.03494945544364063
2013-03-11,-2.5168713433265713,-0.9708301917450649,0.4884411823845997,0.3903274562785629,-0.21452069620556805,0.06410369419099861,-0.0695323327131245,0.01937530101890901,0.04069224699714655,-0.024919569856377114
2013-03-12,2.710482625867279,3.1473842081368986,-0.7980220832196517,0.23869771478004903,0.39089490808842114,-0.2848570090677109,0.348474671656516,-0.11875374659082275,-0.09226335532398114,0.09576277171882303
2013-03-13,-0.10034161301907947,-0.7788047263962199,1.4930806725770114,-0.7009932679763181,-0.37500386285089926,0.5979548056207719,-0.1665835484802169,0.1773483656091852,-0.07677833182828485,-0.04517234421629592
2013-03-14,-3.6630301366620555,0.8618358563074567,-0.7986327020849321,1.0896475554096667,-0.0004117807356581969,-0.3043979739719711,0.3111883507915579,-0.10552387683714806,0.09967639003069863,0.0750815924617725
2013-03-15,3.0224171170565923,-0.26217805696865026,1.0860863768434534,-0.5948216557436812,-0.24862980510533703,0.1875723658149746,-0.11665210826641043,0.02909800483499937,-0.11091706068235391,-0.04822302956787265
2013-03-18,4.995736702669067,-1.7991927626681883,-0.22896890592622277,-0.2504868621412262,-0.39591470369799325,-0.6251953494189265,-0.039631421359355365,-0.22727244905020888,0.0493803622015097,-0.058870306061522014
2013-03-19,2.4571404065610247,-1.4296971469897846,0.5868389831521582,-0.6095359593377764,-0.24529675600085657,0.05392655255133309,-0.15372605351882018,0.0029314767410267076,-0.01073779518946376,-0.04536221335805818
2013-03-20,-3.543762110896237,1.0297950378739023,-0.21687672559057167,0.011345632001255676,0.07032832107544473,0.375210254278943,0.10718443574344669,0.1370727105537951,0.011607782051609134,0.0426350995400688
2013-03-21,3.0595344661691084,-1.689352959527628,0.21594280742711147,-0.4432165617936661,0.14269591765731826,-0.1283161001795894,-0.2942208469515683,-0.033383372307455444,-0.003791861643066905,-0.0587131028228565
2013-03-22,-0.8482080150237179,1.485159668506447,1.0220722854896471,-0.06701394192724795,-0.3578634737470236,0.4006830122623993,0.19750947143337796,0.07593784593603738,-0.09020382830373037,0.02665734030407748
2013-03-25,-0.2002750793814465,-0.9092679371000916,-0.5428031296752542,-0.00884330946724387,-0.010236674841963356,-0.17085302995691717,-0.03986219963413451,-0.033148135747573235,0.07059440030430861,-0.00855649146825827
2013-03-26,-1.1241535787871177,1.7295386881314763,-0.5401901334967991,0.2578683034709192,0.36416054574746654,0.054179587644045554,0.11319373434935696,0.04436037483445108,-0.03303000446577866,0.04803938100884656
2013-03-27,1.5072888255720251,0.028478579759273325,-0.4037180592091869,0.019801946150325107,0.29065582383065974,-0.2003891427674517,-0.08287172866930562,-0.04536955441128378,-0.0072941053152457734,-0.009974836921889767
2013-03-28,-0.8533917366285461,0.4490173775185604,-0.8992631015350329,0.15018210716176353,0.11991935493216485,-0.14191087789920187,0.12000455678619448,-0.02179962529770842,0.054053181223291474,0.036052899379161125
2013-04-01,3.2233008734486726,-0.05136937670666978,1.1623235406255306,-0.16751517046332132,-0.018036242049285407,0.028621028582515466,-0.15806641678478575,-0.024465446460332232,-0.11741160880641777,-0.04630265988235139
2013-04-02,-2.8072330555114093,-0.06431214757305281,-0.746257073574725,-0.07829018414900639,0.2947690478077532,0.19248300869588628,-0.05568105822557039,0.11311002628341929,0.06070353618883641,0.015768943278793936
2013-04-03,4.299697882095432,-0.5585830864149971,-0.1514899801579618,-0.5880679142186902,-0.511902085522254,-0.2906479954820093,0.15373182931200888,-0.12590591553806288,0.015262451264819048,0.0009093698660332421
2013-04-04,-0.1376790390154398,-2.455571912463422,-0.4969213196168928,0.004063634433228477,-0.009390675678613037,-0.25580802130905567,-0.20060055430362458,-0.04438876965297122,0.11605091376810019,-0.05061083920880499
2013-04-05,0.8568425888470049,-1.9169120537905386,-1.2463870843595162,-0.09805733521130139,0.06986622689221557,-0.38044481148208076,-0.08860872915645117,-0.04439828665338895,0.1183986291050656,-0.02002337202855691
2013-04-08,-2.5926095304551846,2.6640550891566717,-0.3520436850561055,-0.011272314006238866,0.03894904547918374,0.31684218471279196,0.29700935564902053,0.07126467781998078,-0.014115202748817121,0.07630430698423529
2013-04-09,-1.5370205170819546,0.36915226280970576,0.4541816238109614,0.792780647716639,0.14904141235629667,-0.08376861536211397,-0.03750410369347674,-0.03889817107381522,-0.031623652388620235,-0.011108516143571666
2013-04-10,-4.4343562778890355,0.23759753522621738,0.45397991089799006,0.8076575221987011,0.11898597568805573,0.16370197771922593,-0.04089767405839059,0.052665288568136286,0.00973711186241323,0.0015450982056281922
2013-04-11,-0.919135183875447,-0.5865077105522591,-0.9573336756452311,0.19048187664650865,0.43699927567766095,-0.16962257109092982,-0.14241996929781983,0.008090968306181098,0.0703270928936367,-0.014665043279466999
2013-04-12,-0.803507937628902,-1.9370146322175203,0.04187864353435532,0.24298097884456324,0.09600236063031846,-0.1295582738220189,-0.2659525371955463,0.007952878233477725,0.04243158567853934,-0.051089950625608324
2013-04-15,14.047816588258286,-2.697804664502987,1.232618552069929,-1.1777155303752505,0.15905852635323087,-0.495733943389012,-0.28302102386241496,-0.19827160704496175,-0.16575280117085392,-0.06479956376772433
2013-04-16,-10.62610621735897,0.03881155015036171,-0.48992330699542525,0.572280571202864,-0.2816151091502224,0.4412509225285536,0.0018891877838748904,0.1874648983288796,0.13739824311942164,0.030309763122626416
2013-04-17,11.35609727368429,-0.9693231602337843,0.6136782014715411,-0.7502424940836705,-0.27433203603184547,-0.5321600139041986,0.111600842220953,-0.21506802060616628,-0.10715026084845913,-0.021274810886515255
2013-04-18,5.376314477047345,1.3983056629129975,0.35649931783093297,0.3209742396881135,0.12954029697538702,-0.3258710890377247,0.09414944068935216,-0.11667306938389352,-0.0939874168240026,-0.02774944436774898
2013-04-19,-7.6827203213218125,-0.9053359617036403,-0.6693255581116901,0.30706186306355565,-0.5095051630689237,0.154061444191647,0.07591791883573311,0.08230702702520826,0.127188581730097,0.02745845966615199
2013-04-22,-1.3972913487772731,2.888962355495935,-0.12810876818408923,-0.6143916780073849,0.3216764960362136,0.5136361943280157,0.0685237131186542,0.10128234956153168,-0.05413399718444213,0.03016903432501115
2013-04-23,-6.352674211952623,2.0055773962048735,-0.3003324357910425,0.6421649821998846,-0.06830165988422156,0.2942053321451234,0.2650572725189699,0.07868429938639458,0.04442846310954712,0.06450458787200053
2013-04-24,-0.17817503875679716,-0.4519394599714262,-0.3589389312831945,0.250353367489991,0.38011695556286723,-0.1326118602304294,-0.16089882602986072,-0.004653382906388251,0.013734968244845503,-0.024948603297626108
2013-04-25,-0.5136992633887233,1.2692111474059442,0.7894388137792624,0.13869143771714113,0.2899086250393258,0.2733016688550554,-0.07137248347112317,0.05934680721950803,-0.10487460939982769,0.002268009776825876
2013-04-26,-1.0723528762582228,-1.3891678314126619,-0.8588560707355881,-0.1463170613587061,-0.12090985914461663,-0.1202596347829023,-0.013900351191878324,0.008465560404745548,0.12044270812228569,-0.0032510910722822668
2013-04-29,-0.04491403659594519,1.9911353935326168,1.0224920811329796,0.39035807326913663,0.1420696230684419,0.1880570827273676,0.06253000711273919,0.004575584464064202,-0.1381270019112738,0.01647762427891387
2013-04-30,-0.4155404352168204,1.0434886802984114,0.3749931148051309,0.16932656024232215,0.09729126902260528,0.12754086942564294,0.03800960009115324,0.026541493257740155,-0.06237116200198281,0.01633207395358632
2013-05-01,3.554339900579737,-1.3557392925162812,0.37323615867691345,-0.4250881115088472,-0.2854253254282092,-0.18401167270795157,-0.08446085711938876,-0.07896466338127114,-0.004098874779378409,-0.041881021974740355
2013-05-02,-4.149478138431912,-0.6039180504513617,-0.7211630269108673,0.6573765310040613,-0.07219037312134621,-0.13312889133902836,0.07337245780217556,-0.010270062644469693,0.1228448464646356,0.012371594193536459
2013-05-03,-1.6556120366133698,2.2441381518549965,-0.13872457797823468,0.07443898781719181,0.6918474868547801,0.3586806679646431,-0.030681135058669592,0.13701072262071576,-0.08676587051657626,0.040894246934376995
2013-05-06,-0.6602976481911582,0.24547882794097103,-0.6449036925607672,0.05686903324566057,0.1616056634894736,-0.06216338347957495,0.04323277998000376,0.0019352531427808844,0.04063346999923431,0.020282983421184956
2013-05-07,-0.5724099059837567,-0.18682565308932736,-0.37364115923478136,0.2327687548500283,0.08622317451945137,-0.13706584097248015,0.0007324445018967716,-0.03239993790163957,0.039705868007246244,-0.0013259582931353143
2013-05-08,0.1771146648822766,-0.3678699611685551,-1.3586737445190527,-0.0656110393833381,0.3382633759239698,-0.2428185448309001,-0.025207565628571012,-0.02786161884257253,0.09632215093242188,0.002026555729105597
2013-05-09,5.096283817544437,0.8116545994683689,-0.6528117786872554,-0.37450158693946123,0.8213557447264165,-0.2299460828556419,-0.25052186896753403,-0.03016097178147804,-0.10934799127275696,-0.04937651210551184
2013-05-10,0.8251932607764916,0.6345760838901868,-0.5365570846254182,-0.24865586295662315,-0.16689874714100209,-0.0677907123595821,0.2090248790892731,-0.03473939828115753,0.027914006328619224,0.0470151456567315
2013-05-13,1.6901376848573837,-0.933830656326814,-0.6952176383595069,0.18620228641564188,0.21150460941533206,-0.361390559663259,-0.11544856763995094,-0.07911864693795456,0.0458452145107481,-0.05607654114735577
2013-05-14,-0.020242856180711363,0.5240809181472827,-1.3689393078877523,-0.40828457211931257,0.2986002708121451,-0.021080361353116937,0.08959595221273818,0.018261823988275295,0.08090442811791201,0.03707565150139055
2013-05-15,2.3043530804948036,-0.4779869093404582,-0.7725181608896095,-0.5499243950884795,0.18493268951994393,-0.0834307043921841,-0.08556017293664463,0.009566961683282077,0.025452326146749547,-0.031258664390713016
2013-05-16,1.6712899813584439,-0.7991010386752689,-0.21538492625706834,-0.17796700082715972,-0.35990816106984574,-0.17866075838985665,0.0900362845569376,-0.05774370064520103,0.0415393146975568,-0.00983132707064008
2013-05-17,-0.8095733068947539,0.3832836724334973,-0.4054710827644941,-0.15030295350366568,0.14146900669450194,0.07990983467235296,0.0358939132507237,0.02680221492114893,0.02959759500653232,0.025607732111689933
2013-05-20,1.8466936072645694,0.8922420157344171,-0.638390290164485,-0.014411513586514274,0.07655589551433561,-0.20743393155264295,0.14345133426454867,-0.07833233830548003,0.006455898938025315,0.02752149297427211
2013-05-21,2.26530799912372,-0.4940754382522906,-0.9420562833925451,0.14930417813727137,0.13032597083124012,-0.36131663399418473,-0.013020629614228386,-0.07931492326396279,0.05013808435393223,-0.044462832760233516
2013-05-22,-0.4345842700596025,-2.491384226168631,-0.49992651759828133,0.03202556267011858,-0.05946280014691281,-0.10312467193146697,-0.18305414842651874,0.04872754441122785,0.08827825065902144,-0.0867533237603103
2013-05-23,1.9842776890291698,0.5378644659062042,1.0893070504876214,-0.794201190246659,-0.4094229489405986,0.26391548312730834,0.05292424384541331,0.02981731956902704,-0.09909264326864206,0.03539362700966978
2013-05-24,-1.3352617420620738,-0.3216709517893301,0.7860793052517888,0.3484215790168065,-0.6396087748431977,-0.020550260291242965,0.18241937409772543,-0.04529479166765329,0.012801237581898195,0.03608870282287513
2013-05-28,-0.5520593335691105,1.0958953496211323,0.7675264048077909,0.13403879036728003,0.2140646511467754,0.18002239751969373,-0.06939224523024533,0.02742055429763731,-0.09529319587619363,0.011680136609731382
2013-05-29,1.9484891616837836,-1.0834025971355978,0.4402447805031409,-0.35332767024041606,-0.23431363775424355,0.00999319167746197,-0.09581096107468559,0.016117916594758818,-0.02735443093510035,-0.04000988865349486
2013-05-30,-0.7448083911450368,0.1086326750383321,0.22411878422057935,-0.22084043392121375,0.014701383609756563,0.17921123026995261,-0.028871721443529428,0.047272528054299504,-0.011664303631424629,0.011566646913241958
2013-05-31,6.449735780417293,-0.06995148858667932,0.47872298943082753,-0.698563936579576,-0.21688775032885932,-0.12761300746944684,-0.03891011649425941,-0.03957941557928298,-0.1057887251513947,-0.036747230272561535
2013-06-03,0.46503355334704577,-0.8520343720103974,-0.5176744848062478,0.4379937329923735,-0.1692732422209786,-0.31722518430771474,0.07349891844328704,-0.07053570446541778,0.0630998933256382,-0.021421594321898333
2013-06-04,0.9139740434451149,-1.304413826253108,0.7920930840235555,-0.4925680582076168,0.02035766352255724,0.21849522189869366,-0.2068888211293684,0.07078599835040655,-0.038156559560227565,-0.03219098116043975
2013-06-05,3.8219043458682,-0.8445404475017262,0.29897288179154696,-0.07330360784562807,-0.36814464730544005,-0.22406012282142013,0.05844096253235594,-0.056648494385693623,-0.02012327235302658,-0.024315482431009682
2013-06-06,-3.1055749367711534,-0.256127868097326,1.1924520822582185,-0.004278981611185288,-0.3072100216592337,0.3109088606310792,-0.009976987441105723,0.03245632260715422,-0.013501847783887177,0.03435298311911296
2013-06-07,-2.9316171859087916,1.0203646191482203,0.7301157099550184,-0.008418564424765148,0.34852217409040587,0.4076588651813495,-0.14232199315393357,0.08753327747759354,-0.057775759084411356,0.019167144043177913
2013-06-10,-0.5101918404515117,0.1595592277904365,-0.8380172557020277,0.29087805193595945,-0.08286853509763971,-0.22989096977679804,0.1331847954482751,-0.04748467376510171,0.0561417845153987,0.005655740028836511
2013-06-11,7.619648994550277,-0.7793823522928655,0.3599225403469631,-0.8109796704615877,-0.21995633270511444,-0.18617154214617568,-0.021299362815202463,-0.046906816358183154,-0.06227061721529892,-0.03570597828239825
2013-06-12,6.654515037547184,-1.4454009437579174,0.09852085215784899,-0.4041911081181596,0.03823648385182371,-0.24097773299308406,-0.06545312872671598,-0.02903334854098586,-0.018518360656566618,-0.0495601193610797
2013-06-13,-8.008965375305849,0.24081183218823746,0.09758941058074108,0.4864622122749667,-0.4226689657392477,0.22977662387364198,0.12181676990179892,0.019790885270338194,0.06772105595968263,0.05732380145057471
2013-06-14,2.8026680703978664,-0.09651726461246021,0.6820264146096794,-0.025133628194317564,0.14660871060148506,-0.02472804753580336,-0.0892520202775737,-0.016974202072484745,-0.05910260005019204,-0.01824246617704019
2013-06-17,-3.1773103837278,1.290922487280702,0.9205333949049004,0.7260350073824674,-0.06801346973543479,0.11149779393486185,0.030870329118557034,-0.01997692138894999,-0.05130681872374615,0.02059273521203418
2013-06-18,-1.4337129910117994,1.4474331402929375,1.621322895410713,0.5650237357142193,-0.23187088875782433,0.1786952034254517,0.05332299081894112,-0.02563616545325409,-0.09819341536146928,0.021369331059096552
2013-06-19,-1.722746256214227,-2.2164645861221572,0.11348867181092429,2.3519901245968846,-0.8055852467336028,-0.8859148888052345,0.24693146202108607,-0.19511727910781704,0.10394999618912855,-0.033253929699921206
2013-06-20,14.93774246257605,-1.978405493472532,1.2285782359458495,-2.3043246467164478,0.11937907708537121,0.14020908460599818,-0.1479851220153928,0.03987934317022301,-0.06078681101786639,-0.020500016271119574
2013-06-21,-4.020625031180548,0.19509691952370423,0.6169164107602622,0.4227237638907956,-0.06602366688678062,0.13719576045714416,-0.030077929361852464,-0.0167442574482086,-0.006834339412820702,0.01717281092740467
2013-06-24,9.102784814559408,-0.6189788073544621,0.27922835023916215,-0.47197056169030477,0.023471539398466038,-0.22258322624671792,0.056878038819639924,-0.0017807955217097494,-0.00597874052589119,-0.022915077625747793
2013-06-25,-5.369213320007487,0.0525537622758473,0.6462926480653374,-0.1674843350537596,-0.2865757666717098,0.31845511572613444,-0.026380265450140453,-0.013633141911777195,-0.00022260831905105926,0.03931218854628751
2013-06-26,-4.64801950714225,0.2861901033297176,0.31555261707963733,0.46693990541796365,-0.21257823735583736,0.10406989489808835,0.01375795207014568,-0.01438781876929346,-0.0014831453924599631,0.010347531819330097
2013-06-27,-1.9535565442263316,0.1582183970257688,-0.6691857453109423,0.7956554634324585,0.041376896224370706,-0.24126824276223774,0.04134522537785271,-0.012228040735661817,0.01402786972715922,-0.016490654750749418
2013-06-28,0.3934005219963995,0.6923348564241449,-0.8021957181168627,0.9288893780589426,-0.021987746475917665,-0.39192307988257535,0.10715869636165246,-0.02417321786397516,-0.0008704621774803043,-0.024825616481462896
2013-07-01,-3.241792856791499,0.3255878368996245,-0.3522679533245198,-0.09196770463791451,0.519608705692241,0.2078949476866456,-0.15308866251786873,0.0371197745024363,0.0023318572674053887,0.0017322589904649208
2013-07-02,-0.6924819320068252,-0.39740280219682256,-0.4794205935977388,0.7395859986042723,0.13491185872671016,-0.23610816767959397,-0.0015699631217517477,-0.0019874624144946046,0.014799314034764026,-0.021254541089636342
2013-07-03,-1.3786983053373427,-0.15844071767296652,-0.06062776209722302,-0.05498870341659263,-0.17549907267200562,0.03772842707857783,0.032382614040444485,0.0013581749107988688,0.017572170798557517,0.009704968052925325
2013-07-05,-5.40116379378421,1.0423334892428153,-0.04852468043136312,-0.0729473863150168,-0.22587960449137223,0.2686411859131011,0.0745491096807352,0.004454688441733524,0.028023452038730825,0.03490993484249633
2013-07-08,-2.7960904409482907,0.6931188575815079,-0.159437728411774,0.3413338060622549,0.4325686634462961,0.1054516710308349,-0.09490164473464549,0.023771996750048482,-0.00719746466578775,-0.0006871206707715309
2013-07-09,-4.909656170415295,-0.29171473502380396,-0.5743349199739379,0.9050508503648541,-0.06750076643888075,-0.13198481580582788,0.04826391203101038,0.0030405134554128614,0.06864233961320258,0.003360845159287684
2013-07-10,-0.7625032389805348,-0.08241565403168102,0.3542192992122473,-0.685180030104919,-0.14564629100858273,0.31710862490646985,-0.017419956242633136,0.045643254803046325,0.003092582374298963,0.015493931048015986
2013-07-11,-3.0830656100652476,-0.33095649329759713,-2.082097818201013,1.0710212548773372,0.6878513442390166,-0.4121576822216992,-0.08052615059853764,0.03331330323386644,0.09371654923066997,-0.022751158316167714
2013-07-12,1.8944530249074851,0.7942450967605283,0.04994001735668674,-0.22972101215686888,0.2618869158156516,0.03407807521023399,-0.026457925167958772,-0.017369021101341534,-0.042334005111749264,-0.0028303254829843017
2013-07-15,-0.5956842036305827,0.5594565003277752,-1.2888684952863063,0.28680578441415977,0.3392425687785511,-0.18664554728476634,0.04038511320280856,-0.0021337944585778116,0.05127579186959236,-8.29209155999613e-05
2013-07-16,2.838241991043556,-0.1409976902126541,1.166318089145817,-0.6405134526902146,-0.2824579542423914,0.17581545817236283,-0.021879264958426712,-0.009318379856358973,-0.07309278278070962,0.0002371599444528303
2013-07-17,-2.9452643128639937,0.6740520540160876,-0.3355302624440739,0.21989588881329253,0.04696180382748252,0.06976666512405404,0.06756608169312556,0.008163476551799208,0.03882324827798503,0.025950442036896247
2013-07-18,0.39254804440709795,0.7868534606516414,0.3553311658373456,-0.07536294134880439,0.21283711378926418,0.11539832323358479,-0.04617884044845358,0.0029292960050865424,-0.05047247080835863,0.002751859353601007
2013-07-19,-1.3430299673144195,1.2366576811773062,0.6229664897842389,-0.26118574505885367,-0.4198872607627598,0.2680374065557479,0.21757208945555678,-0.0011722284436020136,-0.019191595865171624,0.057167079498725334
2013-07-22,-1.96882698170987,0.5284830968072108,-0.06410727215352102,-0.11597422051760686,0.1733347563256953,0.2288468584705059,-0.010100670597596659,0.060053754821333225,0.0005369206704120366,0.019479094829304704
2013-07-23,0.8658183837077024,-0.8066828380994066,0.10238811725279186,0.0007599691014653448,-0.051191435537274586,-0.08786675268759625,-0.0785227926155462,-0.011188998111602648,0.003967502429036847,-0.02705592863989492
2013-07-24,1.6656032719693488,-0.08349179174013209,0.5259230644617101,-0.43811865821444274,-0.4153737469907138,0.07869622871286523,0.08939290160280472,-0.011654591333024471,-0.023596075926337154,0.008450701534860577
2013-07-25,-2.811281638057458,-2.979290985483128,-0.7075275545526816,1.0510454678843386,0.0328972729618546,-0.4399845515908427,-0.20826086866265325,-0.0005591872313692165,0.1172859155963542,-0.05953779835973934
2013-07-26,-1.1618931164303599,0.3792649043748662,0.568501101756957,-0.16956359967393025,-0.16557268872969313,0.22326448486563552,0.031793816021803735,0.016036666473617272,-0.013083396844733829,0.01465393304155523
2013-07-29,2.682198604530189,1.3120166746801498,0.5205034378120623,-0.6175487113973464,-0.12312280396548957,0.17841337829272125,0.11727474894588422,-0.019169730887966807,-0.07178088478991919,0.021867380523899593
2013-07-30,-0.12177928883784855,0.8780287791807714,1.0538825238937557,-0.5865489370807805,-0.7304892198065995,0.3770563604345858,0.26215184639290917,0.016173340875405357,-0.038602799179492435,0.041259189998671064
2013-07-31,-1.091900864590023,0.057166482697673174,-2.018161469497388,0.8360661169452943,0.69713908238017,-0.5282037490790341,-0.03532425238034373,-0.05164932868261224,0.10248200501437113,0.005848741082659582
2013-08-01,-3.559328944795482,-0.43965745930394884,-0.04623044422581422,0.589520348527766,0.8210571353867617,0.13538720935436882,-0.36700983382707303,0.09296528130207155,-0.00882845775463854,-0.046225175500204274
2013-08-02,-2.470918664146188,-0.11019474024122343,0.15231331164535147,0.33430044713442586,0.08530375198090427,0.08929752864939157,-0.05687115447517199,0.032398887553695466,0.014153492353801768,-0.002468716256995036
2013-08-05,-0.8264394129499091,0.210210338442936,-0.61747085852504,0.013825734864914105,0.13369595823617755,-0.023969040804086985,0.03424171331240568,0.015048629829743455,0.041507651043919784,0.014478050066358553
2013-08-06,3.6839658020235,-0.12750562043867814,0.5269763423648604,0.11711389491466052,-0.06385781862065103,-0.24140100075845738,-0.02962028453203543,-0.08836391694908347,-0.0757242402005639,-0.029945140355076016
2013-08-07,3.133705147852954,1.4093895191668548,1.189221024674777,-0.6056863045801201,-0.24929081364916153,0.252057655223122,0.10204642234206131,-0.013349547061105457,-0.12327264088067384,0.020636612756284367
2013-08-08,-3.7722530501282163,-2.5865189279668455,-0.27711454589321954,0.7833555394559515,0.03485354538262328,-0.1980984545442805,-0.22132454357740816,0.020872432866247726,0.10455469325060986,-0.046397666738162154
2013-08-09,1.3356289364114415,-0.7519490839065036,-0.6668825140240356,0.3673575133696019,0.32807243589579504,-0.31572907578578063,-0.10156051487855079,-0.020198120726825773,0.01121086801894178,-0.027741749461367583
2013-08-12,3.253348916448708,2.6558719964465403,2.1085109756427656,-0.3136483135453383,-0.8158253807755624,0.23249999323662535,0.3589947846320602,-0.11693637290020313,-0.14251383397410852,0.04689062317334893
2013-08-13,-3.098276240901913,-1.7529228921241475,-0.6629968417498189,0.48172174166132603,0.3113874040466916,-0.11168152202813131,-0.21517004112035773,0.05041109254627776,0.07767590750791754,-0.03181378805279304
2013-08-14,4.5248854737411985,2.2206598764343757,-0.18651551478731412,-0.5346513968269425,0.256103252914998,-0.005454978455779046,0.11172484659502854,-0.0350550361477465,-0.0877655454556991,0.023943765879542483
2013-08-15,5.160035564505112,-1.4571390788706402,-0.3025483424952399,0.13256809730957125,0.2018496199787448,-0.42481215678351847,-0.14685978817594472,-0.03858711863356998,-0.0068125467278257155,-0.05731878278491895
2013-08-16,-0.8679764662681307,-0.05140755911933135,0.836312107454883,0.27282339014086515,-0.12213101227582845,0.06761718519862488,-0.015330464891703591,-0.01738197804832335,-0.024504592471933342,0.0009174334941901863
2013-08-19,1.9157780560954587,-1.1088835329253772,0.9051889720310446,-0.027501020469460603,-0.26104945235266463,-0.02826763426520825,-0.027416416109001546,-0.022397374876046296,-0.014227899305170735,-0.010007260594860285
2013-08-20,-1.2428798617048773,0.290155076740198,-0.38741598746136446,0.12590367087758483,0.1177712840388189,-0.0071268534333241195,-0.001992640826052621,0.0095546612542432,0.010730766762140503,0.0008994519741096323
2013-08-21,2.0652155206852,0.5935340105417535,-0.49975229892745493,0.8153724478168725,0.45620637766738714,-0.34683064302821737,-0.04249171097996955,-0.025692378486775146,-0.02780720811375756,-0.03128465546759936
2013-08-22,-4.6538667736949915,0.057868155652013926,0.5473734649194358,-0.027412517013229765,-0.4148380769928272,0.26139123339715054,0.0785940971364445,-0.0022901210600223556,0.026579191290168,0.03313507855033421
2013-08-23,-1.7277297745304887,-0.16459964032066146,-0.1970493964829957,-0.20430729979617565,-0.3162434740404539,0.08035015952714017,0.09400697150217605,0.010518936848936445,0.040302448441503734,0.017648120246394
2013-08-26,3.3865933548287876,-0.5961706320162707,-0.5131649845370602,-0.03357029954095448,0.4850578453596781,-0.19243538310065536,-0.14811948897034566,0.016983100880426687,-0.017655120154448173,-0.03332422532902022
2013-08-27,9.983574972579126,-0.6278487932783406,0.34443693618596166,-0.34074875019741996,-0.43719755203625554,-0.37665160175314844,0.13124263146074777,-0.032362108149655115,-0.0434217949680335,-0.027410499948988334
2013-08-28,3.4403110274178603,1.745386886458878,-0.6324775835839839,-0.5521171385459919,0.24628609202989796,-0.020585645428811573,0.0102032088340667,0.003181293189226498,-0.033058539630615086,0.004137259384487224
2013-08-29,0.8885548081952938,-1.762984732594703,-0.3505114794422273,-1.078459567467648,0.04558349278570171,0.19571195819392795,-0.08125822100761178,0.0564729107292831,0.04182138855208968,-0.0068490838901309305
2013-08-30,1.5344365553247559,-0.6530071024337288,-0.038448154476389454,0.3069493231077746,0.037652447231742096,-0.141312763029923,-0.004039048974770184,0.006902608847030598,0.0015682143050795684,-0.021235561847948177
2013-09-03,-4.1720167957346,-2.1900110648936475,-1.2179292796904497,0.013923802365997473,-0.036350489159155536,-0.009011721162719958,-0.017315367500148754,0.07282559708760343,0.08063237112054658,-0.005602135287335307
2013-09-04,-2.449977904064879,-0.722787023242053,0.17748381158007873,-0.6310719963448563,-0.1600416118681019,0.24369229530207132,-0.03958236955682407,0.02451898638016341,0.036496548965879554,0.03371264766648556
2013-09-05,0.5821853631524423,1.606455754350609,-0.6139043864954231,-0.05444275315115382,-0.06461770707345907,-0.08254506729594956,0.10330279521735405,-0.03234769796613235,0.002206649213301595,0.0002717615652237963
2013-09-06,-0.6643523761247649,0.015107445542261087,1.2264299855852892,-0.4726578698803127,0.05372557343420419,0.3319935511546199,-0.10633271506297154,-0.0018431341341334816,-0.030776122217220293,0.024425146767043885
2013-09-09,-3.3347389169279014,0.5443658468752237,0.4642064725011042,-0.007075361021357262,-0.03211373115331284,0.24727330238601278,-0.031104824301828905,0.010778543014846785,-0.0024034414272061906,0.020834225957074206
2013-09-10,-4.589561895162896,0.8102954859788777,-0.8596682706267322,0.6045815952513648,0.03031290526546434,-0.04681127162709384,0.07734762384977717,0.01052465620916908,0.05029215020836764,0.009440574442393974
2013-09-11,-4.272802956672732,-0.32582150820574446,0.40566216804618116,0.298918425295239,0.04422406485186075,0.21399876527872796,-0.09205718561303769,0.043445048569648224,0.01919670096765784,0.00740953881453912
2013-09-12,1.850501729546937,0.638813521884244,0.34092694594051265,0.4837364449517087,-0.19167776435598707,-0.23676202970354482,0.12122567948232842,-0.0819032335470302,-0.03628981287415921,-0.004921997753276511
2013-09-13,-1.4792970829459708,-0.5118100959130127,-0.18303211104656444,0.1629888991767602,-0.029022787256562755,-0.01770451830779218,-0.020110611732691148,0.01764308052070819,0.028286538007033443,-0.0014423102384972994
2013-09-16,-1.0673830260192125,0.699221712485575,0.15320837149412858,-0.16094930561747436,0.13084119719747328,0.19037096513386,-0.019555594605366985,0.01946255819742752,-0.013087314421531262,0.0099071755354909
2013-09-17,-0.0613525958767294,0.4459486595432326,-0.11344309994492192,0.31548855658958214,-0.2504080080318269,-0.15148590390957897,0.14531168951974932,-0.04574189796958866,0.01173377092209391,0.00982174907027624
2013-09-18,-3.411424197786908,-0.38307332227582563,-0.9460312078212063,0.4179562683405319,0.2180512616113465,-0.06562995894651118,-0.038415382662937245,0.044891258556974935,0.07403761842885152,0.0005431747371504526
2013-09-19,0.6514207730027424,-0.44646548628149557,-1.364644128379581,0.024162418880837148,0.44628547580922356,-0.19742727237502292,-0.08001583983109439,0.03621464179645197,0.044763949188473796,-0.01921793077376344
2013-09-20,3.706403859212192,0.08248624008485829,-0.03670533803168678,-0.8476817424414631,-0.23110614235346902,0.027908928853997574,0.08182082811760844,-0.015471236486129922,-0.01650111980252164,0.007587720013147662
2013-09-23,2.781237652796037,0.41719257705102586,1.0284420640201648,0.3105513118871802,-0.14348901150506135,-0.11569907208037103,0.024843552374448838,-0.07120112524722787,-0.08311499668691866,-0.012117471557291445
2013-09-24,-0.9485651909934487,-0.07911516604500246,-0.3046730296237469,-0.31481043315352414,-0.1475355817445615,0.08345849082666525,0.05436139658850048,0.019841228728446705,0.0378676250101172,0.01683436689552595
2013-09-25,-0.6105927030151275,0.8317887629539452,0.03313884950921692,0.14405119747743567,0.07526419165867296,0.023280136987485475,0.044977839153893716,-0.01883856789504902,-0.009288452359059361,0.013779560132425506
2013-09-26,-2.0624375673938617,-0.5731343559711366,0.1628279889423856,0.03925173426242797,-0.09262851214957013,0.10386092879574511,-0.0377152589672264,0.03096553611479169,0.024081592096368076,0.0005250917203996185
2013-09-27,2.8089561794733084,0.28727967093614454,0.6888348543551004,0.005090826018569453,-0.25944948075249114,-0.09266691000876931,0.07131455677694239,-0.05902944536071282,-0.05378156850697368,-0.002427928617443077
2013-09-30,5.40289968140202,-0.9252752206990542,0.09062893935785042,-0.24471858392981063,0.2790720994388642,-0.1759975378074615,-0.15759969675658295,0.0045116829017061546,-0.05499176335958642,-0.045469821912915695
2013-10-01,-4.686853501583906,1.1771860022239278,0.09137543259614918,0.3084340825603344,-0.26639080612603333,0.1501615159688163,0.16259469250790662,-0.02112910445442296,0.034449874378619905,0.04429834995607568
2013-10-02,3.3501205348115977,-0.28443956201006426,1.2570600570103228,-0.02788620305784984,-0.267062178548113,-0.03262086010330451,-0.016500926794174302,-0.043859724733338185,-0.06892707169766199,-0.0155362811173126
2013-10-03,5.539101269518312,-0.7066042434646397,0.40949359662455304,-0.44766712388097357,0.029339587459214913,-0.0958127239432244,-0.07119790316897354,-0.002384207727022139,-0.04076423202058401,-0.022463457772097357
2013-10-04,-3.4239560374691402,0.18803705580708752,-0.5222806325915417,0.13181161234567293,0.039545051259890315,0.06450781380887675,0.017739183529480885,0.016864585419026294,0.035832390030157785,0.010881307083654491
2013-10-07,10.298589291124703,-0.22731330910743566,1.4428714927512765,0.23025808973167,-0.08593463685274061,-0.3497035979340004,-0.00771728674614215,-0.04973693168038555,-0.09417673627216837,-0.03667820882661319
2013-10-08,5.525198698259612,-1.3750638467739185,-0.053414694208183004,0.49341819808020576,0.10195345503983867,-0.30267693236157156,6.355375749967473e-05,0.050160517837793885,-0.0026649052158584973,-0.04412992136541026
2013-10-09,-2.789486445315096,-0.013302334563140459,0.5320023627248502,-0.09363903867726749,0.01606923589638834,0.16714792003954063,-0.048132041627224835,-0.02894662399180704,0.002166735592465993,0.020351411877504492
2013-10-10,-11.685344168763477,0.9651642028831793,-0.1772459904013377,-0.23517215273568864,-0.16160704501954723,0.5129672815458463,-0.0277523673685689,-0.014512234050541712,0.03930267707462958,0.04864484357994592
2013-10-11,-5.16649822273155,0.2637863253357163,-0.3548639978128561,-0.07571378251340045,-0.29745249828642223,0.2139521524356087,0.08856681003746826,0.02559507007396463,0.05027810062829273,0.021522439445787942
2013-10-14,0.5212296954866122,1.9226927943810947,1.0562121581583803,0.18601380617255606,0.02849089479105986,0.15680757346817184,0.06401840090752038,-0.0412823199337251,-0.08564110314431203,0.011752347520978665
2013-10-15,7.892481149556912,0.22307882236846135,1.9081133201151868,-0.504697864949983,0.03475546326678018,0.04744893468176919,-0.11535825130422475,-0.03444329904663641,-0.105741842847702,-0.013045348561182238
2013-10-16,-10.215685186278607,0.9147529862832628,-2.749420947782156,0.5849642316370252,-0.20984872576677388,-0.05619396274151981,0.34570138827843067,0.02826862174095058,0.14365969054473618,0.05539171399891523
2013-10-17,-5.660404768816174,-0.11423780509468041,-1.172905793690131,-0.17262672664027062,0.23753881931065957,0.28317288610863467,-2.858886288190826e-05,0.11103832039566185,0.09374560720424525,0.025296514356694937
2013-10-18,-3.8208393025036727,0.1781900184317193,-0.8732717658822801,0.06814204137657101,0.14158527349271183,0.13065044779815002,0.06030392719688667,0.06639835926800602,0.08145178585489166,0.03230333326517813
2013-10-21,1.858667273011681,-0.23716681852225474,-0.31651009894080434,-0.23245802782964514,0.22608738624804162,-0.08164831609088938,-0.10221906739144107,0.0027163870118528527,-0.012201240834733517,-0.017036055167664023
2013-10-22,-0.13062122524139347,-0.7096299415314048,-0.8748628299144195,0.12080743744455213,0.24463628290876535,-0.19120476445785836,-0.08923702849460077,0.008550121505127822,0.05443848524706418,-0.01504101593997798
2013-10-23,1.333730650487737,0.1142591848268059,0.7585856222623634,-0.24552323240845744,-0.18037884476046992,0.11430421307330364,-0.0005141883102774828,-0.007442588769842914,-0.05441013138130583,-0.006056488997940737
2013-10-24,-1.502005424531033,-0.39445548601017527,-0.2688090952488916,0.14257784306861707,-0.07946833104149359,-0.02576462672579744,0.01734318523949252,0.011857551424757216,0.04572869359200944,0.0031222373750230442
2013-10-25,0.2819450493205255,-0.5087373995344978,-0.2494177442270124,-1.0541177112682536,0.18951397369540393,0.37277246300043587,-0.15386820568458562,0.12795839133894102,0.0067520048424795,-0.005403131125846815
2013-10-28,0.34450863603946,-0.5297509141318244,-1.0613467531215541,-0.5509179707618819,0.15686160073449557,0.003471406715840877,-0.03637046259395038,0.056767926079288045,0.06659411812514941,0.006763545421021584
2013-10-29,0.6297199327914121,0.4387479908560679,0.3625175472597737,-0.09315231050261125,0.026140349941312816,0.08493245700162162,-0.001111816343482118,-0.0006240496647191722,-0.0420823857289875,0.0007889483230131306
2013-10-30,1.4012544698062832,-0.33160652484697456,0.09394584747345623,-0.13155281930941057,-0.13976323857841236,-0.07674442525493072,0.00937019955581012,-0.025930643663756945,-0.006892713405649333,-0.006997588442181199
2013-10-31,0.9351759899486948,1.3613010741405742,-0.8832107011670635,0.24817420137696322,0.39030847637438765,-0.21066197938932055,0.09875764721857046,-0.05032376760552164,-0.0017194147841759176,0.02400251898238075
2013-11-01,0.4582182187565137,-0.6448733797502932,1.5085171920888876,-0.31113008292173694,0.30122161687823285,0.3996153487497751,-0.36096555457272506,0.09311895110690875,-0.11313945378197401,-0.05110922703839985
2013-11-04,-1.4936931178099506,0.12586686479326667,0.7014470953383147,0.1686114546856079,-0.27024300182209193,0.1490945653720948,0.050618080900107526,0.008508104809146896,-0.015425998804343108,0.00446848282948991
2013-11-05,2.6198367754455805,-0.1713867216220484,-1.375438775352184,-0.31583816483661586,0.2585904113997314,-0.3069029252611573,0.0121763649883112,-0.03174661327725693,0.04721461333734588,0.0014153489668740362
2013-11-06,-2.2863352492651132,-0.5091961625883166,-0.8792095915899947,0.4866237522013786,0.17525457251730076,-0.18242347444712842,-0.01774168340181334,0.000343027857939744,0.0805733120124184,-0.0028518341020234627
2013-11-07,3.724870184894346,-1.0626296724206403,-0.1537483612584593,-0.08325894608605888,-0.40218201051007835,-0.36274639598784175,0.08145151082832025,-0.08234423115361925,0.009786710904765848,-0.018581564894045343
2013-11-08,-4.471657582000334,0.05887827510355891,0.31014082954899946,0.40614756604844543,0.17398074887948878,0.23769480450983857,-0.09854278526863278,0.0642695342595265,0.018009223533626054,0.005737344051084689
2013-11-11,1.32195796213949,0.47134774071887153,0.37907111826902856,-0.34617407492279556,-0.03591906290923996,0.12320302522682837,0.015224829177596037,0.0012531471901719008,-0.042627735826071045,0.004889561818835404
2013-11-12,2.6865271360732046,-1.2102947969192823,-0.4290732282272347,-1.189189528658139,-0.11798292291744523,0.1268238074070607,-0.066865009473357,0.06486852303069084,0.03058251926099335,-0.0018174714620815232
2013-11-13,-0.3872160244613256,-0.047444234226764276,-0.6693713860007986,0.09241167608319781,-0.009151527759876973,-0.12968937432855654,0.06110138237351486,-0.007235146806271568,0.04561327747131067,0.004950893447483388
2013-11-14,-0.49894014677745807,0.8701699108005148,0.6656625813738479,0.45108256685538367,0.15933978853075267,0.0397147440774021,-0.02353892044594777,-0.027053593770902076,-0.06250759138030978,-0.0036182917919588714
2013-11-15,0.45575298465904507,0.12366817004209603,-1.3543765335580176,-0.20403685844321584,0.12744170302591507,-0.16585859522840116,0.08676760301143228,0.0012655419232472378,0.07231209854186658,0.01236509948278492
2013-11-18,0.34398363365701745,-1.9926536096123995,-0.1269244395761353,-0.0485387393762501,-0.35643553081535856,-0.15517533127345076,-0.04689578633406532,0.012769191737099218,0.05049160030138206,-0.020297766011340368
2013-11-19,3.1931791566520693,1.3320786948677752,0.2910067343132013,-0.4025745603747056,0.20243957221829378,0.061422161914146046,0.023931614584997735,-0.038041710764300955,-0.08133315613147132,0.00195170968662376
2013-11-20,-1.262423835774439,-0.30554817004314905,-0.4003408633391283,-0.3198205663178648,-4.484224508987223e-05,0.12862416944615085,-0.013052997844468292,0.056096119775358666,0.04690317877868241,0.010918980383896772
2013-11-21,-3.720198765834038,0.17286963733789795,0.21871221453592615,0.07054368416942032,-0.40666913333069393,0.2249258525357291,0.13241257984969446,0.045785659398892814,0.056802781061491274,0.03618792465654042
2013-11-22,-3.6846157464513585,-1.193391296042913,-0.43217044065545707,-0.267376134776958,0.15318453462677825,0.2941668473206633,-0.19340041269935448,0.16138036917639415,0.09054171479633091,0.0009659299109964626
2013-11-25,2.585475387079126,1.2603315970177287,0.621322612275902,-0.5666504839060723,0.11140581393906382,0.2345126045431439,0.023115249440940386,0.0014306171097762924,-0.10365886062283683,0.006065482598599591
2013-11-26,0.26793959060317,-0.014668891921957255,-0.4458696222154267,-0.2721081203946808,0.2732854738890131,0.05610652766123152,-0.07688278458695505,0.043558973440682124,0.011925930731102128,-0.0008647809804729917
2013-11-27,-1.7088311702931889,-1.654824344288263,-1.5479617413536755,-0.06537914493600157,-0.5355867961720591,-0.2952312967685477,0.17549147537073356,0.006487909507020581,0.20268116206267103,0.02295849130507496
2013-11-29,3.051406089073134,0.8648492033425489,1.407197157375371,-0.269910343422137,0.18925250332884133,0.20241350491250273,-0.11613198194602295,-0.028978841526545996,-0.1723012364409971,-0.02295761186370859
2013-12-02,1.3464972117372271,0.3494206934180514,0.1943118454965395,-0.04260829378906628,-0.012842507568263451,-0.03915096950206381,0.02960092837771514,-0.03426572881562042,-0.037357335845866015,-0.0021536429727171498
2013-12-03,1.035575508678776,-0.6663272497540331,0.6050717863927157,0.14185496577769965,0.24591031784959416,-0.02405101305403455,-0.19908420262821144,-0.011463420275693038,-0.05486923458793217,-0.029094449694960483
2013-12-04,0.10407352097822432,-0.2392068169719126,-0.17295737543333595,0.03173239713089377,-0.354749950441676,-0.12376774558024609,0.1272837746567306,-0.035003851640359525,0.033589895710529206,0.007185715313447115
2013-12-05,0.2080039653867176,0.7992253438251761,1.0757725500414508,0.40854504109777234,-0.10928729773421368,0.0366334389291836,0.03753779865514694,-0.053168481316667134,-0.08135191599287458,-0.004471000283199226
2013-12-06,-5.798074021716118,0.9814797706246046,-0.22585828007290756,0.21205432397689783,0.06449385287245304,0.42585089258264364,0.06058323583741562,0.1467196712873069,0.05851317404775825,0.035195588587802994
2013-12-09,-1.0485405057865644,-0.2543746791733291,-0.3856844051522548,0.39692092422892417,0.0346128457191282,-0.17540093291544276,0.011904657435943124,-0.02937682045826302,0.04328153860250894,-0.0006464662851492125
2013-12-10,2.1377164284273165,0.2274730088042554,0.722280011589112,0.0014481683451730127,0.11936131027304359,-0.008999599032097015,-0.08288503087432118,-0.041295835669642074,-0.09089405235265881,-0.020912109590541416
2013-12-11,4.1563086033672425,-1.744792577069809,-0.2944243313506617,0.2741980946928139,-0.017623650508569785,-0.6006393645180724,-0.07733991611207887,-0.1407585917729783,0.003874616521454444,-0.03804169626717905
2013-12-12,1.1783443994837177,0.9442438538765366,-0.1382757992950624,-0.26283913116148566,0.03176912726847077,0.042666830313867414,0.07993711720271118,-0.00841720221704909,-0.022072787793962226,0.009781976834034426
2013-12-13,0.7766066347875602,-0.5337988285745369,0.6692704633931349,0.07879421980660443,-0.14055729817147322,-0.01630315831348832,-0.042952090993005884,-0.02528611636559365,-0.029173205508808,-0.010571729771112518
2013-12-16,1.914506028496778,-0.056257304854828494,0.14679840357817506,-0.33955695596495006,-0.018344763884288427,0.01644536161547528,-0.009551301656909261,-0.0067745898857016875,-0.02303284207049831,-0.0019939312628583657
2013-12-17,0.8024956268429955,-0.47006769266599396,-0.23273416253322243,0.10048122632665221,0.13033001689865567,-0.1368252213601914,-0.04740041400792181,-0.014904039202321532,0.007070182647269599,-0.010006189780425898
2013-12-18,-8.895544101850547,0.909913041601833,0.5428919062395007,0.45535081967488333,-0.08255856556959768,0.6338716416645046,-0.017841465619259023,0.16691640171766162,0.04376367123127733,0.026785343696028606
2013-12-19,1.3511961691318468,-0.5645555724656895,-1.2101359336964108,-0.23763801975745344,0.09717819348515648,-0.2565518288037842,0.023844542687163208,-0.01584160220386034,0.06608857654513871,0.0032742953052263433
2013-12-20,-1.7961795344503846,0.49888880354999765,0.21888953395916402,0.4002997357069444,-0.20723663634777445,0.010159577016156303,0.10931808356873451,-0.015388439334298704,0.008864567509906699,0.010162088999265562
2013-12-23,-1.3780631305074489,1.8275149059778826,1.3698656436975487,0.02513900234695501,-0.16479488363504724,0.4693578474440326,0.11728388896523051,0.050156006030091876,-0.10357694085881976,0.018075094511331803
2013-12-24,-6.488052947379768,-5.884513063767977,-2.733720295655208,2.05522066379956,-0.05565977882867944,-1.1661889671527736,-0.38170174807878177,0.05755719031264281,0.2971963738757669,-0.047439883265351174
2013-12-26,3.249730086940828,5.005340334799034,2.166873122218859,-2.269040266586154,0.36947061684210675,1.4510158729036207,0.16950516046036648,0.1083754776386394,-0.21783684134322578,0.04355147705381227
2013-12-27,-1.6347356405620423,0.34007887654394137,-0.27070983333608817,0.2599715076377473,-0.1489642863618959,-0.024840741814794048,0.13269625438021412,0.00024288496287332278,0.04349061042682606,0.019673069559467994
2013-12-30,2.3090270157588613,-0.5227296901101329,0.2539979529360572,0.5290283206255697,-0.08368496147998002,-0.46522797420960676,-0.008837262639363007,-0.1682133327626948,-0.03521579805955396,-0.027352442617682965
2013-12-31,1.742262933140472,1.1992728942685764,-0.186992794914489,-0.1940496364381021,0.2620897203757483,0.014552733673695637,0.058724305919920776,-0.015207431426649555,-0.050463993846462885,0.015343649984389397
2014-01-02,0.7020772612255773,-0.8539980746399909,-0.2109443539026868,0.4517027538574071,0.23664238113462513,-0.3160713550761996,-0.14120115104668085,-0.06453353695454396,0.007289341073576025,-0.03050834196639806
2014-01-03,-0.05379160686092569,-0.20564419028409403,-0.5086961918264722,-0.15592715189091857,-0.01006321152284013,-0.03807802783374917,0.0244758467909469,0.01339966676879323,0.03995345071507607,0.006927594464266297
2014-01-06,-1.4527909358642654,0.6443898847446461,0.19578615793634563,0.263858262421487,0.09890623859156222,0.09829279865426488,0.014415374968357063,0.01627293205411665,-0.014627679186468191,0.007432294907993215
2014-01-07,-2.829916578310681,0.5676346971802546,0.0913340019376505,0.2461403635185628,0.17183743860921838,0.22124685088367835,-0.020613175799261082,0.07272546562038527,0.006692464178964933,0.011876293190856615
2014-01-08,-0.31485960870608604,-0.1889584665719434,-0.02555027288498913,0.3749047194933881,-0.18218772075332668,-0.19033278294707132,0.0728154584206812,-0.060637029114582935,0.02175966191265165,4.2286824611250344e-05
2014-01-09,0.6174880951870053,2.264003046344209,1.0642506242240557,0.25068633258291484,0.041952531283512846,0.19759843300271956,0.16101422192580145,-0.028384474318463426,-0.1392639986176997,0.02862888095671225
2014-01-10,-2.0994363143579275,-0.316462791445891,0.3613201502254715,0.7604473507964649,-0.05422794060780986,-0.11537950960025618,-0.0274449482558628,-0.04033130836405224,0.013694349173882084,-0.01734453842776008
2014-01-13,6.063285936527832,-0.024715770682632143,0.9159785827910304,-0.4545232272686248,-0.10373909939263892,-0.15777079973088554,-0.06750451888089444,-0.10108959538072661,-0.12463462056568993,-0.03463955533705006
2014-01-14,-3.698360749902497,-0.3027375420539374,0.6815390806648635,0.7271195362603493,-0.0900416109369598,0.10175448665120752,-0.04652925035184905,0.014886688036201405,0.009360204925895706,-0.01661098845048782
2014-01-15,-0.2915237883202966,0.053661218122128665,0.15615848936710627,-0.09211645905186665,-0.0028374087861496615,0.10672611075280354,-0.015427386419262465,0.027695174287716923,-0.0097308627886242,-0.0011809445762677188
2014-01-16,2.8563162230748715,0.1785550703109021,-1.2688580460036831,-0.4087995611921719,0.054535163134923265,-0.30875357600699366,0.1234076610768687,-0.056544266072040286,0.0458696601019773,0.02853845744904432
2014-01-17,-0.5726905015732124,-1.847341818428907,0.7283694558953038,-0.23534322780253938,-0.6674000557524404,0.08080921786404006,-0.029937108733717504,0.009575657024928347,0.043203085803347654,-0.028502221148865612
2014-01-21,-1.1230983966167223,0.5405896632431433,-0.17413687108271067,0.39100881064098014,0.24219063865855167,-0.03935698599653319,-0.006031324824324915,-0.003223875056777777,-0.003937124921130707,0.004864699058380827
2014-01-22,-1.0244904042180993,-0.29911298273995574,0.2847823574745303,0.10164117489827779,0.36092622244421624,0.14422139191313038,-0.20999822003963559,0.055181273249895434,-0.024529307017927077,-0.022870925742919587
2014-01-23,1.377798976907712,-1.5080790553994072,-0.5806263161113139,0.649765827699419,-0.028605069615881943,-0.6016239010656111,-0.04886482394422495,-0.11595857001222545,0.05047559794761843,-0.019898316569362532
2014-01-24,13.42839588795193,0.8560554816666627,1.67308278620148,-0.6708751684757867,0.4208391060478691,-0.27167582987474975,-0.10450974834847063,-0.16124341831040928,-0.21501146853669884,-0.029066610272510444
2014-01-27,-1.5067308291443897,-3.349501028990038,-1.8367097127358019,0.5027515100452755,-0.059318091930500146,-0.4960599963518451,-0.03078483407252202,0.04529847456019268,0.13496943988378257,-0.016767080117732584
2014-01-28,-4.422702758549888,-0.6599890258279411,0.25116180359662066,-0.03777043842990455,-0.13969343448880295,0.25078238991915813,-0.08727369881582756,0.0563790752941828,0.0390427509360539,0.020567656438373914
2014-01-29,5.441879231722964,1.1407508228906678,1.4846872330625291,0.10543164140356102,0.22775983897199356,-0.048093636172541886,0.008900082379396514,-0.11425490759789354,-0.1071176546206331,-0.010761180494631012
2014-01-30,-0.1288976965161563,2.64003897906463,-0.32308360897863686,-0.09687515010862177,-0.020610973565298906,0.0826296731386638,0.13638838929348313,-0.011075307476278877,-0.0424581083525527,-7.961334680225338e-05
2014-01-31,7.006606025309701,-0.41832834723026774,0.9280507631722896,-0.385618810957858,0.2115269381209307,-0.09809186072488683,-0.08625332742691286,-0.03513044835148234,-0.05534088593796528,-0.011784881219431926
2014-02-03,12.649821963879623,-0.4502010665587039,0.4461440037602739,-0.42141978945311565,-0.11240611692873395,-0.4126239292217832,0.11261473218376683,-0.022355603803074556,-0.01544915144642743,-0.02631575005195015
2014-02-04,-6.165684754984431,-1.3784475093282473,0.002948464357086415,0.5705530819858751,-0.003395920929672819,0.06189677291958928,-0.042423532465521906,-0.012818494942711778,0.04012973730163503,0.014027918348748433
2014-02-05,3.7765486175907648,2.4190838430557435,1.7679673872842812,-0.4814384316483111,-0.6180308566710783,0.1926894435819338,0.12012096757857191,-0.050159673197336,-0.08512196845603523,0.022147588300862883
2014-02-06,-11.434256411146663,-0.28075733132801367,-1.9810383046853663,0.03395748726928873,-0.22875097344114834,0.21986932450796418,0.07072160258157689,0.053501504680619955,0.07919852484822057,0.012721869684537937
2014-02-07,-6.968594044980121,3.6866756273774355,-1.396579665990847,0.12025202078693004,-0.10566423847365429,0.295936503983607,0.39937398047190914,0.04818793838998257,0.005441243285293109,0.08490144205296238
2014-02-10,-1.8759261530858307,-2.8831689139230305,1.1324300543111263,0.3815415661400828,0.004435943616141037,0.05565723539873004,-0.3410911507904065,0.013187184123221797,0.03156797225408938,-0.07014369118052569
2014-02-11,-2.6199611382989576,2.195855285254777,-0.5143514568164947,-0.04878717985609685,-0.41740416653743745,0.1614704794285554,0.40137548071564644,0.007082497590753794,0.011812104572785694,0.06678804521027028
2014-02-12,-1.3006338825924197,-0.6203258415939868,0.6254183748263573,0.06824116441274039,0.32935775665419753,0.2190699998671707,-0.2585054816234824,0.06190929906775655,-0.031557436276105806,-0.04007661657500393
2014-02-13,-0.7630536155344199,-0.5768061213748934,0.17672609187227786,-0.013076570479528609,-0.08140853715791174,0.055747092821262854,-0.04512716625018316,0.01325567262303136,0.015561056658190268,-0.0108243357980999
2014-02-14,0.43560579265053834,4.13717591471416,-0.1122371009265924,-0.4290317342097903,0.12459181768923466,0.41780844699673325,0.3907530492911284,0.09356349351104681,-0.14397851306648438,0.11000361651381901
2014-02-18,-3.170861227040504,-4.491547534125225,0.38673938906830624,0.9877784461473562,-0.2100412043333921,-0.41664247537139687,-0.40968305657686643,-0.09867318894692663,0.16620734384990557,-0.12204333808915692
2014-02-19,7.00814589715236,3.3750879017818822,0.6781842693959365,-0.4528795738991841,-0.40075395643780154,-0.09610876653725813,0.4475521643648974,-0.10903179757150142,-0.15536318796284196,0.07735478573489434
2014-02-20,-5.0118648804259625,-2.6400077570922442,0.9046193255911014,0.8480983347871626,-0.11420188605712474,0.04349668706112096,-0.28205390107689887,-0.00452822301445233,0.07800291154004318,-0.08435334435096253
2014-02-21,0.24646622070342267,1.1289643428993077,-0.23591248847504634,-0.07708780092641003,-0.21441329616986018,0.0020623743491406878,0.22717848196566678,-0.013717063429085297,-0.009340179197518226,0.03791407527283157
2014-02-24,-1.8938822933080377,-0.3006560318908718,0.5807843034285166,1.1846167399671603,-0.12851357779003753,-0.28308362564458145,0.005385409892642043,-0.09907114298462295,0.016085642262397865,-0.021210869173720493
2014-02-25,-0.4958573417510957,-0.24361661822467862,-0.2341307954102186,0.2540419161718286,-0.07666617379764856,-0.14239053671995616,0.03149249891116239,-0.02524037925259569,0.02965164398431976,0.00245137668791931
2014-02-26,3.2938665899041717,0.18577851749022326,-0.16994223692956426,0.032132337124425,0.17409212154700604,-0.25202151105852055,-0.02965716718526551,-0.04503366370810443,-0.021894049220225864,0.0040375792413356835
2014-02-27,-1.9305658004862611,-0.7241656147366257,0.27601069130932465,-0.3640006253720207,-0.3131230986701923,0.25485186051091113,0.005106889706924067,0.04517556122728601,0.025844894012892014,-0.01336633974665972
2014-02-28,0.9842036086479703,-0.3889591559109883,0.011617421070912036,0.33277797090956,0.12389033584268018,-0.20842798794774084,-0.07792128882587444,-0.034480359876642226,2.1405110140902145e-05,-0.011887857072270792
2014-03-03,7.8560568713689936,2.187763151493312,2.971983038184741,-0.762019522811399,-0.5627572954904113,0.3523169688950444,0.18345474232402117,-0.06926605640512748,-0.18688492861487266,0.009496020751604908
2014-03-04,-7.884645155709789,-0.8035359357633225,-1.1270805046166068,1.323402934193431,0.1748585873986711,-0.20508555144118312,-0.01817610083616097,-0.009684438514004067,0.10317713029359998,-0.012200879581746989
2014-03-05,1.055033905171873,0.21869887448753958,0.391411414351396,0.007997950548916635,0.21624281966527328,0.04449832735974157,-0.09300704918945697,0.0038074739131350385,-0.038499951165852274,-0.010180172553267483
2014-03-06,1.0803085068869045,-0.5402559890213454,-1.4898486560459412,-0.21120767197338886,0.008809560885092865,-0.3101555920789226,0.05540490142261877,-0.0013620495746999419,0.07144104432376101,0.025539362951433997
2014-03-07,0.42988431173844394,-0.28777953646060983,0.18437801890652405,-0.43911600108011917,0.08509093045829623,0.1785187903492358,-0.09061622113473222,0.03911036502315168,-0.015589284495868761,-0.012805791424577377
2014-03-10,0.02113795134515913,-0.38199472013618424,0.08374397868238885,0.13113764945956666,-0.13157294856873386,-0.07965803171598056,0.009418639095090527,-0.02017336202039423,0.015631451018352026,-0.005386239958476643
2014-03-11,2.8691138845117217,-0.17994119237660455,-0.40207875476633065,-0.5876491382803694,0.2767954647184073,-0.00811535151357388,-0.10106666455280161,0.032111591955476304,-0.012459655386862738,0.0017217478216591724
2014-03-12,-1.235241615630546,0.38038985579808665,0.4650894700338045,0.07822438435916108,-0.21207510900005075,0.1304414135101177,0.078129217291004,-0.0067027399805838755,-0.012530840499803068,0.001323343668290285
2014-03-13,5.566716718142624,-0.5042847585047932,0.16119889918194652,0.364268354780073,0.13982786533975047,-0.47554342839618907,-0.07982885547136843,-0.06691320861661897,-0.006376109618575289,-0.0069684841555314285
2014-03-14,3.363685377746973,-1.154848477410171,0.5093491152156284,-0.37264535611759125,-0.23881221112489204,-0.06360829475338722,-0.028047325402257583,-0.012120184871009826,0.014771373152660956,-0.007184658932714758
2014-03-17,-4.8034708966205235,2.4857877204286294,1.8918166078766268,0.036610063688133805,-0.09590920630920743,0.7511729080103756,0.07554271419053421,0.021333928676561194,-0.1213003712004075,-0.00866767526160634
2014-03-18,-3.47037030861934,0.9193291954825704,-1.6813979996778923,0.7984496072679091,0.3016890743052821,-0.3032145662867606,0.1138780407598581,-0.005309002155124941,0.036544387946376225,0.03644294003609724
2014-03-19,1.5767114699328661,0.34493478732773153,-0.443889743500201,0.2994377761239681,0.056531702365401205,-0.28164454368644304,0.05004934260845391,-0.036417099600342874,0.010387112866747629,0.018576920445002542
2014-03-20,-4.699939226756019,-1.6371835504376606,0.5186760462753154,0.269102911767395,-0.13537408101226842,0.20654961485155865,-0.13472050222261583,0.018831737182618557,0.044334571274208506,-0.051351907986010206
2014-03-21,2.2030312766229603,0.6880736945682216,-0.005385922530845444,0.056690443117485105,0.10640671925384274,-0.12040628915612461,0.02931954543926506,-0.02076110750420157,-0.02662544947865453,0.015191785632298999
2014-03-24,1.1017417035442423,-1.2587438007353111,-0.5938082235688664,0.05659662148842251,-0.0828722244078745,-0.2749512763989576,-0.037976796951297034,-0.010480873898868492,0.056064551084164624,-0.008283478151032366
2014-03-25,-2.9736594076111493,-0.5028258619442413,0.1087579290949048,-0.04358920297012179,-0.34788044670108054,0.14639416993679616,0.0621381417330843,0.006398766599482348,0.03307053303311014,-0.00702509193030436
2014-03-26,4.395828393569746,0.22650357653475797,-0.3815611687177069,-0.14170366573076454,0.10431009218783924,-0.2631875592620281,0.017847297852760482,-0.01671524906026663,-0.010321871283112368,0.015816852418129447
2014-03-27,-1.4109023584470783,0.0825655832655902,-0.16377440866246437,0.18221958325072335,0.17007036539059608,0.021588329863863113,-0.040914438616096616,0.010573239850683985,0.0006331324330431535,-0.003239323093434185
2014-03-28,-2.6715327718781987,-0.3355639917754844,0.237460762789248,0.33044924947869153,-0.16963965714177437,0.04433514577134625,0.014390417852934151,-0.008775952849140067,0.019145052120356183,-0.010221136076297929
2014-03-31,-2.7721990069078517,0.6672892675061968,-0.45025942452123374,0.14291006094476216,0.03583257934007447,0.08323184729732623,0.08841418074835855,0.01297181001061759,0.015768861230480526,0.018039391956482825
2014-04-01,-3.4512208165773903,-0.7020620409724946,-0.902342983506362,0.01833822156501555,0.3535039459384808,0.08504900683859022,-0.1502104331583987,0.07937447669316328,0.04559204899461246,-0.012301637791907781
2014-04-02,-0.3311490194628792,0.03861835454969244,-0.021272640222901797,0.44082259830906234,-0.040944193314045675,-0.15506368461216508,0.0319926740967692,-0.029164142763303907,0.008414694404949715,0.0016006960083321039
2014-04-03,0.22647882565833538,0.42827889313920214,0.2573757880646863,0.05189908894085134,0.004960741821471396,0.03300060235682879,0.028762333699980495,-0.015304442141050393,-0.019146179835494728,0.003781901357906846
2014-04-04,3.2542997044107302,-0.6191051912599798,0.501683347914706,-0.018589950793671962,-0.2889382517848334,-0.18982738212294464,0.007742722071643699,-0.04377826105853562,-0.01040664811228632,-0.011501397242333546
2014-04-07,5.470077000509893,-0.7216702484107465,-0.29072492813802897,0.03509311736204835,0.2749453916231326,-0.35181916335520896,-0.12455008525073852,0.011039621747311377,-0.020590575513364497,-0.0122062725133025
2014-04-08,-2.38444173416436,0.4108880654507487,0.29209783955943713,0.1115706439338325,0.07260765631676996,0.16078058471001674,-0.015851315773926195,-0.008680436775824444,-0.007997679978203803,-0.0011983388847215347
2014-04-09,-4.777565339147865,0.49817003836604085,0.012382667441400983,0.11639660366840329,0.1277052728156758,0.28714861543712417,-0.01569351678433147,0.024355738480069375,0.0055216389982169515,-0.001452857811065401
2014-04-10,7.941155030288961,-0.10075468821595106,-0.6061733859254783,0.3341466591372472,-0.15934223784184684,-0.6752247991831157,0.11715307413229413,-0.03790793220232698,-0.0008510543182256816,0.01552188978336178
2014-04-11,6.605101064257954,3.049333725851792,-0.10534337810162434,-0.9154228601300163,0.2836702002734501,0.07087676772598417,0.12951553678476338,-0.014582604564594065,-0.08657163388934516,0.06530385522456185
2014-04-14,-6.491724713716426,-5.9100013574405095,1.2577393041435714,1.07131544287695,-0.16257451496804443,-0.017295745962597794,-0.43950189648506116,0.06346590344854272,0.07338026665957552,-0.11302309108241647
2014-04-15,-3.0575724653818135,-0.38132416225897614,-0.01983901023911387,0.28698072352310866,-0.3229517646317011,-0.008808100507716611,0.03940247890131392,-0.0014792733581505107,0.02360752935852951,-0.004740508777377479
2014-04-16,-2.1796530877717464,2.4874564614515053,0.3030835061781654,0.009507179965080713,0.12145729532827464,0.2525113503503663,0.1289206219964795,-0.07272260718511887,-0.020927450340969222,0.016262550800809433
2014-04-17,-0.28199292107288815,-0.17787392134365276,-1.4054831936267596,-0.6974726010017707,-0.03621168588185148,0.013146689290817762,0.07036717265953092,0.05449660258180022,0.050257825076013264,0.021157809538045202
2014-04-21,-1.6771563469298807,-0.604891744336338,-0.14582814973637517,0.30918108360469376,0.2583636973863937,-0.016516641806708737,-0.14076453576093437,0.03172692383949307,0.003357408890082801,-0.017376252936033926
2014-04-22,-0.2828867596782422,1.8142115947603115,0.6895912382048549,0.3285520312470239,0.03571424856415536,0.09095760288284299,0.12574514761263206,-0.06668852727827625,-0.04214216338515738,0.017682967297851394
2014-04-23,0.7346762622416109,1.2212502717100018,-0.577575556401125,-0.2299602402090442,0.06103992966537529,-0.00121035772646364,0.1479906956329857,-0.009054835128431674,-0.0008887980600865489,0.040707657931588107
2014-04-24,-2.0445886547529852,-2.893126706513866,0.1470488805880861,0.9211023740475708,-0.10347178307571607,-0.29378048678535323,-0.2648728100737957,0.046742814595679465,0.03781733274994849,-0.06787404598328446
2014-04-25,3.6426810005607755,0.8775006331963571,0.6726780478265519,-0.3254208987889001,-0.05156758215286579,0.03849599148091441,0.07157184257420303,-0.04949374563075794,-0.04059946116607877,0.011382783898312928
2014-04-28,-2.1005829549022796,0.47013310554128046,0.3906557149201167,0.35396501564146216,-0.2117895021112252,0.04177842500007796,0.09032828915220438,-0.03632281153886345,0.0051689668983476884,0.0043091318328334184
2014-04-29,-0.7914587456317846,1.2062680151546847,-0.1742662410239005,0.1257735756585994,0.4260536307277781,0.08479109051831499,-0.016661248375440422,-0.0018462997926910955,-0.02882007348144052,0.014037067509503351
2014-04-30,-1.3538701076060033,0.9500261723062682,-0.6517363143611781,-0.01439475279583977,0.25062537789158557,0.05137955458671841,0.05829705737485167,0.011339971411087106,0.0033558816925984346,0.02842288013931501
2014-05-01,0.9698518237146329,0.8341735672480716,0.6481969261770499,0.6610328253829743,0.06561536963899015,-0.1341424798846029,0.022648855850701543,-0.05000449880648897,-0.039585519939468114,0.004921565576132363
2014-05-02,1.32140778638492,0.09257592300366423,-0.20994747041092396,0.09207231070251165,0.13315863799367597,-0.11549657022001528,-0.029641605673962696,0.0030100920874343152,-0.005319334546865843,0.0009707220142592065
2014-05-05,0.5063336583371456,-0.8762896269274069,0.6842476773661711,-0.23546249449384224,-0.2837616627549058,0.08844596686342718,-0.03768665789868416,-0.003223488037449687,0.00026711986791313683,-0.026204257068532688
2014-05-06,1.3442347258806704,0.02906178720239123,-0.49792511819771307,0.22018263497763269,-0.09780526409899767,-0.23559306709678254,0.07538941845196968,-0.005489391914547522,0.022098288646316123,0.01540825158141292
2014-05-07,-2.863515450072742,-0.16671557536739978,-0.7077566837444382,-0.17689665985338887,0.179675718479319,0.11491980047875372,-0.027105378170126905,0.030196824551495055,0.02738008890709033,0.0026564328508103465
2014-05-08,-0.6322323328842794,-0.22755019304091564,0.010963431586971937,0.24980831003555726,-0.033893187725941465,-0.05886724838850164,-0.008458231668027406,-0.0025646510314571956,0.008930245968260054,-0.006199724800730249
2014-05-09,-1.359132142496604,0.6973019585289297,0.0817002731235209,-0.006735744470644776,0.26557433184136187,0.1549447582134504,-0.02841885162679972,0.0021789238746423452,-0.022869789686510277,0.006073404308699758
2014-05-12,-2.7236027459690146,0.6232948032266581,-0.4303597968230142,0.533486614215446,-0.12862300086303477,-0.09548193629844169,0.18171696284518155,-0.031722455910888556,0.04410077012604637,0.04136896897888832
2014-05-13,0.214950669034688,-0.293830002627662,0.8054873718933572,0.18320752729653544,-0.05130395319201365,0.040843301349678514,-0.08560035677261307,-0.0109193162661171,-0.03143274352090028,-0.032759429430043216
2014-05-14,2.112200101650122,-0.1408701645618212,-0.02912234408645295,-0.34225843584919013,-0.09090707616041839,-0.02780807703142103,0.009853552287092716,0.0025717627477410674,-0.00419178573313522,0.0014667572859058324
2014-05-15,3.751955355334023,0.2201963157056877,-0.05623575872704819,-0.4899251565181769,0.16943182371990073,-0.018284418997469756,-0.05875133000090214,0.016202369836157887,-0.034024107683004394,0.00020402554005319104
2014-05-16,-3.4586940685428527,0.49179910013028155,0.06900384092692993,0.5584337049208669,0.00415845439141354,0.03333659757489119,0.07148967525664439,-0.02460051566014233,0.011860347475595983,0.014154112216114057
2014-05-19,-1.5055829861684988,0.7084151022126216,-0.11533715399567997,-0.23899113684867263,0.05938221329196443,0.19200528656748486,0.07885228202574239,0.0084299649929116,-0.007399479773508571,0.02681559899252701
2014-05-20,0.4951469528058995,-1.4245418190286105,1.1434785526210578,0.9005302742644835,-0.18487437098816017,-0.23412206765171242,-0.18244587635798504,-0.033670085386636,-0.00541778500958703,-0.07264346003232677
2014-05-21,-2.665510964797321,1.6749976551883188,0.022324976626614163,0.199863067107611,0.0704851467679364,0.1706336778812082,0.18561944031979863,-0.02816452974079402,-0.016851625164873724,0.051607082920421064
2014-05-22,0.07595951231137692,-0.6326090864025529,0.6810569256726191,0.41677254473318637,-0.16638650177251124,-0.08718766119099697,-0.06490636483473737,-0.024746119188781664,-0.0006450733669240737,-0.03560536451991997
2014-05-23,0.07190118932750385,0.8478172457703465,-0.9720698960328849,-0.09633403324604176,0.2742859144566591,-0.06240048873347285,0.07564166115030353,0.01307625353695848,0.009481816791946578,0.04845343762734487
2014-05-27,0.26700280200513077,0.2991784470563652,0.5531906230338072,-0.06401094608339213,0.11995344852438249,0.13687508302279008,-0.06520139852568821,0.004799313575674267,-0.0435502212190567,-0.01515459261356355
2014-05-28,2.4759457895757615,0.10711017234007206,-0.6156984503658827,-0.8248156952100685,-0.38973441758678484,-0.021616123692424136,0.208538824380668,-0.0023635547142744195,0.03325321706787064,0.05078964015713597
2014-05-29,0.5489259630570492,-0.013898750494232474,-1.491978471127378,-0.5372539611077829,0.3483226496465701,-0.05265528463445958,-0.021456352473894748,0.04999638513434716,0.03568598470850204,0.027338624154669512
2014-06-02,2.772715655494594,-0.8323512959750863,-0.9390593853155731,-1.2138056118895189,-0.09932364900168564,0.05214542552658184,-0.013153079278749123,0.05517752891521163,0.034195756025510074,-0.0014145784118483487
2014-06-03,-0.9750183139601724,-0.2375220250517383,-0.30942041479445165,-0.016407866012709143,0.02142265808946648,0.00567484915950882,-0.00023302997694389288,0.011267181011184684,0.024039823619665387,0.0007574566266842558
2014-06-04,-1.3333879737771164,-0.4908290514321092,0.2057556066781059,0.23485569061679748,-0.14877395599758714,-0.007808615503988838,-0.007149237241386838,-0.004774066645368676,0.018376781737381696,-0.015721082913481652
2014-06-05,0.563743384575259,2.1791452291142575,-0.5611344249525173,-1.7590823513415468,-0.04973038772652076,0.6208738546355567,0.373106671486771,0.0744326193232374,-0.039739913702798745,0.13526287112314514
2014-06-06,-7.0075345145622565,-0.746523691526789,-0.7211707843497248,1.734231776440054,0.6048597261887056,-0.263826279798928,-0.20634273165551995,-0.004516563645349856,0.09971420752316083,-0.038479176091770595
2014-06-09,0.6821853296548454,-0.4561225828056834,0.1519997224665165,-0.0612018365652888,-0.04449885924385431,-0.023302782535243562,-0.07983163991112867,0.004691372377123289,-0.008051005390763227,-0.031014805374248857
2014-06-10,1.1526863957716356,0.8162406737450673,-0.783992492757688,-0.2928259204483228,0.001829992408350757,-0.07988367211956458,0.21515415454189363,-0.026812889191604763,0.03432545418675989,0.08151214271808976
2014-06-11,1.0849178044528194,-1.3855482316478636,0.33298535286363345,-0.9244439638207587,-0.3612049618872776,0.2353193026988595,-0.12284910254877351,0.07123884561940344,-0.002202363093034379,-0.06641564518937258
2014-06-12,4.544882885367805,-0.3624962562003652,1.038205625043057,-0.37983702318906376,-0.3650317624889213,-0.053725659443548915,-0.05344950815807697,-0.04060905075288377,-0.07214790303652124,-0.044353704917477005
2014-06-13,-1.1939190138992213,-0.5336989250306238,-0.01216545906093645,-0.16720923298696572,-0.023466882513294575,0.12117020362979057,-0.05945054694852194,0.03718280259218514,0.01476073087544537,-0.020334165502895244
2014-06-16,2.058686543186334,1.269747052164794,-0.05233138661440448,0.5764123659656575,0.25431522838967224,-0.2804184762203739,0.06443875803193376,-0.07133503933715638,-0.03903259034891601,0.03782406600760004
2014-06-17,-2.280350013043352,-1.0329156419923597,0.05858489981161027,-0.346028852996083,-0.07082945667030649,0.24790409926117177,-0.10768042268441606,0.06761584144537972,0.024631936673984257,-0.04055717356050189
2014-06-18,-5.313537568178163,0.1645734228888489,-0.9073028518416938,0.3235470820249169,0.10907524009428098,0.11718568896630602,0.12483411673223516,0.04922482706046464,0.09437008038182339,0.049183995890111055
2014-06-19,-0.5144021958245492,1.2235202345300737,0.3261223109511974,0.21441845058207226,0.06918532672525796,0.09244163672645532,0.14107309186705613,-0.020617619938480027,-0.04093485690879259,0.047675318834478876
2014-06-20,2.01478719531328,1.1808850351578344,0.28865669046742237,-0.4396824253110222,-0.09102234131773106,0.13758883589336698,0.17800472580709292,-0.007206181892264273,-0.0625390652050544,0.058187804105479336
2014-06-23,1.4111199828124792,-0.6072038819734441,-0.8239724622805691,-0.35965479966584457,-0.007847274648403011,-0.1641694424182363,-0.014452303921567107,-0.006934264814323615,0.05829427285065126,0.0018623382491769185
2014-06-24,2.146351094786469,-1.897831913795199,-0.3118670030368573,-1.0403923094410756,-0.40161182571853654,0.045782254848475624,-0.12483646688107414,0.05440223374869367,0.0521244024235929,-0.06572208308481482
2014-06-25,-1.960094713827494,-0.2750139495213397,-0.7335076958693441,0.18129388574389685,0.5933786470134552,0.016782395951480397,-0.21718944044718128,0.06660257549189434,0.023571017232181364,-0.025062585127872145
2014-06-26,-0.04171675563214667,0.16150488377758093,0.7398732910136102,-0.30903169681451226,0.06338844163972744,0.30865295524722103,-0.10565368448987564,0.06135347305367842,-0.07100333508846321,-0.030029114782451228
2014-06-27,-1.078857936126968,-0.17399775431826214,0.22214030990073866,0.730539824589657,-0.02974765149580428,-0.19895826105234293,-0.01334046523456275,-0.0566963596044886,0.01242534510607577,-0.013976469693979445
2014-06-30,0.7726734241792437,-0.029814856408925176,-0.188066552715595,0.00746237269825914,-0.0016960863446790547,-0.10400029180112783,0.014455624070881605,-0.02063503852274247,0.008263339689110041,0.005085934088880408
2014-07-01,-0.8899153974209159,0.4783675044732851,-0.5363374868560369,-0.05361664460682735,0.2886796624919111,0.06040431281001226,0.009768659029022587,0.03240601687492046,0.012016541589851706,0.026888527798037725
2014-07-02,-2.6019893922132695,-0.37909778602511146,-0.8179091763266004,0.15617921446338362,0.41564909515598286,0.029665591592052266,-0.13332086581426555,0.06703552477992893,0.057771619696512504,-0.007666197202207826
2014-07-03,-1.328416044362082,0.9115399743690282,-0.5344528569000572,0.25911503910849604,-0.010958803064966752,-0.06484511784859741,0.2538679344841835,-0.03605519157798407,0.05315782661647172,0.08440220335406998
2014-07-07,2.593807921850538,-1.6734169561736756,1.3727898906957465,-0.07877813625197842,-0.5454529356581789,-0.0780592266961056,-0.22225509836782692,-0.031061658468854503,-0.0663131950719363,-0.1192909999685217
2014-07-08,2.238345353715495,-0.5271777849800211,-0.6080968173164765,-0.6251129009442873,-0.3285821142480916,-0.11066309263683274,0.11508418551694666,-0.011264987001780469,0.05182779078600488,0.02137124941821645
2014-07-09,-2.0158940009956474,-0.8884251166034738,1.4149968127498893,0.41136873621120046,-0.3273109202747538,0.1604238708942994,-0.1431004249110007,0.012400995023398743,-0.040525673678031116,-0.07241435509874146
2014-07-10,3.5905863861276663,0.027687017609348656,0.5941089670564089,-0.6100935223068219,-0.04943589606843316,0.0854822893390055,-0.05434116411328911,-0.011813202507000142,-0.07061375289440867,-0.019444689501457977
2014-07-11,-1.9350494029693575,-0.3421855943371867,-0.20144976429512776,-0.4476453117783745,-0.4143304334227549,0.22462388457724178,0.13690794496870273,0.05834549659992087,0.05969349293404876,0.01720755577811972
2014-07-14,-2.1598661338773417,0.3393251600552373,-0.3780919985927495,0.4923898381048919,0.5330124199164143,-0.003541434116398176,-0.1269734485229246,0.033382600984091425,0.0008614395214411625,-0.0020307481153741353
2014-07-15,0.6831822358843015,-1.0616952949005647,0.7469127543579779,-0.37327407823599734,-0.43990529807102585,0.12414962164182317,-0.06457395766343997,0.014440743575832292,-0.009538160900292834,-0.04552128294635487
2014-07-16,-2.4926456852039025,0.23957679312234464,-0.6347637068084797,0.21679118422952776,0.14541662142303205,0.02938116161407666,0.04080377117848868,0.04363917718672695,0.050700275099478886,0.024232016512912968
2014-07-17,13.005043267445306,-3.770716476136577,1.9277897359325555,-2.416784682764163,-2.0022918442898567,-0.19729110661108004,0.08150952070485522,-0.14481366048432665,-0.03373792691118608,-0.07158194661745101
2014-07-18,-11.995602962154363,1.2459660667659342,0.24322737022772092,1.9990450489464406,1.1484238148674242,0.44008948568868816,-0.3445342210482349,0.15059518067671498,-0.016294106764629925,-0.052781718385707166
2014-07-21,1.0843601438315267,-1.9000065082405988,-0.07575974784745516,-0.027688719550018275,0.020148006746121144,-0.23407446206416593,-0.2538610368757753,-0.001074333732917939,0.01709098089539453,-0.019067113407320025
2014-07-22,12.003619680254735,8.899283176833096,-1.4181504888731038,-1.6607374368422847,0.1524655446819547,0.03538888373182185,1.3524090699279132,-0.18278925251717795,-0.19178899509168315,0.36072721640987876
2014-07-23,-10.962945234817195,-7.682084813686978,-1.848340248521817,1.6817514307186945,0.5355456383187173,-0.5561801980095844,-1.1428173706176765,0.20384929576666136,0.3035252306271969,-0.26631639155514547
2014-07-24,1.6269276809581965,0.2566790674357328,-1.3409133829054507,-0.7983421033088028,0.6408631669677339,0.07547844626332675,-0.08996011262636695,0.07157542146863044,0.02328911320220892,0.023252955630466
2014-07-25,2.357832802081119,-1.0575991545136574,1.3805734490760593,-0.575466940335555,-0.35897520590028503,0.19217844952996893,-0.12430562923630567,-0.007081657502758974,-0.06994281931786712,-0.03625227320946619
2014-07-28,-0.2498001039540382,0.7259043718618768,-0.7262671996402318,-0.13721716236399478,-0.31460890976316913,-0.06544682356692469,0.26854376888093834,-0.01506722888947519,0.06047930227003392,0.037751556360113965
2014-07-29,2.1474093477583835,-0.1503387288207909,0.009850397878594746,-0.4931881605683811,0.34320553070123305,0.08673252186891521,-0.1475207819577873,0.02211054384195351,-0.042285806703003304,-0.011053013202428127
2014-07-30,-0.8205558104217535,-0.17823030362291165,-0.2574953695510355,0.5559963638851374,-0.1513312159886576,-0.24290650090174865,0.06712971527198741,-0.03350245428977684,0.030858618165790764,0.003153655406434922
2014-07-31,13.44678469289621,-1.454127059854292,-0.0805138444563861,-0.7984682940957457,-0.5181121203631751,-0.7009619031824614,0.12276527028555233,-0.11173285346471543,-0.08063565851006017,-0.013380657593807655
2014-08-01,3.4798109141619378,-0.5194735241516145,1.7362795002939728,-0.5860386625123675,-0.039250211008521795,0.23342490247678802,-0.12373624806065339,-0.03847958033704308,-0.07309891895734123,-0.009903726522468008
2014-08-04,-5.696700828131838,-0.30095352214282123,-1.7641800334192879,-0.3361934627044318,0.18985135350361845,0.18658949879290523,-0.053514589017227984,0.12462388154323267,0.10119138728245584,0.011532369724185927
2014-08-05,7.986861429510454,-3.4228776341765963,1.877021558602773,-0.7521849883787033,-0.5204356707210375,-0.11851330782453444,-0.11520019895152885,-0.02112218475851903,-0.0687805860310438,0.010654300410293222
2014-08-06,2.5446829004927833,3.963116329790994,-0.78493313076343,-0.2959882643864837,0.23280348246148322,0.01437167638157729,0.25933672456434637,-0.08624969012523964,-0.02560887267902617,-0.004915730725761927
2014-08-07,5.176964572089688,-0.9451938835243131,0.6197097629814228,-0.8764177610530096,-0.035771407536356936,0.06685961479559888,-0.061109991221668436,0.0029081319508387675,-0.023176712267802636,0.002951583322666802
2014-08-08,-9.187752939604966,-0.2661172988681055,-0.8463883239566172,2.8728432129077213,0.2652911726652568,-0.5097219489936613,-0.062319985629756894,0.030400957390699642,0.024191252289333595,-0.035064856150660975
2014-08-11,-4.467110269554619,1.4176052073365075,0.14005883640867262,0.14552286156843908,0.22647516467613868,0.26505206349253885,-0.016940382832265306,-0.027330667840825183,0.012871662854805113,0.00842836396167988
2014-08-12,1.13051618155063,1.1369123668479746,0.044719195952697785,0.02897540213331046,0.19673868100853953,0.0018251916360517155,0.04085610024587174,-0.033956210274164594,-0.02648606442733357,0.005593663062442463
2014-08-13,-6.4336220754374525,-2.9832303433794856,0.5931377454041116,-1.5913497017803775,-0.4612153756236478,0.872088068338721,-0.3067074736960598,0.19956492766197823,0.08707145770915965,-0.0012724410941188631
2014-08-14,-4.765824940992051,-1.0382266565447649,0.2817571362569276,-0.2935407288985728,-0.45039889749188794,0.40380957330158335,-0.1012822578741548,0.12744102597693152,0.059412949492878425,-0.014059985833481907
2014-08-15,0.8875083582485782,1.987767261631679,0.14312758868387554,0.4157512345807651,-0.008916933531065777,-0.09121328843452862,0.25217271652835466,-0.0967154476959625,-0.037159581943520245,-0.0034330719211780373
2014-08-18,-3.564490850115459,2.0507246270849393,-1.3326926712264897,-0.2710925952077395,0.23470390971762067,0.3457509594499311,0.23050182785262457,0.12574546009387738,0.06353406735207351,0.0426058055300174
2014-08-19,0.4335779595303309,1.704298488288869,0.046033368356097226,-0.2707452375078428,0.4024111190206783,0.2905719400908775,0.06777393223175544,0.04702767547037868,-0.06472656359339737,0.026563089980414237
2014-08-20,-2.0480617118095403,-2.3936894160406617,0.28076843264383344,0.41094374914244575,-0.37203123115368153,-0.18163255990381574,-0.2238381102277778,0.0015798297112963457,0.06764360021497744,-0.053322799978023055
2014-08-21,-0.025633531029034616,2.4009565163973408,-0.5371930384385345,-0.17607565089802787,0.451350729270105,0.22942799614145765,0.21217643881136805,0.04041243474936533,-0.03487093643199566,0.056794479573798615
2014-08-22,-0.06619258650040957,-0.7131009736662154,0.1080125930076531,-0.16689307781055782,-0.20799239786063986,0.025264590060017952,-0.039231358365193564,0.015937303204905856,0.020116009193144085,-0.01583321666619061
2014-08-25,-1.2622180254617557,-0.18210625176675987,0.1731669154947142,1.0821925079936185,0.17806104679626994,-0.34939821903434454,-0.08451730895949121,-0.09402053292879803,-0.005764255973231194,-0.01929695527817966
2014-08-26,1.0164428278401971,-0.6710301202858626,-0.70245927384519,-0.8903190111857546,0.2606553558097996,0.1764455882043108,-0.15639427353244312,0.10673205319550146,0.027558897319758954,0.0036754243532190873
2014-08-27,2.180532676181915,1.132322940026777,0.7997906773864303,-0.686673199959739,0.15114148530073432,0.4123731038009999,0.007231104952678646,0.05085810873555705,-0.10547572835391462,-0.0006744494345856146
2014-08-28,2.3693040439475332,-0.1193329577285642,0.2801510201035877,-0.9742003148939343,-0.2107401111161974,0.272526291283932,0.017908532029278123,0.05828975531747177,-0.02831998891499136,0.00031643570076683855
2014-08-29,-0.40704583194215216,-1.481665416957321,0.010710092877883633,0.3974284577833975,-0.3175866882556954,-0.3284668086257661,-0.051554753189909784,-0.08473479468628285,0.05848316854194987,-0.020086892904600088
2014-09-02,0.6549689978470706,-0.7011016344230581,0.09766075960330975,-0.7028128972045684,0.15421489848011483,0.2764468478074668,-0.17895727178832493,0.09510095040288062,-0.004342201105318719,-0.008267686643384868
2014-09-03,-0.26239176108340534,0.309885705038779,0.514147725217927,0.4370556491669524,0.1447993605686693,-0.027263904167292737,-0.04141975873608916,-0.03823592702950432,-0.040207550025480765,-0.012030327474827638
2014-09-04,1.3906150191178341,1.633498387609438,-0.765970417608736,-1.2677390468375012,-0.08719390536438741,0.46049992996708694,0.2518610026877874,0.16061795695589648,-0.012377281988784001,0.04670082892673555
2014-09-05,-4.046683240952422,-0.6409269583210705,-0.7135387779240704,1.104532266580905,-0.6597211974678152,-0.4764659905786658,0.26560977218622606,-0.10728035646751707,0.14770505972109352,0.015513714034042631
2014-09-08,2.6838271880574847,-0.5567028107745294,1.3360484393198675,-0.3841262556459606,0.01753864519302288,0.18116515663587632,-0.20469264809999552,-0.01716682885491562,-0.10104876621923203,-0.048953660709150304
2014-09-09,2.785919957682809,0.4398389652844109,-0.5402746212737773,-0.9276270767558968,-0.08747060752359725,0.08845811833040579,0.13169773515053554,0.029776688384972157,-0.0028416009512022364,0.03325295755442218
2014-09-10,-1.0636197399200606,0.21618742479639558,0.612056668204749,0.14334210326688923,-0.05799338355806511,0.19263564043127884,-0.011201741039072522,0.03473150154854558,-0.029401005604428904,-0.016753239792449307
2014-09-11,-0.302915840247226,-0.7515109875067995,0.2685591570869177,-0.06804767742910467,0.08877549193951503,0.08201871563765809,-0.16704405961432978,0.03004682605152105,0.002206471629895472,-0.023674425303870178
2014-09-12,1.3458055462585867,-1.3919523122415303,-0.4143143031542688,0.15925907032393852,-0.03344451059625317,-0.4457516162772125,-0.09804121483735062,-0.11000697029453291,0.04861035410921382,0.0012400392520852382
2014-09-15,2.409603233941711,1.1487024358702287,0.20180614112462733,-0.43421103413674783,-0.06274718374130568,0.11031648148906248,0.157715191538296,-0.013027968619376202,-0.05717485754472092,0.013725761659235081
2014-09-16,-3.822087395219269,0.749862794196522,0.5133203293744008,0.3796585896432729,-0.14817197935096138,0.3699345745239862,0.07961906881858907,0.10451063625529629,-0.009117897684942713,-0.014620110384084511
2014-09-17,-1.0177665279038126,1.1719680359945865,-0.5803772903649902,0.384413215503862,0.16938250592918466,-0.09665912013301663,0.1574018147669074,-0.008995783519284206,0.0034786743938711845,0.03916415654408887
2014-09-18,-2.41465459497534,-0.5060009281658765,-0.7003429152745284,-0.06727933081815564,-0.07992190627604281,0.07951440406136366,0.006423245057160834,0.08872382978659381,0.08756506930284508,0.010362758578739483
2014-09-19,1.8489163082875093,1.082013276235814,1.37826630027314,-0.16648089647210454,0.07205369745189785,0.3352314450595945,-0.005562210983233532,0.02133360387639881,-0.14484224540169793,-0.01986002462459307
2014-09-22,5.3307094421078345,-0.7504211449674901,-0.22737425156662347,0.014584271659467454,0.033491634057789293,-0.7054119232279843,-0.05098328763639444,-0.2536958931492578,-0.007259402943478777,-0.0013204031242779986
2014-09-23,3.7474898263014595,-1.0399497459399467,1.3130169517659365,-0.03661120400367645,-0.1462847617629764,-0.16562142567258573,-0.14418781338351966,-0.13009206170237259,-0.05035698789924055,-0.037263223695520924
2014-09-24,-4.164567144595203,0.697817887577351,0.047771829780229605,0.5461705640174169,-0.18136567134659015,0.18316397523029282,0.1296140592838234,0.05945160313615946,0.013131231669071269,-0.006693685943611494
2014-09-25,7.559176221572756,-0.7946198546581026,0.532301551027523,-0.34136963058077785,0.14493914379029846,-0.4833311105809347,-0.12505514991243366,-0.19008385742323677,-0.04487462128241003,0.00717934428669714
2014-09-26,-3.3055673646579646,-1.1628282053461498,-0.926379761200891,0.12846413881220725,-0.6396072702703411,-0.15433993040850705,0.14764075217192513,0.011454705976776128,0.1190022922496741,0.001321366146155551
2014-09-29,5.961309610035794,0.3718424170639838,1.6799098588589092,-0.23870389165461747,0.18488797423956344,-0.0015570506200106623,-0.09005833118695072,-0.10782752464749419,-0.11238165770605707,-0.007278870567643719
2014-09-30,0.8956087339082927,0.31689472721114953,-0.5324183166708627,0.4612990951743117,0.34588138620133235,-0.3124923889240647,-0.025471167207059765,-0.046635632251558215,-0.0013701022116658198,0.014806932474613758
2014-10-01,4.863720944035672,-1.8293279807766318,-0.3110457159137762,0.44262326806329805,0.2652291125680742,-0.6712650945055685,-0.12005212636871233,-0.10749406909984327,0.04132545278769894,0.022376240932820233
2014-10-02,-1.7440015434898908,-1.7284902204528556,-0.8549476999111537,0.16083417170249062,-0.10892676892029939,-0.2040019740622436,-0.052135569148347244,0.03647239402756873,0.06212026870532993,0.00846301582383581
2014-10-03,-6.454200370950369,1.4061798198774151,-0.1565531680268822,0.07447848587833919,0.07587630206318442,0.48281566907448237,-0.01839847313585116,0.08986158390877223,0.0017759217642560915,-0.0258380117938596
2014-10-06,1.8708097529874883,-0.0879506657604015,-0.17365362053977734,0.24072103328304828,0.11034938568852784,-0.2534638670437429,0.009939618690298302,-0.044043310414912155,-0.005464858494626723,0.007040414312141166
2014-10-07,7.217736179160521,0.3296955877569251,-0.22648038488123415,0.4209420324208026,0.09399355724269436,-0.6131483103338745,0.12985324987027222,-0.09682625284419483,-0.0324411515558593,0.008511628041966873
2014-10-08,-8.082536803553793,-0.16211360849999867,-0.35193684831025773,-0.3521846120396697,-0.30723185346316706,0.5210230546400273,-0.025101243435787953,0.10270815325083732,0.06065243809630083,-0.007661830772752505
2014-10-09,11.000061774030094,-0.9246257218826587,-1.0036246176266934,-0.3139311245173419,0.16771804617787314,-0.7239009564336508,0.08344630649226278,-0.046853060703809485,-0.017766721084828237,0.01467059426158811
2014-10-10,18.24243112068616,1.9183774917316554,-2.411972221371197,1.61512789183975,-1.6224271780447461,-1.477328712883873,0.7789401417669267,0.07236918630590075,-0.024512960574251844,0.007984141052775362
2014-10-13,9.488773814591108,-0.3547259613742883,2.921759505184602,0.15634125000443305,1.0666016863815733,0.241461412864115,-0.3640894097469688,0.08467305109996154,-0.08619016437994359,-0.06803122932414178
2014-10-14,-6.997659133452378,-2.3088059475445086,2.057783890358509,-1.528180086605584,1.0299596921290062,0.770001114694114,-0.3424768059923562,-0.15829704245122533,0.053963316449632266,0.05241484189652354
2014-10-15,17.206963789717555,4.234396341786975,2.4795035618260055,4.04464500516589,-1.0004323311068173,-0.8176702317894403,0.2998350524112605,0.306033637438098,-0.03189196526404901,-0.04380591003022069
2014-10-16,-5.6517276630013615,-0.4375251138544699,0.8236702367469109,0.20477860793117925,0.9036617539424358,0.19937106296118587,-0.17279730084582473,-0.11951601708706318,0.010079185734831722,-0.007953911142267766
2014-10-17,-13.331730296929132,-1.8361640023418018,-1.4850412787997276,0.39501706297565137,-0.9565437161996305,-0.17015062213205653,0.14960224577352246,-0.12656436028401385,-0.047380770334785875,0.004645605549525779
2014-10-20,-7.172782668326028,0.393741442065926,-1.6228147986953017,-0.6626843988536875,0.2882982673762241,0.11033990332378164,-0.08995806709320135,-0.08612837147246169,-0.0003616788249299013,0.001765386951527808
2014-10-21,-10.886200657378506,0.8057296125868639,-0.19994220892939682,-0.5859238789434176,-0.021444881051816248,0.4227961739305906,-0.047102815208476055,-0.1462598080011499,0.03164447339893398,0.021479496293751607
2014-10-22,6.851027082215261,-1.482165896224964,1.1972125847587216,-1.1756050106548657,0.20550190567830512,0.20803558252302076,-0.12539928747837426,0.020928713116770498,-0.0010145258784622882,0.013826542281152501
2014-10-23,-6.622027545288967,-0.12055981553529124,-1.842654049844963,0.7632880768132585,-0.12205353295332559,-0.21035585812669702,0.03954319264955328,0.04878728897507645,0.018982542668917583,-0.019255750891488344
2014-10-24,-2.4827728470232597,0.30581272746091354,-0.9200099407900504,-0.04268783558992319,-0.35015611334971497,-0.05689367731121223,0.1249370975117825,0.003492479150859446,0.03515761624408166,0.005580083058428301
2014-10-27,-0.008121962866725197,0.1517278648142579,0.32504783518038566,0.45965681648765405,0.11168245576464064,-0.06001156006165426,-0.028229442629937998,-0.0073378150258027715,-0.017001359257435955,-0.0064844646896215375
2014-10-28,-7.121127354168856,1.0328094814213646,-1.6980519355853967,-0.0644816485394988,-0.48940936196427876,0.03475172951064532,0.2780892135202952,-0.020595592235442647,0.11408005260414542,0.041749137599797474
2014-10-29,3.650687143943418,-0.46865018178442064,-0.315639438626666,-1.1541245763585466,0.5064067308278315,0.1872711321121308,-0.18706555627799523,0.04929627142698595,-0.029606876140421953,-0.011451961042960791
2014-10-30,-0.994151512474807,1.8535947637836907,0.034327161054536724,-0.5525718007137911,0.38345502929697783,0.3271167871399673,0.020673734511147124,-0.031603930285081905,-0.019475661566461994,0.026107883593986712
2014-10-31,-3.104713193048163,-0.252407451658932,-0.2747640859090929,-0.4767005853863807,0.11549466387444775,0.3033234709764544,-0.0696605600288128,0.05711967469154277,0.027340642761746196,0.0010959548323453332
2014-11-03,1.688073157334621,-0.09421286749423557,-0.1509912426396563,-0.3531095866531059,0.12202803840557498,0.013111854186793106,-0.04344870465814618,0.013554938757434716,-0.010537751114721166,-0.0016688326663210744
2014-11-04,2.9054892334561515,-0.7279494649701278,-0.09392581846307269,-1.2179572482434298,0.06964697946531181,0.22115868252464202,-0.10468575312133732,0.056236256888548476,-0.007696399161157133,-0.0027593967180164223
2014-11-05,-2.91718415097193,0.31268506975617094,-0.49347914998296566,0.05883615055426221,-0.16359963372914266,0.06724600796769667,0.10686817484200242,0.017493782862182655,0.04410629016677703,0.015519933635368136
2014-11-06,-1.8705108504731764,0.9367044267258285,0.3288721941505055,-0.20859063092627494,0.09683406848503089,0.3276882256251215,0.016714212441744754,0.036006278301048744,-0.025113035720700876,0.009655185106228719
2014-11-07,-2.058267542748792,0.3775763126459663,0.4799024321979245,0.6163623608925974,-0.0035396887799173248,0.01160676952716982,0.012674639595321007,-0.02159548677311865,-0.013663086422553018,-0.005388411269029216
2014-11-10,-4.112762205056705,-0.6175930248350995,-1.098952620825341,-0.21179138341919684,0.0676968893325787,0.1712018660053079,-0.028338897312718436,0.11069996482158724,0.09553872716103465,0.010319781433207689
2014-11-11,0.31408296984958345,1.0879297290066543,1.0908935846233225,0.6059354510087954,-0.21657886650920027,-0.04227375494998957,0.14251844424957383,-0.09159151668662077,-0.06515570366072322,0.0034023044474272386
2014-11-12,2.0497072886534893,0.8849147372245737,-0.0008271893095191478,-0.642980044522069,0.014971946919643143,0.16699708672647054,0.08953263027566505,0.018778953217427206,-0.040604507699957555,0.025163163494986335
2014-11-13,2.596942984457806,-0.13478081561828853,0.7577213118610987,-0.1584367959115484,0.03627916675672653,0.01121268852472615,-0.10710143619774802,-0.02189616709455025,-0.05995713174818954,-0.025652942467093324
2014-11-14,-0.4863934364162829,0.9312491765825651,-0.3152627189763576,-0.24917160715024383,0.14938091480782048,0.16610204176631027,0.06829008721875907,0.047234066047816936,-0.018562154134157453,0.02719224428641068
2014-11-17,0.4462780134569198,-0.08198557790678074,-0.15607328626117625,-0.09181510927878807,-0.0753017378990714,-0.04541893226255971,0.034245647710064976,-0.009350906755298824,0.012099483576785402,0.005674116859648128
2014-11-18,-0.07498082937602925,1.0962238422192863,-0.7270497600429495,-0.15427791801882745,0.29244710277145564,0.03935126141727817,0.07938173381947275,0.03204132568256563,-0.009059361030337873,0.04332517086708417
2014-11-19,0.8696343131274233,-0.5643540306547763,0.8861368152895255,-0.20550326434335467,-0.3580665122005873,0.11153451412560156,-0.016169720625332354,-0.006800662949258638,-0.022540046897894784,-0.028686983882401533
2014-11-20,-0.48352547366579846,-0.6799606437175676,0.2905288497691032,0.016938957268774864,-0.2818432143656788,0.00541269851540798,0.00975337130572245,-0.012950288356871375,0.024272517335628414,-0.01671695304299768
2014-11-21,0.11370638342275069,1.2089586407745379,-0.2556086017355789,-0.5493684245583248,0.4971548317100506,0.35326983709880727,-0.06360499955615803,0.12406208904038042,-0.06876662859197917,0.022437957532581612
2014-11-24,-2.0017990322401746,-0.04603846820063613,-0.8421563073109903,-0.1833660951133,-0.4993580303349505,-0.004891569067993709,0.3194191839526898,-0.001131970406131372,0.10110023025462848,0.060225697797039686
2014-11-25,0.7279370347417454,-0.7899611982944081,-0.8286054798710707,-0.450334949054078,0.11369309709822988,-0.06919069785063037,-0.08785098781940238,0.02696270322519409,0.05568058913392296,-0.0069332729611846795
2014-11-26,-0.5428802079136628,-0.9730159946740178,0.18680654537272323,-0.45318281645613756,-0.11709525552971853,0.22252897579600436,-0.12242459676015614,0.07788342540019587,0.017642955137726783,-0.03397221708236692
2014-11-28,3.162384791043117,-0.3399935126895278,-0.6036165087433258,0.42196461577826616,0.4622187694528374,-0.5474822790633505,-0.16425930288347634,-0.11794643921961942,-0.0025527522301375316,-0.019341221300953615
2014-12-01,2.1234511122097337,-0.7477740007482322,0.9730090593857031,0.7240960703913243,-0.07452389249654832,-0.3397011448027955,-0.12039313639645267,-0.11427134027901677,-0.03838791835026382,-0.0446795039926791
2014-12-02,-4.797093905555622,-1.0356687416516996,-0.71023076880592,-0.23493967940272648,-0.5491798308330772,0.19165560758925218,0.14015277121745087,0.0820308794202062,0.12891002025407036,0.01561044816344511
2014-12-03,-2.037522706146936,0.2048430668533336,0.4767604508794061,0.16059587020283844,0.039183618820629984,0.21847523408576655,-0.04108689563246217,0.0431823310042428,-0.018050864345857724,-0.011243691033356042
2014-12-04,0.49777666407257437,0.5815131017321877,0.7271878469449824,-0.09275620122045543,0.2300200787223292,0.2302366286360389,-0.09320357661181264,0.030966244638643194,-0.07679549856838583,-0.015109916984941912
2014-12-05,0.09579665337139238,-0.18648627068466445,-0.11406146236341673,-0.7387468894469326,-0.1160961839282892,0.28490220410981243,0.004565388478321674,0.08944738665286224,0.00910733978839713,0.003909192975032793
2014-12-08,7.33850611816121,-0.37101968502860205,1.2426964615740836,-0.3074615368821182,-0.06959326666741554,-0.28356339127891483,-0.10037962661785062,-0.1505730192973922,-0.09931084284800938,-0.026038754086841722
2014-12-09,0.559933914348834,-1.461498708021162,-0.5355416115474894,-0.35915727118928903,-0.5388868150224748,-0.18217177043399896,0.08623462770545545,-0.026289127987570184,0.0868382876423902,0.0033996199722000054
2014-12-10,11.964154979714316,-1.071616876112369,1.2754739762696818,0.26346387227208723,-0.0030796785780212855,-0.7819961934430693,-0.06941170570678044,-0.20932961903325886,-0.06458288323355839,-0.004660804825897767
2014-12-11,8.812795468882872,-0.0967429739802659,1.861607098827255,-1.152756895943507,0.10965455193757133,0.2186530775861908,-0.1053855054935584,-0.017272373542973014,-0.059394583660341956,0.013909423080422664
2014-12-12,9.936597582787197,-1.8598468858406298,-0.5361264830568845,0.6499524681168038,0.007395371536490004,-0.829582192513235,0.11314105906697533,-0.0006970597063516877,0.06702055699703557,0.0012336389001667682
2014-12-15,-3.005014824039236,-0.6012327855074939,-0.8365218281177006,0.5239891103066395,0.07656744440943924,-0.1415300282309854,-0.012698315180358674,0.022031411447159366,0.011372881405555427,-0.011765494948634735
2014-12-16,11.699617755001736,-2.9539139844482256,2.082565701059426,1.812932402749177,0.01864140090626383,-0.4776812552885041,0.23913568806454744,0.1423089297082009,0.0497611149702548,-0.006575028853230146
2014-12-17,-18.39492110814925,4.018582827719799,-1.4648862633439688,-0.287753250794854,0.29654895038029866,0.4758316591759187,-0.3430776463502593,-0.1959058153225515,-0.08107878864916303,-0.008126005807667674
2014-12-18,-6.520669263129762,1.6759199435996313,0.6870989114329211,-1.5714481865402847,-1.180609188257272,0.8246320633023161,0.24790890881431424,-0.034967282920565335,-0.01720181078437621,0.007725896968375918
2014-12-19,-5.3606985186278955,1.2062460372454165,0.7350444690961001,-0.42785014781680464,0.3204356297057959,0.8058208792870516,-0.12887128929186356,0.12349931969571386,-0.0730511184746039,-0.025963455234524865
2014-12-22,-4.141015855924254,0.15672120126319158,0.019501588444861162,0.6836891535317162,-0.24513628289121628,0.007065109313980057,0.09301163372686512,-0.011980327636665285,0.019199077414974383,-0.015094534035723658
2014-12-23,-0.43103936310765456,-2.9873561279007514,0.7237159414427081,-1.1510135176411618,-0.4894151291851946,0.3993106685359224,-0.1915575933669103,0.06342378578496292,0.07339085108552972,-0.026694624472187692
2014-12-24,0.07917680108966091,-0.06311642702424095,1.020446770910701,1.4062575502123609,-0.6497112258188327,-0.528580561738376,0.20475706914076547,-0.19285638729162718,0.015268638667868496,-0.014682046474839266
2014-12-26,-4.1294691848632334,1.7992743058722314,-1.0350936715970254,-1.9600182378099689,0.898621908433863,1.3583762273259545,-0.21104138245893525,0.4360560081651693,-0.08668057150027123,-0.019242102007781085
2014-12-29,0.04513548107097782,-0.6536800575335462,-0.1123525015648581,-0.603082391007879,-0.015156790104675587,0.21661241090227787,-0.07956192127008427,0.07508176407246285,0.018933071833294398,-0.003373455064522297
2014-12-30,3.0647735502963127,-0.21217565807788677,0.2830763707275886,-0.10166660129324788,0.4036903080075993,-0.1389585519189313,-0.13844700959747744,-0.05892133700480253,-0.021002476520327735,0.02026510642999839
2014-12-31,10.779450023976187,1.3038779603921433,0.951826145364,0.609083894714074,0.3445115804980137,-0.8622726429188073,0.08584116946904592,-0.2781121031918915,-0.06714546677982706,0.05541973676895036
2015-01-02,-1.3740299387077508,-0.7566001493841885,0.8411436598129205,-0.09043900315395428,-0.5304509715234281,0.18465055943761266,0.06252746768325446,-0.022934981817999793,0.022888117059679598,-0.02141830623398379
2015-01-05,8.119477390384954,-1.4787511196338796,-0.6186482698842082,-0.8480793087332389,0.6375042708269218,-0.39026907189852594,-0.16164139539637695,-0.040366500608959195,0.06281413484766041,0.07601259012314084
2015-01-06,3.4445854545550043,-2.26576076949819,-1.49924157174099,-0.9962601226787335,-0.004559144111138169,-0.26940578610005167,0.00288585209825405,0.01303042481451313,0.09479501071005755,0.049626932381714714
2015-01-07,-6.792747111370828,0.2899486858521118,-2.4952564149621517,0.40505864636232697,-0.10940722326937757,-0.1563770117793924,0.049000240186221615,0.0956539534255804,0.02340598079488873,-0.03396190134687006
2015-01-08,-9.828583254089326,-0.9482488144304065,0.6241664830283323,0.10466116530900713,-0.9016427042635258,0.6053931086599301,-0.009860304104294424,0.11002241295739047,0.05177388169857809,-0.046394108677478174
2015-01-09,4.67922814553405,0.6024651005355991,1.83534104467695,-0.06220359346170237,0.29596977107901057,0.10962373601798199,-0.052098535614783635,-0.09571249603237501,-0.07182195160985931,0.008853426403874192
2015-01-12,3.4011972150915986,-2.392542578120345,-0.27726355164691796,1.1371115570873087,-0.1508361487691302,-0.9510537354520006,0.07037670273108103,-0.16110091584304667,0.07475457247142091,0.06312456352894741
2015-01-13,3.4666415309134577,2.4255942513494184,1.5782082762442968,-0.7034548318745967,-0.1372198446105622,0.46367643505334755,0.10185264683839325,-0.027097647006626497,-0.07913549195777535,-0.037986451218460913
2015-01-14,4.62472922353508,-0.03868205863815238,-0.7358258820222354,-0.17130320901755636,-0.14828312167945512,-0.3974294203122671,0.1388009777272867,-0.026092525307484613,0.01568469300162511,0.01844945272321964
2015-01-15,-0.7018196652050247,-2.8001826152591436,-0.369934719979753,0.6416439756479734,0.29618041847557747,-0.3584815615815019,-0.11893130707222324,-0.007187507605414598,0.0733726281790661,0.05322232980936057
2015-01-16,-3.558433127097981,0.2133403225178614,0.08465277226748368,-1.4617245538024508,-0.09827190034683952,0.7654376541779012,-0.14539600863941532,0.09298025509659384,-0.005891337521255645,-0.01422428375134995
2015-01-20,-3.8693130892122576,2.02682852465297,0.6072970581308531,-0.13181591667875056,-0.13259916906852093,0.5931017954614588,0.005994369427281123,0.08974767088021163,-0.07394743921440335,-0.07501489102059318
2015-01-21,-3.9331681760325825,-0.7632253890777558,0.2070308597265671,0.19741273978824236,-0.488374374411618,0.14067463570186686,0.010199871874884296,0.022543689867951893,0.02981264055910124,-0.03044657212773778
2015-01-22,-7.384813327401877,3.085975932945134,-0.8310773291149863,1.256056227864942,-0.2640721299759065,0.11640078529054397,0.30078711474292547,0.08868906541987144,-0.05572341707145214,-0.08093148246365382
2015-01-23,1.9297817135575444,-0.06765485810145307,-0.6787942017222861,0.4214882007186919,0.26344887139338174,-0.48260951848254013,-0.0061078948404110645,-0.0869408981319686,0.01584661384730597,0.03515158219097068
2015-01-26,-3.1618594360353716,0.5227924272519263,0.15629665863139489,0.3389166030838339,-0.0018834632367012625,0.19974889867702908,0.009255739083893405,0.047838610747599826,-0.011487870358869366,-0.02524880481384546
2015-01-27,5.823289922921622,-1.4882869945807014,0.2703726191538877,-0.9612472873974056,0.1349713494828747,-0.10708949552256543,-0.14559425968552792,-0.046851236929834186,0.015146905254763466,0.040164053801734066
2015-01-28,11.844025382576568,-1.7109267941697588,0.8718894906585991,-0.9951578040899299,0.04533992968913364,-0.43914096979777867,0.002328540647265556,-0.15586315935124193,0.03269998194467027,0.08913915766118156
2015-01-29,-7.921968467067386,0.9490443565615333,-0.15108741909729115,-0.2537844733694248,-0.16156360485895382,0.7488010636984774,-0.05597812383237371,0.18036909030162937,-0.036076410449988154,-0.0742028223754171
2015-01-30,11.510791991348077,1.3400837019926952,-0.30742814042593153,-0.3249672312558251,0.7796975217514189,-0.5985708434008743,0.026874708183742036,-0.10223342659659501,-0.04927947853148286,0.06893868266114957
2015-02-02,-7.485360575894984,-1.5879444214057346,1.1900796131206428,0.32129395694868845,-0.6168361255695958,0.4551306601338682,-0.05883383463534192,0.010019492612768143,0.04357147032867194,-0.04076034666971592
2015-02-03,-7.599923538510619,0.7439647292823188,-0.7269950771841565,-0.11027933387126135,-0.6132975080429607,0.5313903281163599,0.12981311096653328,0.1864617542498441,-0.00594081930484178,-0.08145182103004477
2015-02-04,5.0632276943713554,1.1056062496008727,-0.04269158409506042,0.21528777921896664,0.2539402522216406,-0.43278882712169847,0.09547467936552975,-0.11837346703587065,-0.04190882212853268,0.03870217643318852
2015-02-05,-5.285717236282583,-0.4232214485689723,-0.5426663606775354,-0.02851916933440648,-0.2547637783685693,0.29530519051082366,0.001051226163427574,0.11501318008233645,0.036045664456232716,-0.03361526350519685
2015-02-06,5.4718287081629695,1.3949229455126593,1.0066534229858992,-1.3122969116655714,0.5466714322246063,0.5735849057558046,-0.1160846603719375,0.11670481361917287,-0.12144371847160906,0.012377017174686509
2015-02-09,4.28573464364001,-0.5200554055500891,-0.7591604319813988,0.1886001512147297,-0.4067528730991385,-0.7649366330141701,0.20107031597278766,-0.1916129808401197,0.05963830343675586,0.042457770053823986
2015-02-10,-5.3192326959154315,0.9480030156835474,-0.4784463363265434,-0.37303015791527744,-0.42214265605838136,0.572309660976596,0.17779608540897074,0.18225577085709477,-0.020885624847294552,-0.03434480909403859
2015-02-11,-1.4904340518796468,1.2514058528515788,0.1768655995072819,0.12212540240492024,0.5049883769020167,0.3293432591189994,-0.09066248439064238,0.11841309828847987,-0.0743113598988452,-0.005813620092782145
2015-02-12,-8.162824993357024,-0.9800357454091777,-1.1186996729999625,0.7580338674153011,-0.5085993811303093,0.013773848740560563,0.13187674871408636,0.07033371543926165,0.13386305947661445,-0.026274668818371635
2015-02-13,-1.0853197251314055,1.1602931516675155,0.35013853753514457,0.3228331493299741,0.5746809802876817,0.24426238591534696,-0.11132090948341086,0.08321700400139981,-0.0758499663276982,-0.0032697857447538856
2015-02-17,0.9202972129095032,0.1480184558379047,0.8956928250420819,0.3008881480126342,-0.2171944414087072,-0.06190326286519957,0.05661612701968391,-0.08528578954924738,-0.030483122835785057,-0.019048888863302492
2015-02-18,0.9776386059274903,0.7933508229272205,-0.6718404142359434,-0.3499834504669635,0.09248993835144019,0.008513630005449156,0.09676123960965058,0.044310616294167625,-0.019308729330610272,0.038468401102157025
2015-02-19,0.09535332230725424,-0.217415051201473,0.1452077572092042,0.10297052214164237,-0.12153314888420128,-0.06925915945749583,0.01751078293894238,-0.037300968906778406,0.010155646363336657,-0.007170602581125813
2015-02-20,-5.489264558057601,-2.324989068996744,-0.5833661126343405,0.6283593110348509,-0.9607372869142156,-0.26557116625852867,0.11366085079247469,-0.0555946642145555,0.18554664331466786,-0.045664259278223075
2015-02-23,0.26998551094965406,2.08626702499124,0.7021688856627141,0.6987090968832568,0.3654867355078042,0.0317096169871852,0.11063317752109292,-0.03804329345020708,-0.11082486133132921,0.01880120554457655
2015-02-24,-5.123583753179403,0.15032956494638594,-0.580035772561719,0.9585397712758197,-0.14030355350398777,-0.1016213238008303,0.13328576520689292,0.014593760048158743,0.06917168824501266,0.00551229682440335
2015-02-25,1.1593067192052078,1.3114104664272288,0.530541711688527,0.5837281240560103,0.48766723705982057,-0.10510781295674251,-0.033915507017133195,-0.06587312940683472,-0.09232498956183106,0.014672298066188487
2015-02-26,-0.8587155277737927,0.39995584614262875,-0.2956494286139283,0.2789139048794379,-0.060044524777043216,-0.10092095671405255,0.1201892121621516,-0.021789327325228723,0.014191069623148788,0.025432505342229118
2015-02-27,0.6241177095125501,-1.4119658079913473,-0.3149427679092582,0.3154000958093957,-0.029941039672633615,-0.44551465604123425,-0.1570754985214061,-0.1164957021855423,0.06919733675495801,-0.025510548532635485
2015-03-02,-3.4348727559875294,2.344653353295816,-1.052307742452027,-0.17622783571869005,-0.032632657338943126,0.4203962298736006,0.4799987924926008,0.17365730611593175,-0.00039469604208292877,0.1260236467770016
2015-03-03,2.1598245089113375,-2.8362543973312686,1.976311053266776,0.47771616926638394,-0.5621534112717869,-0.3613664537426058,-0.38333151265282545,-0.21560467718965398,0.013795836956935918,-0.17279910208955956
2015-03-04,1.1290549488152335,0.5636514939887168,-0.03712429980731233,-0.20156185436621993,0.22595037776901733,0.06938072044989287,-0.00575007751200141,0.020094677305143784,-0.036434575893399025,0.01805006987130564
2015-03-05,-2.094211686259739,0.6407466740499554,0.15345071034936864,0.6801946767017728,-0.2205935695200831,-0.07462167667059276,0.1917572336843655,-0.041584333035805165,0.0073144275343280975,0.012288916563109719
2015-03-06,5.1868854979093255,-1.3633700644008155,0.40254902964699735,-0.8828493670653208,0.8590923080631473,0.035858517294049735,-0.5805894348711998,0.017810553518547156,-0.05354579841239639,-0.04126527278198816
2015-03-09,-1.8923798388622992,-1.9879177955746647,-0.9529862443219439,0.752679155078295,-0.6226173070672392,-0.6899724040631383,0.054882511530282035,-0.13087295927020734,0.14537772642075683,0.0014980655119855475
2015-03-10,6.704996684765988,-1.492921742903323,0.1430651646203064,-0.22961960191291508,0.5537580475041224,-0.4884374337660386,-0.2991458683041805,-0.11249661237904289,-0.012624165531198992,0.04340644544726878
2015-03-11,1.2675521862930574,-1.496684792705863,-0.25128895019647857,0.6906408593966769,0.13039983707123592,-0.5255465426066995,-0.12420237107764284,-0.05789793803716977,0.03137561628109821,0.028878031459607486
2015-03-12,-5.141545922986952,2.19044119918333,-0.8192920420309715,0.20287667037861576,0.2425784495549288,0.34579407741384943,0.11733779875157316,0.08960313128973388,-0.012812293335364317,-0.024373335997578866
2015-03-13,2.003752895430637,-2.946513267859469,1.3512564079640936,0.44022548341765644,0.09924359606594901,-0.28152751047136426,-0.34921333641950947,-0.07689244083589215,0.009331634323113517,0.015466290607196571
2015-03-16,-4.3237676610363085,1.5308155867868758,-0.943350866352709,0.18113933005515728,-0.49091258924678716,0.11423218477474041,0.2741956465428169,0.0529559500995965,0.028912586251064284,-0.0419790703615463
2015-03-17,2.3838327150206293,-0.16037142162343798,0.2689040174950705,-0.34416255268943063,0.2336865769059493,0.036662997892412987,-0.07792850390102526,-0.012138775101660386,-0.022565666138728204,0.013612474669800027
2015-03-18,-6.718390532470572,1.4890831170123655,1.4991417172760524,-0.05916068086761681,-0.41242604081510303,1.0059567186084502,0.09977210095599261,0.14191426829665255,-0.0449966450467232,-0.11449671570466749
2015-03-19,3.966017910258078,-2.999011175706719,-0.03763571415685478,0.45992507758300727,-0.023031867841242525,-0.8558670502017449,-0.25263466674240936,-0.1633075081745378,0.0561546532471062,0.0683125698406441
2015-03-20,-2.197419889258075,2.203337899685382,0.12404422478438001,-0.4098692514748564,-0.10124386571254605,0.5887842422994979,0.21913758385339477,0.0886671436377822,-0.038423562074076836,-0.05496460956063797
2015-03-23,-0.15632623496451423,-3.9707140951424567,0.9198714362181303,-0.028783880833775456,-0.15631737289336364,-0.16556843801004134,-0.469065069312779,-0.02443479715593013,0.0578940772949946,0.02107395074264866
2015-03-24,2.40394561017581,1.3458701672257527,-0.5116600746558574,-0.5131584892150612,0.11926971635580234,0.0647958982274063,0.17792940977902255,0.005709429265004151,-0.020094735639017203,0.007142410612556348
2015-03-25,6.085612973673204,-2.68425829700243,0.38802342961453146,-0.26587514831550824,0.5234675043649207,-0.462877320249628,-0.2495784587711277,-0.10128772064926582,0.022318316000760056,0.14961096319834055
2015-03-26,0.07955874150392372,0.023058718455618712,-1.9467172101375385,-0.9482505956894108,0.39754409030915666,0.09705872707078779,-0.0614754744809735,0.1497475045378983,0.020314220110571646,0.02449671685826581
2015-03-27,-1.0133664298418963,0.14809911888776453,-0.40305399716605844,0.15281141173452442,-0.2735899596354168,-0.09041715295647376,0.07351680255956246,0.015281741708773324,0.009553203633120014,-0.022186630208795553
2015-03-30,-2.7444511856309837,2.5554653337658664,-1.0447280152860314,0.13194401019542154,-0.2274649139448194,0.13383059546178885,0.2946541251441705,0.051557648260680745,0.0022334090640270957,-0.06897375938726301
2015-03-31,5.027407263371667,-1.8174527754703762,0.5530137259260011,0.9483138282766239,-0.16667017313175939,-0.8248111529836831,0.0019524158342450085,-0.15069973790015834,-0.013595454293195485,0.05906810457638153
2015-04-01,1.2290058648336106,0.40201306881541327,0.5222587910864744,-1.947051336985457,1.1363982568766902,1.0027210179249655,-0.34786553501173656,0.11362880155098819,-0.02380322868676479,0.028538610214261566
2015-04-02,-2.0223082857833874,0.06838964000599614,-0.38966931193454113,0.704932855254895,-0.7556147511455849,-0.32917099584388865,0.20320244982411168,-0.031581092878008324,0.022221619885919225,-0.03888632447727314
2015-04-06,-2.9171714393916384,-1.5184049555900014,0.4409860084505931,0.6037091454660636,-0.4264850614902916,-0.13183390837593142,-0.09926875714415058,0.003024782215493776,0.0240364584847998,-0.004395886275170084
2015-04-07,1.5251633956110298,2.044608166532245,-0.7065348863855089,0.05219667342141575,0.4953283272688053,-0.03645233105690549,0.1344474267696926,-0.01773946013244903,-0.028546691093668884,-0.008330751166410152
2015-04-08,-2.788591561229029,0.03513209080922615,-0.25124677667908224,-0.37541659460306226,-0.1256560531160353,0.3219226407212078,-0.03517649162379682,0.09245504308103435,0.0210433062395234,-0.027248333624332714
2015-04-09,-3.2631291290074014,0.5512161596239574,-0.7320763678742316,0.46143685805162205,-0.7049633671580292,-0.13920458586332696,0.2564465516703894,0.02067874412938813,0.052616071738968685,-0.036151142820221714
2015-04-10,-2.999116043876045,-0.5331159244334913,0.6263796067915778,0.3956126242608851,-0.1353144037407214,0.14253220697712013,-0.12323882806653072,0.03146449989627403,0.0029548754303475705,-0.0381752859103915
2015-04-13,4.033669861852805,-0.2253430451698527,-0.8101253688128874,0.3545465574771638,0.5041902109284004,-0.5865932176768955,-0.01508274187947887,-0.079132816795373,-0.019466493368481896,0.07110434381746782
2015-04-14,-0.7005171736066456,0.11510117470305138,0.050850195455569715,-0.6253439839992515,0.14120201535838645,0.36493655813574727,-0.07474720361731917,0.06373161928600664,0.0034269227130936993,-0.00925541185394429
2015-04-15,-1.8879294031328449,0.14253586193609735,-0.8717668523618057,0.3930511005573675,-0.22298914426617827,-0.2052066529218507,0.10459473592088644,0.027129165089038038,0.04193582393044737,-0.003540902697379611
2015-04-16,0.17007416566980582,-0.44487609835399716,-0.7712123350424447,-0.2200815765794401,0.2617550984673343,-0.05379081588953711,-0.09062155130065164,0.057204551980131,0.018059788531369865,0.02316101064063817
2015-04-17,6.605191448303074,1.2609511053124405,-0.7948991954842273,-1.0509228924545524,0.8738611451400278,0.0049663341736122055,0.03969321719527806,-0.03928674756186945,-0.04747222901506787,0.049957384705648276
2015-04-20,-2.649003649110165,-0.13764735639241185,-0.24154862618776732,0.3894386828809653,-0.5380654554674005,-0.09411398445978174,0.12497049205688025,0.012106755322843879,0.045903969476524344,-0.015339762029640077
2015-04-21,-0.5092100915517687,0.1386663796753908,0.24962859557509773,-0.3041454082872051,0.1477253349885314,0.24772296614752348,-0.07061920198683291,0.034074385509019096,-0.00970274099531438,-0.006768086983910179
2015-04-22,-1.5231190039071028,-0.12673774141833755,-0.3544539895531928,0.6172893813962742,-0.6819739083646466,-0.31974163748694423,0.21726881844196175,-0.03411865976609736,0.0513484994668331,-0.0066405752367623945
2015-04-23,0.3621405946169211,-0.36942464842669165,-0.17080619574099093,-0.4642544900753411,0.24192850239899544,0.1493655272028651,-0.1235948512904142,0.0521649884149854,-0.000960418748873355,0.005516129989027476
2015-04-24,-0.4961153658440962,-0.5031165917790454,-0.5776638086312301,0.06278528609989968,-0.2447360359478122,-0.16134118638383538,0.04343273581105901,0.026442691234300354,0.039112384004758964,0.006112014660668224
2015-04-27,2.894443033063597,-0.779554036246339,0.16054576820916863,-1.337557127161639,0.7865016054083316,0.4334492676110639,-0.33249716925266265,0.08152189939846785,-0.040839669729164155,0.027312420541274106
2015-04-28,-2.483340080745908,0.5626728826216383,-0.9223109347565549,0.821908005402844,-0.6575842316151137,-0.37894240475711943,0.3064002785733761,-0.02115393262043937,0.07173560741636636,-0.011779349997287665
2015-04-29,2.735012750462573,0.3617498911267587,1.7622559513066522,-0.2520683695825633,0.5948525681955265,0.32674561152633125,-0.20931608003946886,-0.07428420644824751,-0.11546054065057952,-0.009355583981237736
2015-05-01,-2.787293821659681,-2.554267679164783,-0.08649704057249345,-0.39292120932916824,-0.13677202452402898,0.1728022413195072,-0.3324002173603551,0.15411719218345526,0.04990917648905625,0.019056420744160436
2015-05-04,1.8447115981145283,3.772810970294932,0.24412213745455688,0.69618566686413,0.5500708045599706,-0.043911313044872106,0.32064240997826954,-0.15932191614434266,-0.08182305845589112,-0.029686515665127294
2015-05-05,3.692533885429049,-3.474375821365062,0.0978507964663242,0.18536177397711082,-0.23029630151836802,-0.6072829337076706,-0.18675497548990455,-0.03338336423335951,0.0024270542506279504,0.05946985721263445
2015-05-06,2.087678032270439,-0.9407596327644122,0.7824954695737787,-0.36220878222260694,-0.06340260850201893,0.056707154599625,-0.059120223622523775,-0.02980305256710684,-0.01491227346951989,0.028842057070038632
2015-05-07,-1.424655985079145,0.31270726016473743,-0.09021598674225058,-0.1159731889533283,-0.4040493845509806,0.08932748947212638,0.07824387707196223,0.016240805822058117,0.021604350469999204,-0.030691390480507907
2015-05-08,-5.900742737806808,2.5451093500058892,-0.6695759589192022,0.4189726278097021,0.08290757604863513,0.3505009754702993,0.1368288952839208,0.06945923781261223,0.035658380908171056,-0.06906451294308835
2015-05-11,3.636768213207999,0.3713815696041384,0.09966715665881093,0.13700978863117702,0.3529604499397932,-0.24689753592265593,0.02253484532560118,-0.09174718032645132,-0.04593004454307961,0.02272475058225113
2015-05-12,-0.5158941211230637,-1.0084480944725964,-0.18800505132687942,0.13089042170682835,-0.6737735436651893,-0.21582744912218293,0.09072987585537123,0.006588332520251345,0.037872639528380436,-0.004269466917998007
2015-05-13,0.12275789754688364,1.1994731880039862,-0.4930926586435977,0.05308581851295819,0.3860430081527361,0.018703074693984377,0.05505545570643948,-0.008361443725731981,-0.005164362310752891,0.0033346665852500633
2015-05-14,-3.641721309430692,-1.0928012748663267,0.17238871431899042,0.02733951811924263,-0.7102699600114977,0.11798718646587153,-0.01163827127872046,0.0741444231065315,0.05508353998045688,-0.02719927113709584
2015-05-15,-1.5691932846229306,-0.2583267589795938,0.3129236110241488,-0.23588443229047623,-0.26274754323058747,0.2291331721225769,-0.024354642237852882,0.04546046009658803,0.017397629264885806,-0.021693219741850966
2015-05-18,-0.8776135450034985,1.1920954964726944,-0.865126174173129,-0.04029498940078399,0.24554197910932787,0.05563827232914158,0.12552195388251877,0.028880948126317935,0.030332925091585902,0.01211663394267858
2015-05-19,-1.3999399045389567,1.765086582758257,0.5546728161821685,0.18206640383689543,0.43686282919471353,0.3587003199597942,0.04049189333955811,0.004595028188399488,-0.04923651640663615,-0.015316849178497072
2015-05-20,-1.3028630240807062,-0.06365679426501959,-1.2751112322177045,0.9994074446958825,0.09939608115243181,-0.5850074873130239,0.06881472067888528,-0.043105397450397806,0.061788693628166094,0.0329881960316675
2015-05-21,-2.996822286806188,-1.1158872709651233,2.103575149541719,-0.4456244382600791,-0.09489937452998924,0.8055349481120272,-0.3820922377634385,0.13542733258704742,-0.06053734328525588,-0.08949839842627287
2015-05-22,1.4083049382725983,1.8534858084681356,-0.4164341117551996,0.10281175642079568,0.25858429649576176,-0.07335698856252312,0.25340482103835127,-0.06774579860646607,-0.023043641523716345,0.03171876620163107
2015-05-26,5.197535239242934,-0.9179421796914087,0.08983261161045755,0.2619644824642732,-0.021792244945922308,-0.6466304920934658,-0.016920589708698107,-0.17602825431029806,-0.034835107746725415,0.03016041406275798
2015-05-27,-4.724975746512493,-0.7867675815064054,-0.07529142780831242,0.08302548762938672,-0.5660283746696385,0.210321286426011,-0.015619314521859586,0.11573630723882407,0.0719626459949367,-0.03725274361689107
2015-05-28,1.2747631985977925,1.373599801582185,-0.3567107203793657,-0.07999467059524872,0.14406468772519065,-0.01832754552743734,0.20913341520978812,-0.04731145270731068,-0.00736290290874206,0.027563497891885495
2015-05-29,2.8846165107048907,-1.1104452178906314,1.3545408139866053,0.1949356107843007,0.40266832652476675,-0.09255978048045374,-0.3246100514348825,-0.08147624255330486,-0.09305828331784358,-0.014619118055150442
2015-06-01,0.09925570546030167,0.9097782543493438,-0.663648321977837,-0.1581283623117168,0.0891383034174873,0.016253232107226012,0.12942510002886765,0.01419646325283568,0.013971417787822129,0.013761510939268808
2015-06-02,1.8143448490656813,0.20056129830428968,0.6961058743140887,0.002311782420905312,0.2622625372969117,0.039555045483517494,-0.07539847555039342,-0.047396551321831355,-0.05317931787174574,-0.0021998174488452207
2015-06-03,-1.0604029460646567,-0.18733557632870243,-0.4376773696959653,-0.16609968819187385,-0.10834886380703151,0.04829177817121961,0.014666406603300243,0.04771102913801505,0.03085831684266389,-7.864065478011429e-05
2015-06-04,4.882760116422221,-1.0235074508995359,0.30183907552125777,0.028871605611928423,0.2314115253846446,-0.38699511987678575,-0.10930431832963663,-0.09624385061809601,-0.03738876563619634,0.03299509814855482
2015-06-05,-0.3723503092286731,-2.3717708981236894,-1.1754978579075968,-0.155680456905404,-0.05981674797563492,-0.2763460489988659,-0.17260345238028213,0.11083124354151655,0.050890872944348395,0.036860795619408276
2015-06-08,3.3321433983142925,-0.5942414122470506,-0.09015616331837874,0.5688169542761179,0.3662717748063662,-0.41206367756124246,-0.02594552499120006,-0.03166812495136933,-0.04772594218480591,0.028833933094291105
2015-06-09,-1.745179102826207,-0.24003314176377907,0.09737682341762778,-0.4516120791342646,0.0015839619387396661,0.2688382286436379,-0.09750569381067421,0.03644853429524653,0.022292209007844177,0.0027409340328960184
2015-06-10,-6.647524926462434,1.1063433825839593,1.1932483263072762,0.7704945852913714,-0.3070362029537646,0.3887226265783584,-0.03572493298266713,-0.009353802001831266,0.008088929693186283,-0.0731812366718239
2015-06-11,-1.6106331512569338,0.7683808133727456,0.9337343318696222,-0.051086921315151586,0.22040396413991362,0.41951220932310485,-0.07828635013619334,0.003955558994412724,-0.02610267777432434,-0.03262410433000364
2015-06-12,2.930832063295182,-0.070775042235787,-0.520475260040736,-0.247991399786001,0.23643249432778754,-0.1987292744540867,0.025463438996249362,-0.027014913881699215,-0.005576602823095431,0.03631239537585375
2015-06-15,5.4866399964655415,0.822463636184696,-0.22803512091516442,0.6121563963607723,0.01616883753450693,-0.6256202330410803,0.2511905397362404,-0.14399923400592424,-0.03784827360037421,0.019518351481594597
2015-06-16,-1.046405536734683,1.0911428636430185,-0.5917465102777396,-0.005191652760669165,-0.3016929266636453,-0.008031942313096478,0.19822916512526126,-0.0018540560481424778,0.024388981455760215,-0.01592845517752419
2015-06-17,0.32120893852985466,1.078471331348095,-0.1944736548214448,-0.1939907047774192,0.2692785454641384,0.12500279754876556,0.03866672773596976,-0.0011198946882253914,-0.014099698983674093,0.0025868019891507263
2015-06-18,-4.80160277963251,0.19408700685632735,0.42128361800122494,0.12689134148370665,-0.5359952535217147,0.31895083180266226,0.08835499344913225,0.043586947775451405,0.03410141500136578,-0.03588164238520815
2015-06-19,2.826934992712968,-0.8471949657801856,-0.6348042132273249,0.02323468553160926,0.24841792424515016,-0.35773782960122946,-0.08645577926495127,-0.013543962700891626,0.0009201231264549522,0.02789507847495222
2015-06-22,-5.2568655901057575,0.6169335177418239,1.4893421076985067,0.15476716987805542,0.40196421272397115,0.7363029171097962,-0.25067538248500104,0.079099803603967,-0.046902124285009505,-0.056300755220732815
2015-06-23,-3.4990778420599153,-1.2784921917287708,0.1638523573286958,0.003364056926781569,-0.466932712113612,0.16549120089553443,-0.09877265977711529,0.08547362664820567,0.04884026858279648,-0.0336187442948396
2015-06-24,3.1456555757182487,0.49006038314722256,-0.9233451589140182,0.6494753838879924,0.5660011396145365,-0.613366114577422,0.04349694155230832,-0.10436754249561134,-0.02066139454116572,0.05516549433950347
2015-06-25,0.8520916691308662,-0.03893798423145623,-0.0017018136900449014,0.14740260894639873,-0.0011116972329836355,-0.130348740460847,0.020207979799895484,-0.02828650731029926,-0.006106868839463845,0.005480391229604366
2015-06-26,-1.5932309547016827,-1.4902703587655606,1.066090508780455,-0.34888456348737346,0.1668625374163182,0.38864502856356853,-0.3231639215978322,0.06139970541110079,-0.011075943893649407,-0.002034513738802705
2015-06-29,15.810840720487061,-0.495652817036555,1.0213047934909618,-0.08125575414349001,0.5255903583190358,-0.8247108654852768,0.2056024654310746,-0.24714320128172818,-0.07327725994281298,0.11073850397068308
2015-06-30,-1.9970129818922935,1.994718502017541,1.8021874622375231,0.0420266044863757,0.18551159360488828,0.5542936972450949,-0.06087977878314933,-0.0737452166533909,-0.04414278483582526,-0.04611897760646977
2015-07-01,-7.649618868960922,1.1366507425321557,-1.889263186993582,0.4111271935797129,-0.07173909175033678,0.10271053209926245,0.03575790009228302,0.1361878578744032,0.013408920177270833,-0.057439891790015546
2015-07-02,4.296602374018542,0.975806793544834,2.4941004697483953,0.27388157021609216,0.38156580388036127,0.17102697065635555,-0.05764733540624492,-0.13271811656197205,-0.07748974153483286,0.0010859696956443047
2015-07-06,1.6728766323385817,-1.1804313106047828,0.16873604008430088,0.703014174809647,-0.5672292755540783,-0.5365561664199887,0.1361252880141118,-0.09357670883657658,0.04336622586549797,0.018040781638275487
2015-07-07,-6.693067600704463,-1.3792068552510057,-1.0934259085648483,0.4513412339602845,-0.29609732464613503,-0.059363019224882754,-0.10673433713662353,0.0943313092761949,0.04106465204299664,-0.020231034488712652
2015-07-08,11.967373912613896,-0.15970622262141623,3.6088443886198265,1.3663476152475524,0.43625054048798556,-0.5316217719456569,0.1242403703902845,-0.24221542518079148,-0.003483485273990973,0.09204900085896224
2015-07-09,3.896796763812531,2.3238948595322717,1.039716244975928,0.8176018383385556,-0.20802149913952167,-0.18546091792436611,0.2029923166419885,-0.05419295086958546,-0.015228710511398938,-0.038017281278116266
2015-07-10,-11.077445719682373,0.8037081378168527,-1.8247245746060274,-1.1849090559752065,-0.37568463253514484,0.694791996015183,-0.04975215182992371,0.07031705306429809,-0.05289457285452966,-0.09403633773768114
2015-07-13,-11.179329156353175,-1.0894098441002753,-1.4503331320221668,0.1389294945600947,-0.2921681673602763,0.35659058462661386,-0.15687361828072538,0.17277614658024437,0.04323645120637457,-0.07622408523260805
2015-07-14,0.10353750058097677,1.4635489713398924,-0.3109932670186823,0.6062571407747307,-0.4056102314586765,-0.2777679892573424,0.3224809183281613,-0.06665918238553506,0.0022109548891575,-0.0035828037994927934
2015-07-15,0.778467456298965,0.4784126056638743,0.21566657013442297,-0.554462170209559,0.2583011054394505,0.30013330159657436,-0.04521700628501187,0.03386523124908884,-0.030127297579851886,-0.0033859349424370565
2015-07-16,-4.140204634190796,-1.1947751447273127,-1.007651267051207,0.16885106987982537,-0.1646141811327156,-0.05716243317471569,-0.09854537188914668,0.09125489169857853,0.060454753146209565,-0.014436756381018644
2015-07-17,-0.46332984493294577,0.4075137231726738,-0.8033883646343346,-0.05033308074214022,-0.1325296611277357,-0.08703278056452275,0.1345747284165351,0.021715317453394084,0.02677420229283794,0.015127098005398406
2015-07-20,0.23581616683847206,0.3035217621666546,-0.3048873020627655,-0.1328771501999721,0.08409334227875805,0.016265026991251166,0.03200397176064997,0.012863745238190725,0.001206094941706732,0.010837478907236691
2015-07-21,1.0186372343133665,0.1137327343613309,0.029141065106364623,-0.6473622732986208,0.23962934439310962,0.26012232865417323,-0.07173130869788046,0.048086375721504614,-0.021322099062172903,0.0014490655773495827
2015-07-22,0.38435297975897553,0.5281304708628036,-0.2241930241597484,-0.1574383799382201,0.09828906054929862,0.05176789867329816,0.050395272640820735,0.012233704033936635,-0.008057127288053816,0.010736043500708907
2015-07-23,1.8207652736362856,-2.2714013561696778,0.14946876138555762,0.0980713195363579,0.0549401267528703,-0.3348426864877464,-0.26874352927791856,-0.030364839755269178,0.020775781154691975,0.01508220605434622
2015-07-24,2.7061960128214935,-0.07627159836668822,-0.7237005873387131,-0.5330576396907977,0.6552205241347949,-0.02505614687975962,-0.12708015811012524,0.03603974841285399,-0.012917673137300346,0.044734805530653336
2015-07-27,7.1781320241716084,-0.400731182431929,0.5468947371035076,0.5954941472101047,0.14188711741286952,-0.623247714897059,0.07244579788845312,-0.1254604931921757,-0.03154092278080883,0.04776923433988064
2015-07-28,-7.879920718704623,-0.5265439004362744,0.05317826691329208,-0.021234685317852973,-0.680962580947685,0.40165389915481053,-0.03746246597663038,0.07419325930947394,0.04670075124248183,-0.06197490534064006
2015-07-29,-2.0853700512930975,0.9174680747984578,1.1160858270079883,0.11523152434742338,-0.1852847531253012,0.36488040734642935,0.049186802871176515,-0.025267592540004317,-0.022827250046117215,-0.05475382810389837
2015-07-30,-1.386113227218784,0.11548663530601154,-0.9853701200385887,-0.0954920285126776,-0.11950816578419789,-0.04652201030530462,0.07144766055142739,0.057384808413608906,0.03255124033697646,0.0029994352944268774
2015-07-31,1.5186869849320874,0.24403382094177228,0.41193670607752225,0.05733624551664591,0.7006256145739936,0.06006210548375015,-0.17471056165269133,-0.0194079569457815,-0.04607804238419125,0.01933824129517185
2015-08-03,-0.7474122824219875,-1.6500171542284052,-1.2196982288323854,0.017041140983577428,0.11356271464451206,-0.2871598945127729,-0.15602188637722886,0.07634286199407393,0.045375869719464425,0.03925755056403527
2015-08-04,0.9408732965052106,-0.9411741429576562,0.22051245490774937,0.6631054229543883,-0.44776607964425147,-0.42449081372038017,0.06426634948800816,-0.046082720238073735,0.0006686451033804821,0.008507495734674714
2015-08-05,-1.694514953345953,0.6502655174499341,0.9128548043335732,0.2989803174510756,0.11123902349380833,0.2180275907923375,-0.0423884344737614,-0.04504922407377094,-0.017952141881260555,-0.030416666200405337
2015-08-06,3.217022412332802,-1.8128450608428628,0.6754718861047933,-0.46419030667699235,0.10157397548782648,-0.039477593248308795,-0.15252001932599385,-0.017073394520403382,-0.004959242098037386,0.0655063515911432
2015-08-07,-0.4258239090934495,1.3276791285314047,-2.555522421614003,0.10144383028087711,0.22784140156601243,-0.30728428721444423,0.16820626159968846,0.10194982782826513,0.02101686702728059,-0.011269083199276045
2015-08-10,-3.3533594580199604,0.9682481564205072,2.4060299503955296,0.6136824690444866,-0.702473645452975,0.3618316765721378,0.10297966029689234,-0.13324115554659868,-0.01578445348763599,-0.08905132369798688
2015-08-11,5.428592964846852,-1.9510976729266523,-1.4323871660061218,0.01420046435473725,-0.558710111990531,-0.7916760024460505,0.15052000100241553,0.07036054103757226,0.013675380274356934,0.06783674308646885
2015-08-12,-1.88048129852639,-2.7547065458226148,2.324719584470102,-0.49964572580134486,-0.23637889384346134,0.43302938792291684,-0.38643036510798195,-0.028448563981606518,-0.003855050324978928,0.032767619015509994
2015-08-13,0.8222120356398861,0.3556466774504457,-0.06903908248343113,-0.0928653976671717,0.2153847432908287,0.027815478660032283,0.012892160918980456,-0.014954564818609111,-0.0016474792688871698,0.006264706497543701
2015-08-14,-1.6795665425787616,0.7446523477370601,0.8464323751076873,-0.26293506005416084,-0.47424906570987846,0.34505986564683677,0.07403761377674688,-0.056627681354461085,0.02008288126218581,-0.08099794326487252
2015-08-17,-1.0439045461299055,1.3156691971524495,-0.09358463661749544,-0.21402818294706286,-0.10434869005595776,0.24699476125997577,0.12997460274485104,0.00034582929835292003,0.004703758580499259,-0.059529139608047316
2015-08-18,2.1943868439456393,-0.09151256606225219,0.8186317668911757,0.12616254268804256,-0.17824433070207799,-0.10271296836849655,0.0683545931735457,-0.08586362290931135,-0.006928621906693229,0.006267174927589571
2015-08-19,5.811766851942538,1.7114484261749783,-1.0546983566221928,-0.005632028880299265,0.33991440358715186,-0.4128569412607701,0.2797640891760701,-0.04212641077288426,-0.018976094149470126,0.0582683764922623
2015-08-20,10.052655066617069,-4.100269659573712,0.652540506589664,2.0377502338491587,0.9030588622188185,-1.0688293261846673,-0.11686085018889164,0.20224207696920415,-0.0815260341520967,0.17781061698889475
2015-08-21,18.114165279769313,-3.5142465616077074,4.987836894478702,0.7658789193480032,0.7758973447461956,-0.016465584142472,0.5320298424421185,0.09053940841938406,0.1874706860277947,0.23492665146964886
2015-08-24,41.71830342233355,11.654446803312858,7.897890909570617,8.732020438178962,0.3104470373535347,0.3332049467489992,0.4706754681301599,1.388414935925342,0.6990161124388223,-0.21168082462363635
2015-08-25,-0.5919057629499866,4.913806358498893,-7.507311671739679,-6.079736294955854,-0.3287605865199183,-0.5895016606729699,-0.6112633025045643,-0.46857181404116155,-0.5414545179821217,-0.018297713791629033
2015-08-26,-23.055466997562185,-4.737455665321843,0.5574269009371752,-1.2308988851754228,0.363562914515002,0.16144314036392857,0.10292107888547623,-0.7880488281973351,-0.06563988238737936,-0.010778082135370863
2015-08-27,-8.253766949795217,-0.498872459332979,-1.0127498186650188,-0.1943799630077329,-0.20992769938187744,-0.04516282489233639,-0.04651286217966184,-0.17186944269302926,-0.09271481545621808,-0.01615993228372529
2015-08-28,4.552288957083918,-3.6974542630386455,-0.4636960343913597,-1.4144728332949912,0.14753489895159974,0.1207706654140244,0.1314546296284724,0.07900121086351829,0.07023462377565166,0.04904010972928461
2015-08-31,10.432150177464948,0.7706526620573986,-0.31736565235049,1.1341131399199855,-0.006688435672600027,-0.16134634002247492,0.1728566832967168,0.37738019618759927,0.029495683606352185,-0.049308085554995225
2015-09-01,21.267801957844355,0.6808604126829599,-1.4729894237249168,1.7418322659944487,-0.7164457840101816,0.09237692013110292,0.19881887394572137,0.7403353377874735,0.008684980581321623,-0.04084166945018621
2015-09-02,-15.664067772935605,0.7405432010206733,-2.2516414638412714,-3.1680221318375894,0.8278216849554441,-0.2219882313280176,-0.3114653255444424,-0.6055673050397372,-0.12838220230921865,-0.0160076380345659
2015-09-03,1.62248288263981,-0.5735584366754504,0.2535130845548653,0.21095703834654442,-0.012372939315182501,0.026321028635385185,0.058897207346855336,0.05500944778734488,0.022386400768248726,-0.001518898617014398
2015-09-04,10.061757649914558,-0.5525437029572376,-0.613850203348412,-0.7581819168023904,0.05962883398381831,0.13189259416476337,0.10739013019129061,0.1826466998489328,0.06656608646519666,-0.02035773889536728
2015-09-08,-14.025832860133292,-0.4966232989207827,0.10607325673832384,-0.6107470824676555,-0.22821822937760525,-0.09123870603632375,-0.10186213930714522,-0.34976386844912155,-0.08540727762414799,0.0418577050965301
2015-09-09,3.0168067853431166,-1.817364091630808,-0.423688381211693,-0.5177649204346553,-0.16543002198531634,0.042580959873474,0.14908965674852045,0.08125667621909345,0.015294953354428625,0.0009142968544181839
2015-09-10,-2.2131282798315763,-0.11266183486605653,-0.9618630572571011,-0.7849898531599868,0.05330080402324106,-0.00023578989913207113,-0.06341649774036331,-0.06956021674880858,-0.031505808459218514,-5.976227975470057e-05
2015-09-11,-5.343127973431275,-1.8267805751754507,-0.8220753944057992,0.6960148143706711,-0.13100010726943798,-0.09665238251580378,0.03824196947946944,0.05762404220317705,-0.08437533836400427,-0.006897405822331949
2015-09-14,3.253622886475803,-0.33869990995443133,-2.067449518851061,0.10087950343744882,-0.15869638242119585,-0.08671370981217165,0.047175248770865874,0.16917194802390478,-0.08800949562338885,-0.04458156586468947
2015-09-15,-12.240116838417645,-1.1361818086679967,1.082203492116131,-0.9468409399019213,0.13653231682744163,0.1234242770547648,-0.1906574612772348,-0.28341021073111006,0.04263205729651746,0.0785196382264662
2015-09-16,-9.9795651569516,-0.1297417275828154,0.1662042513111604,-1.0271707693050929,-0.3141453610223377,0.20016729985922294,-0.24351128929227706,-0.23559658230801578,0.023766584009082662,0.053246310632535696
2015-09-17,3.3105431453802385,0.8119647471943653,2.6257650217756345,0.8282326199009644,0.7127579328492321,0.12977863416952484,-0.006910466412395695,-0.11856921443535165,0.08367255340487513,0.03821440478554111
2015-09-18,5.830468334144905,-1.2020553495047972,-1.509198235300517,0.5318227548776875,-0.37608973023294506,-0.28284726903397994,0.26101673199493375,0.3112168824543855,-0.07494994685562248,-0.05812920496973619
2015-09-21,-7.610089723635782,2.3308937992480114,-1.2319254760019251,-0.4207628296170417,0.16535065371651653,0.031336415234542066,-0.2757425840762913,-0.18622742227760705,-0.024347736032240722,-0.027606490024979266
2015-09-22,10.874184276191217,2.110186925387407,-1.197605010295331,0.3960182824141963,0.0008597055666191269,-0.25135327164532856,0.14899445516377735,0.19189316831369277,-0.02558393895973605,-0.06754149309131023
2015-09-23,-0.9167230604394165,1.7572490375537153,-0.7341300958292222,-0.06876648344085638,0.48496334415362147,-0.01512575972259051,-0.13301425634363673,-0.050564907606469686,-0.010429907624848214,-0.015291986249115437
2015-09-24,1.8032313036822076,-4.771497670039356,1.70212990862413,1.8838517477135746,0.08478073163678705,0.06480598873955261,0.26607988204220234,0.2648047646573489,-0.0175115927233292,0.008969574342749673
2015-09-25,2.1012096816480677,-1.1980180034431873,0.12924442132404784,-0.5646633708757178,0.44218977652361446,0.1397298475485922,0.07730142308412309,0.004016323039270161,0.05205411898464228,0.014872326768717763
2015-09-28,15.70521519317609,0.7945796263945478,-2.006421976397961,2.0326963743620317,-0.40027893734761677,0.1169825138239096,0.17967623621675338,0.3868659307561789,-0.12117357071946462,-0.09547150137730721
2015-09-29,-1.7818375722669988,3.654290425465295,-0.47481439841460793,-1.0668000418257706,0.5937082428202384,-0.23731437421770904,-0.3617553183235018,-0.17068564012421314,0.07886814944417295,-0.024426298284562612
2015-09-30,-9.299593423904676,-6.454610949581199,1.4818652144164588,0.363919281344131,-0.45092692676046725,0.1662678958821705,0.4523330805346531,0.0792435013213204,-0.08832868750895136,0.07820487833971172
2015-10-01,-2.7700162379878357,4.189616035784552,-2.952140068443486,-1.7940910016451093,-0.2261479658555085,-0.306565133949599,-0.4391181335105602,-0.21144257761141955,-0.004248592562916436,-0.0401625695291323
2015-10-02,-6.273941750337589,1.588204573497225,0.2942183357278875,0.9094050739297483,-0.37227422678587097,-0.19304318992937095,-0.09187108611073924,-0.07806908075146979,-0.029135604986052426,0.012362754450700494
2015-10-05,-7.701797834066112,0.9226883164721004,1.0332631646778572,-2.4340306801395224,0.07295274563196427,0.31974400246177,-0.13224345202796456,-0.3744263935681641,0.12733449034544475,0.06431066107858913
2015-10-06,2.525704190153042,0.9106559457877665,-0.37019019803242964,-0.9676313948887456,0.07101558106950552,0.08488211374606948,-0.004475503173559184,-0.039266098299028454,0.018194773180702555,0.006267410223539764
2015-10-07,-5.614925017924894,-1.2380380504366146,0.053149545790390856,-0.5700839285929773,-0.08328935142727732,0.20006310091720356,-0.07587603517164748,-0.06594591654185261,0.02085724931542724,0.02472636775309889
2015-10-08,-4.260815959394598,0.783999979610117,0.12915176837252626,-0.743123017293108,-0.10356360760964493,0.2794783101557042,-0.059702387579735186,-0.10583049116637047,0.017856400388958867,0.015580041926739478
2015-10-09,-1.5622769849555507,-0.9341701859234104,1.2568304392658836,0.43241125315644985,-0.4617132001135955,0.010209509235851424,0.03163236940272643,-0.04073299127569654,0.010970852742926111,0.010456018346862559
2015-10-12,-4.021647021249432,-0.32325803987833385,-0.7204923714412845,-1.4502260329598853,0.04450190140809457,0.4403799274188647,-0.12831054178160053,-0.009868462937905097,0.029415485823516756,0.014283244767325277
2015-10-13,5.535430216841206,-2.6008833401290494,1.3329264874077942,0.10424065492385153,0.3963741664860216,-0.0973830880348647,-0.04953675392666786,0.0228915469626998,0.02242866965465321,0.06995641069267178
2015-10-14,3.920779580214993,0.5036927063959994,-1.7637023900035194,0.05394949495375255,0.23391851497444147,-0.2837582776902087,0.0965190383968867,0.1207224035969981,-0.027304317739223472,-0.04662936781378298
2015-10-15,-10.690197907318275,-1.2261728692843472,-0.27699675974942045,-0.27831675208708134,-1.100026084185862,0.2029004469348142,-0.08203418479750316,-0.009776355133565156,0.027438044482954543,0.0098938637679935
2015-10-16,-2.020996790264974,0.8512230493561845,0.08273654432900679,-0.17134937361473665,0.2579828853890471,0.20275050987575852,-0.08308836974292982,-0.042502209405865354,0.009389653022731731,-0.006186676337081632
2015-10-19,-4.11113337787673,1.8815667200894717,0.18336609934991188,0.006731032119189964,-0.3368545955672206,0.25180279242361664,0.07374231621193642,-0.061966534139272236,0.009056926100532497,-0.04526488819558075
2015-10-20,1.7295445590064615,-2.1705505014422117,1.1605598818371314,-0.2432551720608511,0.10135285879639507,0.06995336729090994,-0.16171684443972048,-0.006247026507716184,0.006341730047264038,0.05520145458660219
2015-10-21,5.694761980160175,1.8903380638391496,-0.5282031776285598,0.847517675679579,-0.21496128322653016,-0.5415091568214958,0.3218332894228026,-0.019954248332097427,-0.035834872059563365,-0.04248905857895495
2015-10-22,-10.76098270214414,1.1457110284491934,0.053868328944682554,-0.34649797623241463,0.07040586970660187,0.7188719021858306,-0.18179908405816173,-0.008363204741620391,0.021415815631580182,-0.04025599409990644
2015-10-23,-2.089884898492748,-1.9229437392666198,2.6558547689467606,0.327109299266934,-0.6098156066850121,0.2444964099856325,-0.13971381424087242,-0.08909182174741934,0.009803438166339105,-0.008930499616997914
2015-10-26,4.118706663293949,1.1809164467799784,0.571211086469957,-0.47154504073555525,0.16880403136812872,0.1166832027664651,0.09471095434853849,-0.05416190664101219,-0.022833522410451668,0.002821356649975354
2015-10-27,-0.18312221424760952,-1.9727776142427442,-0.7486320322891886,-0.5615474344811144,-0.2998157446171621,-0.08100735406286098,-0.05899616432607167,0.06735826982647929,0.04102838099294619,0.03408567079932654
2015-10-28,-4.638827653510431,1.4649833798632168,-1.258671502437599,0.16402485443525605,-0.39904511455541203,0.06978375211440453,0.1634142728150272,0.06497560433570455,0.011422074367371676,-0.07022617012393469
2015-10-29,0.8297986484775758,-1.6722161122951573,0.9530505530457174,-0.31896265852059547,0.06221424633555748,0.12866987365737398,-0.19829483849432583,-0.007347614251236979,0.005703560044414053,0.0321174380263902
2015-10-30,2.4861898591107265,1.2910635814666938,0.05707763356167807,0.04835866645269716,-0.012548660388850798,-0.0899195216748105,0.1688658390696795,-0.05421457870639826,-0.019897891156536455,-0.011836693358504041
2015-11-02,-5.488126908922219,1.5845565807111832,-0.9472821099618903,0.6873636486563868,-0.06863720573247901,0.04412180945984431,0.11487716019511543,0.04885339431311047,0.0033195553042029806,-0.053304768963548355
2015-11-03,-0.17656571239542626,-0.500245236465273,1.2941756657854513,-0.696095128171322,-0.1504761881729181,0.5008457505271401,-0.10514442338354785,0.014464780395267607,-0.012920794283451036,-0.03165257474605205
2015-11-04,4.934498183783432,-0.5474426920254934,-0.8655424775743242,-1.3528654224026615,-0.01947169674564434,-0.020431144164919174,0.0481144978060981,0.03552814079228636,0.01820488166262675,0.053234853146470466
2015-11-05,-0.36953797541297334,0.16850289410736902,0.1683932909968467,0.2834571052287354,0.16319383758005504,-0.02113871871078855,-0.03623047452229703,-0.013076180140822062,-0.009968549162672214,-0.0012772819781043704
2015-11-06,-1.4748775820808406,0.4687988765482604,-0.8670403257757003,0.524293927527252,0.2592617175301175,-0.19918537788367666,0.0022957348793690535,0.019852017656007487,0.002923874784885387,0.00503622461933833
2015-11-09,4.675667348704386,-1.0014202438772586,0.63844312931602,1.209500888189702,0.3395501784522262,-0.6919283966671115,-0.048043920780192026,-0.11288614510745759,-0.01719489151196622,0.05797685161863675
2015-11-10,-2.57515575027507,0.5220805929754863,-0.08506117983406661,-0.18956724983525888,-0.0040112958661348815,0.25045715456418616,-0.025365569778800504,0.02344477539425572,-0.0003011466108962301,-0.02622857777048445
2015-11-11,2.71152306415281,-0.711810156930063,0.4915199435367338,0.014528660456407598,0.03956200523422785,-0.13448965762071832,-0.019761945935838587,-0.03493984710480022,0.0010272211061897946,0.029413230535549145
2015-11-12,8.843665209458013,-2.274424447982566,0.7511467388037701,0.13043838409442604,0.30595911121026,-0.4748938285131079,0.032940148478264236,-0.011152400787808854,0.01685191533880189,0.10897587454286953
2015-11-13,7.18870577630174,-0.9321085876799983,-0.5883675757040178,0.8751585996138059,-0.17603135940577427,-0.6100390215091113,0.26877359071292384,0.15898872713387927,-0.03181764917895411,0.00039052606560282334
2015-11-16,-8.08121742306247,-0.16149125616280174,-1.0587309110205858,-0.694168425585371,0.27598156301619203,0.35116043774013245,-0.28995562518339646,-0.015326897035650527,0.011836030333752983,0.006997627590798091
2015-11-17,1.4983782504532417,2.1132399767349526,1.175902642058451,0.3667202099927645,0.35536702402643966,0.11661601729641576,0.018168510692845773,-0.12656954763687314,-0.0030125108260356448,-0.027408501267439385
2015-11-18,-7.071231467758327,0.25338114729309735,-0.45506474990388057,-0.33514023975668883,-0.9313823038764054,0.2509102252542164,0.02254532906613193,-0.0012261986404586741,0.013177744744388821,-0.06375499001227787
2015-11-19,5.4888514328691365,1.7367730213764694,0.4654922037396005,-1.131899386416084,0.4203081073474563,0.3148306756915784,0.04934208397208833,-0.044680986843866025,-0.020328482678046753,0.006493610189399793
2015-11-20,-3.4393690068011153,-0.3554093834764318,-0.21968887589667288,-0.8658078780661155,-0.17653398590963945,0.44258982231994665,-0.08257557554348095,0.058711899138480135,0.01062412272249533,-0.01935304453146245
2015-11-23,-0.004904102472957267,0.9037513805425208,0.3379044093077037,0.6063388614785074,0.027479438691028094,-0.10805242671208677,0.06072244251411509,-0.04270740382117026,-0.021023151419996857,-0.016530502255795096
2015-11-24,0.3978147671006283,-0.9447535261121127,-0.31692489649359884,0.7345551666114067,-0.4246435818713787,-0.46718327662453357,0.10235748394284085,-0.018548067147256198,0.024822565614107246,0.008609008490486528
2015-11-25,-0.8476321819827539,-0.19416263441996237,-0.46276080455541574,-1.263878509059207,0.02624646692280784,0.42756686935569604,-0.07420884230035212,0.0659928471868466,0.01110341502507353,-0.002005221230676064
2015-11-27,-0.7290637349970813,0.4439793011033809,-1.7897687746166366,-0.5750791377589046,-0.0779327508997507,-0.02667867470636736,0.09486199039823814,0.08823068626334304,0.01983383463601199,-0.0042490572723460455
2015-11-30,2.8807542038819918,-1.6628012014512534,1.1945551486480064,0.6758327462493371,0.27752214566610955,-0.28439810608644056,-0.14241312284464755,-0.06220872214215634,-0.004443158464701789,0.047527239302666516
2015-12-01,-5.787567695033266,2.7322502937367807,0.9869862109621879,-0.0036026950646230204,-0.24639069909775693,0.6981403997876,0.08154758131577446,-0.007879789880699924,-0.047098949110621416,-0.10138330990279242
2015-12-02,4.19273957729378,0.007017525138373864,-0.4499089582763035,-0.24444424548043509,0.04487063363723396,-0.2758892931909956,0.0759380665558808,-0.025241092248547047,0.0032758276839799337,0.03496015262530768
2015-12-03,6.60209868477376,-1.1951324563207955,1.1233736845877407,0.4562135588178438,0.26114594809235686,-0.4140708275726551,-0.0394055325338225,-0.08316079527371806,0.015803258907429608,0.06043606503078864
2015-12-04,-9.859354527606733,-0.2895698328330341,-0.789217928686404,0.3957365754652414,-0.6313845863682589,0.20702152234322985,-0.017382332304993676,0.06113102277554981,0.01810397775664737,-0.07083157694176048
2015-12-07,1.8953707319152695,-0.6979680848854067,-0.6066874617371691,-0.8277628280796004,0.3701256246593542,0.09707423205057855,-0.11457756798612538,0.058937055442892,0.009623899227960246,0.03815477814315606
2015-12-08,7.035419292511947,-1.6139305689472478,0.511006605530902,0.5959845619256466,0.21816527930840734,-0.5896069659194243,0.04452557389631643,-0.04077231190762768,0.005498225766247912,0.07901887593261812
2015-12-09,5.17760055428089,-0.6656855739826731,0.5810541491482114,0.5055616346948346,0.6557666599062089,-0.23442322966646068,0.004431734745600855,0.006525268934983647,0.004896192395974917,0.05499076110572812
2015-12-10,-0.09298869792419763,0.45600329360383346,-0.16474460294014573,0.01650820315540081,-0.04114362529636469,-0.010637327484282057,0.015748598260366835,-0.0014727076171897682,-0.0069754570094986545,-0.016715749011603488
2015-12-11,17.19770006379814,-0.1537013200250283,1.7610907720898323,1.0766854130515335,0.17847318667510995,-0.5100226567443619,0.42682776197652367,0.14148478296785422,0.06034349436128248,0.013194423890278006
2015-12-14,-6.576962543836114,-1.4800017227444342,-1.9152780573795802,-1.1113760849086496,0.015186471925108056,0.1434620245679483,-0.17540065033731633,0.004287237953092523,-0.03753562717535087,0.023759355039704118
2015-12-15,-8.053905434109828,0.3278738780119877,0.989095257707769,-0.35373618897823284,-0.28238428628535234,0.4149337454379953,-0.23054049850819958,-0.16796532803603578,0.013520330372970096,0.015577924654152664
2015-12-16,-9.743745422066546,2.3155823828956534,-1.0847880806262855,0.33422309223029567,-0.8283006256141264,0.170593845006651,0.0172863751452757,-0.016051178690495424,-0.0426632720314772,-0.13336640675143951
2015-12-17,10.238791483864539,3.566241335521388,-0.39837585925141283,-0.3579897003917812,-0.06916457839752775,-0.28458580681415524,0.3746896066793189,-0.02984697465681989,-0.042075530844990855,-0.011929989346126284
2015-12-18,6.405287857729569,-6.842226061730616,0.783775486325179,0.7469832121251363,0.6098541892022922,-0.41618528027487883,-0.09965325155483988,0.23165147242179934,0.05768548915167258,0.12680474217358045
2015-12-21,-9.358523056236509,-2.15257261780058,-0.7034518120572978,1.7891520889814054,0.2720409506348886,-0.21802774219550108,-0.19957216733806946,0.18373156322385348,-0.10502779894380705,0.027291061624731258
2015-12-22,-6.761408935769393,2.1725842433603693,-0.632474468912419,-1.2788918905875293,-0.36575990705037825,0.42172064103804563,-0.21116813883942706,-0.19820997378015828,0.06484808362539868,-0.05856164665500431
2015-12-23,-4.069083684624952,1.8449795665321915,1.9468953233519832,0.6954034049812662,-0.7274495491587283,0.1944488777178775,0.06308623220568199,-0.19997022779100548,0.017743012679782837,-0.08109379040970949
2015-12-24,0.9383275346202974,2.026822242714335,-1.5648363667540002,-0.8654704878222306,-0.11899420265088538,0.08668699070997221,0.18635722476412206,0.019062284222273757,0.0026856811458170894,-0.04543745216712612
2015-12-28,-1.9784349870399554,-3.2962959616743164,2.304294583913479,-1.2252978176663076,0.38868258623046886,0.7505449029549599,-0.4737208740972664,-0.03610909480052952,0.04908023077075112,0.0997093173927735
2015-12-29,-3.7243302761735184,0.6378287877007077,-0.056714857941931485,0.8835864224834534,-0.5545635412452792,-0.14202660638438483,0.0809063021736585,-0.0046644284935081545,-0.014970828792391082,-0.08028327968620202
2015-12-30,5.032589213138481,0.8241545543896646,0.6999277513435239,-0.8061793945777441,0.3931547285952122,0.2223276160750974,0.05114897726483639,-0.06144843234857734,0.0012503197761891743,0.025573782086202715
2015-12-31,1.5963678226477656,-3.027157083618432,0.3090766676022876,0.3036917242303164,-0.39254998145674336,-0.4196123678025249,-0.02012736527958241,0.015594074772697383,0.03218824334742484,0.10548949218707245
2016-01-04,9.182551679844694,-1.6428033161690139,-1.193125841094208,1.0028927108088286,1.0096686411069558,-0.7501692882266913,0.23645328562708393,0.2290031838149713,-0.04644166525577177,0.11160593167686399
2016-01-05,-4.286851788193668,-0.4801596629671494,0.759140652913142,-1.3296823147712473,0.22133982545417388,0.6003530286547694,-0.31376050269946265,-0.1550384328963619,0.07128167327216968,0.07801299453353557
2016-01-06,5.908443965952803,-0.8848045734444363,-0.20085935202856764,0.9039797778477072,0.4285740735596442,-0.4538906806735847,0.26651124639859664,0.12908302393108084,-0.02180856808056012,0.03472931241414618
2016-01-07,15.661902157672307,0.3515063845732954,-1.6559103744436516,0.9765930962233232,0.1044756828250073,-0.5497671613311981,0.6622079629391747,0.42006488153433685,-0.0695281128037261,-0.1691996096896621
2016-01-08,9.279508840399702,1.7658288292308604,1.0262591651310629,0.6264865293761853,0.25552531190704497,-0.02742775347257892,0.21019765777411417,0.04093511932762321,0.08572809123457435,-0.06765407770592402
2016-01-11,-8.683464798208815,-0.3943505440276462,-0.5635705086619086,-2.751122918505535,-0.07941173072733373,0.4137670811271739,-0.4195255026836686,-0.33423468406717316,0.03434597953171199,0.11702935982434298
2016-01-12,-5.979252495754814,-2.905810531321177,-0.9138706461537082,1.5352165071535369,0.2601099644131,-0.2386683831847359,0.013526849556347696,0.25691441606914794,-0.12105100474962277,0.04461861756229479
2016-01-13,14.27055540417385,1.063283417273377,-1.5202146693587355,-1.2913246378352223,0.3848160894688571,0.014133369113775515,0.3410676880634453,0.10402731267758641,0.07512304329089993,-0.12851097819910867
2016-01-14,-12.742899587740556,-4.55606720275155,-0.6752594001961815,2.142591234698069,-1.1057635936030759,-0.28681852429869575,-0.01880189642270965,0.48133244525200886,-0.34765985737999416,0.08382498681244639
2016-01-15,16.547638503546256,4.018810833931623,2.784943271792858,-0.7128404713972509,0.40169155777837856,0.16238317749931125,0.30081133758192546,-0.37324942152109886,0.3551285845382023,-0.0815971147657417
2016-01-19,-2.785196119867127,-1.688343301986107,-0.10374667208683719,0.3146508501548252,0.24714986944879577,0.015588297844689502,0.04785311607646517,0.07224317219442711,-0.03775235079577798,0.04266604382707265
2016-01-20,7.78709747322335,1.7954185953046597,-1.510222569885402,-0.037699466002100585,0.1403325611338096,-0.03678702911123488,0.08682082435166086,0.09429723731823572,0.0006302274230785788,-0.13694612031186668
2016-01-21,1.6829298237089316,1.3767006063870273,0.6714408011201795,-1.2897429328947099,0.9072539175243508,0.2034001032966516,-0.1646434409435088,-0.23673527424589225,0.16746059176107608,0.030945286316019636
2016-01-22,-15.557435370408303,0.6617543560125564,-1.8054178926155826,-1.7533936791624003,-0.516952578348311,0.12697203664447063,-0.6177922797275527,-0.23938417448690102,-0.12026451970803517,0.08576322589926098
2016-01-25,7.0743053993910525,0.49897570375472267,0.5864213210675859,0.5944404519673295,0.8126093848851677,-0.024710012207658852,0.166484209593823,0.04452416622047893,0.06782448433797239,-0.04413620409049517
2016-01-26,-6.577872024636512,-0.18145802071636566,-1.1115474009935922,2.1071893272674678,-0.2842293737641433,-0.32846987976693365,-0.02458509508580097,0.17324527880153479,-0.1645911169249369,-0.06537789112734825
2016-01-27,3.1576593594522557,-0.4314580970060885,0.6628184680888629,-1.45851428338533,0.04551684256524216,0.20613197291208968,0.02049468448273227,-0.10873642537655132,0.09853297078674544,0.059951077646731285
2016-01-28,-3.1094996643601216,0.2996883744864767,0.5093000708132867,0.3575415088242255,-0.3786769350835634,-0.040576194180738365,-0.06986492125130181,-0.041733409444362275,-0.02564984615026203,0.015137881836464865
2016-01-29,-12.14389743937071,0.1897576562713148,0.23399354812557027,-0.4324602701914419,-0.8384840747395039,0.17516842504947044,-0.3564693437928716,-0.17502853559696588,-0.03480342399832649,0.05779133524212179
2016-02-01,0.4790501118390334,-1.483514606440606,1.5581273619085894,0.6065245630512338,0.3804928587761883,0.029260381632436896,0.03826218701710221,-0.02574442669622656,0.03887205723722228,0.08988441351532976
2016-02-02,7.613577007483833,-2.79848636095064,-1.0791696803334774,0.009817140054868938,0.11401897769820335,-0.19130957009596555,0.4306327231659313,0.3236780324054236,-0.04033006449394261,-0.0038914787565769104
2016-02-03,-1.0619846345322042,-1.5574336991455127,1.6505055945036509,0.2268787578739819,0.2207043561956365,0.0929087192663183,0.04924367872896693,-0.058473701346487716,0.057971146380814215,0.1276147641105714
2016-02-04,3.9840501926630254,-0.004714728752508361,-2.150502890784975,0.9844876552291618,-0.19148840380596285,-0.24225721887416835,0.26962288764541936,0.3547520267019693,-0.1631603359627976,-0.17958720806467626
2016-02-05,7.2747723219745515,-1.8192082173599282,-1.4720755489905588,-0.9683543917863414,0.6978562860483476,0.1777609905584392,0.37906111850355056,0.13494375388810612,0.044350602764195,-0.044647060765172206
2016-02-08,10.670767842149159,-0.7364420092453728,-0.28976276442231363,0.8348856529528298,0.7362747474656862,0.20479847027969314,0.6162331995929403,0.12181099982350897,0.08561720629261653,-0.1564571491012995
2016-02-09,4.1644779039848645,1.9967417781437677,0.7439791686154582,0.2718974818796189,0.0991341800458312,-0.01171396118171409,-0.05959875129950607,-0.09072018156633044,0.10950409870958187,-0.05263396401476864
2016-02-10,0.4909297061112655,-0.18244267498083022,-1.1679660072317282,0.20596670257366362,-0.4080991140866049,-0.023414426763028632,-0.012690542648320962,0.09448531177868195,-0.1206200823018112,-0.0338878294689825
2016-02-11,9.73729207862033,-1.0701061417038147,-0.12549049721977848,-0.22810021707255895,0.09562769886950952,0.27733894184194463,0.4424206083817881,0.048052400054104376,0.11192788296407483,-0.07198014637261158
2016-02-12,-6.255457333911725,0.41719531532158405,-0.28740917212566847,-2.6701111957087242,-0.16746722551255663,-0.20588842330442525,-0.46777936234320217,-0.1774707181060987,0.03450055321119595,0.12986770992625413
2016-02-16,-10.01883552161603,-0.04429391083714445,0.3863181251369279,-1.285876631419458,-0.15132973578094475,-0.031630216475041086,-0.476292834958942,-0.1847922111950146,-0.013303373555905086,0.17755216848367827
2016-02-17,-10.058643678716745,1.6796403566738938,1.1706454916444424,-0.47883862942902655,-0.5567807380686257,0.04677379282031009,-0.5965650272724136,-0.27362919526279206,-0.01008261807543908,0.13604943341398504
2016-02-18,-2.8049463694973724,-0.20694128554381674,0.30774233045518395,-0.6107277872353233,-0.3196275654027221,0.10189842486707056,-0.15526548468571288,-0.08084955639237777,0.009781073003542948,0.06525664100562287
2016-02-19,-3.6334188892765074,-0.5562494052417722,-0.38029068275373384,0.367146659197893,-0.4155514842662015,-0.09333309166414427,-0.07013143006212536,0.08095083505148874,-0.07273954118068457,0.007989205133921734
2016-02-22,-6.675085080799385,2.679796744811966,0.27371165080038934,-0.41864574235870455,-0.1326472334198074,0.26417616163078034,-0.4199244251840933,-0.23598924118473136,0.028825504906952674,-0.023667166063869507
2016-02-23,7.457151273309432,-0.6886018806414554,0.5684757443258843,0.24925710769414808,0.259893957458502,-0.1510917228013005,0.3137006778041093,0.05070899277270758,0.0337598770102853,-0.003952587576032744
2016-02-24,-3.087162952528184,-0.10679384173374251,-0.2923652747414182,0.6134849132496416,-0.2958195266756557,-0.12116436601836957,-0.044426067959295185,0.060744650153879434,-0.0603114141314528,-0.01753979651999612
2016-02-25,-6.853891060026371,0.8399513323179597,0.008754158005325497,-1.0418154241621815,-0.34784232793766556,0.3608241205373343,-0.3626604731214559,-0.1521975461510692,0.027339367036622084,0.03042118311462581
2016-02-26,2.952647001651205,0.8189279059349218,0.28043032974696414,-0.2275741500788566,0.11287651332737075,0.0332145140484068,0.06230315052040498,-0.05149544012614435,0.022240019388216938,-0.02492593320968222
2016-02-29,2.1610118484956113,-1.2105037135452157,-0.01928802642972612,-0.20832599719916098,-0.12970421201796797,-0.07155951201352773,0.10487615978177749,0.05027718817443955,0.007284021763074267,0.03463163109299801
2016-03-01,-13.641582987460783,1.2223508468651842,0.22301535252156157,0.4944395101735769,-0.7797849250145293,0.3218697953011461,-0.4322024824345295,-0.0710026281073756,-0.03788289623207471,-0.05312070659549045
2016-03-02,-1.7834791363705402,2.0371556818924654,-0.24275657238040704,0.03521697825251364,0.28191445011297117,0.18939289744193574,-0.06228532985705126,-0.038679240953647845,-0.006294046340443603,-0.07879901906697208
2016-03-03,-3.9026141482515198,0.502731282634343,0.04220138115115217,0.582909026195507,-0.21579117322269087,0.014353945767607994,-0.054173354694203646,0.0033769180312579975,-0.015956496586024518,-0.0446573078517361
2016-03-04,1.2753448670488727,0.4427850966082663,2.3210866167970274,0.07214253137912105,-0.15474369975699762,0.260942283859469,0.01875867000780889,-0.16204719322785824,0.019067315622151276,0.0018531663218922022
2016-03-07,-0.6811288933678492,-0.4708772751320806,-0.5459055384426178,0.3870999283949248,-0.11731322767196392,-0.2294294757873753,0.02008116875740758,0.04141137123270753,-0.011242121113720494,0.0036080359806724012
2016-03-08,6.7008085258161865,-2.0077144596407193,1.056787297857483,0.05485348116909466,0.45146850226582136,-0.2511705464864366,0.12377268411978697,-0.03962249587858016,0.04482572484914461,0.14923430412264146
2016-03-09,-0.4341386521035703,0.9218394875952428,-0.885734612154823,-0.3069757702769989,-0.09871924013789345,0.03189030352449228,0.002027320608927762,0.03583890315772257,-0.020180745011623556,-0.06367314242271395
2016-03-10,-0.3936442566192812,-0.8822204414298163,0.44320495612438787,0.1919928571219733,0.016748385037504792,-0.029235407654913545,-0.02632293029746092,-0.007738346362887442,0.009591573562182574,0.04762288455047071
2016-03-11,-6.735677910468704,1.567744768262426,0.09647845511034255,0.015151300999483619,-0.6772722145765191,0.34884214433320204,-0.1252806671580243,-0.025762988263427496,-0.022039780106018952,-0.13322974255541972
2016-03-14,-0.6865219570158446,0.34204792113506804,0.3624005487197585,-0.017972207878910827,0.2968991521766025,0.17077071785757145,-0.07572247265830785,-0.024278299738487417,0.0044056930966097025,0.002522968405080399
2016-03-15,-0.10628182311122972,-0.14188213637061967,-0.5467713875981283,0.4544850211842403,-0.12510668593765764,-0.26974999609784955,0.05603950235668292,0.033106241338997804,-0.016577582270919496,-0.007773939199816842
2016-03-16,-5.82206041174412,1.8259736952234713,1.3530746679156929,0.5995438671986274,-0.009368803889052323,0.4959622260934351,-0.12833072960470862,-0.07131299091524515,-0.018069715933185623,-0.11551451726709881
2016-03-17,-4.142219806889307,1.6656945910993741,0.3040004552607162,1.7888917497358812,-0.7958609477152441,-0.3576668512140747,0.21854159969442205,-0.06468369836068763,-0.036962137415407235,-0.1427377818766158
2016-03-18,1.1859215154108806,0.4488030964216677,0.5706313579760591,-0.6028471080035092,0.19189840722667723,0.3321173567107,-0.023065350218154704,-0.017362434447091322,-0.0008195485895693578,-0.0069469306760360445
2016-03-21,-2.496451816951566,-0.7139227238703735,-1.040598776469136,0.14560924306744247,-0.25096863518364076,-0.16856334412425442,-0.03305931293848633,0.07604045819148686,0.00698737569110386,-0.005120959040168682
2016-03-22,0.4250100634267387,0.3781990705334803,0.49809070685681966,-0.608833784383795,0.031095165045289166,0.35802584703925805,-0.011019947477757367,4.7182374458422023e-05,-0.001028049142401003,-0.024492055233866078
2016-03-23,4.717083752560817,3.6517052325818815,0.6515921536069321,-0.31880147405315246,0.062140131611444285,0.23168927558631236,0.3567095200417241,-0.06132062297734609,-0.07511654716311643,-0.06423867590349935
2016-03-24,-0.7761460004971239,-4.0917659077201884,0.44591414883771235,0.8968389730383727,0.3070362507673524,-0.5395527110756441,-0.35610521757053,-0.06399978081044631,0.08781620057993911,0.14802308466567285
2016-03-28,-0.2545807501572572,0.6963800152611918,-1.0464419773282814,0.24888640389648442,0.1314753424052275,-0.19168484640527775,0.05232554736955468,0.04566084068123044,-0.0207867571882764,-0.01346213696612098
2016-03-29,-5.373075472232082,1.573601753017551,-1.444311089696071,0.031920925962842614,-0.041544741425657075,0.224960745945053,0.026259990308909915,0.11694952591436168,-0.026699336716560704,-0.09584853234541617
2016-03-30,-0.7207269665444263,4.385053475873101,0.5655900286630958,-0.1527344147248434,-0.4810820024944366,0.5424202307250782,0.5128769207338617,-0.005211931191372806,-0.08894064761171837,-0.11483000569367091
2016-03-31,0.8721202158387049,-1.5971711570679177,-0.11859964969385962,0.43451126124856565,0.2722205354459811,-0.38682286584532594,-0.21096612875856252,-0.04638165649945706,0.03877699341111662,0.0433234246461167
2016-04-01,-4.305233428335604,-1.5857602654575658,-0.8526126323041033,0.695160259772686,0.060155366544914164,-0.2521769748308758,-0.20433938930479173,0.059315538446813275,0.03923388182627856,0.007425592601310973
2016-04-04,3.852454305748772,-0.740389555649331,0.5213428961940214,-0.12283197871014478,0.27153313643464083,-0.15576611599585521,-0.06946625785146068,-0.05526859182841096,-0.0011858649280013336,0.060759174596979014
2016-04-05,6.657333116923641,-1.6267498426911,0.28806410986419306,-0.5772036351309878,-0.11678826182059968,-0.30282822471578413,0.05015133416753287,-0.037340598724085516,0.0276423415367878,0.09373723238106721
2016-04-06,-5.307024186559575,1.5230783881145515,-0.5872852585745497,-0.06068079665131418,-0.23196642212200894,0.35303020838529975,0.047252016717943046,0.054225541093693284,-0.015053477984250468,-0.09945951576834451
2016-04-07,10.169807446497543,-1.4264234848618444,0.45165349217422446,-0.7623149606855295,0.33421425224815116,-0.34388978725519087,0.03222006018136479,-0.05707519318202206,0.02310310165871411,0.13263455278370448
2016-04-08,-2.790868426188831,0.5759069527836964,0.021252387629951273,0.5811449871871472,-0.18623775114291052,-0.030328786068398624,0.027475662248825247,-0.010994382572198877,-0.011720959421149845,-0.04396112597725777
2016-04-11,2.258634974177053,-1.7707991799658604,0.21747655957656098,0.04446292028788085,0.22187527924821163,-0.1920992503367072,-0.09063694941607162,0.013988380762069704,0.0195617747138063,0.08093693777177606
2016-04-12,-5.143692760311529,1.9952773084759816,0.7960000692350464,0.7926667759508865,-0.1889945074942864,0.2510400696970868,0.02198077833663551,-0.07203756981818309,-0.02591619116053793,-0.11083492464882107
2016-04-13,-5.110738672553778,0.49214822861118945,0.1398118000383481,0.8335919137761232,-0.2835421424096636,0.03138790259173534,-0.0015991961702245833,-0.006832808566922351,-0.010169339309864087,-0.07254755024116234
2016-04-14,0.23105792181866625,0.8790135385366601,-0.7677476098264419,-0.014443438443981483,0.1193245059476828,-0.06238253916167002,0.07814584174978279,0.02651048940375743,-0.01198991472742453,-0.004646374157933209
2016-04-15,0.9585323644168428,2.2979539871766117,0.9295872546496758,-1.268233154548991,0.13744708084788768,0.8451149008914106,0.09954528640550651,0.028055653476397602,-0.061608202140468644,-0.0639354216184603
2016-04-18,-4.361401741046868,1.2983918627273006,-2.6986432668245763,0.8436084652220044,0.23513988195924881,-0.4263004736443128,0.1428732037177085,0.08364387378937391,0.010511732488067945,0.021490587981510247
2016-04-19,-1.628880744141313,-1.3609155487008915,0.1494175757769098,0.15253345797433293,-0.28361587800094695,-0.057290140872505314,-0.09267329465454234,0.005755733567834251,0.034103095348882374,-0.01823536950765416
2016-04-20,2.2168753154727696,2.3091846613794225,-0.9547457959476894,-0.040877602188992945,0.3226203064179417,-0.11729946653708442,0.24195014211481686,-0.00989644391794111,-0.0340932272195536,0.045717041459788256
2016-04-21,4.364640901497129,-2.301319961293347,-0.4298887558336388,-0.7101592673933091,-0.1401372265471783,-0.28732399478995885,-0.13289604117333786,0.013939324197635937,0.04372133237252054,0.03739535322895305
2016-04-22,-1.8681720900718848,-1.0679773049162389,-0.43025937763635835,0.11347323650236026,0.03704172438739146,-0.05786478501724256,-0.12427003751221954,0.04856415545956934,0.021791168838643404,0.0006239501481654656
2016-04-25,2.328006007100785,0.37012188508257415,-0.23650939947507282,-0.25890183817261125,0.10256924650621685,-0.057251875606296326,0.05238406402026859,-0.007779436969699733,-0.007425885858824495,0.01740949111662246
2016-04-26,-1.5868009329399855,0.3680414130594632,0.102875854393775,0.2898334858745747,-0.012546083349033439,0.03396529426017142,0.014288192164296169,-0.007287433059199486,-0.0027694132101063365,-0.014516048288408486
2016-04-27,-2.38004770744046,-1.0044813429682713,-0.9668994112332586,-0.5559533483743083,0.3585942839895748,0.20015193373121584,-0.21945174478447665,0.12136071748639812,0.024067146740260212,0.007868479729201204
2016-04-28,5.633872665320518,-0.25506920122556365,1.3430468114348082,0.5093235092702907,-0.3676082223181084,-0.4047633523137636,0.1459136689969581,-0.13796930123573564,-0.021691781105440875,0.0199886423218277
2016-04-29,4.44081113660116,-0.39831412958275725,0.8174595675683931,0.20083062143098682,-0.12962562519973028,-0.23327250757224496,0.0629197653303049,-0.05152713793986516,-0.005193420311687184,0.023874631578728392
2016-05-02,-4.344539431030533,0.9807689765971531,-0.3176664922517054,-0.15973463572426486,-0.09316073369579671,0.2986425779936742,0.027221549914824887,0.008565346800869112,0.0008403941622190112,-0.041221570484485666
2016-05-03,4.74768694799771,-1.9146348404816704,0.27673750001406316,-0.1711237995467761,0.007064952680331951,-0.278184491326606,-0.07538195156248534,0.013418787858890585,0.011094299067296032,0.05409795723585296
2016-05-04,2.7844018593963806,-0.5405946772882714,-0.4525767946538986,-0.061497273972257446,0.24208777472631604,-0.17842688512997718,-0.015302517232103602,0.04488019944484911,-0.004489051789080792,0.031102717810892314
2016-05-05,0.9667117085228276,-0.05410865877194205,-0.30388260246691173,-0.35369509171449554,-0.009260079262517517,0.016379592322719023,0.016685154292532825,0.01472665056107288,0.004074433655429113,0.005166807717941847
2016-05-06,-3.140735372826662,0.473096462577797,-0.38444448742287013,0.07433910407923415,0.144055153018011,0.11845159839974782,-0.05888030389392733,0.009209351256955737,-0.0012148854980363606,-0.018611740824805476
2016-05-09,-1.7128937672998834,0.624448599536879,-0.7181921530330856,-0.18220467908631927,0.08041301634667687,0.0863377515029463,0.008169950543109641,0.02549732408086402,0.003667875344991091,-0.0141199116254242
2016-05-10,-5.30676095497318,0.5525761810877573,0.2983810185793678,0.26935111177147963,-0.09574552187505178,0.28483854247050583,-0.04560923952795541,-0.0020957410970689505,0.005148444910364862,-0.042891878864213806
2016-05-11,5.696366692025605,-1.0630449095882468,0.7538195991049591,-0.32611556715707035,-0.07029610302967108,-0.1752158984088785,0.01025541659803657,-0.042796285743642845,-0.0031961242085801096,0.04340465443675282
2016-05-12,-2.7424404978102763,-0.3339396136044867,0.003740130434350107,0.32840199379253787,-0.012748476916592512,0.02195607500356133,-0.07302213976078623,0.015133943210243077,0.0034215903965597962,-0.011110119456503585
2016-05-13,2.5732187926620753,-0.939923138421181,0.45798447610809445,0.21569197102932297,-0.1424047581932668,-0.21799548427068793,0.020693609362897786,-0.011996480829114135,-0.0006042234671860623,0.02757549256509355
2016-05-16,-3.734708868916745,0.09940389194324308,0.1803710808764806,0.1645430577866177,0.06291112292428422,0.19036012085627976,-0.10612418893961215,-0.001986622349500312,0.002190674878174362,-0.02299532779950621
2016-05-17,3.378094041510157,-1.2068709679910037,0.29626272154199756,0.3969183473285555,-0.007455797118312471,-0.33467712264087407,0.02007090615390652,0.014842026863436936,-0.00957850079414916,0.048954966080655284
2016-05-18,1.5091137251275888,0.5832568702302618,0.2563807239602201,0.2454531567866346,0.04886481738765819,-0.07582541621884595,0.0666501696212157,-0.029712330057029654,-0.0055044218869635935,-0.0063281993554171415
2016-05-19,1.4497169448794316,-1.9304295633680901,0.4628192495786905,-0.024432907546964755,-0.10279677783808572,-0.1001365391359794,-0.05325976836522408,0.043877719519566996,0.001994942232033056,0.05773450429882449
2016-05-20,-1.558666584117248,1.77112235827816,-1.2619293422600524,-0.49439576395772283,0.2598805715012284,0.16798673907796202,0.009673292523458875,0.0017114685546243246,0.002038563739002426,-0.049813809191175944
2016-05-23,0.7402034765820267,0.4543620470203069,-0.14437790998459366,0.12153069196165346,0.08271689810632045,-0.05901528090104567,0.03674117148283475,-0.0027321117550861453,-0.005867907194179893,-0.006184388928808043
2016-05-24,-7.77830900421539,1.443088404194125,-0.2665492499320439,-0.07138689389715096,-0.15034733335670117,0.45699638829304734,-0.05391464052369382,-0.011291926712218233,0.013744375094959361,-0.07900105968993353
2016-05-25,-2.1940328109097114,1.4531706144138699,-0.10272096018397289,0.3145036962197588,-0.06716474030649001,0.08768854365545091,0.1143843855088785,-0.020931834730939926,-0.005463299516610215,-0.03867895803011007
2016-05-26,-1.3296011919675104,-0.14411489071535513,0.15705273690027874,0.16128915587246873,0.0768710927974374,0.05604497573681619,-0.06665052844471607,0.006281332857977142,-0.0015723948079583957,-0.008574916547260635
2016-05-27,-1.1859261568726749,1.5574492095952384,-0.3089035976528088,0.25043095746470895,-0.08635960315884846,0.020679207097747752,0.18506904237848587,-0.019238087618700814,-0.004518635743501656,-0.01901525002018412
2016-05-31,-0.7353075629392992,-7.388627879636283,2.8000040587177897,1.3966913634065836,-0.5288054259908906,-0.583396957508058,-0.6456654640491446,0.04293370680914609,-0.014872777190152594,0.126101529404018
2016-06-01,2.705421483757234,6.176632644880315,-1.7605943023213215,-1.4109613460525894,0.37285837014642204,0.535068679507223,0.5489278363091316,-0.08714744272745513,0.012784343761527175,-0.12255227095694324
2016-06-02,-1.1947719955879397,-0.625249065278978,0.41024264840834146,-0.205095777137819,-0.24502185090792494,0.156458718240347,-0.047182856317688114,0.006599917348662267,0.011125579483424342,-0.020286125615031955
2016-06-03,0.971434179112314,-0.2023325505105877,0.11052813135412413,-0.6704555579452997,-0.001513377598788946,0.20913240319649587,-0.027375637406834113,0.018272112948135626,0.0016094378603618003,0.0017773145281086216
2016-06-06,-0.0982946617654314,0.003784348263917917,-0.12756648669073975,-0.39711133325053455,-0.05176333277123795,0.14291651028978386,0.003357452242388005,0.02683704279438233,0.0035414197386189994,-0.007082860433970418
2016-06-07,2.4021496159447113,0.09311894650000758,-0.8765703070810875,-0.6141647848655496,0.2167092780430565,-0.04772777349156022,0.020213957285282833,0.03789148589508309,0.002749945835141096,0.03695548441577605
2016-06-08,-0.3124043481506994,0.1905915239740976,-0.5330418391643802,-0.08997717195134419,-0.08871744317325687,-0.0377189337799674,0.059906936927989,0.021932588323486275,0.00950618098134288,-0.0008686038279130608
2016-06-09,3.9065051714082153,-0.46572740330130685,0.29002013703837226,-0.5365019520853433,-0.06500133203522976,-0.05326759751762411,0.02064371286490745,-0.03146016649711916,-0.0010144272939317722,0.028430260396685014
2016-06-10,7.920220604587025,-2.2818980718896795,1.1836218379681895,-0.42599597794705985,-0.15828423096995475,-0.32114912717870325,-0.02282228646597199,-0.07494916238929464,0.022739802634398766,0.08823188641816397
2016-06-13,15.416936891474819,-0.7704916099762587,1.2505050881808166,-0.3017304247589533,-0.08992004088152815,-0.5181359743227257,0.3022452315951109,-0.024015161298443843,0.03691458869910266,0.09703657586345028
2016-06-14,-3.3343783072073254,-1.9573464521508832,0.2848788719328746,0.41278664707180046,0.138157797123282,-0.01511956446790893,-0.15077576756835143,0.019754100283060246,0.009429181466499787,0.0472794576574993
2016-06-15,-3.0609359047625424,-0.03607508883347921,-0.17764932990389484,-0.13987993151410583,0.0786128264576851,0.14963459822224326,-0.10925629714368083,-0.01290872963888399,-0.0034169842191864933,-0.006094970515892785
2016-06-16,-4.241311999151191,0.26150818808982096,-0.22121924474412605,0.12679604866221458,-0.5084209047841289,0.0657381155535049,-0.009840510526046028,-0.0069144775188053394,-0.010543759837671533,-0.05695263638708837
2016-06-17,2.255845363118999,0.5312590337049196,0.3391530989446086,0.4443571792141778,0.3418605071952747,-0.11806697722566271,0.03336950208482553,-0.017797583911777694,-0.004243190432852584,0.012047295396782043
2016-06-20,-8.707131642770166,1.652124309128092,-0.7126226862045724,0.22440334121722524,-0.3430239372478245,0.30823710721198505,-0.042813333073568334,-0.006993477566148903,-0.023224289283310433,-0.11836387319050967
2016-06-21,-0.631857684549343,-0.7460902110617486,0.6694260609249815,0.24540298041584296,0.09126108233334577,0.02128098183519922,-0.10207203887909855,-0.02153524140909407,0.006056238169346305,0.018471191892313152
2016-06-22,3.1691897498471686,0.29521570310942286,1.3064451623363864,0.18581195178005763,-0.07869861530763395,-0.02642655878965365,0.08743762615280262,-0.09094973768712719,0.01253766257547327,0.009321850641923965
2016-06-23,-13.529274091541211,3.0385128290756334,-1.8553822944563378,0.7084316351916076,-0.244579850271946,0.4658396257710183,0.07463566014501015,0.11243053034987582,-0.044500712684562085,-0.19102415787843247
2016-06-24,30.356062369214417,-10.166733127129204,1.8853343023665374,-2.3776925929619583,1.133380778324552,-0.9213684716456102,0.07669484266134786,0.12903894312887773,0.15052070949256105,0.5897036896390213
2016-06-27,3.75874783551233,0.9974429454841691,-1.1005708821154114,2.193915126124883,0.5974677307585073,-0.5225735713114924,0.25624046318354354,0.2925243005132118,-0.10052620875474516,-0.11067981458289433
2016-06-28,-18.233917773688457,4.2023761600342615,-3.3387798890883653,-0.6245204230077561,-0.47635570841525327,0.3230702279486514,-0.5069543303576687,-0.17076107425597253,-0.0620158761976649,-0.1973465752668175
2016-06-29,-7.287139389795204,1.819320144662706,0.047092767033068327,-0.3007561529919369,-0.6939225591077061,0.4268507690197918,0.01706069836616161,-0.0896264367868741,0.034187672198143566,-0.10489757283539172
2016-06-30,-0.9375344022357077,6.429329140777746,-1.551681062691182,-0.07029645380191682,0.18035443327859096,0.22088092193137654,0.5820635659828204,-0.07737947870189955,-0.03257341369732598,-0.0416815903958973
2016-07-01,-3.142398645222748,-4.99502776069925,2.5279515044369885,-0.04213825016686105,-0.270660876926175,0.31047176846355634,-0.5957945633252084,0.019044877445630364,0.032085573370948514,-0.0340697497548385
2016-07-05,2.703667661372099,-2.2000784344829,-0.007509434358813769,-1.1135628714456758,0.03555978133784782,0.09711226109276712,-0.1672019407209115,0.04954727477537332,0.02704307134526771,0.0740542207212444
2016-07-06,-0.4805216951889761,-0.5970112319713593,-1.9203283826698896,-1.4348838753195705,0.06925187648231701,0.23563643839117596,-0.07147055704481883,0.1704323140169351,0.03474151804829133,0.01801755063599066
2016-07-07,-1.7740045635369621,0.6991646087671447,0.7499689501048986,0.7389658594928038,-0.07739179675429671,0.0025235017813858684,0.02699352373269943,-0.0571908849989835,-0.01647481453390241,-0.04074293074526107
2016-07-08,-6.0570121970098665,3.437160746832272,-0.23973444321480292,0.08136097947354294,-0.40587935635474054,0.6372376366605544,0.3312185483026294,0.08056124510916331,-0.01334705779478561,-0.14607575592609004
2016-07-11,-1.1611188559672259,1.134422905787391,-0.46559182272198535,0.3160818748006852,0.1507410500119437,-0.01780321602098304,0.10867984186036801,0.010381083543023766,-0.007231117355056058,0.000600958470925614
2016-07-12,-2.651124464363185,3.040251794554506,-1.1528044311668837,0.6076910443183231,0.5253674159390289,0.051824260666523445,0.28783042523640257,0.04046014876917931,-0.02511225075569091,0.040965411257423846
2016-07-13,-1.1913020294300984,0.3425577835514356,0.27990909194762476,0.13109360842028936,0.061391348074289365,0.1540957777041649,-0.005669153867144931,0.025649798144822263,-0.0169716481957456,-0.015310447820961743
2016-07-14,1.4430681846093212,1.9166490762978123,-2.119348638394592,0.180871379172031,0.9898794832449352,-0.37399536502148384,0.08804040684836144,-0.004901571716966652,-0.000947734792666083,0.11452058639958658
2016-07-15,0.4614321390124661,-0.9202589979164019,0.3778210987184789,-0.0850606935432868,-0.36580520747638445,-0.049446453113430454,-0.020127680908353103,-0.025048397091656106,0.018851425139618273,-0.02508433740332646
2016-07-18,-0.18164268036577313,0.8726465572245573,0.8575245367656237,-0.21960041368332442,-0.41011305411959637,0.3160097144325845,0.21273954921849875,0.006275664090770653,-0.038722757501512294,-0.006664016253806451
2016-07-19,-1.154865916072593,-1.1205525725601178,-0.14893373088298198,0.4870862510581867,-0.07425228441449729,-0.26187411372849634,-0.12374793790944205,-0.0330845654012482,0.04757455604054674,-0.023440259485101714
2016-07-20,-0.7907568493270454,0.31113515362978106,-0.05799880168337606,0.2089990924386839,0.07890293086990557,0.00019951326328430848,0.01969998594798693,0.0019612700716798753,-0.0018259787219382763,0.0039721872784372865
2016-07-21,4.3465580345337544,0.010979157942747507,0.5973143626250348,0.015160538791933912,0.1676551002779263,-0.24138978120521343,-0.0756180022896941,-0.10337813909691258,-0.05266552237870963,0.004896661735512934
2016-07-22,-2.136505859911942,-0.267551427899389,0.0450188494801587,0.30866214571804046,-0.019810595757023236,0.0323872898602833,-0.04412998171091184,0.01880193558945708,0.015263818354092677,-0.019034997717212867
2016-07-25,3.007430876936687,-0.3873756212091536,-0.039355335216888866,-0.22964039818071336,0.07829815728468467,-0.17818146860138173,-0.05655932982113902,-0.038577176661414324,-0.007471094701613014,0.013170144729038468
2016-07-26,-0.13587724308349688,-0.46815872223109767,-0.3550664545075535,-0.44910028809123514,0.05408978668820848,0.11513405639961605,-0.06975504553614528,0.056676879076951306,0.014803137358931179,-0.0018449281357209289
2016-07-27,0.9058447227546934,-1.0951482126897907,-0.8433652098269833,-0.8791814605723298,0.14409565165067426,0.0884039381032284,-0.147757912254947,0.0904458814615102,0.03459844941399183,0.010679616198428932
2016-07-28,-0.6611633260719676,0.6401695967374861,0.05016102331471729,0.39867638928152904,0.20641709410855677,-0.031219115178581572,0.007681665815073262,-0.015638463563913418,-0.018629426695985798,0.0014577522687302972
2016-07-29,-4.961113098300044,-2.6179146544757366,1.2274243521373867,0.16740654420383613,-0.5710736527803006,0.3185176045216276,-0.30270683270184173,0.08418375392904061,0.045769122960889,-0.08760562657535202
2016-08-01,2.121367258512965,2.263826988453674,-0.9745501870615513,-0.4142814813122014,0.38874876259857005,0.04869810875437879,0.2562048724286723,0.009200978042453232,-0.030833927433915307,0.053052824577158555
2016-08-02,3.7095637430574375,-2.1304534278604206,0.006149817364284349,-0.6589827422624869,-0.04090633942268806,-0.2010961999755264,-0.21777803856343564,-0.023321996947571824,0.02182442717252498,0.01579517179481865
2016-08-03,-2.0575126341298486,-0.18862077551961184,0.26068265720127914,0.29461069867442924,-0.08976540581744544,0.06974183620440409,-0.03903655237294499,0.016522722861093506,0.006674532275427126,-0.021881914175233348
2016-08-04,-3.053145412601892,0.4130750341757692,0.956796556066162,0.8941330417861512,-0.13526421589495327,0.07041391139459026,0.006962201872287866,-0.03378488518522853,-0.020061528568281736,-0.047565306892913044
2016-08-05,-2.9855410765364705,2.7825859408783913,-0.6250405297141812,0.29860069679598467,0.06314017520388841,0.25767119715520603,0.3704078352228133,0.06044766675711925,-0.015511488052181811,0.015210619292238934
2016-08-08,-0.4434981436502134,0.20778918814905947,0.35477818678210027,0.1411710384375014,0.18201738088215375,0.10422135129267579,-0.06774707239819608,0.011442600127272428,-0.027423943242685184,-0.014627640096919834
2016-08-09,-0.5518839753743883,1.0658141892684942,-0.32246021992183527,0.09744497491387692,-0.055192069239520886,0.020134009388178015,0.2065198916009087,0.0032607208001010656,-0.0016899607690171914,0.030897540208744637
2016-08-10,1.058881014979555,-0.13388240804189802,0.27464908442864766,0.38095230580504885,0.008781890550391547,-0.24402736797317942,-0.025234550817473805,-0.08763864357249948,-0.009564692875938722,-0.0024103559365450423
2016-08-11,0.07334198395848263,0.10012360425883904,-0.04860478106366189,0.03170716866293732,-0.12780104819661034,-0.04467223586499938,0.07130267957611035,-0.01636114042222014,0.00784156054872738,0.006756160312540448
2016-08-12,1.4065502531308514,0.9108384630634121,0.28005188076028464,-0.08387208062604587,0.5639982190261285,0.1404260309603045,-0.10242376756029367,0.01767766327344393,-0.07426367585002053,0.008071395357958068
2016-08-15,0.6623746907873769,-0.15642518669271682,0.09164105542713019,-0.08680639249911846,-0.017528563385781813,-0.01521707721241483,-0.020285521984592568,-0.009875888376935716,-0.002817033228859817,-0.003261444887868808
2016-08-16,4.354645451840755,-0.936536899840525,0.08937302178839605,-0.6330239669534753,0.02042073069321124,-0.15782736527647648,-0.12061286786983326,-0.04785572992511469,-0.0020043475896995198,0.007065280144708958
2016-08-17,-2.9670812228483423,-1.8926239335227513,0.15438371262145384,0.3648768190593313,-0.539376955811529,-0.11115141077271355,-0.08451191857576797,-0.004939177807896799,0.07676994576654028,-0.04452924272479404
2016-08-18,0.019516494962287804,1.9823877653827824,-0.5982756383270168,0.36161942635546046,0.4258211558142001,-0.07011879370521941,0.16611367924773976,-0.012339597563452428,-0.03610015300303927,0.046009985292277046
2016-08-19,-1.154131804591202,-1.5960970924061817,0.348727923407439,-0.41390621928691573,-0.5636706486837765,0.16086051720728473,-0.06404333062061847,0.04407558902279468,0.04761977048650833,-0.046766914180441814
2016-08-22,1.5264045101913863,-0.18024145425433702,0.6049958783516588,-0.16879635430005244,0.17202831927763104,0.0851649626165257,-0.1143135519099433,-0.014389273927663366,-0.03461484943478468,-0.011098630198613228
2016-08-23,0.10572906754045532,1.994697478222157,-0.01738331927365311,0.20356099903913563,0.08831424072644392,0.07521900998981833,0.24508234536058313,-0.011902139012269107,-0.04970829474282219,0.02809609666207501
2016-08-24,2.3836861110090224,-0.5378540760052066,0.7708261290928664,0.44446109526595484,-0.033774777348570394,-0.3143652190887209,-0.07815880408121079,-0.12477828104699164,-0.009345525770702311,-0.008602381391981417
2016-08-25,-0.06826700585242498,-0.4032332513704517,0.3022396108402894,0.17930856945328358,-0.1735111326103344,-0.07228861612079253,-0.004226143187500562,-0.03302093820259508,0.01125812401352215,-0.012735464220275355
2016-08-26,0.7231937238826422,0.3155734595584088,0.7880750743482798,0.16744540420776857,-0.11678011832661611,0.03726212545975403,0.04225998826905093,-0.04606553607568953,-0.025012066110515263,-0.014260014912911415
2016-08-29,-2.1761219842893023,0.32485498191387835,-0.27209418960504245,0.46417168036274875,-0.12691506514855272,-0.07515304669167544,0.09750403243950465,-0.005744499819200516,0.016698945354693046,-0.0011871540697143059
2016-08-30,0.4419382549197481,-1.026784188303968,0.3396808847526731,-0.3653564112893649,-0.04142154083756469,0.11570687939111822,-0.14795179592676427,0.02172522234613522,0.008436086293324638,-0.02606892416680034
2016-08-31,1.8796803549753505,-1.3691583782814278,0.19256825606616468,-0.2058594591120972,-0.06787697296112667,-0.1550421940461217,-0.138586888741522,-0.03273197539648409,0.02563640153734114,0.004472176051958128
2016-09-01,0.5918481988734257,-1.115027912486737,-0.38980039590303556,-0.04849870990911314,0.008161959544984733,-0.1994484950028065,-0.10327263527263095,0.0010505773438126379,0.030873333714697034,0.019109061507365112
2016-09-02,-2.199446407526231,1.412303516685027,-0.27042769479982137,-0.2622059659736464,-0.03875575342331454,0.3693754629941065,0.15546498526999825,0.07685698975230595,-0.021377908766147136,-0.02335002992932328
2016-09-06,-1.7794318450626831,-0.6662656131576044,-0.03736545356683048,0.08423270241976087,0.09613697488727792,0.07307575032652602,-0.14175004572766509,0.04251389590004211,0.01415314836939368,-0.018924957542299982
2016-09-07,-0.47729389313050224,0.3520359487180725,0.4856722303359542,-0.18145726768743567,-0.2834433078465598,0.23058399155731063,0.09960366385497221,0.014925244780138278,-0.012228011472658156,-0.030269316684967327
2016-09-08,2.062788780874438,-0.5745754123977699,-0.09155219482019304,-0.17840731808961122,0.0008658242876137186,-0.1795461899186915,-0.04236719540626409,-0.03877020903814159,0.01150924902359858,0.023243110455793897
2016-09-09,14.681751871906826,-3.9202635086458226,1.6956609402565332,-0.3077633111669926,0.43415271367815716,-0.9346459542835135,-0.29028865676616405,-0.24535097923922786,0.04553900674810923,0.1927332708543947
2016-09-12,-7.988183648217107,0.5876348655674234,-0.9967454991669398,0.1734261262769023,-0.32200601707779075,0.30695075008733097,-0.017516773495086565,0.1087364308474448,-0.0033586915999503936,-0.09454873578503929
2016-09-13,5.709303079539007,-4.724742494862302,0.7741986620249809,0.846360647290455,0.06714849421583233,-0.8948037884536978,-0.20151257577403317,-0.019783782219542276,0.025248318468019827,0.20361116824033657
2016-09-14,4.0523185483750375,1.2666848715540422,0.12490416794222091,0.3047060051373299,0.006554410930216059,-0.20743315672593649,0.21091654293908277,-0.04127604637565992,-0.007275911171959047,-0.02189642598262612
2016-09-15,-7.058020773755597,0.3493397500305162,0.38749918870109795,-0.5122441063001776,-0.3790421374783153,0.5985917157650131,-0.1538880515930607,-0.025785219712378002,0.01588770597278437,-0.09026754455371075
2016-09-16,-0.6599187559492591,2.135990719229912,-0.4873504676107017,0.11114278075642295,0.056994319445558994,0.08598520134594344,0.16386770065069983,-0.007638916910300371,-0.021440178491285104,-0.06305835240147938
2016-09-19,-1.8964789934279738,-2.668613031674489,-0.028747639013608828,0.1886245177081947,-0.09088032200588865,-0.16727002728686735,-0.251926486427181,0.06432244536036597,0.018736306427488216,0.05972099025354643
2016-09-20,2.6320742957462366,1.7894028119388317,0.38746593056262096,0.1764230274318666,0.1074190209782117,-0.02125144129161222,0.19378501239789642,-0.08414962905351163,-0.012743221705379962,-0.029075933530989362
2016-09-21,-7.936371808306679,0.14762654729251157,0.524010431599503,0.5360892081584129,-0.5776928440886937,0.35821596446419807,-0.07286403658062963,0.021573055575488515,0.006075674124669057,-0.129613180544681
2016-09-22,-2.004538859284484,4.023071041851405,-1.599198812265166,-0.17546241735687318,0.23777838314988486,0.3074251262921913,0.42160068792131006,0.07178149574866491,-0.03479546695057864,-0.048854146497682785
2016-09-23,-0.7795758299909256,-2.8024027999619032,0.47780744403209524,-0.1444003081117161,-0.1335217067349199,-0.03731511063195883,-0.3539747619705212,0.031659310645568206,0.03303046274987533,0.0012599820415161553
2016-09-26,5.790280031615001,-1.8268678563387568,0.508601770090503,0.5381866406316813,0.36265584631150133,-0.6621786493381976,-0.12228918681674582,-0.0921846278745357,-0.006346116371230138,0.13984297203069684
2016-09-27,-4.285746710280336,1.417368002074646,-1.0859310134356595,-0.0749566722360056,0.16225676407612288,0.2751324783596891,0.015341306719665512,0.0841872214246488,-0.0024509770649193017,-0.06650025525746717
2016-09-28,-2.0512270654472413,0.2724129623883767,0.2722855034048731,-0.34183853034757794,-0.13210869769317993,0.36733453351539436,-0.016462081036244528,0.03675357981528397,0.002887102355019028,-0.052691631236325726
2016-09-29,4.019608022348441,-1.1781740960964666,0.4775690230473206,0.26281257982556877,0.07303238661120882,-0.42313765733338166,-0.04126909773332338,-0.08339676839748877,-0.001036459434177929,0.08190436188061727
2016-09-30,-1.9297569673490638,2.7951999221110677,-0.3738119509827798,-0.11137330351726153,-0.10575874279070414,0.3436463639344331,0.28966957849837355,0.009819315550918091,-0.019921729628435015,-0.0865412767665342
2016-10-03,-1.3343340134001076,-2.6000248928572467,0.553280983709319,0.4199818203462657,0.02080424598822351,-0.19091069596165294,-0.3437801091864826,0.008356563675356645,0.01969286704510109,0.03448070782342147
2016-10-04,1.1183331505333434,0.39483664898097587,-0.8912262951261806,0.5337467545052704,0.03027196163676963,-0.4275375896703074,0.12263786504189222,0.0012571317897267773,-0.004000686842009771,0.028645577301964924
2016-10-05,-0.5735895447670046,1.1286288424871023,0.15512938916057037,-0.05956720126428705,0.24223027149792542,0.2179190523946689,0.03374705960106505,-0.017745413097284758,-0.011878668250689756,-0.025358336615723405
2016-10-06,-1.409526781678027,0.42272200475152255,0.40013422824016426,0.3189363052141731,-0.006205715840904268,0.08129734510839243,0.004276350451928416,-0.020900497146196365,-0.007289350108752516,-0.030237405291805106
2016-10-07,2.516308585389602,-0.9419902857794628,0.2254453402530868,-0.03857616458021123,0.030731700595193565,-0.19856031485909525,-0.05430714651198934,-0.025350515508633917,0.0032796923876033898,0.04761841446683406
2016-10-10,-2.2571072458643733,1.408924746356967,-0.18763157383035872,0.10322615348910572,-0.04512701883317205,0.19670479284562656,0.11642866314254224,0.007989679541139383,-0.007617424670576195,-0.055105978139714754
2016-10-11,5.287685655062018,-2.2117721604703595,-0.2595531679645033,-0.036789810348251344,0.20335867713703343,-0.5351114644458054,-0.1287620103839003,0.010850050896874219,0.004862660047491629,0.12108782635322668
2016-10-12,0.887366410896285,-0.02484971156549786,0.28533885563666883,0.17603468548893902,0.00339505286886268,-0.07289142858058753,0.017432522161401832,-0.02326364101237066,-0.0027357794740600623,0.007375117962205104
2016-10-13,2.384665833220716,-1.0228162820484874,0.2141600585493615,0.36876906910021073,0.18891275113316292,-0.2655292720460165,-0.044519089794008385,0.0189830255979986,-0.011275642459758772,0.06015871797062742
2016-10-14,-1.1400406963471923,-0.7943288339831873,0.192709991621873,0.4849677651981091,0.04171262407474324,-0.11468142466706108,-0.08749385596409856,0.0274186983805261,-0.012439634629677218,0.02049544266824478
2016-10-17,0.7933513437289413,-0.6218940292138411,-0.5954038015743061,-0.17392845314190844,0.16656393118852048,-0.07656153896422167,-0.03678843930220715,0.06973594706442465,-0.011450529669449087,0.0347484406766249
2016-10-18,-2.050125671156449,0.7336860608585208,-0.8834999387673389,-0.8047168513732559,-0.07208923442188604,0.2721733183029546,-0.013950582903915648,0.013731045245505273,0.024450748072285675,-0.04535190189101121
2016-10-19,-3.1657862228996616,0.2586660966213827,1.2715854756965743,0.029972799284478675,-0.23896748912555996,0.3578169788766189,-0.07911668357542148,-0.083378180446849,0.01739834455331373,-0.05707075889272272
2016-10-20,-0.8148978025789132,0.5720369265326787,-0.4037629518488155,0.09346465993535431,0.14587921420922095,0.014483297728454737,0.009777155284879274,0.0163222260932246,-0.004541657021773157,-0.016167981206720416
2016-10-21,-1.0721224734412074,-0.4321148957036492,0.0311924141927108,-0.2212389628535505,0.07820286213333871,0.14068425837790885,-0.10467059450683708,0.024861785616217224,0.0047868352128586245,0.005127313220062783
2016-10-24,-1.8012562755778767,1.177137308825258,-0.5504902150216918,0.13774083687283886,0.05000389347376274,0.07726821078521508,0.06880830965790995,0.021786088302136897,-0.002148858650432715,-0.05057246205553532
2016-10-25,0.2906052847923257,-0.10327456698941223,-0.29147819986070334,0.04553986967884715,0.0819292320903809,-0.08588802395081965,-0.008324609818910653,0.014644834492366835,-0.0014688356789671825,0.014586345225598431
2016-10-26,2.6075429141336977,-1.4621832048104653,0.24965305802077042,-0.37084197012797465,0.06369832993598414,-0.09176813140984721,-0.09057384906463108,0.004628008255476339,0.0018921827835409937,0.07437170395590009
2016-10-27,4.290641575211628,0.8970202369746234,0.12716394625582747,0.07909944749230972,0.24873528904161663,-0.17434970366536046,0.160415076589572,-0.06459246747206422,-0.010905878303312183,0.01986794943059987
2016-10-28,0.9301035817936245,0.23790513157862495,0.6154606646838099,-0.12066250105165215,-0.18811969348785357,0.07648841379056084,0.05885584800104999,-0.05218990497587381,0.007007224988847272,-0.01482059456251842
2016-10-31,1.628474261869101,-1.1541492096857044,0.5946451271632688,0.23613327983672489,0.13382064560147375,-0.14534180570712,-0.06532720806614674,-0.014406495542146678,0.0031565016026018416,0.06244708101660581
2016-11-01,4.609310447918708,-0.8144485328829827,-0.2719784133057815,0.29135642460811945,0.03483815782499327,-0.40225265243348474,0.12533915722286496,0.06350743758029173,-0.014865784915405317,0.05845951945396639
2016-11-02,0.8452257292726629,-1.2688361003817044,0.3124009720560135,0.1487173292205122,0.36981810963563755,-0.054962134538382224,-0.08383022947256734,0.03419638280562794,-0.0033248978862506886,0.0797032204952273
2016-11-03,5.174469366637722,2.047218810791114,1.3361950112889533,-0.09692082166343198,-0.286879901577584,0.0569211302783896,0.25366674428075303,-0.15326570778446383,0.045850224398662154,-0.061622456987420665
2016-11-04,2.9153130184441647,1.6164034553675528,0.3400530938111399,0.3449833128843374,-0.17181400688586365,-0.10996904657849002,0.17472446592365418,-0.030422879919251515,0.0017983140512507713,-0.045728954068251663
2016-11-07,-15.843459831470373,2.629273989975736,-0.5961978577625372,-0.6615209142044991,-0.33845706328917935,1.0951283216154286,-0.16861054601385592,-0.047351458651671285,-0.05719382307354757,-0.22071417077469055
2016-11-08,0.5479050197454215,2.187728744748115,-0.06356675265689009,0.6638299584339422,-0.029714069731549362,-0.1532073545661902,0.241454612616808,-0.04596070806267198,-0.031204805987820997,-0.018914143645902295
2016-11-09,-9.026264326551003,0.9379092829363594,-1.8622184870825766,0.36639164961951065,0.09059317460310799,0.24979778219046894,0.021089410458883608,0.14872113819810343,-0.0042067669238400485,-0.06008782829051391
2016-11-10,5.183570333975193,0.5141298121535861,-0.09177663763513695,-1.2926477856450733,0.21960833772933436,0.20943236588292988,0.03839316717647971,0.02413338306145004,-0.031147439026277726,0.043438740448935184
2016-11-11,-0.6461162767159788,-1.3920624638094352,-0.27489391315674266,0.6589817182753898,0.2395746679171016,-0.36025780471644375,-0.20310922513524918,-0.012746029879372624,0.030138838618743124,0.021227740903456953
2016-11-14,3.1814708900345905,-0.8284053615096421,-1.741492593855165,-0.6493222311437604,0.743008285101029,-0.23200487533688705,-0.1720761727610085,0.09525012825259105,0.008710007892020016,0.08122849715053006
2016-11-15,-4.280278980507609,1.8227573119349587,-0.9362637344300864,0.14694016614420846,0.28661560033511696,0.2444129612786394,0.06535886448067811,0.06789488273461425,-0.015517913670845736,-0.027909549149622837
2016-11-16,2.354454395592693,0.5450766980610389,0.13175960168401418,-0.13485919113128658,0.024707320946032903,-0.05107689512830852,0.07201163318333285,-0.03199959212765881,-0.017410656807538737,0.013593387041927633
2016-11-17,-2.343843163290691,-0.4309659120220285,-0.6590637825603958,0.28632211367224747,0.07471993025818617,-0.08739919437153346,-0.0572979358939265,0.03833646788240818,0.024924689002462072,-0.0018498677537883835
2016-11-18,0.71258927403092,-1.7593475094894635,-0.15491845707391927,-0.32225677180024004,-0.019408402773671667,-0.07135914788398623,-0.1633194881360399,0.036572405365000206,0.025484404519952524,0.014582213805146687
2016-11-21,-1.1756887327806178,0.6428150237918606,-0.3711580760876003,0.15860276512090718,0.059732432128014115,0.006004745848632034,0.048982771998658275,0.011694653672636293,0.0010949364817646333,-0.006400242468623508
2016-11-22,0.7759560888460146,1.6776314730112694,-0.7914709860330462,-0.04382803929520754,0.47728315276976624,0.0010932609701796963,0.08278100059425202,0.010362593143952648,-0.023759837309155915,0.019971691668941378
2016-11-23,1.0047289734263127,0.8700625042565573,-0.5430357879917406,0.08420470449920167,0.3065390944164398,-0.10261859107275238,0.039442372641475196,-0.003176011048851766,-0.013831844285749226,0.018808448691627948
2016-11-25,-0.7173373220927084,-0.84287750704594,1.002944739259008,-0.20820383807221973,-0.44818681886463807,0.19922039992819482,-0.020273912648794846,-0.010689613151236725,0.005370921034032918,-0.028372796519450287
2016-11-28,3.6553309871024284,1.6283861804521642,-0.7656592162180882,-0.18623725212005207,0.643285805650915,-0.12630935454654615,0.0359573019337266,-0.002583335134311898,-0.04598462688551083,0.040006401579737026
2016-11-29,-0.6329573383359325,-0.4646129673692879,0.1087300897417151,-0.2822738171164268,-0.6290772839568696,0.051702496170267155,0.144523990773274,-0.008135190930693781,0.03425625032577941,-0.006391727505806885
2016-11-30,0.8752315426801803,-0.5642931493101887,0.44936782857529783,-0.2560556682383027,0.011347852303783788,0.09184315556045893,-0.0898367195143035,0.0037653582203264107,-0.00767119510921964,-0.009491861870503712
2016-12-01,2.1832865853326373,-1.6946218006824454,0.32246750286320086,-0.04023423493093536,-0.01996398704443996,-0.18577819128901168,-0.14107514068666405,-0.017230794025981228,0.01906481013768601,0.008090962095129548
2016-12-02,1.4637998739171336,1.6101092415650369,-0.5290705800543053,-0.06089880810216372,0.21102114589272877,-0.039522114897963125,0.1208859003086266,-0.004935328275073069,-0.02739880695982782,0.01350385394669872
2016-12-05,-4.82567717353098,-0.299862693030955,-0.6854763827632443,0.06249959207087564,-0.09942669015599503,0.15097065794084838,-0.010270777904314358,0.0655838573293323,0.039832617964751654,-0.014786335497625936
2016-12-06,-0.5983438875253783,1.0202093861317882,0.41876583047042365,-0.08183857526045464,-0.03170541739488631,0.22045126510441795,0.08137426688473577,-0.0005084973961377261,-0.030085407679423,-0.0066741747555018925
2016-12-07,-1.2432089762115255,1.0795154564424727,-0.5411176403443955,0.27800805629239694,0.2967666814967368,-0.007988379711197402,0.04969982760942128,0.016443760170956476,-0.011915659143708218,0.016273939673401072
2016-12-08,1.5685239953945098,-0.8334876679820455,-2.6173791111206706,-0.19074842212108725,0.33920342889095095,-0.525111904831471,-0.015214433222097565,0.045025220946397625,0.09188352363209083,0.04719788552977887
2016-12-09,-2.165371209773933,-0.028344589784572823,-3.1536442350757605,-1.2284200232282327,0.392157034653098,0.1296235808479529,0.06529738756015942,0.17106481668575,0.14309024990870492,0.05985506200131017
2016-12-12,1.9519418486007145,-0.891570554464863,-0.07788088609938598,-0.5277035060344115,-0.317403752654823,-0.039221971908813096,0.009641519244318511,0.007387772496611038,0.015748682896176598,-0.004939872488238608
2016-12-13,-0.5681580116970786,1.097705068295682,-0.4327778287974258,0.11858281403971681,0.21486263233567363,0.004012007740353488,0.10152630354184916,-0.012618505696323624,0.006541035687831508,0.028498082760170663
2016-12-14,0.07962637641508917,0.3583564650575123,0.9804092600446211,-0.5600431119504586,-0.48054694005778725,0.34777990307684536,0.13142614965015395,0.005727931257167114,-0.030269146170241647,0.0033998587317239527
2016-12-15,-0.23404252769306277,1.3714379563610277,1.3127198552084012,0.007430291229515685,-0.07528167771990249,0.3506953737506251,0.09261985783160126,-0.004976238067172031,-0.09452127082328883,0.000580570362996737
2016-12-16,-1.1743668646158665,-1.07102590912021,0.9657892412640982,-0.14163449296488903,-0.7861280639210787,0.16892221628289927,0.07203644711449927,0.0014392288145885941,0.024311961816615674,-0.038333852501719196
2016-12-19,-1.0309839999412378,0.4934095761751261,-1.5120788148986088,0.5830712687250537,0.592097729904163,-0.35739645590733,-0.008953232972407724,-0.015469538366158369,0.05487077184354788,0.04610114795827628
2016-12-20,0.04066656636533506,0.5151067479023955,0.7026675904214533,0.17706463422593108,0.1497367424897824,0.12021606282399773,-0.055056235391517494,-0.004696910813614229,-0.061604661419248585,-0.016094872599796584
2016-12-21,0.2925300236420967,-0.3301015830652623,-0.3077164907153643,-0.21365924265036051,0.07566586046982215,-0.00038670191274134294,-0.05519994327097382,0.02375622767708407,0.0140693381275821,-0.003175733004514766
2016-12-22,1.0593373740921206,0.07858610886196013,2.2373949450788144,-0.27713701160202625,-0.47725780791853495,0.4367939520696262,-0.01276001398916907,-0.0025775982820940677,-0.10818202803942599,-0.058210471869480834
2016-12-23,-0.3343981299505208,0.23697789566497157,-0.4605701393711627,0.23026030632739322,0.05894074860704132,-0.1493512228645193,0.05871373984716939,-0.02246621771927151,0.02149658716752846,0.021217283581829307
2016-12-27,-0.0578253053553909,-1.9287711626562132,-1.437520197750266,-0.6185788084622691,0.21741952025570174,-0.1112203645583984,-0.24465315346290445,0.08980535672525732,0.09682314883774729,-0.011430961164610662
2016-12-28,2.9828698875364523,0.0407948747319362,1.551384604421343,0.06440038563756154,0.15293510554034526,0.06409268575497147,-0.16349119181293578,-0.061400195873334125,-0.10524758352615136,-0.037416362625602606
2016-12-29,0.4110191612408646,-1.8223175281645598,0.5677913783854306,0.32029368586826185,-0.5296198722573339,-0.2704115106543299,-0.04828533245661164,-0.07105482720811798,0.04118439210051463,-0.02521078351818704
2016-12-30,2.703815420895393,-1.2669308071439547,0.3034643435779568,-0.5900888888238973,0.06343273975238294,0.023045004784242176,-0.16328513944255466,0.007815840344734672,-0.004919084736307055,0.0012533806162514222
2017-01-03,-5.582137554651617,-0.5129355494234493,0.11322424277127036,0.12486583984614025,-0.173883095500106,0.36053588679504656,-0.09595990004354435,0.10840607279829181,0.036773929248750024,-0.03634004709697067
2017-01-04,-3.7601092562344904,2.9580666295709626,-1.0611227884810703,0.7082119207801427,0.32549747910512977,0.06757452585693206,0.30940471453829627,0.035647916642385716,-0.00040879760613920856,0.030323544926077046
2017-01-05,-1.6838296889618687,0.13369554085289262,-0.20884060605302626,0.3677682832119349,-0.10961647077720202,-0.07000199469868854,0.07414048056086403,-0.005101139478571635,0.028445042543787612,0.004735198872016827
2017-01-06,-0.8646535085984309,0.9980775730311467,0.02331941196063174,0.6179673928901718,0.4218567334420191,-0.0620672596795859,-0.011098482015976754,-0.025628703369303063,-0.03495425000138998,0.009858422762054054
2017-01-09,-0.19082409041043802,-0.03201281186065965,0.5675930294881933,0.2553946405154427,-0.00781953155617202,0.016265284620611362,-0.045955781730384684,-0.022354632845492106,-0.02596606809945375,-0.020375225284631593
2017-01-10,0.9376514511366851,-0.3889843589308004,-0.6429755749734576,-0.03851315276087861,-0.11247770925409735,-0.24829200460691236,0.052679796758324175,-0.030945216028356228,0.041906044074036634,0.01995173040779592
2017-01-11,-0.9829317025146546,-0.1590163803716352,0.7521471472234874,-0.03636272054576683,-0.2690908706770489,0.20991883731365915,0.004744895821514292,0.017039095994386806,-0.014551692653912453,-0.028831247434457186
2017-01-12,1.7341195826700029,-0.9763886102068877,0.37127264697215007,-0.6403880635433463,0.001138467375089341,0.14905901173092717,-0.17161673365628397,0.03400281401256351,-0.015928159011116452,-0.024047170815407116
2017-01-13,0.24017165272535235,0.7134159147960364,0.3894430886732133,-0.1816940189436515,-0.5240453707150547,0.12320815503672608,0.2646782069778468,-0.02204836072483877,-0.005676574099661226,0.005200635438021689
2017-01-17,2.2857362428690577,0.032949853900491086,0.7943813950019462,-0.5873314806135934,-0.005612281295011735,0.24909685704317525,-0.05610802140815622,0.01383288652337092,-0.05679690161533156,-0.018789039693745773
2017-01-18,-1.5038708670424537,0.39936331758647403,0.5495290196694356,0.23197616150424585,-0.2059405373635374,0.16061649036669992,0.08489259273883876,0.00939886441265137,-0.015546860009008583,-0.019181075554765118
2017-01-19,-0.3152723537667014,-0.1916001666266775,-0.04712549487895975,0.09628117650240553,0.07680953665759861,-0.030241540444892925,-0.053935523698824976,0.0012723487160564253,0.005260287465707815,-0.005120058242797616
2017-01-20,-1.4872376675709762,0.48853408342032123,0.3812552856843055,0.5764793290285524,-0.04924693701600053,-0.017406104021482127,0.06357593356139234,-0.029434975066376965,-0.013318092851846295,-0.010007858292442124
2017-01-23,-0.8655010733714646,-0.49653535158537954,-0.8608241830044603,0.2882126296822466,0.1474486095738711,-0.27323186699799384,-0.060001949515620774,-0.01074162812156486,0.052433917230056325,0.017189665488971845
2017-01-24,-3.3992871168563386,2.916832226942941,-1.3094554186408014,0.03704555395712797,0.22977923072493814,0.31364665198455244,0.4819802799188285,0.123206472429386,0.011889646972093321,0.1290905151668055
2017-01-25,-3.145182431042141,-0.5984468287384657,-0.8767961849568647,0.6499548200955485,0.6454116160800082,-0.15431671525100218,-0.2944972301509279,0.05311719054835943,0.05562228605370659,-0.02028130630282127
2017-01-26,1.1078046672948665,-0.7094613347628588,-0.7021866321674686,0.06246033524241829,-0.03240292093086855,-0.36957721333752336,-0.025634799949741896,-0.06738767412960855,0.05444563184755693,0.011134143976258427
2017-01-27,1.6206621233068055,0.02771547376174167,0.3874779624103076,-0.31636211125204655,-0.07648643663827771,0.0750921570762719,-0.003189152910217808,-0.010202823649776118,-0.03665591356695943,-0.010156203571641341
2017-01-30,2.4826167835821455,-1.630750070813477,1.3833858789218598,-0.451786941777584,-0.33882504161363663,0.10323652543327352,-0.24695036653339694,-0.0248983276804288,-0.04875016165596239,-0.0862015604746581
2017-01-31,-0.3976356835089906,-0.3515268796453154,0.4363926456118564,0.2501350133613385,0.3690358178529414,0.04511980484970024,-0.22761689539842983,0.009706098383289964,-0.03230465535911334,-0.028914074520968676
2017-02-01,-0.6432768854139573,1.2975895927312135,0.1391438325591429,0.3377431144363612,-0.09360581686208397,0.02355272325706738,0.21864240824524941,-0.02814304458288496,-0.022878690974407537,0.01956185750481705
2017-02-02,-0.3231303910730988,-0.7192279442272642,0.5869963751222843,0.3632615308717575,-0.32290154326916304,-0.12938551116361383,-0.02193292692109449,-0.061552967883615875,0.011346916342391794,-0.03268231266041779
2017-02-03,-2.186150713280389,2.27886320951802,-1.326678648324052,0.004074371730948622,0.5481772442697159,0.2007451447071317,0.23764535740960432,0.1090862330134235,-0.0005893012070731772,0.09334943500089705
2017-02-06,0.5951819132556205,-0.46759265588345245,1.2638702442527627,-0.08494541841588743,0.064504755096659,0.2534597463603774,-0.22227447228709876,0.02143396819708418,-0.07089261618226357,-0.07210345062676729
2017-02-07,-0.12093106398370805,0.026669722623275653,-0.32014162331597823,0.45213557862090964,0.010795648990884754,-0.2910521866562822,0.04278136087281373,-0.0721902558666032,0.02419709166971778,0.016637332705275124
2017-02-08,0.612978148374842,-0.4628789662276955,0.2981404880432131,-0.015538939482943465,-0.09864280521295479,-0.03965925705166293,-0.0529773076354789,-0.02507555156934452,-0.0019257015865744834,-0.019655029659835576
2017-02-09,-1.245391574595835,0.08865871470162862,-1.3836386864187604,0.3592838422229788,0.441009440028945,-0.2890693699303032,-0.04023626665824766,0.008802778128816292,0.05659302083544847,0.04279273853548925
2017-02-10,-1.5031787185945573,0.6771752690938512,0.06779520837633639,0.2943705416066475,0.2848943587481565,0.12197979828338713,-0.021115315352955372,0.03422273936888126,-0.024614759126834574,0.0020377562603965324
2017-02-13,-1.159605286864149,0.8895898583046348,0.2716495801803331,0.37229293533433117,0.33241958703667396,0.12372440654611416,-0.022652748119034827,0.022318820908143976,-0.046979251410419726,0.001507878066374259
2017-02-14,-4.849630820899663,-0.7275484416808896,-0.6247401895436165,0.4488581642512862,-0.10249371109135323,0.05110370531056114,-0.032862709172896,0.09308851661329862,0.10000154269146062,-0.012244815948298638
2017-02-15,-1.0447759588452252,0.1600660772891789,0.18805593259951808,0.6993181121737606,-0.06037564819433805,-0.20420180580885286,0.048853733448188816,-0.07279331794852374,0.005109917824881023,-0.0018943351833945578
2017-02-16,1.6522445047240144,-0.21729552131118074,1.254931039188765,-0.3434095972818225,-0.487974803811224,0.20150274667497028,0.049057820113088235,-0.027929084678761682,-0.055066668265526815,-0.04606893141243484
2017-02-17,1.663235843538448,0.6176217448611824,-0.8972212762479164,-0.18071379232989576,0.16039902440381038,-0.21004856378579798,0.1328091856811358,-0.037796532551733264,0.018265136939300253,0.06780249825809274
2017-02-21,0.5975399410527471,0.7817874911947335,1.7387718874659175,0.8821618184573734,-0.09230018582827534,-0.05294519070513693,0.028847425115891445,-0.13116358166347764,-0.10207429053589408,-0.04138024958753761
2017-02-22,2.157546040033127,0.4024590111144768,0.3257571863747104,0.026461646972793604,-0.0033262446409112697,-0.11885720167790684,0.044320381496916646,-0.0683512251717944,-0.03502343293463998,0.011760482750420078
2017-02-23,1.7306458466693193,0.6637976134843471,1.6940732621838397,0.6146541728414953,0.029840665487121096,-0.01935768213968265,-0.042961318788111505,-0.10477390503779467,-0.09442210613248013,-0.03920696420948695
2017-02-24,1.2337460818991022,0.9276372514361233,-0.5761327328662218,-0.37264643195975095,-0.12503522965241942,-0.012763120691880197,0.23890722481576435,0.004479390077575073,-0.0028028515870043205,0.07066724937285691
2017-02-27,-0.7821673094127918,-0.9945844936458004,-0.7375898132941069,-0.16191911547455148,0.3164724232027066,-0.04120163397903274,-0.22802094294204442,0.05371697121027091,0.041352030124091284,-0.024894374657251677
2017-02-28,2.930347315960442,0.21601027037706583,0.6135259449515587,-0.363407459239534,0.18345940059729685,0.08975511047175545,-0.10884554525242661,-0.0025097262421438105,-0.06414194613466467,-0.014112153618873698
2017-03-01,-2.2646026303907143,-1.1628873989122543,-0.45834021202872277,0.060005580370844434,-0.022651024479392167,-0.015804016546183946,-0.1181802268422116,0.03538164674154786,0.06261689735714662,-0.028581979432265255
2017-03-02,0.328089401955105,-0.024166068513280754,-1.0172374671517124,-0.23383192573376885,0.29408874719360417,-0.0994332653268528,-0.04340071311327664,0.03447801314622258,0.025476539332694552,0.03071687868748278
2017-03-03,-2.2700920592892717,0.05052049159508905,-1.2927068136914655,0.4865767795390568,0.5440977791263277,-0.2140883188056202,-0.09715622849116066,0.02949252183250827,0.04838229094526195,0.026333599838630935
2017-03-06,1.2604103198181689,-0.03347502789839055,-0.8009239242576829,-0.15318814832443045,-0.0012680641689326074,-0.21688509116877172,0.07103784252882944,-0.024658185386378904,0.03671676247352173,0.03359972967225264
2017-03-07,0.6113599180015741,0.5242265670348518,0.6710625681808065,-0.21102006781629315,-0.012510413474360885,0.2267251758937711,0.012090827934848981,0.01861051083660696,-0.055947992553284136,-0.00878501021821743
2017-03-08,-0.29998539626846454,0.1759645862721098,1.4440033043683098,0.5248953887778788,-0.3599351514736534,0.05326086590172231,0.059193265153360895,-0.06985285412001827,-0.044617109403968715,-0.036568433443572655
2017-03-09,0.8751837689290947,-1.078963438174183,0.24226495932443232,0.07381017047733601,-0.42860679874324625,-0.2127952103463185,0.008009745994206336,-0.06784758601545104,0.04282790767884029,-0.021540789566777737
2017-03-10,-2.213297066296623,0.5928921808657509,0.13090240048603435,-0.09562953172105271,-0.375505783680314,0.2645734213016935,0.22378898071592632,0.04283221215655746,0.007903292398066792,0.011649589479850592
2017-03-13,-0.4719906197094148,-0.7570940632821067,0.5081845073448659,0.013223681322369962,0.12793332202987173,0.11587467875069761,-0.21674323851889038,0.02700276605896166,-0.014831018458793392,-0.055141863159288956
2017-03-14,0.9811967015717704,0.5523690927657017,-1.1263097880960422,0.34326312717072055,0.22635699925847982,-0.42607309872337307,0.10161212589724797,-0.0631745292037204,0.03402798472126953,0.06731091393386344
2017-03-15,-2.537143433447004,-0.33910208689353644,-0.3982320447517529,-0.26984355799986476,-0.10815200865629826,0.23431863550671575,0.013385229292476339,0.09384612741669968,0.04006592282169794,-0.006463586428015418
2017-03-16,-1.0285280762814177,1.8194511856120954,0.13558572150859236,-0.44417236692208106,0.261791400401484,0.5561200797624459,0.15743011187639333,0.13684231902206923,-0.07816018806333706,0.045989771123808434
2017-03-17,0.29975459777060465,0.3428564412185608,-1.7849249862710022,0.5605952651863039,0.21310972020278246,-0.6677700581761205,0.1742476228045406,-0.12650245887194791,0.10664986071202964,0.1038298811255515
2017-03-20,0.2754078502273977,-1.009184270761226,0.7210394703846642,-0.36457075895990393,-0.17922311860534895,0.2124777033808023,-0.18416360541897162,0.049038444864717805,-0.0231227827153666,-0.07829242097288312
2017-03-21,4.286603097652487,-0.8234798093488889,2.2512685158777193,-0.3233955203899414,-0.24341543230993049,0.15419883312618207,-0.23986259912387603,-0.07088235398528868,-0.1131023177615903,-0.1068075300344701
2017-03-22,-0.7012225988039472,-0.22963376463075083,-0.41858354731125597,0.3079320354939316,-0.23994176479336177,-0.2358397437383893,0.10912960230553408,-0.04819798553847933,0.05199643143721158,0.01758436248403856
2017-03-23,1.434039544411049,0.7382882196887149,0.46022780553395654,-0.3010072981522778,0.12697057476683724,0.19758577789149845,0.011674033733443528,0.021422496293548515,-0.06271571891301747,0.004049205731864618
2017-03-24,-2.5532707891979474,-0.5690721762937893,-0.3833889723469813,0.6200933361533636,-0.6722640117022503,-0.3031406072958221,0.24670219455913206,-0.076274790477943,0.10400734189262471,0.01677189301108918
2017-03-27,-1.1842533937531197,0.4805048581828842,-0.9280427011843853,0.07759720740670077,0.4589830962119338,-0.019437813809636908,-0.030643217587254676,0.05030050815867549,0.014119145473272728,0.03810589752497582
2017-03-28,-2.7762228283808827,2.2939361773977818,-0.7246402155166118,0.5130632477137127,0.9636954391276501,0.19316953429785205,0.04625421135069849,0.08741732888369598,-0.05917011281928375,0.08550293266637227
2017-03-29,-1.6611339680114983,0.08392782086699992,0.537184478375326,0.17727412032422243,0.0894805326451663,0.23144226353586528,-0.07921964452215341,0.05684270249375191,-0.03418350648258626,-0.03457583382524668
2017-03-30,-1.1882234294189555,-0.043574881842722964,0.11768720552457125,-0.13773827736884867,-0.16103840726689495,0.1980556246035132,0.05613855194004028,0.056835413909697076,0.007291270611063205,-0.002273813859412466
2017-03-31,0.45223649019384327,-0.8257159015990955,1.417078785786631,-0.12087175611796584,-0.05126125480036804,0.2878061805027695,-0.27613895866677685,0.03589899199206939,-0.06835872974273684,-0.11774693505645976
2017-04-03,-0.018813140338946335,1.5211223346546456,-0.5528570851252889,0.7820030247250579,0.2713920171116485,-0.3689931800511527,0.21455383428389957,-0.10674915382576895,-0.009344744083585313,0.09626941115638508
2017-04-04,-1.728300448285861,-0.8920775590201184,-0.49477016727522516,-0.017982761561911708,-0.25891863719568653,-0.04650976433342035,0.023419385690361196,0.018295371936204757,0.08425482311102886,-0.00865717127943453
2017-04-05,4.2435901418743684,1.068350563852785,2.2108042320292207,0.3856833976001488,0.3874190115606247,0.053778574799238185,-0.22883819681308273,-0.09787613820862677,-0.19487002249987645,-0.07075309696465588
2017-04-06,-2.9518242485847894,-0.04249112975237366,-1.035595180763972,0.06752644662205169,-0.24783933496229765,-0.024884119413365727,0.2265793549805201,0.03487670816434233,0.0872503172080136,0.05658705322005656
2017-04-07,2.4052387232968395,0.22711455466418126,0.6054441100423322,-0.3131567481122768,-0.28000532319706256,0.03297538525540085,0.09196277433201713,-0.03872303987320903,-0.03837952876345023,0.0013931054231706198
2017-04-10,1.9711564475147376,-0.12738332916956466,0.9698335534372478,-0.20908741940747078,-0.07480056427689523,0.1209797426392443,-0.0970383471822695,-0.01160541533906478,-0.05528287248790071,-0.04993771108571217
2017-04-11,1.8429614270458738,0.2522738054202982,2.0828722759443425,0.1205028417459186,-0.4514940141313295,0.2110347249945269,0.05483821434613545,-0.06227818156989495,-0.07711762763912682,-0.06422337377141593
2017-04-12,0.24913741699824968,-1.552757145711518,-0.37956277951250295,0.1879380145771063,0.028592935725157902,-0.35016517391068835,-0.2110142649039914,-0.07862003885837655,0.0827669014149021,-0.04222010795709327
2017-04-13,2.728769892857644,0.14061357041373015,-0.39017868713968684,-0.541919837009882,0.5376486224184229,0.014107789878533937,-0.19575573140074204,0.048503104393046455,-0.03744420236048342,0.017817442773517243
2017-04-17,-4.83009651039173,-1.1689716849773675,-1.059270120210801,0.42180619543844267,-0.6040192668718269,-0.1884081386000394,0.18503249760610396,-0.012508209236231013,0.13550701447309646,-0.0016242860817893012
2017-04-18,1.6050430030567568,1.3606386121934984,-0.08670445294772774,-0.34079860073564916,0.35964391434167864,0.17207864460698505,0.051316273481397175,0.05427372902723684,-0.07619836430619137,0.049193867855688925
2017-04-19,2.14500373088835,2.058194931704348,0.5496834545174939,0.14152688308989284,0.802770221551843,0.16139274999467731,-0.11823672381015383,0.0540390448388716,-0.15312356929339244,0.03417096730142775
2017-04-20,-4.328265459475233,0.17200882803668094,0.17911350269682663,0.475965347064513,-0.4512945205286464,0.18810523880917096,0.2622974958196414,0.023342342445245155,0.029194082868607283,0.007736698056109122
2017-04-21,1.6685476393463947,0.37412058784373065,0.6328183856267967,-0.20193982511362832,0.20582625900194973,0.1619990299440645,-0.11592085347473878,0.033962495323680335,-0.06967114802490247,-0.021915903906586154
2017-04-24,-7.013007430325053,1.1942521567682656,-3.03092895911091,0.5903584295326328,0.481766139891868,-0.13382677741693672,0.3600891653971853,0.11461532480524722,0.12145488263099437,0.20351545099407486
2017-04-25,-0.5489477144152856,0.7516820527422186,-0.5922442900512288,0.17761920448719354,0.522150160358608,-0.028689473186991287,-0.05347432902115447,0.037866918912474956,-0.023126981869135334,0.04534381529708098
2017-04-26,1.3334219162581915,0.7071423509869759,0.48150495321126363,-0.21841328446970634,0.17471846751356165,0.191896088868634,-0.05121398666959088,0.05787239116131539,-0.09152510130626088,0.0004493282601027529
2017-04-27,-0.7866785593003556,-1.016243040968177,-1.1079686850475692,0.062238356145702875,0.03195559518785845,-0.3158035685021218,-0.04718131069140255,-0.061099248140603066,0.12160210594718308,-0.003859143862636749
2017-04-28,1.4467487075127075,1.220897541384617,-0.3304660255375511,-0.2872925179389213,0.1931731982602222,0.04962637951980887,0.13570909492658872,0.030678483981851783,-0.05608655512191898,0.08824708655080782
2017-05-01,-3.1912432930296655,-1.5553403274747994,-0.540980586311486,0.19339521080590302,-0.20336135370073613,-0.05291251467651375,-0.05794044592466434,0.007984289180004066,0.13821395474977924,-0.05013560783020029
2017-05-02,1.5724470108628574,0.8715395003877058,0.5263860809595755,-0.008998494044369604,0.2642195045958309,0.08815105622556955,-0.07049379311534637,0.016678677800794604,-0.1040391138279176,-0.0014771037243388714
2017-05-03,1.8514015057642257,-0.5405030631991202,-0.05331618742082771,-0.17974149861934502,-0.1286192665186424,-0.18861610185327402,-0.05060387551812585,-0.06801742031275092,0.021443352966232537,-0.027994249948578853
2017-05-04,-0.7373663382462762,-0.4109480138894789,0.16579874098090713,-0.28695867348210247,-0.09738577957437122,0.23069109421937659,-0.043281646185325845,0.07691002598874301,0.0022502468672609315,-0.028753556106675265
2017-05-05,-0.8811285221350655,-0.8977000850877286,0.6873685636899055,-0.0907485403050914,-0.575981156384365,0.150451728086181,0.06075808059426912,0.003910450821366007,0.03233974122156559,-0.05302718795276047
2017-05-08,0.654437233732725,1.4589206261315604,-1.0425999077900472,0.11606757115180383,0.623140512238145,-0.16949484864774542,0.06799951399121469,-0.00011313016209901006,-0.029756019308956043,0.11170699474053197
2017-05-09,1.1445059262426471,0.6743015811801634,0.7630529917225686,-0.2408152176641716,0.06092146469583956,0.27584662400292376,-0.03430900934133798,0.07307292422006657,-0.10358899263706074,-0.009016012314890359
2017-05-10,0.559008452225175,-0.5630387607816288,-0.254138208920072,0.31574028051869446,-0.048970263433764455,-0.35943521001814377,-0.03771331411736522,-0.12298313791100068,0.05662924779158205,-0.021474393534500643
2017-05-11,1.7034761848732323,-0.3578418890240575,0.10887769642927712,-0.6751130576286676,0.0834122692424028,0.19304282099056383,-0.16225760255609975,0.07748752171381001,-0.03380999559930539,-0.042123749842517245
2017-05-12,0.7428463996311941,-1.4181732534490694,0.38157658208427675,0.1569518306418181,-0.37262576978311834,-0.2543348008216902,-0.08947415476972535,-0.11872771429651077,0.06496539552406738,-0.07772139527770464
2017-05-15,-0.9028944479186748,-0.4508638298817587,-0.493061655275415,-0.394817523995432,-0.0346682454442555,0.14250388618351273,-0.006241633821137834,0.07477853359099962,0.0391129020290057,0.0019414126442337631
2017-05-16,0.5579512912158298,0.006400033522700523,-0.38603308935560693,-0.4695839025001592,-0.012666757821900352,0.09504835283728635,0.03329512434360805,0.05072425698540871,0.0078544290420353,0.02182001727747276
2017-05-17,11.30460252963018,-2.4086142078453543,2.1060339973467346,-0.7634232903972366,-0.8734408979908442,-0.6041222011498919,-0.2345945682141529,-0.31922647222658734,-0.008312882315963622,-0.1333955827419879
2017-05-18,-1.470077777434827,-0.7263504823099982,-0.9449691786994547,-0.035237259397333756,0.371693074112837,-0.05694646720988372,-0.17073490822745427,0.04738001299918144,0.04566888352500744,-0.007524383121685548
2017-05-19,-5.284826006724593,0.5954451434581267,-1.2426334388193458,0.10525181866117354,0.22530446536626159,0.26193714071615193,0.10428826358451197,0.14653327286084913,0.04090849646695543,0.041438351656050955
2017-05-22,-3.375995007165545,0.17237712107072223,0.010974850022096931,-0.014303170027470165,-0.31730971890099846,0.33061988964636746,0.17815656467867386,0.09984857060795899,0.027112659776261445,0.013757400438992021
2017-05-23,-0.9074075546331443,0.07124846233305643,0.5950027031996963,0.2873836394414931,-0.22872997048882734,0.06379893056574398,0.06833677216614335,-0.016450623740492547,-0.011304220131807641,-0.01640166923319665
2017-05-24,-0.7423586314872984,1.1473273832012227,-0.07491063208807759,0.14490543039229778,0.423896554848233,0.1664125762299958,0.003889999458490358,0.07227434134973237,-0.06027166190488787,0.03728679470456578
2017-05-25,-0.9374245317597106,0.6372105143034954,0.9035403549555486,0.12307695917589237,-0.31806770234348614,0.28311409014170513,0.17712172049202182,0.039932154544323716,-0.05099770659462003,0.00618641273105699
2017-05-26,0.807851587394148,-1.190200138524979,-0.712972395214649,-0.13547531240357472,-0.21296966484897603,-0.35147202727703325,-0.03201214855182636,-0.09299220980152637,0.09802792961178566,-0.014130409215283146
2017-05-30,1.5844287540826525,-1.069687939307472,-0.06035037291302002,-0.5447005341976618,0.08510385491140611,0.023310845992409984,-0.2366888030250615,0.023889999718121804,0.011657653988085435,-0.055546800035840845
2017-05-31,-0.04660971250467852,-0.2052458063752898,0.1347371080861539,-0.15977164453383366,-0.17506546992856764,0.08051056000447672,0.029201608862869724,0.016322554424775274,0.006633155491912607,-0.00911448188355134
2017-06-01,-0.28536315737909257,2.108750104859676,0.2005587234120543,0.07157923242841562,0.11427542752606203,0.2666034600848392,0.28621228207907984,0.07243034962657359,-0.09444687583378161,0.09569240034197529
2017-06-02,0.483625795685051,2.4537388002824776,-1.0507680018463752,-0.08888338742979993,0.5022386800876957,0.0324902312825012,0.29878078556024784,0.06823366453633217,-0.06985078330459307,0.18908390687154625
2017-06-05,1.0281463843542082,-0.3993535012841293,0.5673681483206268,0.17050433355339817,0.06526069586643739,-0.08808487291326904,-0.1869544944631855,-0.05095567843141782,-0.02775935156160677,-0.07420688534633992
2017-06-06,1.8847488321475678,-0.5832714379186607,1.1584086740183688,0.028065226819799952,-0.4281752088547046,-0.054339180752218164,-0.030229105284445727,-0.09439475379579321,-0.021793287152916483,-0.07334666885250335
2017-06-07,-1.0572100258361308,-0.700673270120711,-0.49180049437333767,0.03607335190972575,-0.06068127080910346,-0.10031887250372508,-0.019845753295651455,-0.01369544362743364,0.0679954785915068,-0.010701098121752508
2017-06-08,0.7495373387741101,2.9162735926901875,-0.6455146412660335,-0.1222191782022599,0.5573226343787606,0.17492307040902347,0.2762469665471159,0.11261566481102245,-0.13211958260707374,0.1890876470187069
2017-06-09,-0.9716215473722958,-2.015584261859915,0.43057405302745855,0.0005332083218578751,-0.4070520848638044,-0.024091057683823577,-0.17455483507079414,-0.04309241383593913,0.09269712970395455,-0.13075836199847438
2017-06-12,1.3459453208875272,0.03807477311760993,0.8304035203314837,0.0746104798571746,-0.2740597648173228,-0.020689297164846153,0.04136316250367694,-0.06156599355951175,-0.03447357289755869,-0.025882754878150598
2017-06-13,-2.7363475651610814,-1.0678517505391973,-0.7152053566411282,0.4305351427628014,0.007919042569212236,-0.20689758743216366,-0.06764018399611732,-0.035104689773709036,0.11154927624705374,-0.026484306599864803
2017-06-14,0.13478551464473487,-0.14571873613579697,0.04310755756471182,-0.20359038554039385,0.0011268662525331496,0.0987837140887637,-0.0380769200915803,0.03591502650887041,-0.005734352712915353,-0.012575943154325642
2017-06-15,1.1271756165970044,0.21129321895108394,0.0009948673356702184,-0.09826643768900169,-0.028847724297955336,-0.058310974265170394,0.03999663808503925,-0.02573466719737745,-0.013021486881291462,0.01548761642426029
2017-06-16,0.22020908957299756,-0.23733273483662662,0.09427671083470673,-0.2558785098408023,-0.19209813232458584,0.08868377108328651,0.03729380378195006,0.019650818061006145,0.007588561619772632,-0.006535711605852937
2017-06-19,-3.5256023665054634,0.39910558981740546,-0.9695838615223243,0.10829293844782216,0.29809746132179193,0.19142853966299875,0.06814671094591053,0.13657991799371538,0.04343996805739305,0.06574872035001002
2017-06-20,1.7017679093713587,0.13563187183356717,0.9448627911858307,0.06458126470937511,0.06910169080095,0.03994082332314562,-0.1388738121342312,-0.029467388345320592,-0.08113626706194652,-0.058025312956829715
2017-06-21,-0.919188530342703,-1.874664995036782,0.2532450857571724,0.36817839218829895,-0.3741295533759209,-0.2743029939849505,-0.15256405086486954,-0.11703851991265267,0.099520775353078,-0.10537590826238931
2017-06-22,-1.178974480862346,-0.3190975334560293,0.23011279741152946,-0.030944170446631048,-0.14478829833982573,0.16422184588533417,-0.006423326136832161,0.04801008149038839,0.010305240653023795,-0.02626521953520738
2017-06-23,-0.9147557618584118,-0.1666955699133942,-0.023739356193999354,0.06218346155233989,0.07080719494799992,0.06697568625337572,-0.057236435897760035,0.034374084686999644,0.007052679196748604,-0.015186316147059464
2017-06-26,-0.36232145379090813,0.81519824882064,-0.393857066900779,0.027904558933953123,0.21079174862216915,0.04288691875716905,0.08857196067333982,0.04061614622791835,-0.018166731553143873,0.058243156919510757
2017-06-27,2.5824076756016776,-1.1131686456357417,1.3746617758121735,0.09346217967080366,-0.3664234550795179,-0.16850636947092446,-0.16341702300036426,-0.15331855322989477,-0.020522588864187945,-0.11393433029276283
2017-06-28,-1.6145461177098759,2.200941460602484,-0.8229569941195786,0.030206690086284158,0.4125837301794991,0.2478790502976997,0.27650532905997893,0.14498125989544328,-0.060431397830106384,0.14779095558527597
2017-06-29,1.2110881503176176,-3.4191687101751578,1.320435236115963,0.34646612060289816,-0.24861995791367295,-0.36970239659252896,-0.5826311220989135,-0.200745047857898,0.08036184265119166,-0.23599672540725014
2017-06-30,1.0689974217362501,1.5117709932905745,-1.5683689055497896,-0.03836808744536913,0.02376853791748791,-0.3517465196796132,0.3812259136795794,-0.04734176457256704,0.02653180301761648,0.15671105924056145
2017-07-03,0.7988447279106179,0.4455616954053373,1.587584476359091,0.015099857682862065,0.22312270527265962,0.3946660882448471,-0.1863189777755157,0.05684569961069493,-0.12156343590110454,-0.0728718751235211
2017-07-05,-1.5370471085528037,-1.304327738406341,0.23060081509893576,-0.07220644066924119,-0.29786501653168795,0.10162902386510947,-0.09125535365228542,0.01899800709316684,0.05721042243992124,-0.06858093662656385
2017-07-06,4.176526977074627,2.0925849674296306,0.4929403935204151,0.8952802647560959,0.40359238772712164,-0.558277752775336,0.11063620151387606,-0.2115194961765147,-0.10008154766342643,0.08277921358781068
2017-07-07,-2.7892694325438208,0.21786227759969493,0.36007190568431247,-0.20053970654290007,-0.23313022082275534,0.49430263934224317,0.12042241118719574,0.13736319768983593,-0.02379261685471892,-0.014046715913263765
2017-07-10,-1.0461435039572462,-0.7180014964795532,-0.5797798501590573,-0.03415623608391091,-0.11445572421344534,-0.10032377484976002,-0.00486453535276484,-0.005016246911789029,0.06530485124419995,-0.004924376594702616
2017-07-11,-1.4288857492072269,0.34856516379142677,0.24985021875868976,0.2382497128183256,-0.1450027901053023,0.11010161887883933,0.11719887548816402,0.01913611911614065,-0.008459468092369894,0.006927815205151608
2017-07-12,-2.2169736207990884,-0.551579070047543,-0.5608096477827297,0.18370436433438797,-0.14559413456920522,-0.06837127414811776,0.04092971925191675,0.01035135792913988,0.07078746262358111,0.0009598465674227915
2017-07-13,-0.8282972635319166,0.9967930254161029,-0.8608561711746293,0.040948133346526465,0.312503144945223,0.001047159937573037,0.1239889969103562,0.055851314514124305,-0.005495983438424884,0.09352926546196237
2017-07-14,-2.8772176549174535,-1.2348058820775663,-0.24748411671552384,0.14553878033678616,-0.05644012430004134,0.07068484727985476,-0.16494322107950488,0.0628537044384364,0.07612512894123404,-0.06888224966486729
2017-07-17,-0.2132321354436486,-0.22933739981651138,-0.3232324738854395,-0.040014287453826555,0.18681878906464464,-0.025038537923083262,-0.10197498223892967,0.021313583944239035,0.01328104553949358,-0.0071320610454886045
2017-07-18,1.8923922004022413,2.9668039298776683,0.6120822777767172,-0.17583465820031718,0.31674385873132577,0.39232318935214994,0.32617668991642335,0.09530909187420376,-0.18580359694377843,0.14474161474340688
2017-07-19,-1.1709317732073836,0.2820869281468808,-1.497997757025588,0.17892932233499795,0.13805390077365268,-0.3176272781769312,0.18248452269997337,-0.04152365544252895,0.0933327765154718,0.11436630086844606
2017-07-20,-0.1707021530294566,0.354057185635184,-0.04898036607605432,-0.14877311335785057,0.25741041745208887,0.1800376678733024,-0.0654599270980879,0.08549892232601897,-0.037138552375834535,0.00856177880991089
2017-07-21,-0.35559324768818856,-0.23189808033520756,1.1503296009922204,-0.17259916753603444,-0.197728773859501,0.4177337795728861,-0.08274788768265665,0.10427244550031815,-0.061192957083554024,-0.07683906956317914
2017-07-24,-1.3882344821798052,-0.7447525094325765,-0.39681057473318737,0.35605732919801936,-0.2639758287230317,-0.2675485835504761,0.06456056729793012,-0.08981507517200771,0.09638506841708547,-0.008843322285208568
2017-07-25,-0.8953108820679113,1.1603850152039632,0.3338762898225576,0.4726525415139112,0.06571376599001527,0.05781626102410906,0.1891511279160844,0.000542998513774445,-0.053214977957784994,0.07085367202204451
2017-07-26,-0.37583454695218776,1.0719804359871266,0.6146563671712845,0.9232583478960801,0.2748515966202112,-0.17549706050179284,0.02371965361151367,-0.09753457707801506,-0.0744250188116805,0.018465759317162118
2017-07-27,-1.9170940037745816,-1.912700186679491,1.5296586647980057,0.5406071812727741,-0.655742283156673,0.045505832082427145,-0.18602774038561123,-0.07816730851449061,0.05239461854727254,-0.21508465469780794
2017-07-28,1.440307409601163,0.20923004363966402,0.10998079056999602,0.03297692745046453,-0.06373659519861882,-0.16214392712329218,0.05290275032398929,-0.07931701964961708,-0.011839650535389937,0.015106599851885286
2017-07-31,-0.3697037642709599,0.2989840649165299,-0.42778466797091236,0.3085569156492326,0.23656954511938608,-0.18080014786987497,-0.006273686272138512,-0.03543520968324239,0.009703391338265756,0.03424345429345349
2017-08-01,-2.0038239271121023,-0.14507157346758148,-0.5386094297025273,-0.01803841251583306,-0.11353544094999796,0.08403396475079358,0.11481039812003517,0.06576617496337597,0.054694841491210636,0.039942091794698424
2017-08-02,1.0474695295310508,0.09059190070098795,1.2448531934418796,0.856015864741732,-0.03961849581676295,-0.2893535405566415,-0.09507698346725489,-0.18715651010100362,-0.04920256557775317,-0.08091894611458797
2017-08-03,2.8055936830271646,0.7996531845946683,0.5288881018085173,0.43402014925046,0.14831729149209544,-0.33643040433394034,0.0019374238094624287,-0.15451542251592898,-0.05289610690389364,0.021350917146312546
2017-08-04,1.4293850507651806,0.81628993515557,2.1574483524514347,-0.9257184690226341,-0.22939459741009577,1.0065820344114726,0.029622429074923587,0.23887571800021712,-0.1857449257327535,-0.06906301030854337
2017-08-07,-1.388352940296402,-0.4788238426457395,-0.9798899243230047,0.011390809840838349,0.21584954857830788,-0.11657643833029371,-0.091026644760365,0.02431404616031127,0.05689328250822179,0.00834690604274209
2017-08-08,4.520991798258383,0.42427255971363226,1.452034498329961,-0.3196211826380475,-0.15136646396191253,0.05210439069157589,-0.044710338301675805,-0.07178550366756718,-0.08925139762898288,-0.04536221770521399
2017-08-09,-0.35231549937208834,-2.9379130382731318,1.3599152772312975,-0.16674538114674567,-0.7947875404775525,0.07827830556856798,-0.219258240656921,-0.11382317513249338,0.12759583218183365,-0.23781654326855314
2017-08-10,12.963356126982923,-2.063880500563157,3.7476768307255908,0.3926534275286673,0.06820539508777923,-0.8710629732002639,-0.5705580072113752,-0.5181502822664459,0.13107417841158703,-0.1089586524623162
2017-08-11,1.7944829178897195,1.9894334814336896,-0.522694813569707,-0.21213907720939146,-0.08880826150337391,-0.021580607419085445,0.27573347114418884,0.0648002026794316,-0.08773457648426095,0.09798765440686824
2017-08-14,-11.209254104691784,1.6756471286129555,-3.963614387724401,-0.09313374846117309,0.11836342387582564,0.4008891549401127,0.544674146410546,0.34202475790256565,-0.0749850139790349,0.17830538797957537
2017-08-15,-1.5652840092156002,0.33837650848376527,0.768536276068224,0.9962282337954363,0.004828116199394155,-0.13275608822099047,0.025916584234311573,-0.09194979746449437,-0.0013352317409809841,-0.025017148889074137
2017-08-16,-1.7314247064134236,-1.4050151084905984,0.4803691116269855,0.08265666616734155,-0.25700420539359153,0.1026404760287919,-0.13235544422603335,-0.015885459573514074,0.0577892855146562,-0.11948602470622233
2017-08-17,9.22267802443545,-2.7380318652971285,3.536873984769368,0.17437396024974858,-0.17040791105092776,-0.4795884546917075,-0.5726157838424354,-0.38502193484304287,0.1415995000090189,-0.18473157118464933
2017-08-18,0.19742981530869358,-0.5622213795890082,-0.31373036821486533,-0.20645980153050886,0.4067176564886354,0.019905260200349058,-0.21290751925737803,0.033480583598106115,0.005296670853248117,-0.0003226996229670691
2017-08-21,-2.3608576383165643,0.9074955683499634,-1.9691466970477751,-0.23598767961875372,0.20855771652824043,-0.006430460207271191,0.11518221098176715,0.1387411884307691,-0.05697033563756071,0.07164300909342533
2017-08-22,-5.12313755651865,1.9189212809345504,-2.0625139553693805,0.126911487512224,-0.006018280036602947,0.1420820820749633,0.42776807667238204,0.17631706546861134,-0.0620024498350454,0.12856403215987197
2017-08-23,4.235116561905154,-0.31367800525010403,0.8519974005737719,0.0761682275455743,0.09667327083992117,-0.28922369504249196,-0.1736918861211769,-0.12886706756829602,0.014805925778944976,-0.01928567247896212
2017-08-24,0.1683596680330077,-1.9373366914730947,1.1461602487876088,0.10483675504680023,-0.36079832500643555,-0.028259528021476785,-0.18025857032145742,-0.10685377465379571,0.08609907131848522,-0.117202554436983
2017-08-25,-0.2106042960808607,1.61513464814055,-1.275936225585559,-0.08966399209619541,0.10422325221708484,-0.07875209810302614,0.25557371231843345,0.0699543888321435,-0.05266069938704794,0.11863978090978061
2017-08-28,-0.5024980034481116,-1.2860692306863981,0.22503015356650588,0.07321473394775024,-0.3932783997925036,-0.11735959436954446,-0.03048850470363517,-0.06881397312030259,0.07200444956319152,-0.056768070235146836
2017-08-29,0.4558370670807995,-0.43821578256926375,-0.42557986818520677,-0.48629135728861433,-0.3388114913050597,0.0017452289487388702,0.09728576095018239,0.013094327848654864,0.02728864951445795,0.009706497928714138
2017-08-30,1.3150494717545358,1.1341887745251653,-0.7669618415551254,-0.011747760641871616,0.378211027625041,-0.14739703956952974,0.05320127221378216,0.023269420033626115,-0.036646760987755114,0.0933292891985316
2017-08-31,-0.3123688069385405,2.613956122272511,-0.687162415112719,0.7457054568907457,0.3351863855536935,-0.22740066920534555,0.316112181836272,-0.011344960061593783,-0.06564164584299335,0.16982697434573896
2017-09-01,0.026256976648118765,1.7269042117127769,-0.6442385832339668,-1.7638572988462722,0.4773962502798591,1.0012187680514155,0.07910478392515305,0.3796629647442933,-0.19867875434724824,0.08262459452740235
2017-09-05,4.170808049948824,-2.17402670173482,2.1700507075438904,-0.18673227743319046,-0.5268629180163752,-0.07229267600091856,-0.30656382148244643,-0.17124680933054437,0.07694965454363473,-0.1999234152286136
2017-09-06,0.009566114217074725,0.26003845390350866,0.25195756197213215,0.17157629814410422,-0.266328927796269,-0.04583389405622367,0.1480542372867837,-0.04012958574848005,0.005115694779650978,0.015769346342739195
2017-09-07,-0.021981786537258324,-0.38274427363647723,0.4963723793041962,-0.14175602890492997,0.16765019517254168,0.20438695305511106,-0.167531688793881,0.04005758928314891,-0.015720472131950696,-0.06025235693509649
2017-09-08,3.6851622972562215,-0.14686433515593209,0.7648291839119978,-0.3619292186583619,0.018457007527921048,-0.006449260977305543,-0.11629191697090137,-0.03051023938794531,-0.0031231074680319057,-0.017599924168285364
2017-09-11,-3.937729184705734,1.683162213182878,-2.0363206808181755,0.0336885538094254,0.3979477684482327,0.09864122784713662,0.22920316126232954,0.17256372971469766,-0.08483446057655772,0.14055844312629168
2017-09-12,-1.1354872426280163,0.3032056361301824,-0.6032822471817212,-0.036179356090209974,-0.01913491930668198,0.011502404832821068,0.12015348110817384,0.033863826785564495,-0.0022889311242719488,0.047704537934709926
2017-09-13,-2.048330415963929,-0.6316429562641381,-0.4447586627786717,-0.1291634921089075,0.07678082002039081,0.1395067780471713,-0.07298415845826155,0.06433335441012385,0.025199418448990783,-0.031123237718292927
2017-09-14,0.784554234935381,0.593045747709005,-0.7032943596438451,-0.2044540991780543,0.06734056040947003,-0.09552375721568421,0.10758928982998156,0.015891734659988253,-0.011971475907837325,0.07816738690438149
2017-09-15,-0.8590882009365882,-0.8019836431344071,-0.24330567088732638,-0.2692637995783568,-0.11765307652161394,0.08839679101981408,-0.04069362871482072,0.030115742062396263,0.039948858665513134,-0.03580234816750667
2017-09-18,-2.43360774817834,-1.1146345161724254,0.07749017381044893,0.24209660955221693,-0.2143408125158372,0.024319487302370026,-0.05122144142396924,-0.016435562561022254,0.06745358033553912,-0.07247806378245812
2017-09-19,0.9244230328508168,1.2018722109590907,-1.2800751657015532,-0.2952336783484661,0.44653810362612056,-0.09106853170742017,0.07821112129536492,0.06834820828236741,-0.03926933298881097,0.1300114276603018
2017-09-20,-2.0623449924007278,-0.7478690588634758,-0.2021345119997727,-0.04861912271048273,-0.17182438040052475,0.11677371253793256,0.003548138248796906,0.0410245311803855,0.04949522470922326,-0.032518474534792834
2017-09-21,1.3806206368955716,0.5426764700329512,0.23959893442715402,0.3065300212038271,0.07432504023095782,-0.20456652669325454,0.023463565070063197,-0.08168100149467838,-0.023778524857089676,0.022843161973579554
2017-09-22,1.8569748268320605,-0.26294556175226697,0.21023509516574215,-0.18931192554748105,-0.33282875092567016,-0.13339857040709324,0.07873766433735518,-0.07439117895409188,0.02266601693911175,-0.0009211955591068133
2017-09-25,0.11043719174384906,-1.0514693032249907,-0.9060270196601962,-0.7032083332275929,-0.013175181781278515,0.03655458149023781,-0.1029497910927175,0.06046709525722856,0.05808450914596148,-0.018668024742278758
2017-09-26,0.3835377158763248,-0.2784128051010008,0.4058631067643723,0.2214725596505301,-0.09126583512404526,-0.09878015035989991,-0.03913832114542526,-0.0603541828177009,0.010390810396646107,-0.03301686039919136
2017-09-27,-1.1414516873284333,-0.4198766056602638,-0.5733273925362986,-0.32352802916337475,-0.1847468326666425,0.08803825005651482,0.07833894990120488,0.052635373822347516,0.04109345876387985,0.012804259849789322
2017-09-28,-0.6601311738557958,0.8555643225549497,-1.0709086845085014,-0.12669104682001325,0.24966087131502662,-0.010985112640927653,0.14113285284632301,0.06266059028986076,-0.00281292583878834,0.10679721118768062
2017-09-29,-2.044820290202208,0.028273989551351575,0.06087974617785565,0.4131710574052132,-0.20259704870125492,-0.007447077411136462,0.13973301000803146,-0.016487244485386944,0.029104519269958898,0.015002758046752733
2017-10-02,-1.6439300217239425,0.7547030671121249,1.2835800845957812,-0.2019062565818211,0.01739500102402663,0.7617509820246772,0.021440556843422838,0.2183551770719366,-0.12227385604558218,-0.03234367915264029
2017-10-03,-0.7300539081012364,0.46089431096259303,-0.21014559858435905,-0.1465345856937752,0.048166118685058164,0.183575297640836,0.09707090112685564,0.08883270041458811,-0.019614506425194606,0.0524501745486392
2017-10-04,-1.2205529300618114,-0.09587532118552672,0.3267173644959275,0.2838412785206291,-0.2928637348290819,0.02231707506335577,0.1322034065504947,-0.02305491806181622,0.02045150429879826,-0.0017962252959217565
2017-10-05,-2.420743412904897,0.26092275772036,-0.5827068483059464,0.3184461080824879,-0.07517361421253353,-0.02475947175247686,0.21019969193263585,0.025006021360211565,0.04798610342075798,0.0858372673471522
2017-10-06,2.3378584429631157,0.2989033738039991,0.4121969084522001,-0.11904418496202394,0.2138611908509881,-0.04617915072695797,-0.1442874685453929,-0.03728338130270384,-0.06540651872754874,-0.03491162373487756
2017-10-09,1.7888010592693242,0.6271037426391064,0.46509663734824375,0.5150772819160413,-0.07840603653338983,-0.35807105204234113,0.10155608506066939,-0.17632426174571417,-0.023518231182773953,0.02722599990224346
2017-10-10,-0.5891150389695057,-0.7887118452693539,-0.3182336281179027,-0.37916929903512464,-0.2753326254884909,0.08543916523721895,0.032044757484856884,0.03815759807796737,0.05708750443832574,-0.019257865678788993
2017-10-11,-0.8531555094619012,-0.8855861000447506,-0.8008526385186967,-0.6649796815768794,-0.13404444248541067,0.17343661986516218,-0.02018915614372651,0.11361928792412833,0.06786979659176336,-0.005428829775263724
2017-10-12,1.4868111644366522,0.5122001048630045,0.2304822191921436,0.24616403954501312,0.22320703271022174,-0.18155190026721643,-0.05996932280451541,-0.07905912181927391,-0.044500333481910716,0.002574260197717321
2017-10-13,-0.4572860175337362,-0.38652624467464314,0.16218160734808248,0.09762330051017462,-0.09726348959992044,-0.007284488500820223,-0.03586474152021781,-0.014346491154507358,0.018660510187768858,-0.03789497935476854
2017-10-16,-1.9908296899150775,-1.210911438792319,-0.3980704858929983,-0.21308757759362265,-0.2852097695565659,0.1020668938323131,-0.03483094071115621,0.06260496832426765,0.08887424549698439,-0.05125147168724665
2017-10-17,-0.3590715069748241,-0.02354665915997172,0.02853732113727155,0.14437622014972568,-0.11647294709349852,-0.05297106484375136,0.06326534182461575,-0.026509220406353794,0.014809933106071036,0.0073039682287201445
2017-10-18,0.32449678838786683,0.4472135566447298,-0.2653895641536629,0.05309466174540573,-0.010673507410468082,-0.1038018223300171,0.1344019404696978,-0.03152421247240581,0.002718377226031077,0.06544097563254318
2017-10-19,0.00022773125736547532,-0.3401174440767364,-0.8878216828380605,-0.6332091143406505,-0.06728980961996835,0.08803069453748959,0.05679881829231109,0.08609995396939507,0.051508653399026244,0.047058267883274094
2017-10-20,-0.9859624703763976,0.19095593685623086,-0.024948858071373235,0.3310396452019636,0.06415387475780641,-0.044586292778625275,0.03152706681555793,-0.011381422264136503,0.005232861185712152,0.016359248352661535
2017-10-23,2.837724912272299,-0.19276857094237873,0.2814401521503738,-0.04942384405378169,0.07917795941788223,-0.26251569480574427,-0.16133667089285975,-0.12288597765010649,-0.026735675454867942,-0.05783417172629782
2017-10-24,-0.7228048686739849,0.8223733827032726,-0.0794157767237495,0.46503392113414627,-0.06920398604409457,-0.135792294389565,0.2548383098727906,-0.06040473182477689,0.0036232264855902223,0.09842839820776474
2017-10-25,0.87993949132645,-1.7642290829531035,1.1740869911244278,-0.09377893940446969,-0.6701199328546997,-0.019297764507770824,-0.17835060804015923,-0.08542528057495287,0.03906242226348093,-0.19529855344428979
2017-10-26,-1.4278540475485781,-0.7605954238549255,-0.6511693298487328,-0.3909078049002109,0.05301075618579372,0.16743325293541592,-0.11827727931088423,0.11956159490530487,0.04609767216967704,-0.028337921857811057
2017-10-27,-3.1119589042710314,0.4042078750743507,-1.3319480539726702,-0.1269542006712065,0.06323657130054676,0.16620399051955337,0.24761503577913532,0.15754029985056917,0.07608666626012225,0.1452223530055103
2017-10-30,0.886121930208833,-1.1859218728950067,-0.13449044736633323,-0.48054148068900815,-0.3230392584924703,-0.040677781728147226,-0.1115626033711451,-0.005040859141422772,0.05268212978466654,-0.07662679658528795
2017-10-31,-0.9571629745640338,0.2626289373959094,-0.7268804202779446,-0.10806180757952238,0.10009657945813383,0.037137955890498515,0.10744395507175136,0.06400192343327817,0.03829267123567057,0.08010465138743174
2017-11-01,0.9689387654184155,-0.1611005467224471,0.2532129700510836,0.06370536761777329,-0.02526796327445286,-0.11576421335649659,-0.06451445883128826,-0.06536590275589045,-0.015241469494098934,-0.0380283947060919
2017-11-02,0.741867121328838,-0.7143342819903578,0.09745302714172968,-0.28954167007817094,-0.288417845418888,-0.016888294016608674,-0.04003420862061519,-0.014105409950338314,0.024603789617127426,-0.05014305708885987
2017-11-03,1.0840272202421073,1.963016823168128,1.0115992738986979,-0.9162500110522189,0.06903956372665117,0.9473550903048642,0.2992588676071669,0.2866674713707305,-0.17753947806546497,0.11897805201077169
2017-11-06,0.7028311610183405,0.6245422626002067,0.20168674462005418,0.524836956737969,0.22714802794283265,-0.2613373313953222,-0.0021869339936124036,-0.12392744057555428,-0.0409076507386348,0.015292286507677305
2017-11-07,2.2358864555440783,-0.39864895608861317,1.2455077936689793,0.3035386435124967,-0.16000608527726143,-0.1993909937163692,-0.17261999999074318,-0.1698186074148669,-0.04851382041575339,-0.13489915103831274
2017-11-08,1.0432931929914722,-0.7097964900857847,-0.46629847283834036,-0.726172022755564,-0.3399142428223204,0.039957236453937374,0.055240837791829166,0.0310958463489171,0.0520737309658605,0.0030776546873495384
2017-11-09,1.0819616438696076,-0.8325695257707625,0.8012639106603686,0.06465026987810268,-0.07608357836333138,-0.052908791284984505,-0.240094142926246,-0.07067129347418666,-0.010994206944699835,-0.1331510822439175
2017-11-10,4.253038693515616,0.1968502939180126,1.040382702326619,0.17896212239720927,-0.12128363513992485,-0.3571518806718949,-0.03326927283951864,-0.21989770034092834,-0.0442583012293691,-0.035915241739767005
2017-11-13,0.013404608662860643,-0.750775124418138,-1.5045261978845432,-0.27740296176225093,-0.24582271742203005,-0.37247422561874793,0.11408800814529306,-0.048874827618006454,0.1176106939661822,0.06876262378519334
2017-11-14,1.1880616165737357,-0.5292268883799945,1.2983195368305362,-0.20651774359931413,-0.07743308909380434,0.2666288306504128,-0.2051843167157166,0.015137603832183122,-0.053888887694175575,-0.1263609113831339
2017-11-15,3.7690933940206492,-0.09971774598794364,1.2442126732681948,0.4700622200267804,-0.2367442110853477,-0.4258122791645365,-0.03174383237709827,-0.23575173967164678,-0.0018061778839582492,-0.04092360342586221
2017-11-16,-4.336959299304488,1.081208822338224,-1.275046278928131,0.10462767976635337,0.04349194205398522,0.22461440782298095,0.3486265516523958,0.15090638619861418,0.006750348789721143,0.13798312413365535
2017-11-17,-0.2785189915312205,-0.5320979668134868,0.3711574208300117,0.16365657944558665,-0.07388507786842197,-0.022768925354060714,-0.10431912546148571,-0.02741979459688793,0.012543300125257784,-0.06496319706183867
2017-11-20,-2.4026679475269477,0.5911961837824781,-0.2902730796534268,0.7035517467160247,0.12481303637889438,-0.11036134009812566,0.11935132063007241,-0.015171047470382703,0.012865040917741844,0.05554585641397482
2017-11-21,-3.5549076767110592,-0.14796431398156668,-0.5728989443189435,0.17935918000664056,-0.05151043786425461,0.15668574193390974,0.0893638380538648,0.10325584328657449,0.04415659241431728,0.023311253083674953
2017-11-22,1.0684339242629624,0.656030142385671,-0.6442910351877071,-0.015745473589733865,0.38119813020352056,-0.1673626520540158,0.005591839099167635,-0.019448530592962764,-0.013707443495593023,0.07981466041650019
2017-11-24,-0.8924942909488802,0.18361527863402818,-0.19018516543907185,0.20675495392800045,0.23932961156257973,0.0008560121118362556,-0.05337652857090666,0.023281759401538326,-0.0058572525871545805,0.007421687092509813
2017-11-27,0.4949551862094963,-0.04826109227935152,-0.13529993647795852,0.09169596673797187,-0.08501500629761334,-0.16942618203480952,0.046188362124383035,-0.05853505536825831,0.02262165776212302,0.01769378949116909
2017-11-28,-1.68773085851652,0.28736306228033387,-0.07024874847363238,0.45462440159336936,0.10029463698030962,-0.02748842233556201,0.04584400206100593,0.0002801041913783178,0.007176594451084423,0.02348144542950954
2017-11-29,3.8179449802681855,-0.6113259130949302,1.1493755192231232,0.1206383634990444,-0.08242209579950802,-0.2850888131147443,-0.2592716864631679,-0.1674921094067854,-0.03020868175030346,-0.12487755891484134
2017-11-30,-0.8625600597042857,0.9335722292610833,-1.1178801509117366,-0.038809317829511886,0.49963347010217524,0.0019105565551908502,0.06828366506909134,0.07404730281512242,-0.011584955730933617,0.11588422839844216
2017-12-01,1.2003541892436032,0.1386633447187399,3.4418198970734455,-0.35044728864681696,-0.52229306821508,0.9333182078021018,-0.050778368465465004,0.10286999916025427,-0.17380796006710383,-0.20754044287056017
2017-12-04,-0.4935748530313485,0.1404676872254664,0.3193264013831428,-0.07114831086773259,-0.4314866775294549,0.13738740092252913,0.237712881303524,0.010451816073786683,0.0037518835068204243,0.02467283883786113
2017-12-05,0.8008062888383737,-0.10893926383227794,-0.5133119972859448,-0.38682811857697696,0.2513021661991585,0.019126456452332033,-0.12302517046753787,0.0504264019055569,-0.006445020327622444,0.006081417863314736
2017-12-06,-0.5581376838783528,-0.31553913981397386,0.411677701810876,0.2792372662078585,-0.2049257457753785,-0.045143205962487415,0.014320329268598761,-0.05011891871127143,0.020466364415310797,-0.042068216232666183
2017-12-07,-1.5194940401771557,0.8286744234307042,-0.9651903751519497,0.13094121735558095,0.48089501356906117,0.016772940799935555,0.03456338961212212,0.08968567101043351,-0.020022060439921597,0.10267490170802089
2017-12-08,-2.0109192565834078,-0.1424671853652259,-0.9057828611900349,-0.20468775811928894,0.07574729584969775,0.1291673548093503,0.045457708975255404,0.11672897970798922,0.036359581632243926,0.0482094849957724
2017-12-11,-1.2948483528943864,0.568043241933939,-0.7038944544258413,0.2778543350710524,0.21560130988281248,-0.10076204852320084,0.10993761848666257,0.013841390755492998,0.015281702655497045,0.09458520437297592
2017-12-12,2.0088346801720336,1.3941534461060694,-0.30030906644011146,0.1708844547078002,0.1099576088311251,-0.289442515439588,0.27028793074337737,-0.1105906456898388,-0.03389091993231053,0.16142166565899227
2017-12-13,1.0402865787029583,0.5678596200223495,-0.29074674831525643,0.03200632049502592,0.4507129457553272,-0.093835958084512,-0.11697558722256403,-0.0012716008083768536,-0.041688752651540706,0.024710880535215477
2017-12-14,0.9047191281528639,-1.4744668870852482,0.16339090571700643,-0.6156549639671685,-0.3171730625656083,0.0982332256474298,-0.19556180777388701,0.023357552526912528,0.044524479762696384,-0.13425481624179333
2017-12-15,-2.261596056515913,0.5952401256120902,-0.8325406856243808,0.17679795838645973,-0.10668308505344137,-0.010819189753605954,0.34727290964525637,0.032352859278609696,0.04981807573104762,0.15654545500340522
2017-12-18,-0.8166917435145612,-0.650870420209362,-1.0156019455867604,-0.5266389210030739,0.30169956259449277,0.128390210367349,-0.1976276333644331,0.13346051312237225,0.04309228076508031,-0.020823906015277397
2017-12-19,0.9396787567997511,-2.285120076965287,1.2500300109066225,-0.299159424297128,-0.5998784087484998,0.07653982762725282,-0.3671367126024378,-0.04457887583871799,0.03451268092884583,-0.2773693972284051
2017-12-20,-2.0955190914547854,-1.5353775736950541,0.07775829466522967,0.5937530832163262,-0.4293989409690331,-0.30017609004805945,-0.1137570503804794,-0.10241827525360282,0.10727152128097094,-0.11393176575837362
2017-12-21,1.4985863684021277,-0.38918577527926196,0.38485726836344797,0.27866788084997046,0.28789812346996646,-0.23849034082358633,-0.2808506096228635,-0.10238841276471264,-0.02212672428495862,-0.078938468695085
2017-12-22,1.5322946919102371,-1.1970919573088723,-0.372310851606875,-0.5645807418521769,-0.07366581790652296,-0.09676701178772049,-0.2016378835749143,-0.0018886670548486151,0.040980244041499775,-0.054377717942786924
2017-12-26,0.7564955764534683,-0.2490367460323357,-1.3820130558055184,-0.28019187364789677,0.07613383385612642,-0.31079699102892366,0.03448342637727812,-0.014571459145247618,0.06903871275445084,0.08104789657564686
2017-12-27,0.40255312283180833,-0.20001178848243814,0.6096216907259057,-0.34808391325986776,-0.08490985065619291,0.2821435039792373,-0.06374139492370222,0.05529150420564745,-0.03656371195388363,-0.056039290841487496
2017-12-28,-0.08491041074104619,0.504231268198377,0.4774939118421734,-0.21740059247517363,-0.29788570521577107,0.27245518141617714,0.20952575006517063,0.04546135061239054,-0.028062897282171484,0.017759251531753447
2017-12-29,-0.13594528285264026,-0.641972407301128,0.18454804137002115,0.4002154772054898,-0.6062260068500087,-0.33729084219524474,0.1422292770745937,-0.13782807821340978,0.06990510229188894,-0.016216825955717634
2018-01-02,-1.7926523371752203,1.6185528501944035,0.18835214514323526,0.7021378457228377,0.6761083408539732,0.15188261618445761,0.026160156721881392,0.04647355856360179,-0.08326268942061259,0.05994771998818994
2018-01-03,-3.0960131211610085,1.0706207098719835,-1.1363541775974257,0.6266820441416389,0.24118174804534925,-0.13919914845188244,0.2748392212381903,0.02729122019488009,0.048080573422357935,0.16210757631426712
2018-01-04,0.543061980081578,2.138014604654315,-0.46887786568269985,0.37317406919660673,0.7775591427771125,-0.06481010801598308,0.1505922834374434,-0.008034993930255134,-0.08436108295172434,0.17503171929815176
2018-01-05,-0.6381066419715816,-0.11026948792520441,-0.9466703223219101,-0.1865746916504297,0.6396053413331406,0.034397194512779464,-0.2624665083048485,0.10047546171119981,0.004238142765411167,-0.0075874084441904304
2018-01-08,-0.6553042671930865,-1.9197760312135728,0.22155755844415567,0.5092636145521419,-0.20575295223096032,-0.37678313832100485,-0.3564014552205979,-0.1142632805635365,0.0804057768225725,-0.17615249725514287
2018-01-09,1.3844368320660274,1.2358989762925519,-0.3603871269717249,-0.22926929294155837,0.3930979368072644,0.058617003321932,0.10616087714096374,0.025027775854361414,-0.05646948000332448,0.10186125150952656
2018-01-10,-1.6821637367190807,-1.3862959623990156,-0.7079642677825706,-0.6805660257905447,0.067515474445496,0.2904182079514644,-0.26968717962053956,0.18583395025499538,0.05979156533748092,-0.0826268812189628
2018-01-11,-1.4779267719625853,0.8427501352492037,-1.540260726358791,-0.11508411967652683,0.45573559351638654,0.0007898752339212322,0.15742474129901565,0.09447113502254605,0.056448489442853654,0.1564832314548944
2018-01-12,0.04257396757566387,1.3953502725266862,-0.6166784362172946,-0.06642381347225818,0.4335228947257762,0.0805601384498586,0.18472731063106068,0.048363543254882464,-0.03008874031069358,0.1439844271675338
2018-01-16,6.998484815423592,0.31429496849155186,1.6997285663007722,-0.9039415521135894,0.03038377279740971,0.15949783946908325,-0.2839602012096434,-0.05173499670177469,-0.21568667624851692,-0.136129193831468
2018-01-17,-1.5422309413784632,0.06099292352321515,-0.9537942357861734,0.41525129882005335,0.17279164253514906,-0.27375704281395213,0.07206022525735124,-0.04700439033962335,0.075998947065855,0.06457653873928008
2018-01-18,3.004973613946361,0.7034701910153524,0.9036137808071936,-0.32618315937396125,0.33855613387621125,0.19918047079653817,-0.20558847922396106,0.03856483352602188,-0.1467797336348247,-0.051679122354327214
2018-01-19,-1.7197825828794635,0.15292103169085722,-0.3480462324754275,-0.5134820742589555,-0.3497458782357551,0.37525837701493964,0.28954298503732495,0.1457974154140452,0.03359665779594743,0.08714267735660813
2018-01-22,0.3668676354147287,-1.1352253198612565,0.21155566510319884,-0.4309852327237595,0.10667120321566374,0.1816037837896241,-0.346219843147798,0.08114344550791662,-9.923350574914176e-05,-0.1310472903205843
2018-01-23,1.4652226551275498,0.08764452554759414,-1.3111394296328052,-0.22102487280480387,0.2911338943091078,-0.35626489527011856,0.0029838775702670114,-0.06623237605262239,0.0524446433382148,0.06875035385824327
2018-01-24,2.840662677819017,1.004851253489212,0.280117974495627,-0.33008091949766594,0.30980711302628383,0.07281595133387694,-0.05236161113366891,0.019443907318023583,-0.11152031251744149,0.023398082174499003
2018-01-25,0.4751522636525499,-0.16899022468406105,-0.1755258078706112,-0.013806997138764956,-0.12549369956114725,-0.13442506346565763,0.05389878394883174,-0.051791340126224536,0.028138613924663027,0.0095247519090527
2018-01-26,-1.6449756391188608,0.20339790318800757,0.30447918470123836,0.522021994601835,0.11165767470094363,0.023925389159833554,-0.02334432412262333,0.002261285506368145,-0.01358700589084019,-0.011574065497935899
2018-01-29,6.255842632611475,-1.2518877729369864,0.9710020687531485,-0.5456514237928762,-0.6990345675045108,-0.4063190497367964,-0.07385449981851382,-0.22972977585661358,0.00808360514869153,-0.1057613787195989
2018-01-30,4.75448162824903,-0.3172771435348975,0.6181185748170411,-0.21793514272895165,-0.16126528060518974,-0.2967797509982445,-0.10122160205373089,-0.1318824817129123,-0.01938693631316477,-0.040258213614300695
2018-01-31,-3.295966388671417,-1.447149644169346,-0.8908590357699849,0.5019482862321922,-0.08572478936245109,-0.2775824796656883,-0.06402830878190532,-0.04798646122421651,0.13461988365772434,-0.03264020245098496
2018-02-01,-2.1448896103264503,-0.1786128857821038,-0.24145716582647223,0.34110713294772854,0.15198304460102363,-2.4010144898172032e-05,-0.05641462975685059,0.022077705681581117,0.023127605402756157,-0.01136198982549859
2018-02-02,9.838331468764535,-3.1490329584184886,2.9560996645586783,-0.3534803464291046,-0.8248144144870962,-0.48184128753151195,-0.4211828320940616,-0.28728742608233965,0.021322880618604365,-0.1896084158379272
2018-02-05,60.370004828027845,-17.730808905369642,23.05381763121701,2.5801452200643835,1.6620435929388069,-0.6770723114557339,0.5456772377016827,-0.664719605421854,2.117708804846435,1.0037347623854669
2018-02-06,-31.957224110721175,25.83863747692974,-21.919090010271677,-3.1788723744299103,-0.530870574200891,-0.2170800514524137,-0.5608594825351172,0.7758302255858998,-2.423010552418462,-0.6659240752113486
2018-02-07,7.886977708128285e-05,-3.088419576856487,5.146742690071455,-0.05648888964242773,-0.5979050351004813,0.8141178278696004,-0.2502894701869133,-0.11261315619118424,0.10993238171411274,-0.20617069476817057
2018-02-08,25.074982080752683,-2.9830894951679103,1.9316864486537704,1.0372195341453805,0.7292376970643935,-1.1708821841983748,-0.4343503987606386,0.24618684791547563,0.5070658688654001,0.12536502669208713
2018-02-09,-13.729659294492153,-8.406748752765578,-0.8675274034399988,0.7555757933918301,-0.7539628294988299,-0.34185244929100367,0.24796092153918636,-0.3686704640313739,0.16578020284440753,-0.0275781572810609
2018-02-12,-11.46460801609893,5.262501244972761,-0.06866024987131002,-0.9832887474422637,-0.6411091991683858,0.9111806640339603,0.0990540446757401,-0.16404176068308018,-0.30539596335415825,-0.15513786006416785
2018-02-13,-0.46759024627275547,2.4076501714395677,0.6356946551097749,-0.18746774445346234,0.1454336056249718,0.4044065263564322,0.03490815128579706,0.06363922191511062,-0.12360615023822757,-0.016141963694815666
2018-02-14,-12.11319546939416,1.844334758365181,-5.145698527371528,0.6889546534033113,0.9936162519542006,-0.24742493369655416,0.03954482444646711,0.1292359554571234,-0.18123472818113448,0.03605736684048054
2018-02-15,0.8698962450666184,5.862491893076357,-0.589064206838901,0.07265177672449315,0.7613575825844195,0.29130366491742676,0.2070609296174411,0.2273428375986762,-0.30998931741872676,0.1747487998555533
2018-02-16,0.028189872104048094,-0.1959853505969124,-0.4000681546544925,-0.3106972083709527,-0.14140470472340483,0.0040504509840151815,0.07512243263787124,-0.0023164275099559232,0.011398424197274971,0.012170800959837202
2018-02-20,2.8836882795197787,-2.51783999257972,0.6264981068815707,-0.6287440153071607,-0.6774136997734264,-0.0873127089756841,-0.02319427365903881,-0.09713696148766436,0.14082657738670726,-0.07598883195072827
2018-02-21,-0.26781238858082834,-1.199100846040183,0.44445405320536,-0.09130945312761876,-0.4678073097736443,-0.0019049749024367486,0.06941999392014667,-0.06807727657491205,0.06807952840947555,-0.03629257780298491
2018-02-22,-6.26594599690114,0.5787006583558338,-1.4073132854851218,-0.11589017808374445,-0.09382015416279228,0.24434384064686684,0.28112338682669075,0.0444391670896804,-0.03952116507925214,0.0394719160886903
2018-02-23,-11.094485233824763,0.33534200014868615,-1.3661532453465877,0.6356724852310666,0.3587947953709477,0.44982558931185385,0.1600062098129905,0.12365532459354144,-0.017455428374005794,0.01415937029802003
2018-02-26,-2.477717217998352,1.307954265006077,-0.3322470213789947,0.8412369953133172,-0.20005870166310727,-0.1924778964609522,0.39747995963175464,-0.07553834047535819,0.013945258133335255,0.1238494570579475
2018-02-27,11.618973157318607,-0.29336156630029603,1.4540392592356788,-0.26246645009636094,-0.18222440781136665,-0.6009227458264543,-0.313224309956641,-0.13502455745831043,0.013824258847989398,-0.05029366044544274
2018-02-28,3.0577256499995933,-4.340215602486124,2.444831452973832,-0.07387997355139388,-0.7730777768128355,-0.08582544216049698,-0.3695762396465092,-0.15145081775332175,0.18586950607528074,-0.21858128730342424
2018-03-01,6.985147414834679,-1.416551375794386,-0.0334751121782303,-0.9220603156931892,0.057133605427834015,-0.20394345685859225,-0.20364044728083247,0.022055832008721587,0.06395710837859049,0.012705293391844783
2018-03-02,-6.156026597175879,1.8445102699366511,-0.2541867202786069,-0.9259345034698754,0.4593617264782235,1.0032946542399777,0.01698049828103308,0.1996513961334051,-0.20178353968051402,-0.03747340067271557
2018-03-05,-4.187546509109571,0.6727005751679482,-0.27749905322983626,0.8705092901878553,-0.04919474869703728,-0.06266369581550578,0.15846726338290293,-0.028404491737639873,-0.008295186454130082,0.011645791264393957
2018-03-06,6.5607265362132985,1.2365660048416671,0.8194434146610997,1.4456233059363723,-0.33156946390285014,-0.9192434036474971,0.1668877312236487,-0.17815331198747958,0.08676593678467258,0.10814833992529344
2018-03-07,-0.20918348404674506,-0.07390849628770556,0.5698314960915412,-0.44481348772115875,0.14160166116953532,0.3408991690921208,-0.10497886525327474,0.04865843557048397,-0.046998141286902335,-0.04324316985400073
2018-03-08,-3.583989115021771,0.34978483319218034,-0.8159978203471546,0.5414269415115063,0.08795614731919356,-0.10202490489245955,0.1016154934628456,-0.01721600348726243,-0.0026262694366682533,0.023655589873353918
2018-03-09,-9.621617594002691,0.5751343164775344,-0.9268343516090676,0.24339442545363363,0.02063483841968889,0.5177357399182534,0.2707154790574232,0.08108108385315566,-0.06460742980979078,0.003057071069362327
2018-03-12,5.363786543813833,0.5716196917988284,1.123332138390175,-0.2850528294141403,-0.1527884728149358,-0.04886894540678354,-0.024598835982726875,-0.021787363392305,-0.028907709061932817,0.011352480382566728
2018-03-13,-0.9496705367388141,-1.4203838497560766,1.3394749024293144,-0.7102473968146819,-0.09808261684643305,0.6173244996269026,-0.21756755658074883,0.0723388519649264,-0.0185992889838464,-0.15002119532966
2018-03-14,5.594780139625646,-2.193174107000389,1.6810058263999652,1.1435513750425657,-0.08706957890411315,-0.7963027149598135,-0.32490702951457545,-0.25171897981302643,0.21626359379755633,-0.04671507770873402
2018-03-15,-0.26939912468623317,0.16116584904617923,-0.9085240019251033,-0.507615841612682,0.3202526995196871,0.10417528506046914,-0.07133144431836068,0.07812300500158713,-0.04616534321603255,0.014894154038276741
2018-03-16,-2.348836535811876,0.9247741143123724,-0.6475521435040908,-0.35971958637265344,-0.14306517336281835,0.25492076154080656,0.19792083613666522,0.06997129663587043,-0.07424348168634612,0.018661030429000944
2018-03-19,5.999980536720645,-1.283085324744994,0.4878599280448891,-0.053152095589588645,0.15089579674756856,-0.4143034135335073,-0.25191160192895845,-0.06619665898080293,0.1059246389013731,0.010328446535375804
2018-03-20,-1.7950697320342799,0.6708192289501663,-0.4664541527456906,-0.00217272572853523,0.014627391101120546,0.08677846232192282,0.08763452611944743,0.030718140584397927,-0.046070724903941554,0.01024530490680223
2018-03-21,-1.2187600686524438,-0.6021817630801326,0.5428979767588967,0.5882116968520449,-0.22981242457362278,-0.12151001568290218,0.02438854987772982,-0.0791632064951175,0.05499994554735433,-0.0292666767917662
2018-03-22,11.72364058068086,-3.6018296558729337,1.375391883996216,0.389085135458725,0.06970298749477792,-0.8461962117863457,-0.34461395070661277,-0.07559906211590468,0.2851792135346182,0.06161040760691389
2018-03-23,7.609783008681157,-4.365542582635645,0.3813063607877402,1.8751631193003493,0.6016403835198709,-0.8719290708526978,-0.164565651560417,0.19108319067018784,0.24170183750991983,0.10485024389580111
2018-03-26,-8.842732518480181,1.7727069544922895,-2.9576230290999925,-0.33162991150801097,-0.15867240802440258,-0.027632507363111968,0.028276766446009908,-0.059314347044159846,-0.18381117982262274,-0.0679203364574281
2018-03-27,9.036995942322578,-1.8193972543918961,0.939621690509631,0.4974575326453083,0.4694996743274337,-0.22630476339613342,-0.05586993287272108,0.2057142057609707,0.1123121269574428,0.06329480307783583
2018-03-28,3.905458544031491,-1.8162092278720197,-0.8668389442333521,0.2864530359324788,0.7095877232655307,-0.1462836635489865,-0.029102272624709904,0.21532586173864943,0.018255812327559337,0.02797634731911918
2018-03-29,-10.991842880125333,-0.3778702028575753,-0.9245357638362058,-0.2503625747918821,-0.1468957342947691,0.08899576955929882,-0.15906535208371614,-0.21738472008203646,-0.08973314348549286,-0.031046386042202435
2018-04-02,12.122863013544936,-3.484403816340873,-1.7577023424766312,2.8179935967510064,0.5409042906614244,-0.5033468980852935,0.3552837811886279,0.8468739111161584,-0.10228935399790837,-0.019440469001138463
2018-04-03,-9.387534619452989,3.125558777314031,0.03362601467985623,-0.2949929015300079,-0.2241882729056439,-0.06848090397763965,-0.26529428781284176,-0.3972288163771318,-0.0011948191220794622,-0.02454223155299208
2018-04-04,-5.047285598392878,2.687608905637199,1.8675571870652814,-0.8560074151253576,-0.6106616054916171,0.3109485397199602,-0.007138399665658754,-0.4329319285826479,0.06786250640904959,-0.008796438778142988
2018-04-05,-3.393349692718778,2.2433901907777414,-0.8424048182209691,-1.2443510383697498,-0.019049639516772715,0.31883583603155574,0.022668641283130325,-0.15694160589937403,-0.06435697616401675,-0.016950689064115527
2018-04-06,8.950488438853567,-3.2923001682954554,0.12183703371095908,1.968496086532061,0.35471842349604527,-0.5586315444478721,0.0031024675274656387,0.4476985071042279,0.054456716398480175,0.029048254668396063
2018-04-09,-1.1902592936067808,-1.4364066430966556,1.224286963418601,0.10890620100889697,-0.2860425390422343,0.05463791446412926,0.032092153826802326,-0.05095370558497195,0.043794754034215275,0.014894427881276406
2018-04-10,-1.4204641890045642,4.960616302015312,-2.8711161600622845,-1.3097292102825788,0.45782006095644384,0.05983627404525104,-0.07492298384135314,-0.12883015076274937,-0.11343867549911826,-0.018983314525380338
2018-04-11,0.8780367671709439,-1.9571065740081366,-0.7895451478139491,-0.8701656830494428,0.06643487139124968,0.04137455029091257,-0.03506112955972823,0.04277984776782606,0.0039322263652624215,0.0005852843255656778
2018-04-12,-7.816761726103453,-1.2186736898214072,0.6713491202959623,-0.9931005671365137,-0.587607906449216,0.371785865955549,-0.02354612174145387,-0.236770760800111,0.015790144782532576,-0.01804658445239894
2018-04-13,-4.762137658036388,0.3752216327859336,-1.8484060574801073,-1.3338994456227589,-0.21347991586496878,0.26220672366275694,0.031509887025299894,-0.026178206485504445,-0.03216194184604098,-0.02294792066578123
2018-04-16,-4.609785046366317,4.036446482962512,0.7945287845911391,-0.23818228854495546,-0.11720966849002493,0.6371858342963658,0.2591378980125926,-0.09753641279714463,-0.09261030791317743,-0.02886948982759554
2018-04-17,-5.70619780571746,3.6386184665658177,0.8006814508518789,0.38326598154785246,-0.13831270854999703,0.6186132812161677,0.39599388307908245,0.00548503335573996,-0.1354709266613737,0.011318372137972509
2018-04-18,-1.5478059423626025,1.474952048328218,0.0756363026757278,0.23009181175291896,-0.4952501247256782,0.0635862444100304,0.41486132321349845,-0.03208226471641192,-0.020056946381035702,0.06856612317441887
2018-04-19,2.3154954946474264,-1.9221156453118884,0.5606809009059263,1.2165122940945328,0.03283352536372076,-0.6818367061356085,-0.3103553861002152,-0.11137086688191336,0.11819825587250904,-0.056083306347341905
2018-04-20,2.3285266808195257,-3.0369839426293486,1.9608411616694754,0.17303565129527937,-0.5385277410865006,-0.10974437033726912,-0.23826584493762837,-0.08213251110551148,0.10464206535675113,-0.10033831135810353
2018-04-23,-2.0517594267615857,0.031442044662553556,-1.150281567343814,0.513127597467276,-0.017647505962272866,-0.2777494807331439,0.06471436117179805,0.01841005308197338,0.014347201048518984,0.023997029573287733
2018-04-24,4.089146591797395,-2.5829941373615926,-0.15170922956590235,0.31194542035302925,0.13202199571878798,-0.453333848969222,-0.2642470561039903,0.09071612348796418,0.05302926313465337,0.011516980655474797
2018-04-25,-0.6135791580183393,0.11828351691606301,0.11258729404517615,-0.10686239565471994,0.22937975224404766,0.11620444515076468,-0.06875626890270756,-0.011520046690982153,-0.01224096858306799,-0.006965940847931611
2018-04-26,-4.988307410860857,3.185392259490104,-0.6570349890458599,-0.33535893508524034,-0.007722308731055125,0.4445518936191526,0.3202553694293697,-0.04816712450483916,-0.07715379284239676,0.00773644180349113
2018-04-27,0.06552898633718456,-0.4329191231640625,-0.6031029782801102,0.33231204590687496,-0.05651811399900575,-0.26686043818084637,0.0058121073876572695,0.012914331601675398,0.029846713583478023,0.017127659320842672
2018-04-30,2.8234062907727155,0.44636523707642234,-0.8313614460315604,0.07744814076498223,0.7528961321222574,-0.18425326208585785,-0.17517442959938032,0.07779853609074301,-0.02918355914287346,0.04006413342908141
2018-05-01,-2.1011489303319326,0.18130487835767184,-0.4465378316736524,-0.06647973964319145,-0.20033850394125016,0.033776480292588756,0.11577260568881623,-0.014416795958962926,0.007946207260982533,0.005929949625817113
2018-05-02,2.043030888100534,-0.4024674426094051,0.3499639077609058,0.310770289108718,-0.0862369693279245,-0.1778101875291629,-0.03185582029545345,0.006290714135060693,0.017706981542485383,-0.00015476983811483683
2018-05-03,-1.9005641584605224,0.1798373977293463,-0.9109205025306755,0.05312790975738966,0.3255525494067813,-0.017423739721603347,-0.04619853149613421,0.028659956021949047,-0.01186003733293373,0.0078149625177486
2018-05-04,-2.0541216788895555,3.49227479471658,0.7726572609443455,-0.3568191868449516,0.1015263347102921,0.5702399862029114,0.32910564050887864,-0.05722422129783399,-0.10540049327451198,0.06299181293612433
2018-05-07,0.5180215291728634,0.07174887042066072,0.08741319571238851,0.08816020839449044,-0.07555657184298586,-0.056055577777280034,0.030559379334814465,-0.010774187516472423,0.007151613265550029,0.007944241677920634
2018-05-08,-1.7245037042833768,-1.4919039298577708,0.17172011387539168,0.13567657989189502,-0.24446569211203023,-0.03194193861623908,-0.08656133256936917,-0.017790921341896106,0.045905681696982496,-0.061615216866975075
2018-05-09,-3.4736745842098244,1.120072237215728,-0.9565992997879882,-0.34541244706619584,0.2948050966994782,0.2915597589949186,0.11871875960499266,0.04994110817810502,-0.04475177879044587,0.038484775518594784
2018-05-10,-2.607454733763077,1.5804562061965706,-1.0850693437539414,-0.521386273977713,0.06880513413983949,0.3007906519047854,0.3308275206872776,0.06022295257453196,-0.03374130290615533,0.10737987847923254
2018-05-11,-1.8996610139029715,0.15829024548291598,-0.331334281776296,-0.5075054365866859,-0.18957769056793797,0.29243268620447277,0.17634986596534094,0.05500002704728976,-0.0022476955632212536,0.027566715667181576
2018-05-14,-2.683126395322586,-0.3339960865792802,0.3651794875028813,-0.07126213745007072,-0.1479932391788597,0.31233223369494406,0.010711891612916207,0.05426647500426597,-0.009201293214192085,-0.047113002985382804
2018-05-15,4.521435143003672,-0.9600140314099292,1.9573503315402274,-0.32448661178462396,-0.5467323573652836,0.0359242156951651,-0.1375998243219151,-0.08085323820109838,-0.022343323551181342,-0.11660757448595613
2018-05-16,-3.851633382427022,0.34023623719659457,-0.49361526147406964,0.18914483633146542,-0.13067757298625074,0.15606578042111563,0.2083823805293137,0.040366688523936795,0.015596377394825882,0.0359083192723619
2018-05-17,0.34680384592754004,-0.1740555933568821,-0.2920431411468908,-0.1703102774092911,0.12719330856929958,-0.010244130329609882,-0.07089932619488895,0.020414036758533614,0.001698238975441765,-0.0037288972539252676
2018-05-18,2.504033179527582,-0.20055616236217497,0.7039517081780923,-0.47004759404560187,-0.12691720717479693,0.1258398739126271,-0.06657164128617823,0.0018544515956175327,-0.03215309330585726,-0.03990139537255152
2018-05-21,-4.226782162170593,-0.2977090954855209,0.019226520943137614,0.07526238158855166,-0.3619051688189699,0.30106516637784103,0.16082394858588045,0.060780532963301305,0.022849747000167894,-0.025402591668077606
2018-05-22,1.577068451809142,-1.4908178219026724,-0.20679605362178372,-0.6024569675835725,-0.17025901315964148,-0.06084661171021468,-0.19256052005926275,0.004018040155151209,0.04683493530287151,-0.06543479351851324
2018-05-23,-1.8154529065379368,-0.172776678705119,-0.07338379610099419,-0.16915940507789254,-0.11986763667500469,0.2241746834281824,0.03862482991423907,0.06622179222800252,0.0035002172451808213,-0.019290971514278415
2018-05-24,0.15980375545966696,-0.75768059914942,-0.04040948124598407,-0.9665568973472382,-0.2089343141736584,0.38664128601479497,-0.052372917164846315,0.11977580957638596,-0.0018946619585199491,-0.04835005207266153
2018-05-25,1.6934160433317427,-0.8051173098102038,0.9241900087341234,-0.16883020169118582,-0.029746308561217953,0.060721583967517624,-0.21177860981426488,-0.033604229221115015,-0.015321881670697078,-0.08593141817222576
2018-05-29,8.996835533906415,-1.7210038149743803,1.3445059827267245,-0.21748457930990667,0.024885773510610387,-0.6306037264855114,-0.3583790969616933,-0.24424181291194463,0.04482526315344248,-0.019601472240815744
2018-05-30,-3.534321556047551,3.1826504744525854,-0.3999067844255687,0.8006272948478782,0.3951101730406887,0.20311051822581885,0.34145535263127647,0.07251251419942133,-0.10898944376956697,0.08816230849882054
2018-05-31,2.336262813931742,-0.43690021468212653,0.4243234073900722,0.04757471194709016,0.0020043586850074175,-0.18453496463582528,-0.10330785523504392,-0.0656218052333135,0.018647326414743405,-0.012359070008556676
2018-06-01,-5.766815350593313,1.501035105677557,-0.44081167700815355,0.8009366052480443,0.12396986445866146,0.21415305983116054,0.24849723505871146,0.07094842578274267,-0.04337649060607019,0.038923284940152486
2018-06-04,-1.9723289814447584,0.14499119884009742,-0.3957696948531687,0.2365009143763945,0.2210140733515218,0.034331235796187305,-0.03092762024200566,0.03923874030589349,-0.0032722320979035914,0.004686828891152753
2018-06-05,-1.2494192889041642,-0.12623295807360566,-0.01569037179889399,0.1836237022480086,-0.019222169929009384,0.01794098600770937,-0.001403079261500146,0.005345056119428576,0.009495481067528774,-0.013952737118312113
2018-06-06,-2.6129580129593593,0.9508877551782399,-1.053647656897977,0.07122453949991428,0.31690417131806936,0.11857213525905227,0.1306792582391966,0.10199972491604663,-0.017102716994278837,0.08405706841411018
2018-06-07,2.429013720259589,0.16907037157868662,-0.2529853921219143,-0.9315314184983058,0.027554095358799616,0.1950051988844326,0.008997263939270637,0.07589934045723858,-0.03492230801460418,0.026611434687832083
2018-06-08,-0.11926391775014751,0.0033840548454387985,0.295443634353443,0.030841271687260096,-0.14051154556335893,0.05222276306889563,0.04546013237926676,-0.006123130103016144,-0.0037267764383098426,-0.010186103631284655
2018-06-11,-0.2626699332559015,-0.46753768245628335,0.1619780671869686,0.30807735585350937,0.10638002737022466,-0.11976746697820806,-0.14469835232686745,-0.039191785552212845,0.016780002178125135,-0.04474264790135538
2018-06-12,0.7777068052017992,0.7261867179573509,-0.15332468406141814,-0.14833145337193804,0.1210961074879322,0.046618722287602374,0.07719043263441035,0.025221845747605144,-0.034833124908769594,0.04985554069323918
2018-06-13,2.254563732752372,0.07537564972367626,-0.08693723900639085,-0.0873598039331535,0.12495153092064432,-0.1884069920204634,-0.06262622640159746,-0.04657733050636419,-0.003315751464559771,0.015300595977141802
2018-06-14,-2.071905763744115,-0.2382632221816683,-0.7172600138970773,-0.39441664765254997,-0.08639955456802084,0.2163344776368339,0.08113639681960838,0.10157413750353605,0.022698102579221557,0.016976974130259417
2018-06-15,1.3060789001717488,-2.637390077713028,0.013672675040442438,-0.6269950488373013,-0.62522249361621,-0.15414457951419439,-0.1931165084384012,-0.057826580756985047,0.11567202863290862,-0.11879673637242791
2018-06-18,0.03781522034967274,-0.9930444531175339,0.3528616019521848,-0.42512354981088596,-0.07744257809357596,0.2092023896169296,-0.17295203430206285,0.049513633481783934,0.005560139791027144,-0.07576158192793805
2018-06-19,3.1739207823800495,-3.2076230117735975,0.886252512383974,-1.2456647039380695,-0.4340676038502313,0.15794470689503273,-0.41252437527616237,-0.00825832367209019,0.06519600851227152,-0.14077089245780883
2018-06-20,-2.304503921748876,0.6930800807184728,-0.4827918198807765,0.31000170062419913,-0.07851136572210839,0.02499870767456791,0.16384846160187502,0.04065466026837252,0.0013564455773846743,0.020461363454448392
2018-06-21,4.242189572651879,-0.4195108074766049,1.5325016979285253,0.14781533749640038,0.07587652047280416,-0.18301812172491982,-0.16035091693915043,-0.16347838357038993,-0.01860984285075061,-0.029087646376066492
2018-06-22,-1.0412256656494348,0.3135296714012641,0.3829268319545326,0.3939533574528967,-0.1426963442214185,0.008038427935708307,0.08076350066900212,-0.027204074079055195,-0.00502357335023193,-0.01910074273760915
2018-06-25,8.349342850052372,-3.6985135213961082,2.320754368742379,0.6349505495057107,-0.11159281102768198,-0.9522440454024841,-0.44821942260029335,-0.3662431621016564,0.16279877026942752,0.03547764933410588
2018-06-26,-3.6542049889431483,0.9380908962842518,0.769276039879449,0.7015114189557207,-0.05215980092483447,0.24900126267328937,0.05992429092638892,-0.011668708959697238,-0.03344854995422906,-0.08705574216108179
2018-06-27,6.057865839488617,-0.774834119230957,1.0159796495778104,0.33025661465653666,0.2846600679590274,-0.46977194166453407,-0.113458719084444,-0.1297768402024499,0.0752828325211008,0.10856356925046985
2018-06-28,-2.107615261355604,1.490420276930779,0.3188635927032099,0.3565126245388407,-0.06456207519105087,0.21154890273719362,0.13742880380687264,0.006048742229326882,-0.050868739480421955,-0.058104695734251775
2018-06-29,-1.538226203646183,0.22402390340281697,0.1292561112746535,-0.022133557773908172,-0.10450227164907863,0.17802020248011283,0.03600403132300689,0.01548407442250397,-0.01919859896839372,-0.04265615940410265
2018-07-02,-0.5059380310345258,-0.6286330017904148,-1.2190075977328774,-0.43571410775577113,-0.11844233594086677,-0.1064018194777048,-0.00518297909991185,0.056394698768174455,0.006227702605321243,0.022246008516599945
2018-07-03,2.0487421760441853,-0.14140505139444226,0.8522603525887116,0.44802731632743764,-0.0635469486720631,-0.21236811369199285,0.0066212964331466145,-0.08835954136717084,0.038771780436600616,0.019463608875055438
2018-07-05,-4.828126301023731,1.63530620632971,-0.8439021970420005,0.2403751188848133,0.10518047762356675,0.28937022475159585,0.14162330863665035,0.09759937549995622,-0.08551103734201862,-0.04834237779042925
2018-07-06,-2.410840637320445,2.393260298224702,-0.5887195824668987,-0.5207599297105282,0.37997738873784503,0.6540702174236276,0.18398539834544783,0.19881715358472693,-0.14156214903017175,0.002484919016531549
2018-07-09,-5.283611925962853,1.6851885989973892,-1.128971464574221,0.19450959949239593,0.09295298572697815,0.3623254981391605,0.2731753597057383,0.18016508208373047,-0.07789029440141973,0.03475036652652922
2018-07-10,-0.7798913561916497,0.537662303336276,-0.14980025601291203,-0.5603705656724168,0.1742236018362663,0.45281079507980676,0.018094732319207715,0.1592635304732853,-0.06073048687127016,0.0031911533560927074
2018-07-11,3.3683022091952632,0.31790675683423997,0.6654893118677757,0.3484713065112619,0.18844199603244396,-0.333261455862722,-0.07682388102756471,-0.14000268998858584,-0.0034621311842359887,0.02168451251026016
2018-07-12,-2.232863817663906,0.9641373877545295,-1.4912111534469317,0.003835783121972442,0.21822848586583887,-0.009254020666267168,0.1575484394480074,0.10386884818139895,-0.025195838439421987,0.09522103531416108
2018-07-13,-0.9142849076318897,0.750513261575912,-0.08677197239151838,-0.10983502345601426,0.13789062905760405,0.24661575343298717,0.07164720473052491,0.09395976001226097,-0.05100842132162184,0.0267211701752687
2018-07-16,0.6343399734704733,-0.6702182666196308,-0.2421909405934402,-0.18420743329898726,0.04967079346622074,-0.09286779148074016,-0.12209078429253324,-0.015437690288951639,0.03057182031081637,-0.020769783015685824
2018-07-17,-0.6965809858633795,1.416583184195541,-1.7414201294462088,-0.3341300040615309,0.2606374186072663,-0.010004183582354949,0.24989867060960216,0.11729532866687921,-0.029581002000668776,0.1637435653190644
2018-07-18,0.16065737035633404,0.16913724548276862,-0.05065270632857938,0.14349829286822158,0.07997393919957434,-0.07988664608357621,-0.0043237617975054364,-0.02049582477517157,-0.0030051312331894993,0.01109666160544158
2018-07-19,1.9850287359151821,-1.1799241199817276,0.6197777137965984,-0.23669688338424105,-0.13916178548820357,-0.06737256555576172,-0.20109309433964703,-0.06546883406004633,0.0318049488130006,-0.08788368172127542
2018-07-20,1.0531350542998694,-0.6036403421286041,0.5847782590378393,0.08654314458952801,-0.2475072036486595,-0.11092618152781628,-0.03060757257849245,-0.08231334857081898,0.02933498287528368,-0.04270394491029256
2018-07-23,-1.9242754663590895,0.7759796482364394,-0.5688908366517168,0.5272835062910366,0.015226109854904087,-0.14332270238766245,0.18311327906174532,-0.012454849229578914,0.004240876128604787,0.06524913011721864
2018-07-24,-1.362919559898877,0.08174657991937226,-0.18379355020673985,0.19017167757757594,-0.08912114625947037,-0.005638046106153041,0.08535917427882642,0.003645871630150714,0.013276052873047213,0.012787509467678093
2018-07-25,-1.8773874207137822,0.7789647507395364,-0.4659526487578695,0.37391815978208065,0.059996614033960616,-0.029754329381521973,0.17460215069484067,0.016357670583387485,-0.003772976116487625,0.06935473058648353
2018-07-26,0.17733720622303348,-0.058433450444861895,-0.22478909007282205,-0.07986021750442551,0.0034331431757754897,-0.038316704802711175,0.0055849732958095704,0.00036213474811376463,0.009367793463324081,0.010622364713326931
2018-07-27,1.4219249696162581,-0.6444136314122397,0.8882947639530069,0.24389292715178332,-0.22854580151828813,-0.15700330090816395,-0.09299939572623228,-0.10796850834090109,0.02073786507208247,-0.07161840696092227
2018-07-30,3.2541658914924074,-0.7551001212931043,0.08772474614984777,-0.28357517705027163,-0.08211433788603736,-0.25734080080150096,-0.12780558876815787,-0.0800604697055729,0.03496556655726225,-0.019689215713615642
2018-07-31,-1.1321632272072568,0.5490527903011946,-1.1054536313981713,-0.2615341935005932,0.14984447344068305,0.0534305838816871,0.12087462634583437,0.07900317797075539,-0.004833011846464182,0.0757514821535916
2018-08-01,0.32587563810357967,-0.6790696091683365,0.4323065454105362,0.13038522587549722,-0.12041471769484835,-0.07395460029596677,-0.09828606450580678,-0.046992407785390024,0.023522717448073424,-0.054584801978148634
2018-08-02,-2.1134746868881447,0.41023922726225814,-0.4658743532882592,0.22207518595593634,-0.015528101100113408,0.02519311595914887,0.1385608667146763,0.028048870985054833,0.0079556519524595,0.04047329341065167
2018-08-03,0.06159148524449048,3.512893367730613,0.9353127329148789,-1.2787195080806448,0.5978620228497238,1.4143781341712414,0.24577426296930108,0.4583104230890096,-0.3156385440852792,0.12475099999624982
2018-08-06,-1.374950301062045,0.23391395877779902,-0.7134482585998163,0.17684681672265323,0.19469209918095662,-0.07364298280799934,0.034428892211415776,0.022947413824725406,0.015478329713699982,0.050277717614978665
2018-08-07,-1.7419156874782453,0.34421295489988024,-0.5050448928327592,0.3699688494302245,-0.03075460536120364,-0.11257982857561791,0.17420301568230173,-0.01826294535133771,0.029289324543603164,0.07146597968521418
2018-08-08,1.0345497155092203,-0.27354799353618847,0.0002114546401127893,-0.36490201894388646,0.1717107979172031,0.09344233076788779,-0.17222350175033682,0.04696738770271934,-0.018509371617290913,-0.04354231571321076
2018-08-09,0.5590456642306635,0.22433615015621086,-0.33229672718831466,0.18532909647687842,-0.06279931306912409,-0.2584290758545946,0.10802916102293611,-0.0842670658368945,0.025011272237679,0.050333802617329275
2018-08-10,4.093452745381595,-1.2973803435396898,2.2150760342350293,-0.03870138305472763,-0.674530838294634,-0.09768860649180212,-0.16439345903140165,-0.18992331143649577,0.0141670574936119,-0.18989587212644965
2018-08-13,4.091647195224021,-1.750725172779503,1.4942921206616644,-0.07959268977204563,-0.30171461152944584,-0.23806713665604182,-0.31511861414732706,-0.17986041077553697,0.06909004826119056,-0.16013250449680158
2018-08-14,-3.965199765305498,0.770739690700571,-0.9033889959769289,0.38657723242824404,0.019850196891363577,0.07128093941629317,0.23804492174358244,0.07088591430186601,-0.009680886771365894,0.07655896937823016
2018-08-15,2.4396144349656907,-1.820054872593777,1.463224743522244,-0.07196454930331644,-0.37218995000134064,-0.0850878137362314,-0.2603266462940772,-0.13594985922140088,0.06870869779013808,-0.1612638202624155
2018-08-16,-3.3988972710279,0.47227640956445793,-0.37319329855677785,0.5218537711620208,-0.02883100139603369,0.03987926859620596,0.15339494691474725,0.03077045926262709,-0.003178023327318028,0.025571305579354466
2018-08-17,-0.7425933400166302,1.3530886053101792,-1.216928502639286,-0.019651259481533172,0.11995510802122597,-0.07550650056942218,0.28921518258343054,0.05444059729836244,-0.02640419112012847,0.15983048824419685
2018-08-20,-0.22133021457756025,0.5471517827580997,-0.15413764461993856,0.5226480337865447,0.39466102277006243,-0.1822635988676044,-0.07913486557915993,-0.030998617124236846,-0.016387696854220157,0.026423598902291345
2018-08-21,0.93966296998631,0.864201955360435,0.3116248073514505,0.5337796433506073,0.029259690105707933,-0.22382216604987162,0.1066307840988764,-0.08499222036894737,-0.014323942463134025,0.055702875362142724
2018-08-22,-0.05827166829254013,0.018635463855995047,-0.3511014650370732,-0.053283120861820146,0.2586131309947539,-0.008452288585254947,-0.0984857155769053,0.030637660278188462,-0.00936893389108188,0.001548403518934819
2018-08-23,0.7787959347513864,-0.040855859838844016,-0.22843880236304492,-0.13690236885293783,0.12563501809263353,-0.050495193564142185,-0.06479647622892122,0.005681203897235968,-0.0010202691110258203,0.003888578853314341
2018-08-24,-1.5308876085904835,1.0249989119644316,-0.4942534595003632,0.43711689270592147,0.21344380284150596,-0.06727311602880338,0.15045763953866667,0.01024929278390129,-0.02235878032019725,0.0925370719895208
2018-08-27,0.02001699684425634,1.4377026017267829,-1.1621222315188902,0.19100125890071917,0.49007471708576417,-0.19646232534220331,0.12341832157150057,0.01843761871731035,-0.03197696794287771,0.15611522642251074
2018-08-28,2.584619224437025,1.025685784122002,-0.4800702394775942,-0.1021315000427458,0.32400955587267977,-0.19615696248364825,0.0014774438394705661,-0.008808410231249899,-0.03932559088922272,0.08716967250739616
2018-08-29,-0.2735861540247395,0.6005175907357013,-0.23707602819258167,0.26990757489577105,0.209752917205945,-0.08508418061029072,0.029477443686978473,-0.005552119644723734,-0.015677726674307505,0.049134523776851034
2018-08-30,3.5977781076735336,-0.8600348553149973,1.0423471386528784,-0.07297282231725748,-0.4374093222615621,-0.1942529461696213,-0.1155070135311371,-0.10352803573817894,0.043207095104000594,-0.09441308148845114
2018-08-31,-1.3563539015805741,0.2292156527822471,-0.2516836897776108,0.2605768798970801,0.17632030814700814,-0.011845095313068103,0.005360466192085589,0.008688372189118849,-0.00476151912660082,0.01849561374805908
2018-09-04,0.7242850070531793,-0.26665494897818903,0.29732464991225327,0.506750676266137,-0.03955526908519614,-0.2677650958067216,-0.07065869947507566,-0.08440134539960888,0.04437047042838792,-0.025787820438282594
2018-09-05,2.34269412821001,-0.8823774697396471,1.1115923575610875,0.21234523710053124,-0.40917570632892675,-0.17452829422080707,-0.09078431311544209,-0.0952812184995612,0.05871769565271587,-0.08371991825296474
2018-09-06,1.8782486440280175,-1.605472897293068,0.917457164445176,-0.09054984912883056,-0.4117244700076297,-0.08882792723481515,-0.16033160940047433,-0.06915927865710307,0.07676201026999771,-0.11718894844868939
2018-09-07,1.9850227851883642,1.6160516255603568,2.0763428704979026,-1.3384208366785235,-0.2664802126688188,1.055639804552381,0.1743326546547848,0.19206783117876275,-0.21323239049302617,-0.025999722102571506
2018-09-10,-1.4973804088589535,-0.5020812141256377,-0.5927933520715855,-0.11841099900710061,-0.09330548300439225,-0.0040347820632368435,0.050360930119541215,0.0008674849626178258,0.02781697835522003,-0.0014311633369171368
2018-09-11,-3.0295135363450467,0.861234082541799,-0.6759483569940228,0.48535585204460213,0.4774235571946355,0.038699324167760764,0.012915233020345225,0.05949267662929638,-0.050635386326120344,0.054048340037048975
2018-09-12,-2.241092942936002,-0.7848171896085995,-0.14960872264532044,-0.01291554925395898,-0.049188384558089195,0.12232428135450563,-0.04182518292416006,0.019812499650429197,0.026154071223600694,-0.056368520990176675
2018-09-13,-4.071280835335038,-0.49990276146342166,-1.7714115817805076,-0.684215151004221,0.02893858233736543,0.2972338594705701,0.13660765423053509,0.16202380566212768,0.01970851804305443,0.051733055695297736
2018-09-14,-1.189740604692759,0.5797554503070403,-0.8097660076781036,0.0011010980024567566,0.11564249537759566,-0.010108429890103125,0.15525166222679454,0.0390205790854444,-0.0024534653165324905,0.09546543441073624
2018-09-17,2.0758425887251226,-0.9595420976808213,0.734112996907984,0.01685862685287292,-0.3525346986697659,-0.190763370084458,-0.10519136115392394,-0.11501138312421019,0.0508880102307559,-0.09388752360243846
2018-09-18,-1.7401196586088779,-0.635920951001043,-0.6329237446521507,-0.3506229344547294,-0.14410568358398124,0.13429985208036452,0.05017146152796334,0.062371665547241925,0.038215036426481844,-0.003528959946776255
2018-09-19,-1.580670682090564,0.1674392481743737,-1.09791704107551,-0.31746519859687317,0.06567433327877774,0.09003432998463352,0.14053620244016415,0.08587707446342724,0.020074884342861553,0.08418917666284724
2018-09-20,-2.3381354181894767,-0.8261403357328088,-0.0005145501414300398,0.10751603401370738,-0.08435643182867424,0.12463849051091816,-0.0815478210849752,0.0430242857739879,0.03861271566757391,-0.06903887748808413
2018-09-21,1.943798566840914,0.13953567759190932,0.21202016138983532,-0.015672865410764673,-0.10245714424813984,-0.16513303309684954,0.030874798684858647,-0.07543306394406284,-0.0025946316595770093,0.010801063837001353
2018-09-24,1.201815729186117,-0.9546735411713262,0.278518516126213,0.015362879827683109,0.24662876070591128,-0.11460395387494177,-0.3683667527304947,-0.032759818807493596,0.010586577657603527,-0.12026787154251992
2018-09-25,1.0043173639585727,0.011163549326076978,0.12232348810071243,0.13903241696831997,0.2643364587597733,-0.10594422388018924,-0.1573928272507642,-0.025146187902353286,-0.014283418024181687,-0.02301969895165398
2018-09-26,1.1780412352360874,0.334402522099622,-0.2816369325140788,-0.07570046532973607,0.12294921290262488,-0.10756964987776965,0.007526914465618985,-0.011921088792054784,-0.00829492189839389,0.03795317917212487
2018-09-27,-1.1849410546821597,-0.21328756122819278,-0.10114990939724373,0.07065486512345895,-0.21376960672078446,0.009834040256482946,0.0995419973584115,-0.005927505548273106,0.02870966032700148,0.004604772846099183
2018-09-28,0.2342802617074131,0.24102803985869856,-0.2868957229226207,-0.008881274742386053,0.04405366897580896,-0.06440823673130289,0.04782414990665084,-0.004891571712934813,0.0018728200613442522,0.0353389415663691
2018-10-01,-0.10059383900728108,0.18709094860013314,-0.778851743904403,-0.0896277220846651,0.07892430593147377,-0.11225454469507541,0.07508009207296748,0.003943559892053075,0.02267716689977946,0.06127882745307002
2018-10-02,-0.0012934203204765181,-0.9895699714727791,0.3553066490348514,-0.033749933007639066,-0.18999635958388078,-0.008425968777786863,-0.12607079065046056,-0.023246573311672222,0.03279089066598173,-0.08455312905305279
2018-10-03,-0.7455255828318109,-0.13915307211806985,-0.4747009649244212,-0.15068974858693768,0.01140921558566092,0.030117107408081448,0.02367319200160755,0.034074384971186526,0.018164853985572656,0.01571075881289675
2018-10-04,4.266647552193086,-1.803629970788237,1.8967549695502004,0.18941665034020347,-0.38294422756387037,-0.28986894910326944,-0.35165087140615825,-0.1858319403225099,0.0385784583367405,-0.18070066143572275
2018-10-05,5.200259112290847,2.4151211669626536,1.6297176349683054,-1.602827410240003,0.2773247303931153,0.9936194674351467,0.06063261246880992,0.24808325528182984,-0.25108363290333113,0.03154501724878733
2018-10-08,1.5904792145158426,-0.22660350526680537,0.4106912069909556,0.27191982430621636,-0.0426894335998069,-0.23342394102869543,-0.061636878826860156,-0.09313343447028576,0.03013367809181289,-0.016819266003600997
2018-10-09,0.7845011128352141,0.13909554766318252,-0.09736826844771104,0.03228933920959647,0.17240110876224224,-0.07866280963942189,-0.0641425067493019,-0.0037171547684777947,-0.006163252844403146,0.010163504341614397
2018-10-10,18.967301359078103,-5.226599613728125,4.746030630584818,0.890110295500414,-0.2697676583399445,-1.374393030113104,-0.7709577666825318,-0.47434234638034845,0.46802703184840083,-0.0637758453623874
2018-10-11,5.600049855455517,3.0449536313562993,-0.8449033951400432,1.8594292872248899,1.0874928622492865,-0.7799977312458882,-0.15039600801754727,0.17602524270408815,-0.014269965608548376,0.15302821528050634
2018-10-12,-6.860049390146864,2.0541151297568745,-0.2028082714927561,-0.8946239492359853,-0.0638369107130476,0.7993628430031641,0.1922180263822883,0.016946763057464106,-0.2318437083353644,-0.05377769155824996
2018-10-15,4.715268948515625,0.7907156943573997,0.6250473442518628,0.590304326246958,0.04571899793914344,-0.33042617696011417,-0.034230449007810505,0.02504935334442452,0.0573456959100875,0.06146629023908135
2018-10-16,-12.730979802672948,1.7324655180330506,-2.5883001042675655,-0.41185276204568316,-0.03511791203562315,0.5900895175675972,0.46605842326340285,0.05151980495880065,-0.2549809556934108,0.016867978221630678
2018-10-17,0.5921175925197063,-0.3817598631410632,-0.5874592154715699,-0.48271807269420414,0.03681675517581813,0.008600177402723555,-0.033444459957998905,0.02655324569150272,0.0013654169659735866,0.0021635958714203854
2018-10-18,9.1987007368473,-1.8834819859068717,1.138291312003101,0.31318081528836667,-0.19005079891002585,-0.6864437390605764,-0.27866351397591776,-0.09168602063832504,0.2173043833908717,-0.006441007879604804
2018-10-19,0.3745535684611105,-1.9864398824612364,0.5871887455177635,0.6942148026042874,0.043551475939188775,-0.27213419968209734,-0.1780639296475375,-0.06922607018742112,0.13318917569571948,-0.04363778184705905
2018-10-22,1.6324612818670008,2.4387192710365215,-0.9619028200675223,-0.14542616790751065,0.7599530754951814,0.03703942149954493,-0.10459173957307727,0.14831410833875297,-0.13545386507319027,0.06892501279574663
2018-10-23,1.9714313812626505,-0.6338971933127203,-1.3848291356709708,-0.03805066797264841,0.26506575546691064,-0.3453409464439866,-0.09665854109848171,0.04806283788473664,0.03633531822356155,0.02621275969821768
2018-10-24,12.16437114807788,-4.387113760430475,0.1609697120781259,1.077020129907,-0.03736168989480243,-0.8421797399085691,-0.17976242124136,0.23250958280758074,0.30007983077699985,0.009733887322818635
2018-10-25,0.07340068368330029,0.7790229538506418,-0.3680974115461828,0.5278758001104689,0.08036850231627835,-0.1305181283590856,-0.005141584352382311,0.054134537784312965,-0.018117570886091467,0.0074574256646283135
2018-10-26,0.7962742192063819,0.8522879689157149,0.6267275919972443,0.07338733658250521,0.06383959179361383,0.07771567335994749,-0.025703791408645177,0.002037689337878606,-0.0006084403134755303,0.010560076564708773
2018-10-29,3.7958238896438496,1.8670018268823774,-0.11892809189913492,1.0556144335989284,0.2321140514559251,-0.21522813543505265,-0.07828725590840875,0.2020057963214613,-0.0014562902158447549,0.03714960719844682
2018-10-30,-3.103564637437682,0.1861567185040687,-0.8750936647442622,-0.5500597904608293,0.43225829356467566,0.0979604181370631,-0.08085636308576762,-0.08220013863457501,-0.07649676836181457,-0.014417386093002917
2018-10-31,-6.15693886316425,-0.20325107252763192,-1.037598911461606,-0.4912961902513928,0.5754429424673044,0.1715346748331079,-0.10548575167914602,-0.12862020287713474,-0.09074824342866906,-0.03246765333746389
2018-11-01,-4.469306276507932,0.5306595603889632,0.13702052887040894,-0.9455062213935062,-0.3798845457376276,0.3579822232307981,0.1545174442547556,-0.14394484494726453,-0.07698440318196806,-0.003667193305906205
2018-11-02,2.052122430335281,-1.769789799500804,-0.08539688594645274,0.4271832891626509,0.18759016452464758,-0.22364660920113627,-0.11044087898132197,0.046923637802505754,0.08896162112439127,-0.01966544542386668
2018-11-05,-2.3139332910232864,0.6145393129362422,0.9747722997282455,-0.20541759659986095,-0.33403080277692115,0.2516552370729429,0.09562652538681725,-0.09489246894787992,-0.0258952411360082,-0.006244119669066096
2018-11-06,-4.3614288630519376,1.305254630185655,-0.42331706875977565,-0.3449406418752447,-0.110500507416907,0.24553788074429173,0.12889324239788852,-0.05444709062256722,-0.10264509419535786,0.001674997695287324
2018-11-07,-10.709988027124853,2.4852546631286647,-0.2797369187570392,-1.6226485460890276,-0.341849227142453,1.2851578088003106,0.4365489110151414,0.05795378188703341,-0.2984833468246027,-0.014062027847950648
2018-11-08,-0.636752417359221,0.5974021533298585,0.02771928443864559,-0.11219887430911196,-0.2759587159310713,0.10110191671592512,0.19207866600472853,0.004483114838142379,-0.030066864480716257,0.030483786562816993
2018-11-09,5.179643505864589,-1.8655458123608923,1.2251219921879646,0.24636630175934132,-0.22286160163672544,-0.3771651259638364,-0.22223088802811158,-0.10750108388413673,0.15918484453483478,-0.0579133821039732
2018-11-12,9.138793866749026,-2.1225964173954885,1.57981733017969,1.0988167491646865,-0.049962537776495244,-0.7453324539067224,-0.2614982637004572,-0.04330560134988438,0.26215965992064494,0.01099433390531993
2018-11-13,0.7724598357630911,-1.322493070098002,0.01953737829803497,-0.2557106191787193,0.18662597301018,0.009054213487806854,-0.12408063843211051,-0.0042783310405502,0.04614364508185229,-0.016464945884436158
2018-11-14,6.258532196273305,-1.8882501464303736,0.28950872284670054,0.9848785260974178,0.2260152831776385,-0.5184940930912701,-0.10916985400372611,0.11521039085586926,0.17383745157923505,0.03853870794203153
2018-11-15,-4.021329863232042,0.2864320040080385,-1.5363562636040509,-0.3681050704147413,0.14326726432910664,0.020224869776863545,-0.008477833621828128,-0.031698986599740915,-0.09389203442886791,-0.01664910192752145
2018-11-16,-3.6550924341904025,2.0614924091082427,-0.3162029900007676,-0.42301504606381024,0.13908393680672226,0.32596209177490587,0.028786147326645643,-0.026208009989158492,-0.13484036464998073,-0.00803214864537032
2018-11-19,8.320349012089988,-0.9869034662464768,-1.0533690161954583,0.49508543664729665,0.46125407308578853,-0.5728182454107824,-0.1526048481875221,0.2109305073667344,0.1013384937313284,0.041790987281975917
2018-11-20,11.48324085737594,-0.9529277594127556,-1.0720409239087,1.5306131504183729,0.650399838852402,-0.5291135565850436,-0.13777665127232241,0.4619168657118954,0.1116860339323253,-0.0013783924214316645
2018-11-21,-4.096954810985004,0.646070188198749,-1.518493698833869,-1.398717102537218,-0.14263647974242932,0.06824878067929664,0.035095552671729424,-0.16526761327410203,-0.10720406857811081,0.006542765241735197
2018-11-23,3.298782567852016,0.415487194477323,-0.14907543019972513,0.8485072873800871,0.6084629364808931,-0.10620808155284255,-0.16049245286974573,0.16817940136578627,0.01631076857883197,-0.012832973243156133
2018-11-26,-11.267847717252673,-0.7319332303388288,-2.4012868960103693,-1.2645093884015597,-0.1086348717817005,0.07374165793572396,0.1002009011088882,-0.2800347432305723,-0.11105577549622324,-0.014737357818943751
2018-11-27,1.5757946329984653,1.0937328830541193,-0.03274014112169432,-1.5610088081433062,0.37672783965571255,0.3669066922779217,-0.12391878029540511,-0.009700506494024756,-0.06623226989960733,0.015249605651091546
2018-11-28,-4.851246667664197,0.6098420180032873,-1.9351925547928153,-0.5904114709916801,-0.11278111369492372,0.00936579441928551,0.1354384419443784,-0.05593855382670605,-0.05668921940851926,0.01677205963680155
2018-11-29,0.430273975952902,-0.45640536643927354,0.95131795507011,0.32930575026013753,-0.19139757131768673,0.003089816925174686,0.011703786255162534,-0.02079684887452203,0.028577845294581156,-0.007864526911634888
2018-11-30,-2.918797306713889,1.182908924719314,0.6771064457609078,-0.19329843881162115,-0.01705400942627393,0.29815611481802085,0.030285782622784,-0.04698207199545695,-0.06543843710136697,0.011304319953815005
2018-12-03,-7.584676336785181,0.850640148635273,-0.2199349744043632,-0.6319243219516907,-0.40864565302115563,0.5051326471732585,0.2668495576028984,-0.0666906678013224,-0.07973673388834078,0.014343404720554589
2018-12-04,14.200256435546386,-4.808029439402593,1.4671095577648565,1.7890594985289057,-0.10800679007208533,-1.001650389394506,-0.24355920979485385,0.130018285795534,0.2896094388094681,-0.049993278624566775
2018-12-06,1.8618312160053323,-1.9742998848850493,-0.5080574110217858,0.25243048669569584,1.2905408358800117,0.006230757175022558,-0.2616606445069945,0.10913738565501734,0.042682587765728766,-0.025083378046769567
2018-12-07,11.244416355522658,-0.04104791694966788,-0.9919417892087476,1.2897677635198508,0.0471495579852556,-0.36611523573764176,0.08861080964713527,0.3891179089420779,0.04094836000068256,-0.04268270457671648
2018-12-10,0.12966449897411497,3.5966244210059872,-2.0465747570234987,-1.0429921392932617,0.7152692430370998,-0.02937010165661221,-0.30760321422055054,-0.010251471514424909,-0.1263691777836311,0.0008783302994294737
2018-12-11,-0.07444925194849361,-1.1454663905711833,-0.8150517767250419,-0.2705783609063443,0.12911631791399075,-0.011361059188952605,0.019328131303350912,0.0043773129128017,0.009839446703150309,-0.024015959445346922
2018-12-12,1.1813017246150297,2.162971151804519,-0.9656232536788715,-0.29312559904382035,0.30801762378342606,-0.059912828997857624,-0.1543070585375398,0.041383027180335624,-0.06672224343983482,0.007974973361201345
2018-12-13,0.1515346791565287,1.197332119564771,-1.5551973663755254,-0.16671935463133633,0.030544233220071774,-0.15683829441112263,-0.031789556363689984,0.024214422622722387,-0.04882889559825902,0.010059758108660551
2018-12-14,6.019498950485758,-0.7120452464549936,-2.0705978279668167,0.158128136288956,0.5079335323970215,-0.12837040193651394,-0.1539670188054911,0.17460585134614534,0.01744258433025758,-0.07722985640268686
2018-12-17,8.040814157964975,-0.3141986249697146,-1.7866913295241402,1.012298651862823,0.41462731695950833,-0.046964928304917074,-0.2077777345562811,0.22071978267040035,0.015100669134166515,-0.07535610000201794
2018-12-18,1.7750714254330475,-0.7623089835988608,-1.105725996980911,0.8609657056457529,-0.5175273136260434,-0.04633045245855878,0.031743014552386754,0.054113272382900715,-0.0229885809489741,0.02130891260159372
2018-12-19,2.934446666047989,3.132161786771897,0.5753606602234703,-0.34552206459854345,0.2550716706608456,-0.11132736020424075,-0.22864273743062274,0.09021286289044939,-0.010699607376081012,0.04220436805900865
2018-12-20,5.0231407947738385,1.6967373073618817,-0.24063634317062593,1.6217279993801093,-0.06054810744915817,-0.03258485508176906,-0.30001201947574396,0.20587814112877717,-0.015448508735035844,0.053408515227110556
2018-12-21,4.683617407796611,-1.1041591069190437,2.1785491597104674,1.204512085558984,-0.8669031140141233,0.24102892352685357,0.1383937580279396,0.16693692196769938,0.07009811728439885,0.05546888195400787
2018-12-24,12.761463785965608,-0.6338492275768763,-1.5286391426675021,5.057139600278846,-0.5804126832735652,1.0323806413749979,-0.8482782786452469,0.310504690886795,-0.11005003002916115,0.24517149145846961
2018-12-26,-20.34219756940602,0.9259284592648065,1.450819185480663,-0.7527073438122751,1.0150997315362822,-0.896483757697134,0.48496725162666904,-0.2905469952483702,0.0009614274161842221,-0.17758630809404638
2018-12-27,2.333527317813735,2.281069196281736,-0.1358047041029794,-2.214989828651434,0.31453910244911915,-0.2993041627106661,-0.02350492669520177,0.019896109129916194,0.0418993071908401,-0.028306055216979025
2018-12-28,-3.652188499617379,-1.2709499648568243,0.77350408081988,-0.5569351955173437,0.012925897322864012,0.008995709308204503,0.24853056229543577,-0.12710277166514097,0.021600717379468087,-0.04853896386169639
2018-12-31,-8.726922052038889,0.1557463309989795,1.1020479978186515,-0.207585697889979,-0.25844189267898166,-0.18518853547071182,0.27870790267432544,-0.20585637338743687,-0.015008376791030327,0.030971485365511062
2019-01-02,-4.532644531187463,-1.289990527757774,-1.6140296211214336,-1.670369669467033,0.12872749443134743,-0.06849621069597273,0.18092221216097218,-0.22424223480773042,-0.02371534490967992,-0.043906424931412745
2019-01-03,9.1017570922931,-5.193346256513176,0.4469419677894422,2.4833807220598247,0.1283589816656938,0.7009943870479964,0.03181815470941907,0.23151911055471106,0.05079842234785147,-0.10502581495730168
2019-01-04,-13.682013404261959,0.6125520859348604,-0.6402434095837225,-2.86684712004382,-0.24916731348993468,-0.5169125047620762,0.2506427396501046,-0.356958508388795,-0.02887131397213929,0.011128449457885653
2019-01-07,-2.319396287190318,0.05759311173115532,0.8834527805536921,0.1713899739936205,0.12419147096790799,0.02044386087672393,0.01549523150548178,-0.04173842317728803,0.011444312382386709,-0.0015009766874876
2019-01-08,-2.074561639629094,0.31846808649306746,0.4760876990723852,-2.216178642983939,0.2143630580313236,0.14496441926054923,0.02752257748073285,-0.172306845543315,0.021917805227082515,0.011890908949725078
2019-01-09,-2.7517872288297855,0.11363723064507965,1.9069989185588592,0.12054995511969188,-0.38056779885990527,0.0914939845866213,0.09550111168571615,-0.09291848998244374,0.01732493818627135,0.042208925446183106
2019-01-10,-0.7264584776853439,1.715124855661595,0.704478812214021,-0.2414321034425712,-0.6451919122651572,-0.027474787939361003,0.11965244244654466,-0.06828049217411852,-0.020321423753766714,0.07170188118382449
2019-01-11,-5.374715933018693,-1.7199492594678425,0.9173791701752896,-1.4263349378437455,-0.6538941256539175,0.3049086381816892,0.21591269512081257,-0.22853065894452346,0.02523821335916574,0.019460580445022274
2019-01-14,0.06708030929417141,0.43868967952013643,1.0827608525798307,0.8625337210481135,-0.30821496098878143,-0.07198833873331695,0.062037032811209515,0.001166679302477256,0.01618921491594043,0.014464414197290427
2019-01-15,-9.012428371945305,-3.251140066852084,0.642450517101574,-1.14124699718149,-1.278688440236952,0.28269752335877263,0.31228970396655403,-0.2690826521339263,0.06318556353651206,-0.00747807415487674
2019-01-16,0.8360574775305443,2.6677110334814738,-0.7866921949045299,-0.6933954484564417,0.26636616485300885,0.11534765648682807,0.034416160196684004,-0.003618603476471955,-0.07023423132979426,0.04490770709436632
2019-01-17,-1.5982522583711627,-0.5064699073133323,-0.3082382854955176,-0.41695843633012186,-0.43961994458364734,0.03744332552450839,0.14500571956315889,-0.04705914321314896,0.02189496820077874,0.008281831864627547
2019-01-18,-3.7298335579841235,0.9398405686422252,-0.5844721972932321,0.1632812568242583,-0.029172716693636715,0.022659035409845225,0.12875882857093085,-0.04950989233244349,-0.012609857704682162,0.02975349028777896
2019-01-22,8.67532955441234,-3.123109373911633,1.5949376968523765,1.2576738123863191,-0.0639523348045165,-0.3891667749642814,-0.2359616346316825,0.18684803838512062,0.08052417799406905,-0.07497381561104292
2019-01-23,-3.2350163960058764,1.4023883719586552,0.5356201286460344,0.07526367431842015,-0.04854558146851448,0.1324689336855474,0.05062937506628649,-0.10502615768510004,-0.023557892594222644,0.018643776862904738
2019-01-24,-1.1462955153254328,1.0961653454631903,0.5354542429646745,-0.7154777125017394,7.504475137740412e-05,0.30237321721007093,0.02678312812878218,-0.07102590693938689,-0.04065998066281646,0.01573144613472622
2019-01-25,-4.174133765757033,-1.9856452004516627,-2.0166412673506766,-0.19993833329510535,-0.11999912263880129,-0.16239563634692156,0.041248804784912003,0.0035981739692260693,0.04344620098815117,-0.022448944940502757
2019-01-28,2.769503879075034,-2.0687798535895485,1.0028882179914211,-0.10271036049985585,0.3370784320639222,0.07739698831644617,-0.22764099849886243,0.04894067382048554,0.023491130593796337,-0.03365608780244965
2019-01-29,-0.42075065749520213,-0.6353178849258254,-0.10323280746060667,0.2965431723859979,0.18057082975672983,-0.057682442978285405,-0.05962178883355196,0.02511424875833907,0.0049438686636493435,-0.008767827677408906
2019-01-30,-5.098231034139973,1.882354592514322,-0.7454051609739211,-0.21045033318749412,-0.14361034514890642,0.13570379589064688,0.11939085354900789,-0.08708135300582598,-0.03487890119736726,0.012426116365963953
2019-01-31,-5.396580132121757,-0.36585895532409846,-0.19007450787959065,0.13262471900135112,-0.018373721719565573,0.13521295660047888,-0.014278149741139326,-0.04259243096170858,0.00459809741508239,-0.01712131873747767
2019-02-01,0.22782941763249412,1.4749699312030224,-0.4290583761104719,-0.6556022064459918,0.4695848647255362,0.24418864742797974,-0.0454992442457994,0.02231647070520711,-0.05440044688254738,0.017376826769184353
2019-02-04,-2.9117364234577177,1.07522305686811,-1.1531489226778886,0.5721472436306291,0.020165143962158384,-0.18438153887830247,0.15782591940654808,-0.012241318638751995,0.010099958506907017,0.03436445609762345
2019-02-05,-3.2153014179581816,-1.1910124543359801,-0.6637937490628126,-0.8739969277346394,-0.4795635942185456,0.22373711732634782,0.11255570145647166,0.006545031523712246,0.05544212915285191,-0.005081893726797369
2019-02-06,-0.2529459637035204,-0.6437095476520448,1.214697504906349,-0.12146358430473773,-0.13955449991112795,0.21686099203941933,-0.09516970674609966,-0.015570560678893274,-0.017554141310583096,-0.03957910448809701
2019-02-07,3.005774059215812,-1.687724831216192,0.27241402292219025,-0.4096939459095426,0.17716239630205322,-0.033365901005057506,-0.22019817723353777,0.0309137805007878,0.013236124547839548,-0.022040953293888253
2019-02-08,-0.9235709615800202,-0.062413711766602584,-0.333271671216726,0.33395092704658774,0.06375211092364984,-0.11032065359193446,-0.005204418150997314,0.004518482323040882,0.008128836112138643,-0.0005861208493902853
2019-02-11,-0.21356293612495691,0.02205444529236174,0.11371708281752194,-0.30575911004075734,0.2123722206591515,0.16664873164888144,-0.08215232817556983,0.014325535322207695,-0.015339258922008292,-0.00501936923513825
2019-02-12,-3.1892219794886203,1.6998474000876609,-1.3762411251723554,-0.09835648731725807,0.022079485670848515,0.0680755299459788,0.2073127571469651,0.0237060395313918,-0.002312240843818897,0.03500955770070239
2019-02-13,1.472115571769971,0.6391390579651903,0.9640576389818502,-0.5900102691819213,-0.10150998754726506,0.32269111873596223,0.02019947340437416,0.005889295553136388,-0.05381478949484545,-0.003982346394579539
2019-02-14,2.7240457093332093,-0.6662548253623501,0.8504340425655266,0.47719037628934713,-0.35654788785191255,-0.28358663618340474,0.027079315380631266,-0.06986752570628668,0.026814257022244336,-0.008181879500809676
2019-02-15,-3.983272563978006,1.5313478416314443,-0.6734598021151997,-1.0091749429791428,0.14531085907698213,0.6395886563201487,0.11841738946485122,0.1082187038870619,-0.06272892638668853,0.020076494177343102
2019-02-19,-1.6660746721458555,-0.019522445350162735,0.8809780425243575,0.1704830599325513,-0.4039425208852565,0.17196993716470763,0.10204765936699578,-0.02372046991517773,-0.004502454681603397,-0.02176292617384039
2019-02-20,-3.989509374186034,0.06323381224247342,-0.01644047649772832,0.0500390168549554,-0.3733287355988996,0.24740522392838757,0.17561183427662863,0.03024936938232699,0.019002016606075596,-0.005680240353737315
2019-02-21,0.6032761183451696,-1.8180530452843042,1.0395957650722312,0.280180995287936,-0.5008268700479984,-0.1667686825361896,-0.10392743668319228,-0.09025325917064728,0.05523313413204362,-0.06904983640199779
2019-02-22,-2.8786878750976026,1.6355068685298109,-0.7315233767231507,0.6956057088498045,0.06989387909196615,-0.0979614353100686,0.2638624765082306,-0.010083860211720539,-0.0014970962980757746,0.06693392958808168
2019-02-25,1.1120213779734962,0.04103001289650305,0.16111497949278775,-0.4021688247720221,-0.1836307841280722,0.0973572835103437,0.06135792805244993,0.007744271956277422,-0.008895854807555377,0.003571933209847206
2019-02-26,1.483409503805253,-1.1478892922441672,1.036442599005916,-0.02176367589212084,-0.31442807148337226,-0.02392280762566194,-0.11322420152734684,-0.05059702019318605,0.012802179448474046,-0.06199675250225667
2019-02-27,-2.6186592070732626,-1.9139714506461414,0.6225256755340507,-0.040901896826344535,-0.20325498758401492,0.1972064558996956,-0.22870357087481502,0.026074629991937007,0.03685082000315618,-0.095000229950995
2019-02-28,1.191584528488691,1.2830031862165912,0.12240303985572093,-0.36490242089341146,0.11324189456646132,0.21829462918595402,0.11656566655738772,0.034721258064254266,-0.05719962671938196,0.026859565397732595
2019-03-01,-3.3488806950274097,0.6175919348284741,0.39656422738548236,0.17970672311447258,-0.4406290645862051,0.30183331543310377,0.24068752460656015,0.03359157105778311,-0.009836581554097251,-0.017945461780419274
2019-03-04,2.936172356790343,-1.0321127322950037,1.1075436663061202,0.1791802795389615,-0.07302656528035169,-0.20827160373715806,-0.18816304467654113,-0.10931088888712838,0.013632361601336391,-0.046699655093778554
2019-03-05,-0.06973877968639414,0.18644224704754372,0.29195995820186527,0.11564585182112937,-0.07797786355353473,0.0231535350997767,0.03943026691876823,-0.015157074844346308,-0.006876404000683454,-0.006317967406477434
2019-03-06,4.331919539669073,-1.8365281881290079,0.39604184839930073,-0.325490030720959,0.016770925654764266,-0.2930143770745793,-0.24732561827982977,-0.07205524092560114,0.053625947938099085,-0.002997448214962575
2019-03-07,2.485620056924262,-3.7808410424916836,-0.2999613878108038,0.08917416761851492,0.3229708514001389,-0.5442299158978383,-0.44631744196525436,-0.02835532274653855,0.09968779329017965,0.04975208276061358
2019-03-08,0.5684717133266508,0.7676228261680379,-1.2547143974825818,0.4029426595913089,0.4658909797665736,-0.3039221071488648,0.007676215645949816,0.041063993933282555,-0.015597167532765478,0.04062108804298814
2019-03-11,-5.3771786646598185,2.5132308729447908,-1.2389228548037408,-0.27510471540714265,0.14103550040221563,0.46176323074442305,0.19626978482807986,0.10011512685903019,-0.052286794284852355,-0.025719650218455507
2019-03-12,-1.7632760267709722,0.2866872265119136,-0.04155368371079807,-0.06976041590054378,0.0647294384012897,0.19909958538620692,-0.004836329635464713,0.040278073403829766,-0.013223372836143022,-0.016080062774462195
2019-03-13,-1.8889787089458454,1.017115627670979,-0.7858094875024263,-0.3018094485465227,0.18563924780892685,0.24604514313692574,0.08775639508306236,0.09356777641339861,-0.02119902272769859,0.01692483820094298
2019-03-14,-0.08940482275737079,-0.5138087467305991,-0.28272903502588365,-0.13643198211937665,-0.04231391223861416,-0.03776294850533393,-0.036257473748011734,0.011998328930747267,0.02247541792338444,-0.0017443379663788677
2019-03-15,-1.267698049919196,1.9923286090323218,0.28712527190744375,0.2707201411727539,0.08155880494972659,0.23190923209737208,0.21875845324484186,0.02225143273150935,-0.06532439972290467,0.024013476675112496
2019-03-18,1.6574390291873056,1.660277013292224,0.13888511915759794,0.05600692562737395,0.2734709998691033,0.03397065185728115,0.10990873256859474,-0.00185500467592188,-0.07321085212317605,0.050988725011114816
2019-03-19,0.6989778925386276,-0.2721843432458592,1.2771766509536453,1.2610542305280823,-0.2538576568722522,-0.4319935659389832,-0.0031293378995784224,-0.1809030372645056,0.0242143229805965,-0.03065072432703903
2019-03-20,1.9873407311735836,-0.4855815759124771,-0.573784446880298,-1.2960864595861679,0.05490514094025647,0.2728494536364172,-0.0716865000458524,0.10329387751828106,-0.009972734680774342,0.002894875878644399
2019-03-21,-2.643570074192719,0.6111161425104631,-0.9142616186921723,-0.12641513205561497,-0.002804904520738436,0.14380498785986212,0.1553378909205044,0.07552593758303872,0.006486018108281327,0.03663355529789817
2019-03-22,8.487082357503896,-3.9717739007807578,2.881842775139191,0.1032857260135833,-0.24663985048458875,-0.49629891277095217,-0.5307324228108931,-0.23949063475400933,0.08323158228023574,-0.0946013267775762
2019-03-25,0.3658447078080167,-0.7299644094179958,-0.36675171475490437,-0.05992766439041808,0.014120697091226698,-0.13014887232002237,-0.0534689107349483,0.0013347005128740764,0.026436421723188427,0.010867228063034334
2019-03-26,-5.137562271306292,-1.0476307103828433,0.12477543563120275,-0.568377485109176,-0.23268320412189453,0.5730553089952476,-0.11397113381969957,0.10068755110817672,0.006795944546115625,-0.07946815111644946
2019-03-27,3.7196654240508282,0.19350291223347055,-0.4292890758154679,-0.21600455075657787,0.06522385312416147,-0.2783272832386597,0.06139737086077493,-0.032847539376864965,0.005635661489547708,0.054536506416413215
2019-03-28,-1.9757490871137116,0.31681968394435267,-0.1269967584276091,-0.36113147966300774,-0.3203926143657225,0.28058415562010824,0.11059011542083684,0.055571837188958764,-0.008844992079892028,-0.03251477225424046
2019-03-29,-3.753673576697386,0.44508457895322884,0.13287310979576958,0.1055428641928245,-0.06399171076690906,0.3551792821936687,0.028124372767697234,0.0765302112127033,-0.021548611310425653,-0.0502674739710047
2019-04-01,-1.7556307350167664,3.7556413952992713,-1.1629290191097283,0.053150193381522326,0.27739967689283584,0.2656453121158351,0.4613004585586423,0.1318046197287202,-0.10599800540530314,0.1035782299935188
2019-04-02,0.8065455202724471,-0.16858563922193295,-0.3534149455953911,-0.2758046670220408,-0.23923134973427992,-0.0802498195670793,0.09903049656334818,-0.01341076361806737,0.026534218034254733,0.021062305149537816
2019-04-03,-0.6036274750571712,0.39134032075046027,0.2591483532377805,-0.18229321008468838,0.10607225628310625,0.2775751251348438,-0.01227124523745393,0.07210634984591398,-0.03998309939187151,-0.011051803708763562
2019-04-04,-0.21901565864962844,-0.451615816634415,0.31852211532733343,0.11584421328778158,-0.11983642303105095,-0.018967479703994018,-0.037202804057146925,-0.02641432940987043,0.014177831405953484,-0.028999959960919634
2019-04-05,-1.594530233484901,2.090337044983265,0.016144139745096864,-0.06819939133220397,0.054258032307289074,0.4261670384736594,0.29910079660713484,0.13235640308236174,-0.09182834973646731,0.07078385377779521
2019-04-08,0.666775345654979,0.5676456691081571,0.07902033008443508,0.20774160204331105,0.17249059616547957,-0.08163439260189789,0.004708320249982395,-0.025333650166858304,-0.02925232200854498,0.02124305893061182
2019-04-09,3.7293249622860523,-0.8174568414554617,0.41577675882349296,-0.35374504771897625,0.009608871916333039,-0.18063913342485918,-0.18711137340938558,-0.07887668167089892,0.009328337109217953,-0.038193750828909835
2019-04-10,-2.687981893256887,0.6463878140444145,-0.43623496544362,0.4157918509630396,0.0663264315898164,0.02897713193716248,0.12315361213735358,0.03390153111069275,-0.0018894327511297224,0.033348448211977695
2019-04-11,-0.26639686839390725,-1.1652009258106357,-0.6646918648715732,-0.07430687988560392,-0.05012754089661726,-0.2146894336322736,-0.10005193527364079,-0.03163012089765222,0.07705352207624923,-0.018163222351970258
2019-04-12,-2.2647513394851924,0.991785266723486,-0.9154106543521509,-0.07150381389612319,0.24281820897238915,0.18722512365495367,0.13465852092748554,0.1172472454272679,-0.014066858864473846,0.06908421440443373
2019-04-15,0.5111138562452139,-0.8962773677305735,0.32217282259175917,0.17651319498357665,-0.3512865892693555,-0.21019988596226385,-0.010284050076961291,-0.09680084565630279,0.048100525697684325,-0.03968760614133881
2019-04-16,-0.6713715328588469,-0.08968721227366926,0.21743085378025415,-0.077969944074127,-0.100490400271916,0.1472622290213808,0.012758201181614696,0.033226258335423885,-0.004731002455386127,-0.017434052955248414
2019-04-17,1.6023400287631222,-0.6984786385621284,0.24541253465444932,-0.23666752548184875,-0.00482467748098698,-0.049345076061991754,-0.14037571682650846,-0.02698309284785286,0.0061002277994358185,-0.037070077899060624
2019-04-18,-0.9616052454721514,0.4333682845462219,0.32193910078247456,0.055596452952663786,-0.1615002141506543,0.17351972238400118,0.11855435839968652,0.02977538830794837,-0.020313046197026313,0.0015152710465170104
2019-04-22,0.6031479613099285,0.22411079900847833,1.0199072729920344,-0.11789631381483161,-0.33525883247696464,0.2287746959415922,0.10123752625962355,0.0006367637595008894,-0.03924069812781237,-0.029065198127465577
2019-04-23,-1.3046199454102185,1.9823598966879985,-0.9610174036837645,0.07622687462317987,0.2327472877511728,0.08962901094722761,0.3244917114961767,0.08974399501675648,-0.04750459036936637,0.1496957443429236
2019-04-24,2.3267841805781018,-1.0636706537726222,0.8314029019282402,-0.07198776173609389,-0.176491215901232,-0.13781044103119894,-0.1918670783467346,-0.09942222841733957,0.013879163938818845,-0.09158874452808682
2019-04-25,1.0729582896846181,-0.16832176488886663,0.3461753124549409,0.18214980386037388,0.03445385378764621,-0.13682925074585053,-0.07494094217045354,-0.0628525522943603,-0.0006991461689366993,-0.021016308419086287
2019-04-26,-1.5305652377047707,1.0001540290742756,-0.6638891413163844,0.2551377008064626,0.04123196135426476,-0.03840654115168709,0.220177352088175,0.02190608955352263,-0.0048586883849998175,0.08405074006524484
2019-04-29,1.3060346995592762,-1.1126212395347532,0.3258058673377001,-0.07798241329156073,-0.3418597555971272,-0.1779864799282656,-0.06342310690544396,-0.08734192714211257,0.0520692783760445,-0.05452600997091426
2019-04-30,-0.13368480696040735,-0.0651635258202329,-0.1280483041527679,0.05989251945428782,0.04235550324910724,-0.046877125161267734,-0.017346289661585485,-0.005622622247907189,0.007749372031628944,0.0011264672151536
2019-05-01,4.677013451864623,-1.4441086949877786,1.2335513822375879,-0.0591694706075476,-0.06170749526353882,-0.28619095025862623,-0.31120265803617064,-0.14733617605693008,0.02277953206362893,-0.0869128135776037
2019-05-02,-1.4132443053141734,-0.39934559124253677,0.33649601308219723,0.4910230260176347,0.10839475808157475,-0.04274989276993844,-0.114816827250182,-0.02668538824060646,0.012439683264142472,-0.03919367505033194
2019-05-03,-2.410688732743325,2.793113088120449,-0.7390620434609825,-0.7328611252376118,0.22280893493360165,0.7579432183496552,0.37306294074939855,0.2802606143038041,-0.1443694314628153,0.11315340263359226
2019-05-06,4.1807140453954785,-1.8737078021772595,1.2081719507459323,-0.09111836416803308,-0.3505413721870328,-0.3281197845248578,-0.23844623312591876,-0.1871452191909599,0.06883880123987154,-0.10062349168752417
2019-05-07,7.80528312017753,-7.335679149642429,2.5737734391726423,0.0038836552279410902,-0.02913387448050598,-0.8209297156393631,-0.8907148544980613,-0.3694388101952604,0.28962061682065154,-0.059660133274340124
2019-05-08,-1.014864018448279,0.9620101529186275,0.9911448950020988,0.308586213999581,-0.15660320923297766,0.23174648900091682,0.09240127934662459,-0.022451569167229856,-0.029932068397918704,-0.05910764429505956
2019-05-09,-1.2123278020236519,-2.0179765428408634,0.015040851807389587,0.67141631259836,0.6746488494117466,-0.2937015148005137,-0.36092459852374625,-0.05286181480763016,0.06866160683456782,0.06631867516608529
2019-05-10,-4.322044934147556,5.125783583250485,-2.5101885893407077,-0.049250553789075086,0.24156089992263613,0.36758884279990195,0.429005262317681,0.25947761091715615,-0.20912713962527668,-0.03802960267051042
2019-05-13,10.829629323259818,-8.565151755586001,2.9384924164219406,1.7377865604449583,0.8019561474259628,-1.5390048417286397,-0.6243428835079874,-0.3594568384632769,0.3665304748258472,0.34827580998896296
2019-05-14,-6.348388038889989,2.833775065919487,-0.9810947609884519,-0.44496447932194183,-0.4727894005894107,0.5417982510148645,0.07044590366048979,0.05826593829155208,-0.12557738382957304,-0.21571294896150728
2019-05-15,-2.9471386005375817,2.3715429357069646,-1.1130522798372402,-0.21799179492510382,-0.16155559747365605,0.27417192462369244,0.18833595105056608,0.10046817160628375,-0.09321495696290241,-0.0905197150993933
2019-05-16,-2.910164663742677,3.2073046818753346,-1.1231960424224123,0.01414980237934341,0.43251703104481926,0.3504848937260902,0.17178329595856717,0.146412814310272,-0.12966449724731002,-0.02160733198697019
2019-05-17,1.6517206865566605,-1.8436672133613328,1.3906820592111517,0.3331852501088469,-0.3678919287941048,-0.21121996157927495,-0.08926105581777291,-0.13978104019658963,0.08503186725091079,-0.013710057140921673
2019-05-20,1.5024400223564296,-1.6866070265169233,-0.4735189161016353,0.5870211623766527,0.20087807639599325,-0.5818158009681056,-0.1443542435697645,-0.049308905014573225,0.0691074899982986,0.0792803921255728
2019-05-21,-3.553545184169699,3.434311458383786,-1.1543619826138032,-0.14472339690307778,0.11074804650675962,0.4038389697580365,0.2683376188469746,0.1203913407804113,-0.12243793721392171,-0.0482977427986236
2019-05-22,0.5131297495966801,0.04899257006790537,0.40691006345167463,-0.06859620399478723,0.17823204400908818,0.1112092231934895,-0.06933302119124202,0.003217034397368694,-0.012640351935218409,-0.006004476705660914
2019-05-23,6.374266358276222,-4.13923154696524,0.3549270784476601,0.9427698468903423,0.4813643056926094,-1.01472600201038,-0.33847639094854964,-0.11237263232583251,0.16146070386312328,0.15777057760663907
2019-05-24,-1.717921658265211,1.12651726338494,-0.9130768599025163,-0.5372763168636574,0.0695534515787999,0.23233288523935466,0.026294601303023003,0.05621209022221336,-0.049475087645496546,-0.03580905242842593
2019-05-28,4.423284756550319,-1.9934088985924412,0.23457150805372753,0.6704544699030079,0.5718608616120514,-0.494763116319865,-0.12744687821751297,0.008094421564167335,0.06304132853070643,0.11351688684483355
2019-05-29,1.721867672880701,-4.2415466798520844,0.19207374605010372,0.9515820103972914,0.4464358650823866,-0.48079685196880034,-0.07483099893054501,0.1309361435709829,0.04400972704208792,0.1702224086861056
2019-05-30,1.0470600531068606,5.2922489993663655,-1.5356350195437667,-0.5318524769538451,0.3060374354973297,0.19362566319473087,0.06232924989716422,-0.02322356472179121,-0.07944415120137246,-0.15239747458777078
2019-05-31,4.618419693532979,-3.6012754269491376,-0.24337447894989084,1.046897300837507,0.7425818868748219,-0.4522357076913002,0.04079412545984934,0.22106085649397367,0.03588650314955016,0.10625242015830062
2019-06-03,-0.4200161891529011,0.5266485775474543,-0.2476582599340334,0.19421252830016006,-0.042130585237470104,-0.04985374099176207,-0.0010345392755545307,0.010515332653113397,-0.017546032070085066,-0.024894112395420814
2019-06-04,-6.822855837617132,4.171540642779012,-0.17829290397313496,-1.1602468420355212,-0.6441127817843008,0.5504970092932878,-0.05334235897367654,-0.2290727869225589,-0.05708339737173956,-0.11657147913963806
2019-06-05,-2.0030154092107835,1.6480322979529778,0.16954188844789567,-0.3541509707594445,-0.049533033492687166,0.3218775077080139,0.027083906209858462,-0.027970286801425184,-0.04390512188780648,-0.03845410557697133
2019-06-06,-2.0182855415502665,0.8613668704940194,0.15584582466591115,-0.2917681736435288,-0.5269208811047399,0.222128246191788,0.15113223174684692,-0.018427653350435357,-0.023517301016707744,-0.03936069863484272
2019-06-07,2.3138297553099947,2.9085349710929878,0.13483289719518424,-0.7035753128713346,0.08891216215882294,0.35505297401603286,0.16029617885829692,0.05941106431639666,-0.10712414550783003,0.009273674177517944
2019-06-10,-1.1105789533884818,1.098495738992381,-0.9520449179625845,-0.37893208417414465,0.08698449196677467,0.12823011513454255,0.08828119420507703,0.06811017316348833,-0.051697260090145254,0.016590571790230733
2019-06-11,1.567141121942276,-1.50436610391428,0.5923223368576839,-0.4723564906699553,-0.16002767360230902,0.07328133181465543,-0.09839561068484597,-0.021462274145769487,0.0467702125051963,-0.019777350628229873
2019-06-12,-0.10458140618702812,-0.07850501076543814,-0.0007186304474117833,-0.09530318189838616,0.017743153432061107,0.04481293211421413,-0.015221400595019216,0.007347234763984701,-0.0016528553165887814,-0.0032499570047371694
2019-06-13,-1.118576799002175,1.1873253865251847,0.12040985593440866,0.42729378769467197,0.27229663823686023,0.05924630097667084,-0.0043915242871110744,0.019111447258104618,-0.050767005731615744,-0.0006349110675374958
2019-06-14,-0.853882488357431,-0.2445484994151893,-0.3781308116590786,0.2524712669013767,0.06231861691281638,-0.1278015589339286,-0.01651325244589458,-0.010587366363449317,0.017667992116520294,0.002294479435481107
2019-06-17,0.41701669975394723,0.7137504822385216,-0.19646567925347289,0.13332899099926532,-0.127578312315336,-0.09556968850498031,0.11480865404692926,-0.00750593789483184,-0.0121750360758165,0.017731097915122646
2019-06-18,-0.5298465729988611,1.6884391707903,-0.5475174106764665,-0.5814082382552294,0.03987195633740663,0.2950329275157902,0.1478323217026284,0.09373602532187436,-0.08706953999336804,0.030860657083498763
2019-06-19,-1.4499469835358911,0.9803101053552198,-1.0781796260298515,-0.30178240613231133,-0.02674274760853925,0.07810464845824798,0.18272972476837643,0.05869026940433819,-0.029463134965050698,0.049406432528362354
2019-06-20,-1.3454469798856992,1.1016525702488982,0.15751266178000922,0.06774880144174995,0.15191943577095238,0.22569617879544476,0.05339292469067385,0.05913803943830935,-0.06806944063299207,0.01692892890440584
2019-06-21,3.329534427447875,-1.4778966514490557,1.04116549275729,0.10856333927850138,-0.15136652191402022,-0.22228414374565728,-0.18292238758112014,-0.09785029759482249,0.06541082278425868,-0.05487347346708672
2019-06-24,-1.3820532031169865,-0.8639171614076687,0.6019459111097311,-0.16623961575118681,-0.3274569352267566,0.20341317967232575,0.013893385891257031,-0.011134141051740744,0.023306682035571534,-0.04502909820891697
2019-06-25,3.376529195944701,-2.8456883590268847,1.3777364333075364,0.24155784843947814,-0.13517144829226058,-0.30892123141735517,-0.2570321537157931,-0.14544630301017458,0.13510550040546565,-0.04082413325893056
2019-06-26,-0.12203855754554008,-0.6207460168665135,0.2902025119796732,-0.1984234180917861,-0.09334313655919044,0.09306803764792902,-0.03335482693817346,-0.007712415042130778,0.017264359924555914,-0.014892783620161517
2019-06-27,-1.92749419121304,0.5923527000862929,-0.4662373974748576,-0.32978208376924745,0.09299870575692001,0.25792973388903156,0.01536901935312086,0.07666179833397332,-0.048603482678159025,-0.01321863074978455
2019-06-28,-3.8437433802798875,0.23582784908872886,-0.35626082946899157,-0.12973318372283577,-0.011564337023890635,0.32704448018289295,0.022381087169558795,0.08363333264168028,-0.033139609737907326,-0.03383523993871848
2019-07-01,-4.505005172390518,0.2962180179091673,-0.10284261996572328,-0.11262419824966106,-0.4357427785190985,0.4125523311246071,0.18132396792687056,0.09265409314780156,-0.021759082255193313,-0.046151990976412656
2019-07-02,-3.6590640146604563,0.05862478005134974,-0.5797308843579128,0.14214938680917544,-0.1940081741266438,0.13205238792551788,0.11342144527207466,0.06428723125041651,0.012917319868877087,-0.012186998558940487
2019-07-03,-3.120893374873744,-1.3164240643906595,0.855144700937401,0.5780372823306182,-0.3574345795843417,0.05085802520565516,-0.08218983203375967,-0.0512740463020318,0.054258226958570424,-0.09422760002859754
2019-07-05,2.8836605684269037,2.563001572529735,1.0022647559053484,-0.8590173254755746,0.4187088542573258,0.7485373693869379,0.09733832429848252,0.19686977754582058,-0.1849040346423849,0.0319892190698545
2019-07-08,3.7472597560037966,0.18386911799321393,0.005357599785415928,-0.3949313227455276,0.32720986470807883,-0.12273989676597213,-0.12401158110098606,-0.020677088907838037,-0.021714346474072565,0.03553072322055759
2019-07-09,0.5453884483416149,-0.19425838170987117,0.3296527362163503,-0.5704354272820171,-0.08013981543380518,0.3082218849625804,-0.022527124536420775,0.07485674048075101,-0.017457724027251046,-0.021856750236750835
2019-07-10,-1.2613067540451568,1.6880684087293378,-0.7808301653718605,0.41445617210811914,0.12815831518674137,-0.09749148613786213,0.2022595452908553,0.04673312114140704,-0.06335689055365645,0.07440052372658633
2019-07-11,-0.5639723389562352,0.05697767146224456,-0.4061163411454303,-0.09923497734943547,-0.266247926353476,-0.027349172726045243,0.15192328359414128,0.0034133691024240322,0.01573299419195004,0.02251845384216474
2019-07-12,-0.02380641786467402,-0.0015465219231144156,-0.30394423546059707,-0.059741014156649,0.06107170581463659,-0.03219240319683277,-0.007494285372144458,0.010231137434217706,0.004294578546465964,0.011274683005212175
2019-07-15,1.5006665179805356,-0.5291711505206442,-0.16034512229775377,-0.1648709065211144,-0.08476675197042377,-0.18516005348878672,-0.030409111128502093,-0.060552569384485395,0.0361909982649259,-0.00017926081146876638
2019-07-16,1.471515158962361,0.36646303835004923,-0.11094226981409214,0.009889589302087245,-0.021061415258177642,-0.1613731508719947,0.05648626869898951,-0.040614771113442624,-0.006646927022768821,0.030848497561020788
2019-07-17,3.268983583645596,-1.991607267237613,1.2388856947403075,-0.03040230623811719,-0.07848364784793979,-0.2123252719554518,-0.2828691549875072,-0.1583294223497942,0.08664409826309617,-0.07732265251189607
2019-07-18,-2.012004936637178,-0.871801226121076,0.04398400161595341,0.13197983297868301,-0.021074195149024602,0.06314789704208726,-0.08488979488010023,-0.0009200348600626077,0.03650046611948621,-0.04012120113536338
2019-07-19,2.0854892139475614,-1.7962681407879082,0.140008345554355,0.5364610155409261,0.07008877925547567,-0.6036876325933057,-0.18801606156798886,-0.18965880511895802,0.11433197604077579,0.015534065714884727
2019-07-22,-2.310002929847533,1.0547754814295942,0.46902221295445756,0.24581448623273586,-0.033360390230608834,0.3105237790013474,0.0868311753463795,0.05801054300888972,-0.0606653044160111,-0.03759993846637931
2019-07-23,-2.540459600185778,1.4968654609851413,-1.0901282537077281,0.03529895932421166,-0.01299113190360294,0.11438816462702796,0.22127331994160293,0.11126660716276668,-0.060423138845291775,0.03735400632810664
2019-07-24,-1.2050009455538502,1.2399854489905884,-1.092027549769482,0.07180338660944045,0.22519607944130426,-0.028853122922189126,0.13055228038702502,0.07352057169747266,-0.039920780207050977,0.0675421861230188
2019-07-25,1.8943514223186397,-1.8807939728433412,1.3065999561669603,-0.0028235763143651315,-0.4733867355833388,-0.12402359188030937,-0.11706943308766685,-0.14550247146743472,0.08191088266624941,-0.08051707963754001
2019-07-26,-2.0829918829568257,0.923750085990712,-0.8311108746124526,0.13545385600109516,-0.09472262893651655,0.010651772112129225,0.20661280243016164,0.05224700503166325,-0.019006946493549653,0.040912420168762155
2019-07-29,0.4309406992124598,-1.1771201654461814,0.5215718726969557,0.2373863940411491,-0.3539512597985509,-0.20785339225114755,-0.03555912823025648,-0.11027691969948708,0.06607700376048856,-0.04206287548360168
2019-07-30,2.3080826579505707,-1.7533256325162085,1.1243544997989705,-0.019343618536315818,-0.2979117069253474,-0.16018000456346657,-0.15525432960371532,-0.12653158724248514,0.07218816960090116,-0.051102007451979
2019-07-31,6.324740890742884,-1.4179665513539061,1.350558261876306,0.12948580639026225,0.2666580683717392,-0.4098746670927233,-0.2452866801137028,-0.16466256125896256,0.08150276616300048,0.04796671721472856
2019-08-01,3.945913168579347,-4.354513781275938,2.193659159319786,0.4023413755052845,0.09879432178580418,-0.3983788923729802,-0.3354470007545817,-0.22390409342622783,0.21676098986079925,0.09808555783584791
2019-08-02,-0.7837231069012445,-0.611656494968695,0.3130177470508233,0.8462154516731356,0.211215769574501,-0.25437283727513027,-0.07502155544837653,-0.050015181053916835,0.03721004210583952,0.03620908558179421
2019-08-05,16.92799528112464,-16.848261602483614,4.884729778119528,6.470050855168513,2.061609170486731,-1.9254156917109082,1.2785056146470883,1.3813958514598437,0.19739340133933153,1.0479402182907969
2019-08-06,-9.748222414705618,7.950755480269367,-1.4029636947613542,-2.859169687757477,-0.6467574374203777,0.5262945310672252,-1.22046958830493,-1.3144798637106518,0.14667378554829744,-0.36809660880690415
2019-08-07,-0.9225919688653911,-1.489169460820026,0.30778922789751,-0.675260167100287,-0.29168558054506344,0.07624194261627247,-0.08309264298382159,-0.07288240582852329,0.017217770185773924,0.09483742310149827
2019-08-08,-7.451664942213396,8.25462621216782,-2.669623236472179,-2.432925838342269,-0.8152945142917394,1.2684983992968195,-0.17664380389753725,-0.0904689148998491,-0.2719699817942074,-0.6902737838742766
2019-08-09,3.770420171429874,-1.2747105433198282,0.702697207064559,0.6594701905387852,0.19786364351707963,-0.42904579327201714,0.05379922449534979,-0.03951891116152475,0.09442559810974636,0.1406692045174943
2019-08-12,8.727149044078446,-6.486707258770765,2.510193269450066,2.1828880630937535,0.5702362964858466,-0.9482820571812887,0.38862293806324155,0.23466829072967904,0.23919598791736127,0.5061211172256272
2019-08-13,-7.852994205859053,7.310603713278294,-1.7094177612541117,-2.233601084904356,-0.873420206091379,1.086013619779437,-0.30613765772883833,-0.28472500473080603,-0.22298079364860404,-0.569666483149547
2019-08-14,12.967000380133541,-14.424577201023489,1.95833419251076,4.776156284158756,2.056372799195609,-1.5529577751529742,1.2437373713238318,1.4358702175315912,0.026192513002819676,0.9416189172586962
2019-08-15,-0.40704324543290527,-0.15791237409105482,0.16073926411507078,-0.6020457123809078,-0.052241673246449655,0.04165443622342585,-0.11242601849537305,-0.16312268587876738,0.048854071922926894,0.06522287696966708
2019-08-16,-8.563547587569103,1.7761552012501372,-0.10126073353122779,-2.3142856767094804,-1.1524380891363741,0.25019158162598143,-0.9938240618047466,-0.8699432283560051,0.06971593882432098,0.013198097864538542
2019-08-19,-4.901474027191605,4.652915682838264,-1.3739816434617207,-1.5048639470397351,-0.9224306058024612,0.564983697747767,-0.36488192160063776,-0.3608866930946594,-0.031825497645205036,-0.49893751091903893
2019-08-20,2.9905870393224507,-4.319941760196655,0.4218184087260682,0.22321384616717774,0.5706992687820823,-0.3696102171831139,0.11974148448440408,0.21876650915697135,0.006527492579307374,0.44644068512917867
2019-08-21,-5.066252475942006,4.544740846966129,-2.0869576601257416,-0.9438337208991622,-1.094545188904268,0.3984861216513051,-0.2015060639126904,-0.1134094441374745,-0.11367029717907626,-0.562370077360686
2019-08-22,3.9203705820079007,0.41344621343713933,1.4699330020005,0.41675127581238397,-0.2160508346603369,-0.0748010262079144,0.22127971957444081,-0.07650781199126777,0.09218448363415807,-0.015362308742108711
2019-08-23,11.94105535906892,-8.845676182767335,-1.0837603122669937,1.9539742731740146,2.165663394533536,-0.7943232801352945,1.0892914058368475,1.3762134435068532,-0.25263286824849507,0.6503212015939314
2019-08-26,-3.5328881972302923,0.9495837961676497,0.494801729201819,-0.9500969904387531,-0.45823574239863707,0.10145276180292818,-0.4723354517788682,-0.4711233956516175,0.10527373038300347,0.04913009029072153
2019-08-27,5.258528834113795,-1.383827075046398,-0.1732051229551885,0.4160466851454753,0.23956605935570602,-0.06395090296138631,0.5085844490850279,0.41599743470062583,-0.053001049571044304,-0.013156418807018419
2019-08-28,-0.30273934375001166,8.600649912211562,-3.260891145797248,-1.9683900563861307,-0.7748443551612626,0.24658878416271585,-0.5469403981827382,-0.6419942658902588,0.06887592253246429,-0.6251652157971379
2019-08-29,-4.75417424313521,5.248852484370381,-1.2466823986425528,-1.3094623535864147,-0.5852848378262772,0.425176642971751,-0.25313231229600186,-0.3141972360535031,-0.04890712555489804,-0.29049401860515167
2019-08-30,2.714936866179378,-2.417311578982036,1.4622680811959612,0.13043610507987577,0.1488151876157153,-0.04770732892234242,0.05151976801206722,-0.011899261151094196,0.0953089546154536,0.15155153333066773
2019-09-03,3.6073562319219694,-3.777420220666887,0.8241101193478941,0.5319320717103727,-0.18939841247569955,-0.307997506138411,0.2419762783792961,0.23489253055217016,0.019617126849295247,0.18709992000463943
2019-09-04,-6.212250325726985,4.188781291385153,-2.137106627630629,-1.333878549331114,-0.5269646435836691,0.3613613947376555,-0.291137596068314,-0.21946811591995125,-0.09622770968760584,-0.28587399036505146
2019-09-05,-3.8356998752587077,3.899328236890365,-1.0915672737190623,-1.0279155401924382,-0.22827362142511162,0.5436294320224584,-0.007728374876953078,-0.07321043116447587,-0.0814695398351704,-0.21672134067253282
2019-09-06,-2.9897600117726544,0.8870615516191136,1.1885818268220176,0.1622852103143006,-0.4144521009672173,0.3249823987224603,0.028782286936151258,-0.09036463301862356,-0.004483408221695325,-0.10023912827399332
2019-09-09,0.7607177359110567,0.5560150120680035,0.44323323060197467,0.18553129926495013,0.1184100218369518,0.026647617399487688,0.019872994784209584,-0.02415800622143898,0.0030542763261922714,-0.004178429143917769
2019-09-10,-1.4062789932362492,-2.0460900637296016,0.11557008034187947,-0.03646620108622725,0.02100463305401401,-0.04731059270839957,-0.15576236996236653,-0.010393953667470942,0.037622856989689764,0.05841871119106596
2019-09-11,-2.151605246763167,0.03832371567651204,-0.7320316373509408,-0.3145189041460203,-0.048007390267953726,0.12158985774746174,-0.050393746496930486,0.04942148966345909,-0.03174969871188968,-0.03486181490611253
2019-09-12,-1.7181876412441108,0.8737498135272127,-0.025462158745088337,-0.36877933859120915,-0.3438854706840458,0.2951195020210301,0.06713816802740782,0.01651302651580282,-0.029890348877828554,-0.09748884855315199
2019-09-13,1.040812384446217,0.9051540694427331,-0.7513265439610815,0.2546412543624186,0.21981586123818359,-0.20954111717890653,0.06882591088532053,0.030821467918707247,-0.02424902721610199,0.017722408439365137
2019-09-16,2.7859093221684397,-2.023554344537824,0.4276185712968812,0.03189881725689232,-0.029756889171572917,-0.2903102419428347,-0.05756593391649171,-0.029919228401155323,0.0625762970891505,0.10597993408187703
2019-09-17,1.110136429548999,-0.22599310535158393,-0.6568666123602853,-0.3817604698319088,0.07431052684304937,-0.04510488746035414,0.002371803046453245,0.045700052658359615,-0.0059865958928949844,0.026048906399144405
2019-09-18,-0.8839487572789153,-1.7339950972265303,-0.6176573931584246,-0.23976816410626783,-0.2767689550708932,-0.14257378257788997,-0.06962626028801469,0.058497212179969796,0.004616566116786195,0.04371874940552385
2019-09-19,-1.1036784951852767,1.3676120679064017,-0.21906616000316897,0.464806908322858,0.11812230329586026,-0.016930902476223753,0.04847401512784393,-0.0036889389166084112,-0.025875585332112067,-0.056310654591660035
2019-09-20,5.03503942028742,-3.2502640097046656,1.608689156338385,-0.13313039050529268,-0.17197060851305127,-0.2353748071341883,-0.008755043194547701,-0.04327812471627937,0.09085515787342734,0.18485347833901555
2019-09-23,-2.4243267213741104,-1.4329467072246238,0.6423324373780134,-0.3584024893082305,-0.2082292664122969,0.1952839735572582,-0.1652949821376978,-0.050097292128759144,0.02413578503229217,0.03940380040093562
2019-09-24,3.1126172465018414,-5.150474904328952,1.8349790341152088,1.139421778865405,-0.14755819949285384,-0.6625210344615124,0.012524474703130386,0.13149036288219182,0.020557113473382915,0.3931391848417714
2019-09-25,-1.9073449979643518,2.252312548450463,-1.1167775066037802,-0.5924432443383634,-0.750922910113742,0.17551146702419634,0.03142129322203181,-0.04607904760603213,-0.027258945680861082,-0.2775554504320697
2019-09-26,0.4618005012842154,-0.9065015293062445,0.08401415787700783,0.2376816199838466,0.24378388176566831,-0.1155747527715008,-0.02951879117452416,0.05368133331605411,-0.011046077293894039,0.09435144553504592
2019-09-27,3.5731213682619196,-1.273597808007846,0.28771275984263217,0.5589377598572621,0.419157205961027,-0.2577845884691721,0.14907806313652394,0.1523337999696191,-0.015002315749179004,0.1450835093578143
2019-09-30,-5.71892376630814,-0.2934694633272297,0.6189355126867956,-0.3230918344885594,-0.5681282754853988,0.2358816428293489,-0.3250179886092587,-0.1832473590549863,0.02024952234808527,-0.03785355143073831
2019-10-01,6.991215088501866,-5.807835604118052,1.7360915944093704,1.757360631978215,0.8455342218824211,-0.6593019710123088,0.40796000412392786,0.6656833178070115,-0.15542901125001393,0.5996160567676734
2019-10-02,10.111480509388272,-0.5542272407354499,-1.832569527243385,2.4437460591083138,1.348848590508108,-0.17766081140908327,1.1464857444840173,1.0887064301125655,-0.27583484295409255,-0.2329632947488092
2019-10-03,-5.535056256145487,-0.25718066081659474,-0.09109895105629304,-1.6138281396719123,-1.0615574265938623,-0.02489661593714735,-0.6376950337319731,-0.3589189076587597,0.007953231668750416,0.11447124506545087
2019-10-04,-8.91820243334083,0.9053457618745562,1.395426012621297,-1.4246872107726112,-1.1382234730734804,0.22239198108369415,-0.8806344778493455,-0.847875194495371,0.22520972911403597,0.0458296341101885
2019-10-07,1.6864112493964614,0.04204631951152511,0.18547750121028195,0.7013661138719437,0.07179324697461564,-0.1255389099104698,0.18859165414717322,0.1593707158989762,-0.03935523494453806,-0.031056862766746202
2019-10-08,10.663059943339505,-0.9393351666730152,-0.608486112080584,0.8561090510070553,1.6572348270660753,-0.006219523462035159,0.9344561470218982,0.591795435975845,-0.03646550933998221,0.032385930083966945
2019-10-09,-6.017530933131127,0.3269030884605645,0.08335080704039359,-0.9788693325030767,-0.6654794548717977,0.050203339429571975,-0.5924686879049554,-0.401212507935106,0.03992876115320815,0.06484027972722445
2019-10-10,-5.132833796844243,0.7287910722740119,0.1211684308886644,0.40799540494920933,-0.8191037674578645,-0.09328713612191572,-0.3400739441189847,-0.10399541367720287,-0.04992478770029571,-0.11238187500158611
2019-10-11,-5.115420104518289,5.288201757192831,-1.7335906934270155,-1.2082588966112928,-0.5411752793510908,0.4476565707755464,-0.2193354856967043,-0.5871323623431154,0.174085277616499,-0.5293489851360946
2019-10-14,-2.0470067873776965,1.6589581812418197,-0.47235950690366413,0.41355268185259,0.08720891861431791,0.027772886002565972,0.0009507947419389395,-0.047679310387893026,-0.0038306825107395862,-0.1377858809525203
2019-10-15,-2.128789692454219,6.020552177750007,-2.12516674925082,-0.5181525630651179,-0.2299097367426607,0.3772119517158961,0.35613899007021266,-0.15096941134412767,0.021258846799869672,-0.41417467391685747
2019-10-16,1.1232648461125552,-0.24947249724384796,-0.6820807061058052,-0.7449545706554768,-0.08109804428347071,0.062204818904686474,0.021182519134907398,0.044059431251079105,-0.0015600234563519523,0.012495141862426928
2019-10-17,-1.1538964180853921,-1.0797392408777706,0.6246127318205908,-0.06263485320914826,-0.05417702033177534,0.08462238225512751,-0.1417847861660478,-0.023899331174838025,0.011535371163245735,0.02655584691843448
2019-10-18,3.7333202914515478,0.04910976255020276,-1.4858313744439702,-1.17330729108332,0.27696783948527953,0.0263299862862304,0.08346972202014306,0.09860750872084105,-0.008990106093045238,0.056750210782854374
2019-10-21,-2.2405896106888368,1.7394902955497484,-0.7202727582565553,-0.16640389597707336,0.06291109672701845,0.20959238875976072,0.056630636129829014,-0.009438552790757032,-0.008801744147061145,-0.09539215620144088
2019-10-22,2.1570914648848367,0.2703956221497772,-0.8214316023288479,0.16549900783893778,0.15853470771588143,-0.2618679725325268,0.090845028135487,0.06079665647130098,-0.017426618998088228,0.0315566488177112
2019-10-23,-1.783929048582637,-0.4693023798501637,0.5855370650625052,0.11745909541114356,0.19233376417519224,0.13646023977748198,-0.14791482706550121,-0.0320343315000894,0.004900882670324284,0.010016417380853036
2019-10-24,1.3475914381855711,1.9986468395063581,-1.0763053951986488,-0.2522140853938285,0.6412560919270551,0.07823908974830862,0.08609150970840139,0.019414471760339825,-0.020150531945651855,-0.013105835679981723
2019-10-25,-2.269305800655023,2.003523874259924,-0.7670803371997247,-0.30476610392195086,0.0634416022983813,0.27475768951544655,0.10117805864827595,0.012387847549447537,-0.019804997112470704,-0.07288520624347827
2019-10-28,2.519157282898808,3.805468267582792,-0.654675011613843,-0.4426836332261154,0.4077590254040359,0.2259483325752557,0.29759186509796587,0.00018206697259943885,-0.06484661179741845,-0.0059378921406383536
2019-10-29,0.5080775749806739,-1.2791746203437344,0.7728364907853603,-0.13630322483706422,-0.35532898130888046,0.017852020969709996,-0.04471520427347492,-0.034253710683424234,0.03025966278867566,-0.01209932698259887
2019-10-30,-2.7450499753960966,0.4958114862603031,-0.3208261550370072,0.3349033908196511,-0.15596624306117102,0.011196739051728305,0.07052096288893872,0.009694344017605348,-0.0037904154451499097,-0.02913490290206763
2019-10-31,0.9845944742717666,-3.633423034328592,1.597409675269117,0.6309862387152132,-0.08861596811572836,-0.31217501643922735,-0.3363953528155837,-0.06222196161872806,0.057098668932229514,0.049759989540522846
2019-11-01,-1.933363659397201,2.023471360150856,-1.560487302341464,-0.0695061903168313,0.12760721374808418,0.04638400196576907,0.15864718470730882,0.06412271974680418,-0.03177069147108116,-0.03642222729852868
2019-11-04,0.06724767529861557,-0.026076518657524677,0.6985290732380356,0.03996718151572062,0.07030999840577178,0.11601628182807172,-0.047202195875406625,-0.03255123097882182,-0.002905278981943431,-0.01006079519173872
2019-11-05,2.763090031644191,0.42849439099088393,0.4618668266528467,-0.16333370761681112,-0.0742211314240035,-0.014314991192937256,0.09226223730425245,-0.03967179259460781,0.00086922577246544,0.01184157460440089
2019-11-06,0.48218932494174194,-0.3072497843644704,-0.3012208723246323,-0.2675188394844071,0.08238052179677774,0.00727672407928484,-0.03735492802072999,0.02399154495884634,0.0021025261338448683,0.014072206520326216
2019-11-07,-0.7370956554278387,-0.8004873263789257,0.11065836540312186,-0.09603686315305232,-0.10198860087785548,0.03133077962319686,-0.06710516011533216,0.005757173691266789,0.012608286824094182,-0.002866665056559458
2019-11-08,-0.7247507789155966,-0.4965734729569853,0.04416696638751161,0.10532686478233538,0.030067480719865262,-0.018533742054548073,-0.06688244174901642,0.004812644323102152,0.005128392757815244,0.0032576447042967156
2019-11-11,0.43372066277029764,0.23364694585754744,-0.03885691686373476,0.21728050984469688,-0.02552541667696419,-0.10519036485818632,0.044671154938904195,-0.009580098361643044,-0.0010319840306232963,0.0021623279247162436
2019-11-12,-1.479197112470783,-1.463037547736157,0.06133514043837794,-0.11165936596541748,-0.09771808280651983,0.023551834816352982,-0.14811180130330953,0.02523673242022426,0.01563117917651552,0.009595847832709519
2019-11-13,-0.4046393895387046,-1.4216804887615362,0.7961793462954426,-0.14867871823668383,-0.11171348555596608,0.09400793237555534,-0.14121825529900509,-0.02212910137072473,0.021185622960134,0.020034297922454727
2019-11-14,-0.38488785460022573,-0.5647708549221028,0.5542622713276989,-0.06786164550867127,-0.25111551066121673,0.06788776480007408,-0.027142570946509424,-0.02611645259520759,0.014038821909710182,-0.011687865808303013
2019-11-15,-1.889357925017306,2.482856996179963,-1.1308838419645337,-0.36506522508062256,-0.16052970947376688,0.2757430837847805,0.2451389167096241,0.06130557468794089,-0.033437677399041306,-0.1087679793098583
2019-11-18,-0.3215449935194581,-1.0811420008535433,0.3155704003447023,-0.1487531199396785,0.37019074507322136,0.10806990923592674,-0.22782976983262648,0.013637150724441457,0.005946912684682165,0.03654085841152662
2019-11-19,2.008267174274395,0.7356150443147583,-0.16475662399893007,0.16397035082300132,-0.18772269892211316,-0.21394507516813263,0.18352144080196162,-0.03419302846662731,-0.001467853314163011,0.0030364578066004047
2019-11-20,1.7746058827661704,-1.2098350584632447,1.3867527368882202,-0.12903715235457308,-0.15138976058554124,0.05913830949019016,-0.07687825932179115,-0.07938940135462678,0.03185648075255133,0.024362142313040343
2019-11-21,1.3838696793167609,-2.5632707358584725,1.3058563890433958,0.15702833715464398,-0.029588882790249932,-0.15924714357270903,-0.19091570073594705,-0.06943733760500821,0.0530553001810637,0.11391507689603292
2019-11-22,-2.210098124602531,0.2583557992827623,-0.30086130615286927,0.08975381774426586,-0.043099532086314646,0.0791724271261555,-0.039589481543707124,0.02833913727704303,-0.015836343930138833,-0.046145298882482345
2019-11-25,-2.929977853678525,2.7626161799257165,-0.8014686739126523,-0.006077137048795567,0.15611040168369306,0.36145173600205144,0.14462013674373847,0.06070040263319624,-0.05528007393832496,-0.1440318837373992
2019-11-26,-1.692649448846597,0.16570091269508125,-0.03928503599004979,0.040487320414308914,-0.3613632338804253,0.07667275264922578,0.058135322989709075,0.015379816122060663,-0.0017908366510820146,-0.06125453397705461
2019-11-27,-0.7707965297808093,-0.9805076626886585,0.5362394082764624,0.06965825321459641,-0.17065761862475098,0.019083270781986482,-0.10335076799860392,-0.020044477500823173,0.017790528599154254,-0.0072413564711082175
2019-11-29,2.7464170210469376,-0.8974516927782816,0.5466822911863614,0.08985771549053378,0.11845078142838907,-0.22700005356661496,-0.0448152068992424,-0.0675165349371951,0.025452035611775368,0.08848659925982631
2019-12-02,4.121917213440357,-6.035430289941408,1.136315708331514,0.8859100413359567,-0.208343665762422,-1.02529996992033,-0.28841610167565107,0.04215803983506387,0.028715824934616076,0.4121195851501556
2019-12-03,1.7600493284494054,-5.509508064507803,2.1967316671278416,1.0829339215840106,0.44860353329779773,-0.5432673295498649,-0.23750219894790092,0.16504013291620298,-0.05355501861620523,0.5727484047236817
2019-12-04,-3.0033813144037205,3.262616822885015,-2.1838941208355864,-0.6001259010320916,-0.35857889494740375,0.26035372657085637,0.0343293967695857,-0.028325131672731194,-0.008402483563541214,-0.39438862735120783
2019-12-05,0.9587008765502565,3.7957721117141414,-0.9931243856634764,0.2492561164073336,0.10578334861054829,0.0662745302150416,0.3295106831224395,-0.0706580426503707,0.018742035968786406,-0.2623225537877092
2019-12-06,-2.1943427027752014,3.108792646383511,-0.5467538085625034,-0.612328981863848,0.03301523325148123,0.5157815161298683,0.13038847292113154,-0.09205150426390009,0.015508046966599643,-0.20501943631196534
2019-12-09,4.41950287717585,-0.13100026697289377,0.8998860138319222,0.3018525322749045,-0.07663420217473078,-0.24108547286231016,0.15337407648553916,-0.05922947960591046,0.030407998318753713,0.05560576030660822
2019-12-10,-0.7950718041706151,-0.8434619047354873,0.1806096141417502,0.45444488958818785,0.04215739133030598,-0.14868391734192885,-0.08363638109686806,0.02311570038563442,-0.006968439088797408,0.040223117130208735
2019-12-11,-0.3826117906911381,3.033478184114025,-1.592573927743562,-0.047643837601521084,0.29871658897308945,0.06289034289120532,0.19503890044308095,0.03291093367946279,-0.04094768527485505,-0.10460243016370344
2019-12-12,-5.07861717435996,0.36416791368176266,-0.44072074188355387,-0.367991823965807,-0.12712100497146825,0.37979037780101654,-0.09820233330666266,0.020067600678153406,-0.01419749044088746,-0.09405737829323153
2019-12-13,-2.9081503099652095,1.1150481556323497,-0.9276721107817902,-0.5032591283312768,0.0323200343755644,0.3480453927080286,0.03617078206531336,0.07433641123697661,-0.019965106353072696,-0.07459458128338438
2019-12-16,-0.27756628840659764,5.382005057832614,-1.5688382437317148,0.23466630779903752,0.6675883056811684,0.1817078149671496,0.5118908046750145,0.037819608642932025,-0.08812746625125939,0.004577622415558445
2019-12-17,-0.47754186450234626,-2.7473003368911137,1.6556173943342007,0.13322104304246096,-1.168614094473243,-0.09719087230226127,-0.06879928575853331,-0.095086537899824,0.07371209479372529,-0.08670611446441959
2019-12-18,-0.43742628027225644,-0.23056544895380895,-0.45843787764430494,0.10221634382951333,0.287250425619803,-0.0797256676633547,-0.10316107582994218,0.03189833471385128,-0.003918627275681326,0.023312881638522166
2019-12-19,-0.9240041513393565,-0.6325011214040374,-0.46862785005450763,-0.506555777974525,-0.20640004592471037,0.11777519287090797,-0.03505186946747375,0.06214763498811068,0.012553519465237247,-0.01656711623352858
2019-12-20,0.7216964610993187,0.9153342623893099,0.6538409397010835,0.4980161871873943,0.4175261780650763,-0.00034010770216032416,-0.003913537310160288,-0.06208065683865851,-0.025654384212519036,0.008917594372824387
2019-12-23,1.456599966782034,1.0508077366459394,0.7604630854170722,-0.24673151739419402,0.45924903850845933,0.3195508627580689,-0.015078601755826832,-0.01703422469497383,-0.03908292154907861,-0.003896852987734355
2019-12-24,0.132447630909279,-0.2385383791501523,-0.14446781432933936,1.0076807130096908,-0.05417225395296192,-0.5170758360872986,0.01879233933415555,-0.0607358982386111,0.024377640674110013,0.035843476966690734
2019-12-26,-0.5195748059240235,1.0395767651134704,-0.5098805379176161,0.24383869547579984,0.03888675984265766,-0.07088858564343098,0.12696223912821378,0.008150148337748412,-0.013468145283160602,0.00655812799841377
2019-12-27,2.0318944995906825,-1.4148660756546083,1.165021350905549,0.02678119014077588,-0.052153090373553146,-0.05856636974133947,-0.154474587152316,-0.06056602849944569,0.028697410496672654,0.008094389928887722
2019-12-30,2.800099946600347,-2.42313935769335,0.6656581063669239,-0.6951338401110796,0.4308980680281305,0.06927740014166983,-0.3200282473810831,-0.001733510195348659,0.037050648526848626,0.09214676023387208
2019-12-31,-5.121392950702213,-2.166845159011534,0.610854166164344,-0.5750824060472045,-0.6666722461293686,0.4447540752743093,-0.2441054816696989,0.03485544360967956,0.02366313276932086,-0.09205472979102206
2020-01-02,-3.9503161536141644,1.2781311935619293,-0.5470258908645403,0.4652232375752025,-0.34668594560897187,0.09021493498356085,0.13192911150186837,0.051311354213373093,-0.02736134466879702,-0.12846521428796825
2020-01-03,4.202476590608333,-3.0712158716187963,1.7793487839022595,-0.5777579644650691,0.28217917646107077,-0.009975734155392525,-0.3265331122066864,-0.11710764665222816,0.06957229023090346,0.17803517042988626
2020-01-06,-0.9703401125580711,0.7361030357001709,0.3171758828713281,0.0988259751729348,0.0018535875786414866,0.18735047469852117,0.03529536427478217,-0.012065494711812877,-0.008305716445555233,-0.07061471167521781
2020-01-07,0.25487088141871334,1.608749750556346,-0.5285782306568697,0.38377616327703556,0.45468494433312406,-0.06510876294592415,0.09796334540671818,0.01265211210406629,-0.03391714259770585,-0.003090578697121037
2020-01-08,-2.3747329180488004,2.7588831832240603,-1.3297020804052846,-0.008355864683576813,-0.06971043223008885,0.21509051248904848,0.2830705170156836,0.11509545778842822,-0.07358729025592414,-0.11490158089430987
2020-01-09,-2.60175221904519,0.8798854191172611,-0.07636529120409291,0.14446888524651635,-0.09086365444361708,0.24073233780724382,0.07725919680742122,0.051574885054634985,-0.027533909110387212,-0.07606660010334695
2020-01-10,-0.45100491398561315,-1.9511733533444058,0.5573925528425417,0.5824752773898835,-0.31664022284027504,-0.38381125526583454,-0.17882736734185117,-0.0880462043252189,0.05373249102088134,0.017494255060909628
2020-01-13,-1.2606620077103328,3.007127069261182,-0.6631555923041882,0.2076139035054185,0.06236836724905382,0.20608248265231052,0.3778228960067953,0.05209444388676712,-0.06179757203772501,-0.05007028889542581
2020-01-14,-0.15142988588069597,0.9333651635783229,-0.49535466991488186,0.32942261975785436,0.2518712395606802,-0.12535205345036196,0.07373371578105659,0.0037139210384572086,-0.01834961677362242,0.03503163859187834
2020-01-15,-0.049376217846415785,-0.07066404291274563,0.4708189858259162,0.08369945033921707,0.19664506101797985,0.09704186032278068,-0.08911787606657208,-0.011798814548250174,-0.008593441649099105,-0.01364813179944272
2020-01-16,-1.9368938816314905,-0.23798354948063172,-0.6162326725552877,0.2454467139067379,-0.12548122420172125,-0.12184363528468915,-0.003644272325796383,0.03068217378377572,0.012906786880386167,-0.00870291087148177
2020-01-17,-0.8044695536621432,-0.7567883324812387,0.05725590756770199,0.17679207115338946,0.1642139059164551,-0.05138165442664599,-0.17428862253640767,0.0029555529592385503,0.009067216361421188,-0.0015760931579907051
2020-01-21,1.5955006414955684,-1.4347359266035382,1.082459299688206,0.3243143848310006,0.1048571503438714,-0.20199162442721658,-0.2124194356319729,-0.10438422948634192,0.03152185157839799,0.03502866114525143
2020-01-22,-0.6159089925813952,-2.5016054898392532,1.113872657922071,0.2252451520148311,-0.23603051173944606,-0.12262866832427483,-0.29587807435208024,-0.06463572386857967,0.048196247278172205,0.019601822583589452
2020-01-23,0.011615536508199029,0.40295611020265,0.5013702990750725,-0.10915262158171597,0.3689152586627742,0.26476739113964187,-0.05010638003546659,-0.013522120749340378,-0.0063357409771667185,-0.011712844743947935
2020-01-24,5.181397087704002,-1.5629216578029228,1.5646256589112089,0.06779236713225413,0.12963293831242187,-0.30575022721461687,-0.04721829396469456,-0.17290239982174838,0.0832661821386614,0.1703179664498939
2020-01-27,5.66453815650488,-9.377912509735198,4.467360517588983,0.0044858448280977676,0.6745182080269458,-0.6144935792282407,-0.6056487990198873,-0.3259785643711787,0.29121567157093514,0.9744075838017239
2020-01-28,-1.8331979601391524,8.49351953261211,-2.926604148170996,-0.5314541514203553,-0.0778495781877058,0.8540384097656717,0.5143459124203628,0.2107952236420715,-0.20722199227094734,-0.8360958838988606
2020-01-29,0.9031842050023858,1.9448903986603823,-0.753035530057275,0.157571056206249,0.1567742853366047,-0.052721879191002734,0.16729792425630907,0.05037079009770255,-0.05318256856486862,-0.05941008104321153
2020-01-30,-3.0531531181971148,1.6496780222845666,0.04246263299481466,-0.32972429258867786,-0.4832038843318583,0.5465320122713649,0.14177689651220532,0.07068655943111825,-0.07119642551962908,-0.22180650343016625
2020-01-31,8.790091660830328,-2.8229352755593644,2.0618479511503964,1.2135761401747214,1.153541859650566,-0.9453346982069236,-0.13091163689003354,-0.2545526322892538,0.23347719420956012,0.464325240729518
2020-02-03,-0.9933498501275951,3.262348045870482,-1.6457576876658655,0.12762200892829997,0.30807439691482225,0.07489063084908203,0.10703599709631698,0.1370907698399581,-0.1421494611798716,-0.14563638997245482
2020-02-04,-5.1834285686682975,5.2441435589355825,-3.267856846357948,-0.7578915524010719,0.14414439556963154,0.5799718292330651,0.2512783047056278,0.3190520175195933,-0.2926614292926625,-0.2086707200032183
2020-02-05,-3.2819206721783263,0.3333435218732446,0.04713701688292785,0.08951124567819962,-0.14466789991888004,0.270147052425826,0.02452373157709706,0.04283567732239995,-0.033520403496288084,-0.07492882899944331
2020-02-06,-0.7298138952345558,0.40954457495347446,-0.3578027012188124,0.08150944580144844,-0.22412397739243994,-0.04791345841880418,0.11096077950762315,0.01215938014946137,-0.01256711691607683,-0.012680121427483784
2020-02-07,3.4679580272828585,-2.4682218202584814,0.3766554814855155,-0.5990948948689099,0.1935159579945807,-0.1564193990018243,-0.25723878319654825,-0.06287802813921346,0.09396135712910071,0.08427679604426758
2020-02-10,-1.4897541781774983,2.2141134536541363,-0.12410671403493707,0.1291213928848368,-0.07882617837539382,0.2587406925247533,0.20338378432706603,0.06906551849882991,-0.08872935128026421,-0.0671413719313203
2020-02-11,1.0488439548439643,0.6918652003971573,-0.5424386030912696,-0.054806252816206935,0.31783710561236794,-0.07318030502980832,-0.0035962499775387246,0.03510410973088672,-0.027911854669943118,0.04143331156960239
2020-02-12,-2.357195225488543,1.5578045914950154,-0.460686700705546,0.07565739761481335,-0.1585367203282873,0.20503258008332959,0.20026950052519318,0.08113969119739088,-0.07319737558454699,-0.03292036586059547
2020-02-13,1.931473143298471,0.6914019603468453,-0.15260437011738526,-0.12206209826700784,-0.015281641332027234,-0.09185360554432993,0.09454093797597102,-0.0026796584952280596,-0.017319732523523788,0.03783316662412127
2020-02-14,-1.030370016978634,-0.20511922876842759,0.16926828321822612,0.22081086802594907,-0.3217528749253343,-0.04211977836954447,0.08218343060216882,-0.03486613283607391,0.01966869978923569,-0.024485537474243924
2020-02-18,1.1953266887550766,-2.6446237465327185,1.5856363324528753,-0.1623416319841916,-0.659329432477363,-0.023699475508111474,-0.11747526101986233,-0.1430502040063319,0.12039273579441374,-0.07015590098779925
2020-02-19,0.11793227978785664,1.9566831510460834,-0.7179503478319234,-0.30066959198127013,-0.1790244600062177,0.1373001603504861,0.2988675093800939,0.08576392101931396,-0.08024861829705227,0.02127013351091741
2020-02-20,2.4602076747693,-2.3732455611627463,0.9336769541517551,0.4436574289574042,-0.3162721831205888,-0.5033354526513237,-0.16360113239572469,-0.17951114234281687,0.13778775665376225,0.010773342968666576
2020-02-21,4.188456900975442,-3.4826233805538314,2.015257557689124,0.9338932270848627,0.32938424693641777,-0.5915578343275858,-0.3616685899173103,-0.2023105481634964,0.1956037243486007,0.1320239375173091
2020-02-24,13.633096754549692,-16.21044837866769,7.716465425484303,2.804580903575975,1.2597387923014833,-1.5043533064951944,0.025576455470324534,0.057855607062940385,0.6402592496929612,1.412687799999839
2020-02-25,13.69429825850965,-0.36749555312173754,-2.819009124288351,4.062850955846692,2.607896089214645,-0.19964895938267138,1.6403708008128495,1.7387577186527794,-0.23954032300352432,-0.32201660070641025
2020-02-26,0.5195776279295367,0.22629775418370016,-1.5733662070048635,1.2480390792834715,0.16771182824442088,-0.030690654322617694,0.22034288608002325,0.4315270907105071,-0.22026954043560062,-0.18384250812980504
2020-02-27,39.76651274749069,3.8645098338669666,-4.003866697753088,10.290988615793136,0.7797708548240765,4.180080768765576,1.306781928716634,0.27978092993321446,-0.04824113992111499,-0.3336962207568453
2020-02-28,0.08467499208360217,-0.38437183988945306,9.658787747553914,0.17836513279418262,0.36334118987333214,-1.1354166478073786,0.8383635871971765,1.0538730509740004,1.1441531878714741,-0.14046306475319384
2020-03-02,-14.232100696823707,-2.6743950221742114,0.4904759395739949,-5.7030057652138,-0.793768094544242,-1.9033283868538022,-0.47215052016842546,-0.41161005580114807,-0.1731379090502756,0.16490299081724388
2020-03-03,16.77010798902252,0.29574478681722355,-1.332954824832733,2.130093227180009,1.2566659938924845,1.4068175443372941,0.9822251521278718,0.22758131233118192,0.3558234192015528,-0.26817510721202226
2020-03-04,-17.0458132049933,-2.7411058139233035,0.16180345714978814,-6.235370207459398,-1.755466282495294,-1.7496299036856855,-1.1062692821261217,-0.6547791500224054,-0.4242886931602788,0.4540449926558565
2020-03-05,36.58499956322978,-0.10863738236917117,1.0981160607231524,4.426661547731401,0.544438668957642,2.5027973096209815,1.9769555728180064,0.8825038122445164,0.8340794250138233,-0.4492539203343447
2020-03-06,27.47204712726654,2.0827567698020157,-6.389250131361405,4.204700589404449,-1.7162801485316126,3.8522072999134607,-0.6063270646623664,-1.0206881071306995,-0.3732662614660058,0.35691186801992986
2020-03-09,66.2031777696394,21.18863690417136,-6.7925048758284055,13.333923796239976,-4.392623458445883,7.533727856340868,-7.427997521073334,-0.7293812573470085,0.9141226145518437,2.8206361871302157
2020-03-10,-33.04104199582804,-15.064089061030298,7.345500749924141,-6.628984950322105,4.445383140729516,-3.2188674305808376,6.643188957150096,-0.1131324324595645,0.5238095565124642,-2.469668508788149
2020-03-11,40.42200297243558,10.857459443901215,-3.454410857383032,6.392946940752939,-3.2108797763348744,4.226057900781638,-4.19849237931992,-0.21570081941418076,0.6226491142724117,1.709352866207296
2020-03-12,112.24066329185008,44.15100224798535,-5.519135553131824,9.415844348389848,-4.852621603885082,3.4150893925725594,-16.99128645461243,8.48322641800578,0.621563656771646,4.495789607297223
2020-03-13,-98.19976002583309,-51.75368712753603,17.958340292281818,-9.284904291588337,4.751678909969204,-2.3002335128246276,20.676101647199783,-7.120218386564335,0.9058439535343593,-5.242933260760025
2020-03-16,155.38495820612843,67.22231928326356,-10.399985197007807,15.650272755130445,-11.02281103966311,5.244119295221799,-27.627811355873085,13.681259626484701,-1.0936998410251504,7.6339570693930305
2020-03-17,-28.294362992131077,-19.438375228617783,0.6700481736497184,-4.235044223849549,-1.4026403763395547,-0.05465822361095552,6.409793959736659,-4.626443783110238,-0.35075392269716654,-0.7104708017500985
2020-03-18,47.34866419995896,-4.1814312923521335,-7.997528296947336,-7.43017812417343,2.170672686143483,1.7488215741221016,2.3006605724176232,-2.9643634482793204,2.4194321568529547,-0.9077243709349971
2020-03-19,-49.37129146022449,-25.701895354538426,-4.376816749431313,-9.86563636268495,2.917792134369556,-2.1548614457661905,9.553206637251854,-6.348444184306536,-0.1828199394704368,-2.6273382818871753
2020-03-20,-44.80271250835699,5.975619117873219,9.009527900034074,6.851771636319187,1.183019805575242,-2.124543006775344,-0.9942843718431582,2.5945912408527554,-1.1660141717993515,-0.13420765055923037
2020-03-23,-52.968197981301145,-2.304036356142924,-9.459091797615809,-17.080801671986094,3.8981438543893643,-10.093710345261197,2.5445906591151752,0.14540616945015492,-2.542424401599859,-2.908236215566234
2020-03-24,-31.403490204572137,27.600130604197112,0.26143033218948497,0.16081959737499726,5.0370250701416515,-5.69971299050352,-4.659817606168036,3.5007971114130743,-1.1341577666159008,-0.31359417694557035
2020-03-25,24.56237996919956,4.015171672704399,4.97110688487366,10.574939881505541,-1.7107554713284754,3.9400035074483486,-2.7857379761262813,1.755194785395095,0.9332345524816593,1.2614173586280484
2020-03-26,-30.866598663563387,-10.993261814104438,4.165338710162843,-0.25197830567878127,0.022172784799319282,-0.3139729601755871,3.657051460877438,-1.9690424994976723,0.05266402916283409,-0.5725225313600271
2020-03-27,31.851682360066498,-8.265727253637742,3.182842143590991,6.504857010307231,-3.0502877498576235,5.76279819273703,0.3520799017245255,-0.8652412225040035,1.165692128731555,1.1605074994933513
2020-03-30,-23.133061329118338,-10.702944279781518,-2.181470528920189,-6.921702855658301,1.6509894013623945,-2.3609773650294485,3.8677122798646693,-2.03977709597923,-0.3375225769765466,-1.3724169091656233
2020-03-31,-5.512679236395419,-16.22526016388398,-1.4352668179840675,2.555465963612691,0.6050839713918262,4.0557458541369416,4.077499489953335,-3.942739806913684,0.771762791125736,-0.14881789433199333
2020-04-01,40.588339893853366,6.68698882176068,-7.109772688584697,0.1832786926433561,-2.4104823497205206,2.352586186445551,-3.5797918661465746,-0.36252985056091624,0.42548365053464865,1.5240792691414642
2020-04-02,-27.32299265944614,-6.764962091537646,-0.21276167984976038,-2.647470593920815,1.0060416225297855,-1.7900570015482549,2.3422545170346454,-0.7366767735735706,-0.7846666952450306,-0.916193985666052
2020-04-03,-9.634492100015931,1.2054900075322317,-4.358742731070474,-1.7697245286664518,0.920687541454618,-1.255253634652975,-0.6593410242746468,-0.3867283932391421,-0.4736272831507386,-0.09483025691022771
2020-04-06,-22.536621323864676,9.570501494245729,6.184582333414489,-7.324629921879687,0.06438125192160592,-7.175432861337422,-0.7262855167706906,4.343063126566187,-1.2726597458602973,-1.194826034045671
2020-04-07,5.545377022199704,-5.888893670836117,2.1971470948886274,4.113128021858669,0.029645840633670064,2.8346661574460583,1.2152317837374826,-1.03315136036098,0.6233334741395175,0.2175557270324031
2020-04-08,-8.780477722887076,1.2313349731475545,0.5728301773404721,-1.588939445033283,0.3214469531715995,-1.4728658339414802,-0.006697935021569224,0.43510385404880014,-0.23646275739857725,-0.2341865183616479
2020-04-09,-6.50988721861668,0.0227520110816036,0.3554973608246435,0.4589400773805224,-0.5826355085083132,-0.3705871409921059,-0.1555369603672196,0.11210353239351702,-0.31042520763319553,0.10218056612176282
2020-04-13,0.4192517203084267,-1.333454893181998,-3.1366453257942837,-0.44232808660090656,-0.03707578980544084,0.29941067209447114,-0.11678956217437617,-0.5693047697359266,-0.23575655510361557,0.07245215032260903
2020-04-14,-19.442755626947967,-0.4239969110661016,1.0377237723413972,-3.660863316580384,-0.5879211824648011,-2.676867333666286,0.5387995564799746,0.43752784713136206,-0.5515327865203462,-0.36931272420899336
2020-04-15,19.550348862501885,-8.620088232099057,-0.06442797391573059,4.780001698249251,0.2954385597835435,4.736609354398732,1.541802533519269,-1.8096417081112075,0.7853115220203853,0.3634979725914697
2020-04-16,0.6838670347550243,-3.3303623294891813,-0.8824533334176369,-0.31364557484804595,0.31229817186894265,0.706422914129675,0.8598858318930772,-0.7323998236720065,0.13682755760504936,-0.10636134424615132
2020-04-17,-13.119668309559136,2.2585547750542823,2.287909538644212,-2.928481454501867,0.24150862324926425,-2.832102653320933,-0.16674072034343926,1.3015604100232083,-0.3343488484736985,-0.3681205562404017
2020-04-20,23.430387170538186,-2.273868823926398,-0.3258611906512361,7.225499359468057,-1.0701387473525141,5.255598072002303,0.003378378779750781,-1.7550051678973881,0.7912212639424104,0.8968081257132564
2020-04-21,24.017158771800524,3.599647908659511,-3.4939724839252007,-0.30560065420153404,-0.6712130039511277,1.2890850532827676,-1.4069723842947894,-0.31499595343855985,0.5418494834570811,0.5136824447878013
2020-04-22,-16.054081470583313,-5.9537427554513265,1.535421571357662,-2.4818492249820427,0.65334294555631,-1.2688002273658507,2.079210395818673,-0.08131259596898112,-0.36883128381014596,-0.7418640772252255
2020-04-23,2.5438131487577884,-0.3222780753926056,-1.5068164375349513,-1.0603581360130943,0.05440348228456511,-0.03862206530519334,0.012644801310358143,-0.224231282638085,0.01690125085352295,-0.04362757182426086
2020-04-24,-20.792818670900758,0.11138754429738874,0.7379837473025154,-5.5516539079379275,0.5505405725452569,-4.045658517154759,0.20779303575152525,1.4940597775101576,-0.8469074841234288,-0.6492195274437136
2020-04-27,-18.117515406426786,2.5879050116849736,0.4181518253155673,-5.312947543205079,0.09547718067542166,-3.675984392561853,-0.38659349030953216,1.105328107377539,-0.5128577312803234,-0.4097485501938262
2020-04-28,-4.2738953311316505,-1.4493531322959798,1.7275067732786458,0.7242231748353122,-0.2414295237459428,0.00778835125136051,0.3375466655237926,0.06988318732259322,-0.02941681089641783,0.02286089663128871
2020-04-29,-14.856862434347953,2.3033786773873293,0.4625995899924607,-3.4544496976287604,0.3337283180660594,-2.2326457512329596,-0.2348313793806331,0.280933294161404,-0.13233757701352422,-0.2758152636568123
2020-04-30,12.074618805621101,-2.6211349276703704,0.28396544415118585,2.8091272222129406,0.10186078128322315,1.8533903994210683,0.4737469327187754,-0.2209307757338452,0.23482935094313437,0.15594019980753487
2020-05-01,18.902785636055764,-10.00525895491098,-1.795492851526568,4.715282855670857,0.3563906410205076,5.014098484718252,2.2749625158872617,-2.169201116638797,0.5425198272667181,0.20691908041767984
2020-05-04,-5.421957837646621,-0.9847033879169111,0.26141433997353436,-1.0868953382180968,-0.15343850046015306,-0.7294503020406822,0.09856495785285145,0.27898990790334527,-0.26097279205560925,-0.03593042997012436
2020-05-05,-8.606213921639915,0.6320895783332432,-1.0762292485112326,-2.870360797419695,0.029253634323058275,-1.746118848234754,-0.38010917464631155,0.49103822096548955,-0.36761414249463475,-0.1301717699791045
2020-05-06,4.130718182232686,-2.241709977779996,-1.4183497883479408,0.7002005451574828,0.35609705972532235,1.2140973317929287,0.5816191271037261,-0.7519531529593375,0.1411969631058201,-0.019535488776876567
2020-05-07,-11.591610002584474,3.655069987406596,0.9494789442396581,-4.107456228796933,0.09893785549337983,-3.1268358751781267,-0.8793242760129318,1.2693977179805933,-0.2182854448667339,-0.21872428843970587
2020-05-08,-15.25517636801772,7.121442924219063,-0.04750331117528112,-5.137880407112358,-0.6070888821122304,-3.3102248140116313,-1.5269485203754223,0.7160571638416598,-0.2521404281830911,-0.16496358644304415
2020-05-11,-7.853346930862837,0.22076313886532295,0.6693811138508606,-1.3003291036505864,-0.2454092181941124,-0.70501467522295,-0.07026804451081396,-0.024509653767180613,-0.0647652683156616,-0.02683118764904468
2020-05-12,20.86497416700236,-4.48811343243763,1.001533213685465,5.473091146498098,0.4705168358093172,2.9191771383612375,1.0653762455374851,-0.15238460658089664,0.35991239630312744,0.16785787766857327
2020-05-13,12.8955157358005,-4.124188329415872,0.3908589721361475,3.5491099463608617,-0.4823237815236007,2.604753002665974,0.8841346121510261,-0.6301253638976768,0.15804522876092902,0.24988190318943124
2020-05-14,-11.068270826044527,3.425259094782527,-0.34370528545716184,-5.183887886026316,-0.5116631991925402,-2.982874849417794,-0.8909075977696372,0.8017184602395463,-0.2673681766094431,-0.20862836772672966
2020-05-15,0.5787530158333813,1.89542811048856,-0.30111943213232323,-0.3641320107371281,-0.6546433961880264,-0.3435121221831492,-0.47926904142285565,0.14750872432876846,-0.10786889492260374,0.05829239003649016
2020-05-18,-21.653919131626246,7.727580415784262,1.2915255319103898,-4.816491412485391,0.08264868522240464,-2.8304708260964424,-1.07821409211737,-0.04674481830311175,-0.02314268216566733,-0.21557552462358467
2020-05-19,4.332456335898518,-3.319212368832863,0.33424037653116506,2.230462862609591,-0.1122583871037558,0.7428582035767993,0.4291727726685285,0.17297992512106625,-0.008943157794739774,0.05740181386713845
2020-05-20,-9.341065091020777,3.7596646309057795,-1.1776384104474367,-2.4543177486936134,0.37366098924701485,-0.9657326142648452,-0.5605757252236401,-0.3028683242355151,-0.08929484772380532,-0.08171858837275586
2020-05-21,9.128888162557423,-6.298207844657967,-0.7009542247631873,2.0143545401071044,-0.13567345779621476,1.193990166716188,0.8125836901487351,0.15732101582154373,-0.05277607045425212,0.06476597228568151
2020-05-22,-3.613962491803848,2.931679183362974,-0.7108840968511192,-1.479723517411985,0.20774693405609992,-0.6420940533128489,-0.4459627217472666,-0.089145115730381,-0.004172699582264019,-0.05906849929480593
2020-05-26,-10.200221895814844,1.0638655055376414,2.3756858592055834,0.4181742826367395,-0.1608804782565093,-0.49433380554057416,-0.0964610125355071,-0.0763770263354913,0.029848600811626807,0.0037975998650281923
2020-05-27,-7.09225107482543,1.5175370505171328,0.4120156411113126,-1.17125551089514,0.3009134746985629,-0.4039632948652571,-0.20631134822921865,-0.2705197803138928,0.018419115696167585,-0.026214019725248654
2020-05-28,4.8226054587605995,2.108864097152745,1.0149592212268352,0.06578992768038566,0.004761222797331292,0.06615828581115209,-0.14793458807361676,0.09458684280168414,0.13014691851760038,0.016591436602727615
2020-05-29,-3.8251654768861294,0.9417664642188018,-1.612782433332154,-0.7551115419483843,-0.17624489417800046,-0.26215052074937345,-0.18398657794971338,-0.14133871870453213,-0.16429262585401613,-0.008161406699060398
2020-06-01,3.0770153602977004,-1.336984828392796,0.9760434550595014,1.5852281201567797,0.5995324171004348,0.3403092349953326,0.17851601193751543,0.18756334234729505,0.12754515706173972,-0.011533809978997986
2020-06-02,-5.301050699877463,0.1853117012695229,-1.144405486239423,-1.7288163015379163,0.07000249338050955,-0.28914459505493706,-0.1070801080872734,-0.2763463678066304,-0.10439955689479681,-0.019085733180063104
2020-06-03,-3.4331287631170486,2.5151049817387947,-2.342472145672765,-1.662498013454208,-0.4671261800257417,-0.3765320641356289,-0.312409182139403,-0.1992990950842179,-0.20401001447538436,0.0034234569807091264
2020-06-04,-1.780013900520158,-6.600368287022258,0.7077516536141131,0.4685897113834673,0.007938398729317073,0.27956599479338384,0.6174509822934228,0.06817654182121871,0.028039834344197524,-0.006611200066428962
2020-06-05,-11.29760370744766,7.132938337569209,-0.47751377708152115,-2.9260367858423435,0.3515070637981956,-0.3412899675541549,-0.7555982715858627,-0.6974442014411906,-0.08646824527608213,0.016892937866763928
2020-06-08,2.1436038371655144,2.116214715710244,0.1970284764962628,0.7067125703100684,-0.07948521311710778,-0.07091231207505769,-0.09951204001662885,0.10835355975613842,-0.010468008916538742,0.0077610718977523625
2020-06-09,10.825688122655071,-2.399068988304381,0.18693097573715173,1.1021123192704825,-0.17646763649854919,0.1518583191586969,0.22738295624712695,0.43224157412555564,0.11950007607780606,-0.01214136307160329
2020-06-10,1.2282101320074874,-0.7667669544798823,0.9117402369088553,0.12494901264501192,0.8820511345545643,0.19959367028633823,0.03171699497516288,-0.0013340113013411347,0.12727122525706153,-0.01781286897516107
2020-06-11,58.318024409857564,-10.776239943483503,2.62790970370614,13.353464540061289,-0.01374155236591165,6.005335284894423,2.202544128317737,0.7335463006118701,1.0386251980246402,0.33037049510383454
2020-06-12,-17.925830745672126,1.0140961035186271,-1.057836480541373,-6.653640038815755,-0.20613555394276473,-3.074162037896942,-0.38638080739414926,0.26843901761589495,-0.4255840103223153,-0.27164361078902777
2020-06-15,-7.93587512312441,4.939444943687012,-0.7004734243585029,-2.557827739976549,-0.5020332320383729,-1.3628449524686768,-0.9538208811581766,0.009834265407722028,-0.22082417766009868,-0.01351667865390159
2020-06-16,-1.895865490096031,3.716561098968104,-1.7000117445959515,-2.5257834882109527,-0.43187407408145195,-0.7284513876789772,-0.599428692396561,-0.10656819372969775,-0.1821099229386807,0.0018450577524082993
2020-06-17,2.8192916724221333,-3.1549156925762296,0.49650760449078035,0.7374693062768671,0.1820679960775866,0.4471455835141212,0.46317300861571914,0.03186586498517937,0.10740905170772702,-0.016069091953402812
2020-06-18,1.1960847821646756,-1.8520481216308833,-1.434238404094475,0.8088309355204784,-0.2462819265937218,0.32775604418711507,0.13103930514176299,-0.015369664516585838,-0.14617012655441125,0.033173443805920286
2020-06-19,10.06855454047003,-7.0587940698187515,-1.9106769257669851,1.0821956808584514,-0.7865312612277086,1.5231511959145094,0.8987815853011385,-0.20040845913192895,-0.18953336613041843,0.14332417024721356
2020-06-22,-19.59405428445159,5.397520069268246,0.9176544940830308,-2.3718369014969527,0.5699668755111521,-2.0012779814121586,-0.8037492967918395,-0.002860187826067137,-0.02367370348187191,-0.16889331846938377
2020-06-23,-2.1588170893510448,-3.3406094632237195,-0.04664590642953945,0.1799189101748711,-0.11682551410810768,0.20849250668528174,0.4126217773905169,-0.03299447767167997,-0.08618468364692242,0.014876705218055687
2020-06-24,10.291266411873162,-11.03548507856248,0.4305200600115448,5.0152358208335945,0.4407741231989914,3.038162237881096,1.9874188809717395,-0.327625598589048,-0.18105183527958107,0.2272603582682857
2020-06-25,-8.21376393729588,3.749155686781694,-0.23329264661598206,-1.0833913133070832,-0.2688217640902237,-1.3114976270558294,-0.9006142889459962,0.24415152365194426,-0.09550395450805248,-0.0555100324218409
2020-06-26,11.24850190473222,-6.174330753603092,-1.0580503515388353,3.7813017465696825,0.39825115314214743,3.029080287705596,1.3158238119146166,-0.9000523717520958,-0.11235423860931248,0.22241220327984362
2020-06-29,-13.76595513481196,3.6091248463144723,0.31469225925154287,-4.196697152286097,-0.08344747882333536,-2.8716745826847334,-0.9369116738503166,0.7978631504164729,-0.002645203789633296,-0.23091173878003088
2020-06-30,-9.473939500896032,3.024077468777284,0.9651085779417807,-1.6802923304675799,-0.2329207562589165,-1.3998962423217731,-0.636056303271457,0.19580855052461915,0.06698144498590643,-0.08677810141243336
2020-07-01,-3.2235459674687608,5.357540798643515,-0.6396016430709714,-1.5480108101532302,-0.530735339365059,-0.9247419869287615,-0.8870479295699536,-0.08546524752796691,0.04907359887054191,-0.055444055623430376
2020-07-02,-5.022969945196973,3.292994291721313,0.2584194113491402,-0.9174218560963895,-0.26723373042925896,-0.5922609686254442,-0.4335577495474435,-0.13771596359681265,0.043240005817779786,-0.027846775933197572
2020-07-06,0.5149346964847675,5.071082363891465,-0.5588457072953206,-0.6552875957778272,-0.019814641273248237,-0.3675748396842583,-0.5085114999908767,-0.10896923788386595,0.049906082088503806,-0.01307930235906527
2020-07-07,5.806285089029481,-6.670758307197307,1.0692722221540751,1.3101158662718073,0.2791022539465772,0.8031398672088822,0.8040904536652989,0.2433112587292909,0.03440719425072906,0.02634579280037633
2020-07-08,-5.325769775533975,0.6851492189220357,0.07829152968543128,-0.4969780666598414,-0.29072367108778213,-0.3450200316479572,-0.15901320613289815,-0.08968923811870903,-0.05140202422889822,-0.0029601162888042865
2020-07-09,4.557076345998861,-3.9282025651860306,0.7956369723213538,2.0148009133012765,-0.06083033478456936,0.7230911980217037,0.5454066126065571,0.24269105720940226,-0.08014960896080092,0.07582345537655434
2020-07-10,-5.070963288638767,4.9860733758429605,-0.779242084211428,-2.1730958575011146,-0.036110382010949287,-0.8447337456613914,-0.6688263866883697,-0.27511332886738077,0.09230943780848459,-0.07942242770581895
2020-07-13,18.27868634214371,-2.1896689309126782,1.2402422034955463,3.366058185298168,0.281078408532568,1.4237902277530008,0.518340177560825,0.3963019349073539,0.1749748240473891,0.09747284155274667
2020-07-14,-11.525384502372683,1.3746298342364498,-1.691603304094339,-1.6301773692695636,-0.2897515782108182,-0.8901959914162267,-0.4258817130813187,-0.19224903768882182,-0.2385289387670117,-0.04827510929619148
2020-07-15,-3.015110363704877,6.217646222986064,-1.0905233000764332,-2.025681304213607,0.15804731286418383,-0.7822136598522776,-0.6834435908835056,-0.22831588978045791,0.07186906828700386,-0.05825727566449185
2020-07-16,0.47032512399878906,-1.3295600389311302,-0.10521215793823453,0.3976732629369056,0.06211075524120543,0.1440075437849784,0.10841668001918758,0.04175325857334974,-0.02407276509703103,0.001234009888921007
2020-07-17,-6.100967922972458,2.715789348840311,-1.3216639862298343,-1.859189609853413,-0.016493950183648732,-0.5088573331818207,-0.27542520897857353,-0.27696576445915194,-0.05389967000297654,-0.026871790119847888
2020-07-20,-9.526046236986515,2.4649213062218833,-0.7736359810544011,-1.504272868448999,-0.11495663547519784,-0.3909246257976405,-0.13554911467672268,-0.37553956371374314,-0.0556504203091701,-0.0022246271471518925
2020-07-21,1.5384039539082648,-0.9611339125549917,0.5583395843990859,0.10020501772197195,-0.28162123316311344,0.0555540833175261,0.09540810394112441,0.05464835787644754,0.023039886831317438,0.0062249632408669184
2020-07-22,-2.8151652386919164,0.8753463241801355,0.026242775843975965,-0.4207064088932428,-0.0632834931571331,-0.08115926162571888,-0.021669086717880606,-0.1294891776615469,-0.00234757037141293,0.0050843235246562524
2020-07-23,5.973915471805285,-4.378065224279646,2.0254417232865087,1.8733265965396848,0.14693432004975054,0.40067385267999844,0.28703760412899604,0.3590893074433631,0.0852553667068923,-0.004846146127612224
2020-07-24,4.362095267001954,-0.5653335272061883,-1.3034175716053293,0.11840769639377889,0.07810457763974787,0.12854845950471477,0.0034442302534230117,0.13054822399669153,-0.05673486205412431,-0.001207298871174887
2020-07-27,-4.174510418187514,1.6265864908769385,-0.4738800701617528,-2.2691845262256023,-0.13929091487048628,-0.2773227327844338,-0.10173356254254237,-0.3095357797414475,0.022505714829756166,-0.008974434941834301
2020-07-28,2.7943624907786044,-3.1786049078521197,-0.17300537574024563,0.4992400204432855,0.27982582362370695,0.2465612519750925,0.217216330011494,0.16320578978802325,-0.010172085025778849,-0.012106562214881527
2020-07-29,-3.2841023225844546,3.1850965528316055,-1.1297803475333204,-1.1518601720376365,-0.027430639673159958,-0.28292599080186825,-0.2770254624691905,-0.20943304423324055,-0.03283927858007104,-0.005050243449931863
2020-07-30,3.4261912838564945,-1.3075576234706079,0.08476700687219996,0.9041057267915255,0.22889718826996783,0.17164748216921202,0.07623293030496738,0.16714618916537113,0.005024994890502752,-0.007576849464553704
2020-07-31,-1.867603761919625,0.46048551882650585,0.6463712766028401,-0.48921677724784346,0.08514295533238954,-0.04530850211571739,-0.01952046255155804,-0.10672157857099612,0.047684010684730424,0.0013485237616926494
2020-08-03,-1.6159126028541602,1.8073409636984703,-0.03394118446455364,-0.520090531668418,-0.056677521693563666,-0.11513167858333655,-0.12261339588683731,-0.11461626690857638,0.00038771520541352463,0.008221908551926766
2020-08-04,-3.5526312815775607,0.38460579569369996,-0.21583887490705014,-0.4877405320940328,0.004857449743534508,-0.06603771380349684,-0.03871155628638974,-0.13305035854623593,-0.021326533584116708,0.00025304697366112486
2020-08-05,-1.7658227023114939,2.603676196652798,-0.9494303021808649,-0.837932552345356,-0.0561097868743854,-0.1291197179217692,-0.12537531474886296,-0.1387731382547542,-0.04821082120731819,0.016289627968185904
2020-08-06,-0.7631487404276066,4.042311228981642,0.07519909041112358,-0.455764852172934,0.28079215047327827,-0.031179511509270695,-0.1740714936633181,-0.11240384066944746,-0.036940652880593824,0.043951038568457536
2020-08-07,0.8799923393540162,0.08073863916145962,-0.11376824772784278,0.2774525546886489,0.02798937429830923,-0.03218700668769334,-0.019945298326371333,0.049728444021430146,0.0003715757179439963,-0.0010321552176025001
2020-08-10,-1.2617646089117034,-0.7195423714860042,0.4695137758056165,-0.16376936740341272,-0.11287806769457545,0.05002216172728856,0.055038087683462196,-0.05737451977394009,0.018267801118066303,-0.004408568155109418
2020-08-11,6.1421610153949295,-0.44391749465172864,0.7848755412705326,0.8866640784058561,0.21105557896045174,0.06390657253233435,-0.06244888320271397,0.23289074377299643,0.06887813091583232,-0.011193556442947521
2020-08-12,-5.133495100428744,2.4232209327346523,-1.2639444542188476,-1.6950267082030093,-0.05489466542092607,-0.04789589373538073,-0.015625217940332028,-0.2726434768402646,-0.11195788842691463,0.03924586932505313
2020-08-13,2.681877800824388,1.338662025094476,-1.4541109167199897,-0.4896089181159408,0.4510693501108868,-0.05722740013010638,-0.15113631090454802,0.07649351329039919,-0.05411636049730244,0.0026725351400859153
2020-08-14,2.139043135170312,-3.650880400699538,0.12889766296206606,-0.28044351533867723,-0.48451019757496655,0.05571156203891876,0.1954734156215093,0.039678110874649515,0.07828083780170696,-0.041317242396678895
2020-08-17,-6.493012774710924,0.732581428306109,-0.33125886819977446,-0.5774972246793255,0.14029975920829643,0.032811034122210356,-0.0029029145465620317,-0.20983621317923498,-0.05145389043200803,0.00939559345174089
2020-08-18,-1.4625455828750036,-0.9993993034770474,0.12359028035535284,0.0822690449284142,-0.21041283917423195,-0.0068947475432265815,0.07281851985332385,-0.030966252214181828,0.014394391508715047,-0.006861526013174808
2020-08-19,3.7776302719143118,-2.782261067736416,0.9142648119810525,0.2648950681854225,-0.566189474112434,0.023962875780650206,0.1674026557746833,0.11834474269607391,0.07453845044595613,-0.012248683493422865
2020-08-20,-1.1809131290282497,2.150909143812495,0.024026936533567918,-0.6691580613212009,0.1679791249858714,0.05516670523558441,-0.07958038281374769,-0.11377869308446818,-0.02919931121019198,0.024346276697717155
2020-08-21,-0.13486654125561945,-0.09408273531213115,-0.6669919043665624,-0.9648769677451001,-0.1789801975413311,0.030415503524766362,0.053199631545385116,-0.06124226542672166,-0.017231118361954473,0.007697371240177395
2020-08-24,-1.6889205530748892,-0.4347364592409,1.2096242691176902,1.4864162106703627,-0.08694043118035795,-0.066274803592916,0.014991838546154266,0.03733864961670852,0.03294012182465891,-0.0071899672263825865
2020-08-25,-1.8919983845330792,-0.8756907015084093,0.08773333011359627,0.29202469788719854,0.1719129385869294,0.012618507584978678,-0.019586236364942954,-0.012963071106019353,0.005623804056081888,-0.016897238048332743
2020-08-26,3.2474325045797485,1.5030624420939256,-0.0437807725918093,0.6699866655550304,0.08967186649162018,-0.0931717448483257,-0.06543142189817475,0.12324373074884636,-0.006489284427723045,0.012047658753140822
2020-08-27,3.550617772982017,-0.5726181583014974,0.29143431804488706,0.09511423713275031,0.030915111595121218,0.035311532135878815,-0.005102147760836928,0.1020292985340683,0.03403532293849077,-0.006117014188455958
2020-08-28,-0.4814149890598641,1.8099197106549236,-0.9208428501993262,0.3645554957840753,0.17608554858163575,-0.12964348219057295,-0.0958573307466401,0.025672851236348215,-0.05409134896804196,0.013345206089026482
2020-08-31,12.960738440030362,0.6815315928596068,0.09703427652435544,1.3327492513771606,0.3332175091267842,0.05967416664412194,-0.22546713690400075,0.46743845288396557,0.06399311218700376,-0.0025458592036848838
2020-09-01,0.6610629301782601,1.6601719062307079,-0.23198191115476705,-0.5501096856642165,0.19596343416192938,-0.030017682971952623,-0.11181325199926546,-0.022369882658521256,-0.0241630012400889,0.017712375719888082
2020-09-02,9.748045115020453,6.043064680431836,-2.9060778114071835,-0.2629924063334097,0.47418203542041415,-0.28511898147433296,-0.5559593166619092,0.32854660563101834,-0.1386807151472009,0.10838891095216455
2020-09-03,13.525147156572357,-9.59033179658755,4.143352188419059,4.650391537053657,-1.42294938332173,1.0719613671004267,0.5513157467184749,0.5838497817641457,0.3295370493237171,-0.0331601119563371
2020-09-04,-9.036961494337993,-3.9554603294110975,-2.278414717168468,-1.366585179751285,0.847040031128381,-0.06094434994075655,0.3006574947326479,-0.3736943958142013,-0.12025415116644632,-0.13767128531407175
2020-09-08,-1.5934341123871603,0.12191365841410991,-1.4049138156091803,1.8245989394398043,0.29050305555068645,0.13739208775255443,-0.223347808803566,0.03338085913601937,-0.13612235521041072,0.024394623098175118
2020-09-09,-8.990377707942793,5.9771831500459145,-2.919231099192718,-2.707296637180331,1.0119313827257461,-0.8980844658522247,-0.5131579741857855,-0.30154901885822305,-0.0896308632252589,-0.05050373371958657
2020-09-10,5.940176708559043,-0.8707750961171684,0.5350496077292889,1.7192886970799524,-0.0677487332456652,0.3314902525724533,-0.08195415718526006,0.21345209810972932,0.02600523100650675,0.02269393744865706
2020-09-11,-6.2213670728233,-1.059969022002365,-2.616543880298594,-2.6554239790561036,-0.380529723123397,-0.36337741827290493,0.2151561101638876,-0.29369887106889886,-0.09923640481531744,-0.025409408818171324
2020-09-14,-4.655560928240848,0.21953983358551965,0.5671447474552646,0.3567316476866593,0.1972975891908059,-0.07344870096814393,0.018784852274315377,-0.07070336968786106,0.0002388081697193755,-0.010796190641819985
2020-09-15,-1.4239025391660383,-0.3441531690041127,0.04746918886609438,-0.44920741112889057,0.026123426838721143,-0.01863554827078985,0.06018197862844488,-0.055499115812079364,0.008596809395282342,-0.013548490126290723
2020-09-16,2.6077110954508695,-0.7422194925817209,0.4032407427912183,-0.12648827814492686,-0.3057195649196739,0.07904598631854193,0.08165501494968265,0.048952900019192995,0.01976275845796502,0.008065385010166265
2020-09-17,2.879825518822674,-3.2347945647982606,-0.2793232125589139,1.0513029750979515,0.19101468088241025,0.39060677153369405,0.0961622646984943,0.09361324676267936,-0.029868109693894442,-0.03399230488610727
2020-09-18,0.3345283684673065,-1.3287952086187436,-1.0598082096087817,0.6433371822098142,0.28453921606386207,0.21027925052529167,-0.025888768114420768,-0.006734009608252153,-0.06605807774894336,-0.012594546766598392
2020-09-21,5.369740286262992,-4.711505016374003,0.3806398315957954,2.799871819129945,-0.07515989465105959,1.0940919294095297,0.3203842365163427,0.005286723215498923,-0.12425669876212962,0.0838274349110213
2020-09-22,1.6858964850271607,2.2027048524891155,0.37410921976745865,-0.28304827803209087,-0.2123231210976597,-0.2859913498382583,-0.2006430704884628,0.10132320651700953,0.06054633759208151,0.009219528295914674
2020-09-23,6.84548108147173,-5.20191594844832,1.5048136771650193,3.4738848522586143,0.1050693919538399,1.6537529814428606,0.6282479654008718,-0.18292590085205493,-0.034300850002586585,0.1395159806390852
2020-09-24,-0.5397689964604723,2.7185302719838766,-0.3133021629157877,-0.5816472399795308,0.4820635529445982,-0.49045401476752537,-0.3321063832271894,0.08649037026215087,0.10555325429656265,-0.0797429400414936
2020-09-25,-5.712506746901021,2.2618787379713066,-0.8956233941755752,-1.864792562500623,0.03986525394637349,-0.8941758424673628,-0.28586962343046823,0.06090268177979975,-0.024661127925678684,-0.08035785284713355
2020-09-28,-3.6378957350499586,0.9264356056094271,0.4037694658003091,-0.07561617788305573,0.3550403375516332,-0.2595323122863164,-0.05410384168579527,-0.000787508520713725,0.03802009865845557,-0.044049417658127296
2020-09-29,-2.428934541120436,1.2873376176376383,0.5901422766359342,0.10114956495897552,-0.13255465748356426,-0.2604853342066036,-0.10566101701196157,0.04638408212996957,0.0033901683062399035,0.009105768776403208
2020-09-30,2.7711078365612845,0.494848404040296,-0.08377757082668888,0.2394683698293467,0.4737732621973055,0.1395729380085923,-0.06673119500160425,0.006964248678376412,0.06664551730628973,-0.024869069377643188
2020-10-01,2.9989581601356763,1.5816289691321153,-0.1137419233322204,-0.9072185336802218,-0.20739441013820753,-0.20980866440658646,-0.13783483050768447,0.07250802630627687,0.04250571010094859,0.005518039166045158
2020-10-02,4.121966124420648,-2.4821042655609324,-0.16862070981636812,1.563758629463186,-0.09642521330142786,0.6982461334356324,0.16152889065674989,-0.04009196383191345,-0.041295081360264836,0.05850666701514203
2020-10-05,-6.488128844585632,4.4514889067036005,-0.47507453288894086,-2.0944361275394403,0.20490945614224887,-1.04625466020027,-0.38128905995814477,0.027610897837775466,0.01094389959926718,-0.06345871726001642
2020-10-06,3.967238725854976,-0.30610392589459307,0.5222545044080625,0.4040255753376227,0.25354972745235915,0.24688589412463385,0.024435039271219545,0.05602064782927007,0.07746258946085863,-0.01286675957010916
2020-10-07,-8.097050292261908,2.0351859699477934,-1.344863239540795,-2.168527304853365,0.06915364340246936,-0.6885574280062681,-0.11461342791473349,-0.1718517849037184,-0.07949565434385342,-0.03205042818591957
2020-10-08,-7.805576416701413,-1.1159921190673747,-0.6642071573224709,-0.7900835012315184,0.024682525193812716,-0.18408216655934678,0.14823497003391314,-0.1849879354097591,-0.05212483961453908,-0.028689560833242693
2020-10-09,-7.693478025816996,1.984457202196429,-1.3625243732927905,-2.193402464192733,-0.4570169312970859,-0.4586047574094285,0.08576868275957282,-0.2527954783264208,-0.03135014001931495,0.04854919050870822
2020-10-12,-4.599133837016043,0.5925897207818317,1.6756558389922918,-0.7841954950894453,-0.0017723575123460844,0.01816750852138605,0.1119093245483716,-0.15723000199915743,0.04145890271344045,0.013508641868201453
2020-10-13,0.9167247345226021,-2.703162053132359,1.0997021995190912,1.2461511081995738,-0.4506440915758187,0.11650278863740877,0.14388139900995736,0.11505316819414299,0.010735296189685986,-0.015988348881186543
2020-10-14,0.26378817285631834,-1.577071206041625,-0.10774817494687901,0.289448664946757,-0.2408478299044385,0.05818862353779551,0.08514350315395584,0.04628591993622308,-0.019610312608150007,-0.0059431708988180905
2020-10-15,1.5248496752456722,-0.8612206104991383,0.9093331068006313,0.2245586544399527,0.056093182422285344,0.11581066971696247,0.05790595903163597,0.04355858061738879,0.03200957237957644,-0.009535792761163554
2020-10-16,3.5865270002057845,-1.825722733999004,0.388723727989537,0.6875498345106321,-0.009338026516731057,0.21438625835655356,0.10456107346855577,0.12051833352431414,0.0024863796393407504,-0.008316966303295953
2020-10-19,8.857692167979597,-2.5508073635963915,0.08223275760020796,0.2679182188581213,-0.07349723808288285,0.4307483329536239,0.2257713472188513,0.15564986394130015,0.03110796390465114,-0.0011423841007391913
2020-10-20,-1.4914953501367134,-0.603482070893069,0.6036975059932725,0.2574009897011051,-0.06713712088242721,0.013421012070218279,0.07922636344268597,0.001988810490954851,0.002621619655829371,0.005648816346771467
2020-10-21,-6.038027312323417,-2.7702284399563273,0.11798576720485693,-0.16768051733142061,0.19529342994015342,0.045641849427655146,0.2275858767003936,-0.0647901638091327,-0.043628206550918196,-0.014195722284816529
2020-10-22,-2.505092193883514,1.7824396489967662,0.9375598660102733,0.36144534427844516,-0.043378743430599255,-0.18843320494457777,-0.1413991130932038,-0.03108595328248523,0.03580756837101264,0.007779903530398231
2020-10-23,-3.9282705458606078,-1.3829312179843845,1.363804138059157,0.4584024262284841,0.3324591645418736,0.05203919442853996,0.14675364774401486,-0.02680660552181599,0.04242832139262161,-0.00011275203227636136
2020-10-26,15.252032364961561,-0.5942849054867805,1.4897912265469053,2.7278218608960096,1.0618468884070702,0.8743778707620786,0.3643516297936428,0.23611174238010152,0.24830762608919435,-0.03658746118854779
2020-10-27,0.8028882813129927,0.7330002899901993,1.2703078507535466,1.3350155769946148,-0.15353960701656455,0.09207926091453703,-0.03330996610622724,0.09583957016246429,0.03439232711343941,0.03350275028002926
2020-10-28,25.17344616395955,-7.074859591536045,3.9155916456255024,9.11590156711476,1.2556696408078027,4.234490439241953,2.030923928389122,-0.43820423496999417,0.7005996619463732,0.14863023948010967
2020-10-29,-8.413106083238123,4.275366181393651,-1.8902528763734865,-4.908504726887938,-0.23359290296040397,-2.3573532723733743,-1.1337228796725294,0.4458838586443327,-0.2510664623071591,-0.14254572108646202
2020-10-30,0.18982649973242796,-2.1183027041940505,0.5977777059679037,1.0668140986246883,0.8317567382029502,0.5548354694029897,0.6048571469654304,-0.17545519887197272,0.17753022498871598,-0.0655775181068473
2020-11-02,-7.446543248286086,7.873049864877825,-0.7762409052672414,-3.379892478092591,-0.2729583775172384,-1.9271243181711086,-1.597402559826256,0.2926384893712632,-0.18727977346543062,-0.024395563358259494
2020-11-03,-6.899504844077179,6.963684751898379,-3.424211128399787,-3.7226847127346137,-0.33628743394103267,-1.2676793025950317,-1.2100940910835931,-0.11994116035977988,-0.38038162908759166,0.019309600601542447
2020-11-04,-16.741358938361202,2.031142090444368,-1.5310294058752965,-5.497042075890542,-0.8583348226951409,-0.6067242513223735,-0.08076387712138841,-0.6728509652136854,-0.2654197207626611,0.08260593618011698
2020-11-05,-1.8205002157209433,-0.10691967625389255,-1.591288093500553,-0.11720634079062354,-0.8136389232621053,-0.22600279158909714,0.13360636824908126,-0.027886864535625736,-0.07229401313075814,0.023942546593126918
2020-11-06,-6.62258040616257,-3.0377217328319714,-1.2870344120972572,0.3950214437701848,0.012987197419108086,-0.03751155245292775,0.12658928148951953,-0.06606314256860346,-0.04017399355163313,-0.04259544628206503
2020-11-09,-7.351169427661161,0.7876005821755246,0.4342163714413401,-0.5351942603507016,-0.9749454332969865,-0.12201266036070875,0.18675421590350538,-0.22471151414669055,-0.010029903800834765,0.06292600612300091
2020-11-10,-0.7543274560831398,-0.5185145247580871,0.9045959403993564,-1.359917860941734,-0.1348211199314752,0.2079046653162285,0.050676894345110496,-0.13290763720463103,0.03785425004879331,0.01478975971008057
2020-11-11,-3.309769542221929,1.121117402455786,-1.3939967604810328,-1.2856451050230253,0.24815896916741817,0.08542267600086328,-0.0367971312091337,-0.12710599850545978,-0.03127332308922236,0.014005604385240865
2020-11-12,7.995973146545991,-0.08602479656548917,0.8809355175416858,0.3061546121103171,0.09077208300336484,-0.015092893039846395,-0.05595506183606474,0.16526691757027723,0.028179615963553024,-0.011666692573315339
2020-11-13,-6.592743865927569,-0.018146401841473994,-1.5519906731992132,-0.78286961490824,-0.043222191206220825,0.007895753600967316,0.050718288002551286,-0.14427258311075142,-0.02957531340851288,0.008590118849318446
2020-11-16,-1.8210421206916672,-1.0410472687168284,-0.6031730488356044,-0.597137940842078,-0.11830675000379363,0.049164150615687366,0.04151760071603505,-0.03407532938123836,0.010879687484086803,-0.004006945016267514
2020-11-17,-0.04202358336678106,-3.2116701327471886,0.5302752293818852,-0.07819689573458852,-0.3388103482004924,0.054616617197018866,0.06549398380543685,0.04768125226051765,0.03576161654273715,-0.016489011494316263
2020-11-18,4.768638592733253,-1.8714604445235965,1.864442157852007,1.5851517347294692,0.351921916646919,0.003195392168934834,0.011431417141380334,0.17608231223221457,0.030115008094954904,-0.018988055416455905
2020-11-19,-3.255375691036086,0.903882835048109,-0.47448661046494733,0.07715312019727717,-0.25820477819776905,-0.08817508101275155,-0.008213006241552035,-0.06164143298464662,-0.027941034898595455,0.003537080768777533
2020-11-20,3.8009357641556614,0.23061552998972232,-0.43643992838823087,-0.11032508553313618,0.28701875860678616,-0.0019052477519936896,-0.033380227314532954,0.07317107450751888,0.0017868942766357057,-0.01385550352554207
2020-11-23,-5.367927166384744,-0.11772642546715308,0.828553224212373,-0.34443534570883083,-0.3490251095789889,0.08367395143906405,0.02458904296589954,-0.15728191551948245,0.01402691330368309,0.02813779559083853
2020-11-24,-3.8171883284450114,2.0957415175853784,-0.39917525337478943,-0.8616193183587901,-0.12623463393879714,0.10062685731181963,-0.008922133410142767,-0.16779763334572706,-0.01429739579293676,0.02278050384256412
2020-11-25,-2.2824326146064653,-1.9622197335329696,-0.290084583103412,-0.29798713952958694,-0.22668462172225698,0.0324714385714898,0.02740484727228605,0.0021752822811793846,0.01536450531416778,-0.0035281379671260986
2020-11-27,-1.4575731419264504,-3.5937258227049225,0.8267874432009767,0.8718895682274234,0.053527749944004256,-0.02003460568314616,-0.015826380717259177,0.11748034824207666,0.0027172304795390853,0.0022382089362071905
2020-11-30,-0.5122327828832338,0.3054620145678838,-0.028172640684280107,0.22512171801978395,0.08354683073468867,-0.022798597414047175,-0.01954941041091783,-0.0029411623427120104,-0.005555179669612629,-0.005363842249932558
2020-12-01,1.202771009800918,-0.23706656853988275,-0.915638541128547,-0.11888218662644534,-0.07161453244255425,-0.07613736297142595,0.0326016960727182,0.06805683984063052,-0.019748658825846734,-0.012411395481456788
2020-12-02,-0.20138526595818562,-1.420928246067436,0.8373967979594986,-0.15771551038880346,0.3654085716717519,0.14733903126791578,-0.04656242646728756,-0.00865755455717925,0.027666646685131982,0.02690642661379438
2020-12-03,0.12086480093368047,2.0042904249920053,-0.038493969819263056,-0.5896267591516439,-0.25368585180523534,0.03471338685094022,-0.0037531551626495247,-0.1145175719322441,0.014600516221088143,-0.004185095618851675
2020-12-04,-1.580590404691688,-0.49896432601275403,-0.08333083662676222,-0.4389139780727307,-0.4276288275471301,0.03074457334832474,0.04373846611680083,-0.03398331833705918,0.006198976047425774,0.00953555821727343
2020-12-07,1.9527152226621154,0.3163896919558134,1.0282240066745676,0.3578066178836754,-0.12313377133187667,-0.014043564212948919,0.04379602051442072,-0.011396418379131277,0.014324919654802854,0.005263015757258391
2020-12-08,-4.949471442620987,-2.806526261652424,1.3130182380431594,0.12023580224264874,-0.4915444724030051,0.10078893387623726,-0.013547568306943307,-0.04112501647702988,0.019713533478846683,0.04178157547849133
2020-12-09,3.993104295712986,-3.060556784185807,1.6937078710565208,1.7279869256741973,0.3621468866977133,-0.12755662375410673,0.15202550802428597,0.25284528886126595,-0.00996552854913436,0.05231337356629297
2020-12-10,2.360534356396082,0.31748134076752493,-0.32221491386474566,0.20601143756204696,-0.09178529518772942,-0.06860191353423402,0.06657322942386704,0.07401545245520932,-0.016683722859210912,-0.025598520566821863
2020-12-11,3.115223473777308,-1.908529471397421,0.5764263055227601,-0.062476208800366105,-0.03596245476518748,0.05100143340234158,0.15447576028219837,0.11389741394371726,0.012721124421835494,0.04120643099666739
2020-12-14,4.0815649203742685,-1.732977356191502,0.663592237962699,-0.18432492763211936,-0.2981962330931305,0.04457271680252766,0.20921490289930195,0.1185992557484522,0.017365666607130126,0.03763109326502785
2020-12-15,-6.460145009224376,-0.05284683620366736,1.2228358002155117,-0.8184137856348255,-0.6870686297571006,0.06136902020776081,-0.20573256516921054,-0.2866533566121383,0.05094166917812352,0.060412355107712375
2020-12-16,-2.372514258451214,0.8947693898996236,-0.9066174815477029,-0.403020035762949,0.20556298998257627,0.032205648005355796,-0.13524548247330995,-0.08056529481555989,-0.010839765509284768,-0.02359291223687298
2020-12-17,-2.448434865005468,-0.6834915752213384,0.6376248593793719,0.2502251241974656,-0.10441111058562151,0.00978170080066457,-0.04779695421883396,-0.028660771570420983,5.892304672199239e-05,0.03147140003149615
2020-12-18,-3.0239445631410775,-7.524401204685099,2.088371280975705,1.6531298534861296,0.2245656716925011,-0.09035053483036333,0.22294569516531595,0.5536665807781621,-0.18146228589350086,0.320147610179683
2020-12-21,10.281674203516708,1.0974680981949752,-0.22909888683237467,-0.3057943164211084,0.46905656542841034,0.11181376755157509,0.4069516095729576,0.023861440285889816,0.13471021532433666,-0.10762126390705908
2020-12-22,-0.6370952756708006,-1.4858196962390993,0.7390293106059245,0.8112892631384756,-0.3382566447046591,-0.06809571118303732,0.12228614714136248,0.2017724035312472,-0.08566609367647529,0.042752586389807154
2020-12-23,-4.588394084248663,0.5111372591799321,0.3537406761349517,-0.5313192459722994,-0.27708484995463706,-0.01794916898731552,-0.3082699866661099,-0.23486627966534468,0.036820802477117796,0.045525059600175194
2020-12-24,-5.084461545350781,-0.8129958756238962,0.264087951642741,-0.11585825941902901,-0.42286415285257956,-0.04646867665756874,-0.23973631199609155,-0.04002703605372056,-0.05651223787407235,0.07294410181431316
2020-12-28,-1.5597237901187349,0.7323699152232777,0.8307267874199399,-0.1471536198826077,-0.5265008903080842,-0.0007067594024440371,-0.1342168895851896,-0.19705023583001854,0.06365289230323944,-0.017414115514172334
2020-12-29,6.281624066073398,-1.5301248866968447,0.33380051923666626,0.7197286945723432,0.450130138456724,-0.011952806392420398,0.4443499842895547,0.34379598316651283,-0.033543646073182616,0.032200623843655046
2020-12-30,-4.931097799948691,-4.943096078479862,1.2776870367038033,0.9227906524817419,0.34518911113897743,-0.06490804325510556,0.0722397849972347,0.48850343132565655,-0.23301233658425996,0.35186858141210237
2020-12-31,-1.979064917832626,-1.0792062153515705,1.1451926160127615,-0.5737739046395213,-0.29864351257536204,0.00740276291101499,-0.20726189021086547,-0.1466215492649419,0.052740530399705415,0.18239677658812356
