,surface_move,move_1M,move_3M,move_6M,move_1Y,move_2Y
2010-04-15,0.0036101349338034513,0.005282286335911486,0.004522951898664409,0.0035278383537239093,0.002069412498551364,0.000278598007862692
2010-04-16,0.007973008373765253,0.00941018026935371,0.008403532673615148,0.00785296543322393,0.0072887681277470345,0.006624066094698335
2010-04-19,0.001609126105352316,0.0024551362753930293,0.0017025116543900832,0.0012669840715234823,0.0009793072997334516,0.0012066079005796802
2010-04-20,0.004963568347593526,0.006174836688663042,0.005252943736486954,0.0048006199582294636,0.004387197110831556,0.0038948141423134886
2010-04-21,0.004155578949859211,0.005630667600856217,0.004699913739073045,0.004051088172696577,0.0032754865816401637,0.002326036871384161
2010-04-22,0.002213390010073544,0.004033309423650187,0.0022948193334881408,0.00121324949198396,0.0003141026751259684,0.0011794325681826142
2010-04-23,0.0030838288089223747,0.005294518986263724,0.0026835399449038,0.0010975236931210586,0.0012288634529543999,0.003098712480842244
2010-04-26,0.0020526358109930693,0.00290672378534141,0.002061268252598462,0.0017839069719248076,0.0016712421646513929,0.0015470373078970846
2010-04-27,0.017034650698437372,0.023608559186848007,0.01895694551800556,0.016149350561741768,0.013204601027479503,0.009950063315194815
2010-04-28,0.003452721496220219,0.0046854127542869965,0.004119580584455278,0.0034964972997021623,0.0025694284307802664,0.0013619603352239434
2010-04-29,0.008010391407522468,0.011136017109280508,0.009119079378228725,0.007703196443149783,0.006070596750010152,0.004179950526134856
2010-04-30,0.017789108554493747,0.024332134110532935,0.01973644439073992,0.016963603669442065,0.014034311610790178,0.01076829496315064
2010-05-03,0.005250306786940167,0.0057952851680838965,0.005538912688502592,0.005420475547518135,0.0050516949524020355,0.004320016872804488
2010-05-04,0.014494567961676775,0.014975444493746904,0.015003602547770677,0.014771874503996817,0.014267505155957047,0.013391060265881743
2010-05-05,0.012805903667927495,0.019034145375301535,0.013206052469733014,0.010983659262096311,0.00953732937220953,0.008464981359689766
2010-05-10,0.021931918859258732,0.03813942946188474,0.02085880816196412,0.015028053992464178,0.01237514465729844,0.01167701822129091
2010-05-11,0.00995919166109705,0.019679013725239742,0.00895568138161359,0.004843936111253468,0.0021935389210536887,0.00042936285014875226
2010-05-12,0.017718251824829757,0.02423223686189965,0.018120252342062937,0.016029242797735682,0.014676822785400046,0.013483012965445476
2010-05-13,0.007843155902348645,0.013529860739469032,0.008501762439524774,0.005905846359053599,0.0037031772731157026,0.0019094065052588525
2010-06-21,0.01043789263700561,0.017328626249529733,0.01146822334389534,0.008395244850402783,0.005536898460306633,0.0034364514384699505
2010-06-22,0.010549269318000029,0.011953496714037207,0.011564865069931015,0.010879116267711106,0.009753265681814982,0.00814382377718407
2010-06-23,0.0026355660962297973,0.004672432845584758,0.0028765700952065655,0.0018786411733231324,0.0010104379531828045,0.0002729130145425709
2010-06-24,0.012567400211561377,0.014888863992399269,0.013455585057539679,0.012488103976579516,0.01135817060227398,0.010099798008014534
2010-06-25,0.0038983451192869892,0.006309502658729265,0.0046883585409654,0.0033511292493240597,0.0017198874530983015,8.284708316136294e-05
2010-06-28,0.006015179181639943,0.0097271424786802,0.006616255351300797,0.005030535433389201,0.0035651212986728183,0.0021221193748648727
2010-07-12,0.011194807059709367,0.020225481769614168,0.012012976294727445,0.006997054599729025,0.0022687099137344876,0.004373899347910138
2010-07-13,0.0066397568702411605,0.01137909072338277,0.006850577448268617,0.004864504792955692,0.0035651288010853694,0.002764812681693614
2010-07-14,0.0075219723446846385,0.011092130471238396,0.008084164900411892,0.00650679690513127,0.005401032540165529,0.004796008838442943
2010-07-15,0.003980433644101853,0.004382690463009554,0.003316759703360993,0.003157754456292902,0.003935897476140799,0.004852595924056152
2010-07-19,0.008604275853314162,0.010733652458816254,0.009146408569784038,0.008345522867709733,0.007553003247145804,0.006678631594922244
2010-07-20,0.01644576115538035,0.020350776104729237,0.0174345972156929,0.015873578190158853,0.014443991927204802,0.013175607933168663
2010-07-21,0.011164974570876326,0.017759580465147928,0.012217972014744052,0.00935898933217516,0.006920192757486893,0.004808533900254798
2010-07-22,0.008407942925735663,0.010163995693252922,0.00908140422508296,0.008368203120774527,0.0075711236545507226,0.006351383565593042
2010-07-23,0.008243666211616187,0.011661209843142024,0.009194090113100076,0.00771177068024542,0.006175796364301956,0.004654372919212287
2010-07-26,0.005400978721691242,0.006836643411646575,0.005230522953628317,0.0048494216642380366,0.004861479268475503,0.004960233976232003
2010-07-27,0.00389521052488416,0.006727301319858722,0.002170874234519791,0.0013068716149741305,0.002582207384017574,0.004185491462596348
2010-07-28,0.003226730598517845,0.005424762439540702,0.0034309816931127387,0.0026664853734604567,0.0017511205112531042,0.0008262575756508512
2010-07-29,0.0021362536165676423,0.004201257643502266,0.001918371852894699,0.0009245204196635831,0.0002466099557256575,0.0007560600120287086
2010-07-30,0.004106189160468213,0.006408678180673877,0.004878274737262337,0.003707508985145316,0.0023033600765081604,0.0006197871853232683
2010-08-02,0.008994734060143271,0.009489884188074265,0.00937734251790779,0.009142012698087955,0.008796107298842925,0.008098509102144963
2010-08-03,0.0031272824767635487,0.003437739866424081,0.003192498722886739,0.003208108711763767,0.0030646309987647064,0.002684296983838171
2010-08-04,0.004134835883005633,0.008248301089757524,0.0030850240338409795,0.0011342025613594888,0.0012630057306320134,0.002247419812691767
2010-08-05,0.0031595965490178544,0.00487712580936841,0.003443615505785388,0.0028020408341082707,0.002171478572889131,0.001305241671954983
2010-08-06,0.0022611390557156917,0.00396062023955644,0.0023653574762391672,0.0016434780595195727,0.00108173402174314,0.0006412112351719981
2010-08-09,0.0058161587970348835,0.01080603517555398,0.0057572079048964575,0.0035690226088068346,0.0021445058151229835,0.0013732622156196071
2010-08-10,0.005543721407285864,0.008375528437536096,0.00596075641381132,0.004709978491688366,0.0038048086766566537,0.0033650668815196493
2010-08-11,0.01763423258094972,0.020063155114670647,0.01920315055281907,0.018098805837079762,0.016326896564149998,0.013762459269360526
2010-08-12,0.00651194354371162,0.011199335704818519,0.006449300268932098,0.004715732925057246,0.0037091798308182566,0.0030020488597870525
2010-08-13,0.007056862687529156,0.007921388006027008,0.007481532435290155,0.006995311770690128,0.00652107565155379,0.006230250798197075
2010-08-16,0.0021835870482690544,0.0031698176587944063,0.0026098103497242406,0.0020758987570751414,0.0014117442233768233,0.0008240330900183838
2010-08-17,0.006773682886585572,0.009093122544547663,0.007405435508514957,0.006422956646420372,0.005550261343436892,0.004452951099768622
2010-08-18,0.0035605441587444604,0.00701718141526867,0.003306217203485841,0.001644182167763008,0.0005671733485607828,0.00043640086196204686
2010-08-23,0.02154577263441588,0.0378104971629422,0.021592912617469085,0.01518108804298984,0.011113934424026972,0.008439730357341076
2010-09-01,0.022597191290589232,0.04214498951345726,0.022407429257249693,0.014141164321954853,0.008061939188395083,0.003147197523421175
2010-09-02,0.008613495214674229,0.01662049369275862,0.005776866568076498,0.003413652384744978,0.004385848143848454,0.005519041092881642
2010-09-03,0.009834828214053948,0.012829510528005504,0.011406448276414847,0.009817526919517329,0.007774811375346359,0.005664300538580554
2010-09-07,0.008152566998243389,0.010148624494085823,0.009664011391694318,0.008473034766948474,0.006615964114378401,0.004513396578943572
2010-09-08,0.0027977299175985745,0.003900316617976159,0.0028424192628149817,0.0026591882605127314,0.002348386103358019,0.0018051168875599713
2010-09-09,0.006763408140950038,0.012526639249810885,0.005975034331699343,0.0038655593400661738,0.0031853967351788384,0.0033183461051248184
2010-09-10,0.009351968905687548,0.016727817851906534,0.009371684421272824,0.006454474573978393,0.004462840545836306,0.0028409620417297423
2010-09-13,0.00927387059647684,0.012635070514062619,0.00956143460173507,0.008315065731577071,0.0075826597200908145,0.007233276858468911
2010-09-14,0.0020833831041504876,0.0037448863008687494,0.00215156222418598,0.0014602525889411552,0.0007819002161695151,0.0005525638522060352
2010-09-15,0.0014109160666264874,0.0020054093197187746,0.0016333956070575448,0.001311999799041958,0.000949885875776804,0.0008000914553146952
2010-09-16,0.0032501489390714183,0.006495665388257444,0.0026887984273027223,0.0012827218384203784,0.0007822809375813654,0.001066159477658142
2010-09-17,0.004828007080429357,0.006422087049303421,0.005230246331649581,0.004369030284744187,0.0037718944918480168,0.0038254371512508414
2010-09-20,0.01135153186159274,0.015392108604546222,0.012981890053163664,0.010658560938438031,0.008385749939188522,0.0074104101139007604
2010-09-21,0.0036773673401776764,0.004495671152614554,0.004228836413244283,0.0037587504790902162,0.0030628653185367193,0.002451874207017917
2010-09-22,0.0050836815708358105,0.008809133899667384,0.005167765384661858,0.003547058382027348,0.002664810290659822,0.0022868352333263674
2010-09-23,0.007903887199985214,0.009714179287012386,0.008908645851877608,0.007924654840688187,0.006694231944915455,0.005569112904196202
2010-09-24,0.012041070909736565,0.01600678446779542,0.013199450578994487,0.011561819855921814,0.00983761518148122,0.008002496350580143
2010-09-27,0.004876706378981674,0.006364982337191461,0.005258753268114652,0.0046951476440339835,0.003993328612453538,0.00357109992019532
2010-09-28,0.0023168113452772714,0.0036177849354557773,0.002741361942160584,0.0020386435250080454,0.0012931408041827106,0.0006374639985055323
2010-09-29,0.004228290050421896,0.004989276102349759,0.00432532868053724,0.004049179395363117,0.0038766459980116496,0.0037903300070831073
2010-09-30,0.0034637067918767595,0.005123412175977284,0.003856250306201015,0.00315411512927934,0.0024827518031542367,0.001659459606806937
2010-10-01,0.0042318916128038534,0.006034039828096224,0.004543702474279767,0.0038251739977370218,0.0032340320592311213,0.0027200633848630004
2010-10-04,0.004155531943922304,0.003800268996050354,0.004071507874369929,0.004142508197590195,0.004236928583829954,0.004495672350140541
2010-10-05,0.006664989204802351,0.007321709740809212,0.0069032735076250415,0.006657288706354141,0.006371844272047869,0.005993988196847022
2010-10-06,0.0024278573197165846,0.004435113470313277,0.002517967604135026,0.0014915085317731935,0.000857298333479298,0.0007088761115601412
2010-10-07,0.0007960064639135319,0.001366128458123813,0.0005812748338471956,0.00030828306726800775,0.00046464774460590016,0.0008080891536639218
2010-10-08,0.005547113309149779,0.00808099187046588,0.006052190102010601,0.004996663055430166,0.004075622941969888,0.0032161392424318687
2010-10-11,0.0017375538186442398,0.0026064052111331817,0.0017409477883856548,0.0014520141593751686,0.0013255111321743656,0.0011857040762241846
2010-10-12,0.004702837145396772,0.006760081121398639,0.005234434758442716,0.004271006913335575,0.003422469852446108,0.0027441906143108995
2010-10-13,0.003780067526998344,0.005138571690869896,0.00413991311329985,0.003536012164271237,0.0030123195697426435,0.0025146176089669557
2010-10-14,0.0028052174227240416,0.004765274270256846,0.003085402693804786,0.002189114639746287,0.001386888407681972,0.0006348172404312039
2010-10-15,0.0013864007360584974,0.0021733965195002624,0.0015007889435722495,0.001167683959899808,0.0008577133491269549,0.0007316810104924718
2010-10-18,0.005154899827224794,0.007789180764376497,0.005586693322076674,0.004455994339728046,0.0035667361154139497,0.00289913604645515
2010-10-19,0.006452325845170584,0.009102646748225038,0.007058752712569102,0.00596945687352868,0.0049576081521103986,0.00390718343904117
2010-10-20,0.004798591823409673,0.005199836989551241,0.004832489118157609,0.004688252552094871,0.0046642925007087015,0.004583211223483199
2010-10-21,0.0044120380036711,0.006018977193590508,0.004568509066390077,0.0037675148016363233,0.003473780066193969,0.003737608788209915
2010-10-22,0.004772208072054714,0.005737176411595045,0.005136361034741665,0.004698142732585673,0.004235924660418378,0.003815343849963934
2010-10-25,0.0026053245657104854,0.003920904597391553,0.0026578613321366932,0.0016926446343467393,0.0012986727659340253,0.0026361456578871856
2010-10-26,0.002228034563463928,0.003782605775056562,0.002382111153715881,0.0014107994117361648,0.0007224313665871817,0.0015250796773337773
2010-10-27,0.0036064034753887516,0.0058921774158280935,0.004318474048343618,0.0030443690220392366,0.001523467411486987,0.0002731696074847434
2010-10-28,0.0017188764034383442,0.002940478516142364,0.0019164355635380179,0.001313133263690287,0.0006834075943701859,0.0005120316104937776
2010-10-29,0.0030888554304933117,0.004930141816831023,0.0034682513297848616,0.0025666164114520533,0.0017311952386057274,0.001336232380281814
2010-11-01,0.003406535277226665,0.0049373734874943636,0.0040569673500476895,0.0032035808215782413,0.0022392934742367448,0.0013814509026528342
2010-11-02,0.0028683694739978258,0.003641577829343763,0.0032898971247109616,0.002884034422628773,0.00235966614263984,0.0017797545231955105
2010-11-03,0.009345137819130588,0.011563332265593767,0.010230872464325361,0.009261185312678418,0.00814358519219068,0.006796253868762817
2010-11-04,0.009523270796119653,0.011145735833506329,0.009679642916631447,0.009125492959547263,0.008812998682942762,0.008636952673080317
2010-11-05,0.00249832778531544,0.001796568214647027,0.0020459568769111785,0.0024092211018074687,0.002795838977269906,0.0031896002599259327
2010-11-08,0.0005669346247432787,0.0009148295837393824,0.0006790192905337571,0.0004886339935562333,0.0002613695311640948,4.490843999317383e-05
2010-11-09,0.004082774311584269,0.005121234290625694,0.004450686630444732,0.00400689796665405,0.003523840138224499,0.0029726919819960586
2010-11-10,0.0022124193621242383,0.0038143586954874254,0.0024118445249416746,0.0017326909002253982,0.0010284871825685783,0.00021832832786354702
2010-11-11,0.0025178062025852615,0.003974440088319566,0.002812848846400522,0.0021632125222601135,0.0015507929434492324,0.0009507894354854752
2010-11-12,0.009861843854012129,0.011827517503674615,0.010645225750249112,0.009799449523972105,0.00882989553735254,0.007685867111631094
2010-11-15,0.001996827344934116,0.002866243757642656,0.0023553219720478537,0.0019462301248490855,0.001387966083152332,0.000677820632833605
2010-11-16,0.012463617951955863,0.017783918900767064,0.013527369497265695,0.011351661592865473,0.009455920252205957,0.0076926404141849985
2010-11-17,0.0035977227485610953,0.005485523449876488,0.0041765316119682285,0.0032465970872243622,0.0022470774551675734,0.0012625020064772857
2010-11-18,0.011459440259519995,0.01593639044223449,0.012724214467454493,0.010797531123405384,0.008840108753987436,0.006781259471748918
2010-11-19,0.0027246735150892286,0.003973587812417801,0.0029371530391800473,0.0024392240239655633,0.0020241764443617895,0.0016296799144567278
2010-11-22,0.0050154867422641195,0.007427217623479735,0.005745393330791449,0.0046013835809132955,0.0033992247642330295,0.002207933490989122
2010-11-23,0.007716954958205328,0.010109442664911514,0.008484794935916756,0.007487248042636932,0.006420623878336157,0.005126509416369592
2010-11-24,0.003910020848175742,0.004571807202771321,0.0042632540029932855,0.003978039806951456,0.0035689672922407938,0.002966855428516829
2010-11-26,0.01038676591821742,0.013484355258247545,0.011807419098638078,0.010348955143187247,0.00849369358167511,0.006240019670050153
2010-11-29,0.0013655566269235554,0.002511216932365886,0.0013599211798084874,0.0007377667023697343,0.00041322756440136555,0.0006731059967603548
2010-11-30,0.011456060193981727,0.01694838036300455,0.012537974431857864,0.01026201064547261,0.008220149839378642,0.006235258630404501
2010-12-01,0.00825799130842213,0.010946236561161024,0.009372395304563103,0.008106684329547306,0.006603267850005662,0.004897829777986998
2010-12-02,0.012401601096034092,0.01613240608668354,0.013886841977523365,0.012194057877229054,0.010205778924818438,0.007940193416782794
2010-12-03,0.007922728837734124,0.013634494583645759,0.008183026034320817,0.00583064375499104,0.0042029597241497255,0.003053772504794829
2010-12-06,0.0016316588695440325,0.0028142855709595953,0.0017643979208433354,0.0012358302994241808,0.0007798297169798672,0.0003779406280900958
2010-12-07,0.0015757116903296461,0.002380748014538722,0.0015185280110152299,0.0012460270562508272,0.0011797279632892591,0.0012231544195087916
2010-12-08,0.003416255603235624,0.002912332087423612,0.0031827864475522205,0.0034137641450473852,0.003658764916244105,0.003834300147965061
2010-12-09,0.0042873888356924775,0.005020986273618678,0.0044598035110538494,0.004174059930286634,0.0039363614168420255,0.00372701584641118
2010-12-10,0.0020186129871324933,0.0016144488830611252,0.0018511718722935883,0.0020348238053358872,0.002181189903646295,0.002332940665293787
2010-12-13,0.0039309359652074756,0.006788237802348895,0.004458885495618602,0.003003769177280862,0.0015017981455088519,0.00014638493192706473
2010-12-14,0.000929575769406152,0.0014758164626589903,0.0008911551289779707,0.0007077264996317144,0.0006525987347894441,0.0006493088271742623
2010-12-15,0.0027922027001889677,0.003518094343531344,0.0031135998091112727,0.002780752605838356,0.002373917041941927,0.0018821319923237843
2010-12-16,0.0019338630633141916,0.0032355972116446066,0.0021817802985799177,0.0013027419335311717,0.00019827115415382073,0.0013165975676078456
2010-12-17,0.001295436709319774,0.0020617390587342054,0.0014257834450269872,0.0010828849965604723,0.0007804020393072116,0.0005705152952483948
2010-12-20,0.0015687947474358472,0.0016904167484175186,0.0016746812018084653,0.00164269261606465,0.0015147199669250336,0.0012847969792211232
2010-12-21,0.0021870201955191543,0.0032184778105984286,0.002346794186197982,0.00195746715996371,0.0016224322180179765,0.0012590791571450042
2010-12-22,0.0015805678368826757,0.002680269147837573,0.0017631632639594495,0.001251083405137354,0.0007473211347802967,0.00027329008327128107
2010-12-23,0.008597991375106034,0.013648171863451925,0.009492251606376994,0.007293516313319873,0.005320543117535991,0.003427576896391782
2010-12-27,0.0041481129040388835,0.00584548292270422,0.004665678696843525,0.003912705510211438,0.0031184698998798716,0.002249856905531454
2010-12-28,0.0012135838546342911,0.0019913923881546484,0.0012347992935242429,0.0009403510730651178,0.0007582357748187966,0.0006437191091051264
2010-12-29,0.0016296527532901686,0.0029758168299550045,0.0016360970773617908,0.0010745055163016934,0.0006511288135785357,0.00040989046475970847
2010-12-30,0.0015335762916007282,0.0019457356158028678,0.0015483332409019297,0.0013404753076011776,0.0012787272175416085,0.0014642544014423831
2010-12-31,0.001484729678963264,0.0019300811711705475,0.0017515159057005384,0.0015130143576551386,0.0011643551556703305,0.0007642999592673416
2011-01-03,0.005628151279265051,0.009823031152642513,0.005823641540806336,0.004031017804902501,0.002776721062684079,0.0020035987338983996
2011-01-04,0.0028724019516582805,0.005033864941241277,0.0028866200010107665,0.0021035884528248887,0.0015208188077352133,0.0009182153112090281
2011-01-05,0.003629008030026661,0.004048537453024589,0.003946690843162748,0.0037300659992260147,0.003386256408722078,0.0029157070267345282
2011-01-06,0.0016910545361733201,0.0027722037628331608,0.0020219828821898436,0.0013281891073991198,0.00042037189982493234,0.0007641988640731162
2011-01-07,0.0007477755581244768,0.001061041538607298,0.000684555015348311,0.0004525567384229555,0.0004846432383539761,0.0008727714712219589
2011-01-10,0.0006317596884360976,0.0007113235818997244,0.000554814348662417,0.0005028519838542473,0.0005664340676663079,0.0007798035966426855
2011-01-11,0.0027952610670479096,0.0033673887243587997,0.003252753115414889,0.0029492627481373795,0.0023978796866574855,0.0016430869620180117
2011-01-12,0.005871720373959904,0.006431667520410648,0.0061675867858953124,0.005925476193423369,0.005596514582429648,0.005152454105089018
2011-01-13,0.0009985936284599428,0.0016971589626174888,0.0010368778308211437,0.0006970410433641589,0.0004658601300052431,0.0005723548870238132
2011-01-14,0.004826748251939475,0.006458408186680279,0.005245481262704702,0.004583491081162597,0.003949092959028822,0.0032646068315634654
2011-01-18,0.000904101835380197,0.0009652774309206308,0.0006220732106965225,0.0007377423050472968,0.0009464174654137341,0.0011525169491515238
2011-01-19,0.006378550838102765,0.007152251756626648,0.006967367476032113,0.006578623987420986,0.005946323567830366,0.005009349428205502
2011-01-20,0.0025269678925328356,0.004850478315127358,0.002434727543392708,0.0013824901604152287,0.0006787545719486684,0.00031750392249108446
2011-01-21,0.0034277125588107644,0.006427106169459665,0.0034829520443405548,0.002053579882567761,0.0009479027619191858,0.0004378450551526419
2011-01-24,0.004415622886729515,0.0044364408449063,0.004772365055309265,0.004724564973586054,0.004353857118077992,0.0037085800251960245
2011-01-25,0.002805947599980458,0.003142043259586176,0.0031927008675184582,0.003007604305672979,0.0025613750383622425,0.00192213663613402
2011-01-26,0.005898234248428086,0.008677093096841983,0.006628038928644352,0.005425337277768792,0.004186567862599574,0.0027859211313429424
2011-01-27,0.00338587605517151,0.0034126633305753165,0.003394978234683123,0.0033782774990673593,0.003380067054911896,0.0033631864246110093
2011-01-28,0.012829709487546493,0.018020792625290022,0.014150226331258335,0.012011404277227005,0.009881834184345389,0.007490318821437047
2011-01-31,0.003825405814345618,0.004500840079220281,0.00403269224972567,0.0038685162546304346,0.0035872862328771597,0.002968912173423675
2011-02-01,0.008152962107159446,0.010249995008540898,0.00826380012908948,0.0075757114372743,0.007222803150115285,0.007031420640885616
2011-02-02,0.001865706818586551,0.0027698392917141833,0.002146020195159666,0.0017598485840032662,0.0012472995905841242,0.0006885303024234075
2011-02-03,0.0011159343902249145,0.0009028884483643532,0.0004883410369083364,0.0007880886470760671,0.001241271030368035,0.001735230766046306
2011-02-04,0.0030597689364116197,0.0042774452741613875,0.00337969746487327,0.002865298352765965,0.002356716547111904,0.0018242777090773925
2011-02-07,0.0020924741570586248,0.0010297777265044167,0.0009634244312671453,0.0014532141764403937,0.002334744553763063,0.0035129400955738444
2011-02-08,0.0018928905784701042,0.0017727487216206168,0.0018300867315358983,0.0018892345711589349,0.0019507296887287281,0.0020121542316640095
2011-02-09,0.001241020087276526,0.0023428233342694896,0.0011431869557685774,0.0007141516568510111,0.0004372664563183791,0.0004513780575945978
2011-02-10,0.0010763622422111966,0.0018193593823977127,0.0011360900800504187,0.0008421617926846089,0.0005900321462907898,0.00036692605694846683
2011-02-11,0.0020863662503318404,0.0022326559168179888,0.0022432785376270145,0.0021876124649376364,0.002021157563905383,0.0016961260028240512
2011-02-14,0.0016088853434503907,0.002364114035040652,0.0019158249509677076,0.0014818900515868945,0.0009357685254448934,0.0007819712080475046
2011-02-15,0.0026791577962123167,0.00382619514085465,0.003063115740995904,0.002536088924094675,0.0019478651015969392,0.0012810385245786442
2011-02-16,0.0016851436953878604,0.0025430998613555516,0.0019157316751309942,0.001503080438716032,0.0010939380669197072,0.0007779526432204186
2011-02-17,0.0037071485692224153,0.005674457242472951,0.0035251991987499246,0.002797667150959404,0.002639469440119926,0.003048691157043271
2011-02-18,0.0031865284055652846,0.004385201589340496,0.003345795821362642,0.0028859172082732485,0.002559019368656365,0.002338455789148893
2011-02-22,0.016901776546033545,0.020942865828096364,0.01874631373822254,0.01690570186512101,0.014625250911661957,0.011773768488181926
2011-02-23,0.008739699345733726,0.013034029315750947,0.009506188630377405,0.007756310648081775,0.006226525272114578,0.0047674111376189085
2011-02-24,0.0014361591390487623,0.0025674305232381554,0.0008870073807067051,0.00048007838187117004,0.0008839152505964175,0.001386543311731128
2011-02-25,0.010687548654010639,0.012597453994359157,0.01139732316937293,0.01060646653042384,0.009736255238670912,0.008673630166115852
2011-02-28,0.005368111360660871,0.00820569627335142,0.005751926317519719,0.004623811046339331,0.0037186390323344443,0.0029081068351354132
2011-03-01,0.012610018676230563,0.01703480452771311,0.014134866417497565,0.01216836485650843,0.010010805765078746,0.007536478341326218
2011-03-02,0.0012358484358444615,0.001963856478409101,0.001521370123305814,0.0010750469876305725,0.0004804130778926139,0.00028068614321915874
2011-03-03,0.00836924532777105,0.011648226016464445,0.009110090340141654,0.00778348465003819,0.006556901633159242,0.00528874551492128
2011-03-04,0.004088532502891163,0.005096760102061221,0.004586303309196657,0.004105120771645074,0.003499823197081472,0.0027328683820218402
2011-03-07,0.006722487944867112,0.00876837683459237,0.007262556201593566,0.006432467943249565,0.005639733593151974,0.004811114954668688
2011-03-08,0.002969353066024157,0.0036946270091467322,0.0033314259529944666,0.0029901602649627067,0.0025482604161740302,0.0019753305996041315
2011-03-09,0.0025923929138960745,0.002429194694958515,0.0026345373654308086,0.0026904761084228916,0.0026670103117544847,0.0025316250534445366
2011-03-10,0.008400656091160811,0.011338114816783247,0.009153208153804446,0.007948947637749637,0.0067965344662093575,0.005580537376122198
2011-03-11,0.004951819086198129,0.006815600118471713,0.0055106269167128664,0.004705806074333196,0.0038736395063083914,0.0029382738960151604
2011-03-14,0.005185676582773027,0.004833088086382534,0.005272597110975956,0.005408816588485859,0.005338937203003951,0.005053478011696344
2011-03-15,0.009699785465522968,0.015670597196871843,0.010332246068971757,0.007897656012952503,0.006000537961604816,0.004441490596846722
2011-03-16,0.017672590616491866,0.027863979743639324,0.018831050337765356,0.014786199042245199,0.011594175628251125,0.008805446093047292
2011-03-17,0.010933558194700002,0.014204913037126897,0.012174856448496316,0.0106991440687573,0.009026738946291255,0.007193962068437107
2011-03-18,0.007690032291810778,0.012817413897060731,0.008259066996286209,0.0061040082103009045,0.0043123960649664155,0.0027072163813027916
2011-03-21,0.013683850351525405,0.019210289225964614,0.015165025526963976,0.012821591642350883,0.010476982344638359,0.007941361315477541
2011-03-22,0.004599824913203825,0.008760735280914426,0.004590627411314919,0.002504105734690336,0.0008270347619885664,0.0010065145010538575
2011-03-23,0.0033364275757884632,0.004965320765383365,0.003882482171826604,0.003105085999191914,0.002216887509303027,0.0011723981548212594
2011-03-24,0.0060987980793951275,0.006746553328571822,0.006519264651443874,0.006207860666268261,0.0057565262676520165,0.005126867263092645
2011-03-25,0.001784451667918274,0.0030021143644481953,0.0020446615489074704,0.0012008457767912982,0.0001507936345599866,0.0011239385966383341
2011-03-28,0.004042209195438407,0.005388649874914458,0.004731186981564003,0.004096679508998401,0.0031631353298258442,0.0018674555028856572
2011-03-29,0.005383275898786105,0.006167649068818977,0.005744441648247402,0.00548720500871234,0.005055685594521292,0.004265022448680182
2011-03-30,0.003155340082270849,0.005436673795865405,0.0032422991178208092,0.002314339242045362,0.0016740466307373471,0.001245925917821655
2011-03-31,0.0016106567553483102,0.0025824966476471886,0.0014316256107715912,0.001074662410866922,0.0010758607129860579,0.001392788398193514
2011-04-01,0.0022933473157904327,0.003536680778686383,0.002473701046547263,0.001973973091661046,0.0015420080329090655,0.0011813311204057915
2011-04-04,0.0018363967428224517,0.0028047847728085696,0.0019712447537407066,0.0016509089364499167,0.0013079633452331575,0.000820288397694232
2011-04-05,0.0009039595880870205,0.0017205776406569832,0.0008938779665532478,0.0005123917202332454,0.00024071025071848768,7.630693343082998e-05
2011-04-06,0.0014982659323573978,0.002713147452714468,0.0012751609913820862,0.0009109213665967002,0.0008448885845735342,0.0008325772695283554
2011-04-07,0.0022798554614650982,0.0019324765368405356,0.002291356560293202,0.0024258109099583695,0.002422958361893919,0.0022909906982959533
2011-04-08,0.004209185819878416,0.006408990074955232,0.004604163028564503,0.003684575825006879,0.0028767412235077574,0.002112111805657721
2011-04-11,0.0014635688751387162,0.0026716755877984125,0.0015602882662740067,0.0009525550317001238,0.00041459413070418517,0.00024201231256304833
2011-04-12,0.002877293186637136,0.003406692774161893,0.0030044286285122825,0.002815157590661443,0.002638186174547909,0.0024242101427386416
2011-04-13,0.002041385518769111,0.003338827534472513,0.0022777271758457635,0.0016955406329360852,0.0011398168368655286,0.0005713346909855969
2011-04-14,0.0015258010493913502,0.002604374122337271,0.0014963339916284116,0.0010791479532931832,0.0008993395229131184,0.0008032386603280624
2011-04-15,0.00400029163530054,0.004687480991912241,0.004545084351959926,0.00416890388969026,0.0035765419576264884,0.00268514133802497
2011-04-18,0.005019306451428369,0.005509819400531082,0.005535393997612586,0.005243780869598346,0.0047220652552698176,0.0038952986596775944
2011-04-19,0.00490618732962814,0.007142155331506437,0.005614744380601884,0.004595138678021848,0.0034690828385711874,0.002160508763470014
2011-04-20,0.0061275453678223965,0.007305712825517253,0.006693209878927665,0.006162039868646615,0.005488348084764674,0.00463345041615598
2011-04-21,0.0008164972210575362,0.0010505982046315593,0.0008936107143436187,0.0007951664267438143,0.0006804322457781483,0.00057945161687013
2011-04-25,0.0003353830033369378,0.0004927359187995396,0.0003728997090923257,0.0002743670949468981,0.00019532004181578165,0.0002591113552039653
2011-04-26,0.0025080695608743677,0.003794133904086188,0.0026289246596542582,0.002128666260910461,0.0017878074305829827,0.0015549572995622446
2011-04-27,0.002858023594752995,0.004035601776640768,0.00331627424077297,0.002758092689331689,0.0020851257825108493,0.0012660620005936947
2011-04-28,0.002876898127680109,0.004210724268748369,0.0031706799166874963,0.002613274777475475,0.0020874824467973178,0.0015532276573182269
2011-04-29,0.0008590106791053093,0.0014821485874702794,0.0008622450029033448,0.0005593016788306157,0.00040001700261893194,0.0005257698007549614
2011-05-02,0.005416203699103872,0.008572769550161629,0.005804091130922609,0.004546164275057085,0.003514626285320323,0.002544848402838476
2011-05-03,0.004049003508353725,0.005198113510404303,0.004290341774040768,0.0038577071584974306,0.003480090707722635,0.003090597772838949
2011-05-04,0.0026232907107262785,0.0034032835802550493,0.0024679795174354226,0.002434095059040848,0.0024242756996064713,0.0022210531994191424
2011-05-05,0.00291740450351281,0.004129699422162803,0.003166104722716991,0.002677797963908583,0.002235579170358921,0.0018191186301354462
2011-05-06,0.0009347490063243092,0.0017592856808904323,0.0008608006651005807,0.0005319436968683739,0.0003854321001681029,0.00031810789304843537
2011-05-09,0.004506453910179849,0.006849299291206906,0.0049742792645714904,0.0039856350094959764,0.003064953513174613,0.0021459386695713164
2011-05-10,0.004267428001724198,0.0059193506608418095,0.004869435609934474,0.004122885273032153,0.003254038019600725,0.002172014488119312
2011-05-11,0.004612112864272295,0.004963023180963553,0.0049801092357626055,0.0047815656561868425,0.004419379948144618,0.0038118957250339544
2011-05-12,0.00417666124101076,0.0062496008747311566,0.004554054507267785,0.0037026231722605365,0.0029567890069835245,0.002230146289959909
2011-05-13,0.004409206325511293,0.0052238139169957145,0.00472724406646147,0.004392275964359133,0.004006174569923431,0.003496985983609679
2011-05-16,0.003361012983322277,0.003939451717877631,0.0036888072216635873,0.0034168916698626385,0.0030512412651799103,0.0025239336109146608
2011-05-17,0.0020556382485956174,0.0028516401099551256,0.00249030623950179,0.0020566375376988716,0.0014568497387094557,0.0006652799708318143
2011-05-18,0.0057839716744566335,0.007606287461092642,0.006437078313838899,0.005649292152333348,0.004761040473611891,0.003660334312809069
2011-05-19,0.002174387456363076,0.003130700858641783,0.002559586439346785,0.0021003566007505563,0.001506019796078036,0.000779384352333131
2011-05-20,0.006077791851898063,0.007354933372043863,0.006416952849443041,0.005920511607446934,0.0054549534870752215,0.0049614982571542544
2011-05-23,0.003927007822454327,0.004120309643039661,0.004162003468049372,0.004036105084190189,0.0038264732549692887,0.00344611171378491
2011-05-24,0.0022401496901526393,0.003490774598775863,0.0026269033150163393,0.0020167939676003638,0.0013094061843674217,0.0004724641596389538
2011-05-25,0.0019361867915152291,0.0028033928938201143,0.002115886992514883,0.0017610694628900955,0.0014377701636703653,0.001113354516454968
2011-05-26,0.007597245356756422,0.008416538566321474,0.008483540184877352,0.008008436484507536,0.0070887005584080055,0.005603336418047212
2011-05-27,0.0023764842415561938,0.0016123229878653043,0.002006582699158071,0.0023596569350456766,0.002700241581089441,0.0029585708980370278
2011-05-31,0.00418903083161362,0.004484712746114644,0.004598436079150463,0.004411486773507386,0.003992155164362069,0.003329131319530411
2011-06-01,0.009235059235690691,0.010537233360251705,0.010289603214454488,0.009615106415080737,0.008482684445678767,0.006716856962596329
2011-06-02,0.0006405963063091444,0.001195217260914076,0.0006075156072997968,0.0003245689433214805,0.00020843683321912168,0.0003246655386294804
2011-06-03,0.0023501960912779953,0.0020843538103763543,0.0023669667613010746,0.0024773171222611276,0.002483534079478275,0.0023162478781812517
2011-06-06,0.0024318970669219317,0.0025560497197189293,0.00260225462606815,0.0025237090174527444,0.0023672122936341626,0.0020718822756238243
2011-06-07,0.0024355326481230967,0.004267918040452907,0.0025915577695030476,0.0017763530137181868,0.0011189335035557309,0.0005660018665581709
2011-06-08,0.004061489333681151,0.006778535526550413,0.0046162665381833745,0.003325391747839276,0.0019806728564109775,0.000488592019020384
2011-06-09,0.0047737569114361,0.00547365943777902,0.004956503317065418,0.004698472462852666,0.004464467620062678,0.004172383954021832
2011-06-13,0.007414532132294397,0.010400459218292888,0.008548775207804905,0.007167441846703165,0.005515110286159463,0.0034404447539240625
2011-06-14,0.0066031047958777156,0.008309529852662409,0.007086552028054932,0.006411024152751878,0.005746613261511335,0.004961115201600674
2011-06-15,0.013586412050543478,0.01902839842153818,0.015028751499453636,0.012742596534101766,0.010462415408404174,0.00794819107128935
2011-06-16,0.008705809618660769,0.012085074535147462,0.009322163941213548,0.008000247511645282,0.006895976190597926,0.005869019564290096
2011-06-17,0.0021368063758230504,0.0032419633933711035,0.002633266439269924,0.0020075364624172034,0.0011487712711623864,0.00018817697325652192
2011-06-20,0.006171725352125797,0.008696030517603218,0.006748176861659214,0.0057198696500368,0.004763634780585107,0.003725990640732995
2011-06-21,0.005459870882664411,0.008236682821622883,0.0056225781090077425,0.00456565709338989,0.003939467121398278,0.0036373061303557113
2011-06-22,0.001885195703544483,0.0014102410096581283,0.001716844970370802,0.0019131767107456426,0.0020877742540178624,0.0021941812558274295
2011-06-23,0.003901917897978866,0.005294366213784582,0.004227017458383033,0.003653596490129916,0.003132573697926605,0.002658014471004475
2011-06-24,0.007743452255421971,0.010026687770059132,0.008502601065601356,0.007535618895381758,0.00649883782013085,0.005287355340071423
2011-06-27,0.00417550161045979,0.004717922163369351,0.00401725451742237,0.0040983386433081385,0.004115620924395052,0.003878431367041084
2011-06-28,0.006685603045451459,0.009759540128827102,0.007767714956715068,0.006312207606959547,0.00460276622203221,0.0026212591370844956
2011-06-29,0.009543005400277495,0.01579567032153306,0.010601896465504511,0.00781124948955296,0.005161530562257177,0.0024050643325352907
2011-06-30,0.004760453767969705,0.004284973541232464,0.004694198725488059,0.004847978692300008,0.004942570609408773,0.004998119529529328
2011-07-01,0.007367339739057805,0.00745157531207047,0.00760173587672561,0.00754162719238235,0.007347396819550498,0.006871370347297882
2011-07-05,0.0009192703885463604,0.0016457461034282501,0.0008318225555247704,0.00043448417106511434,0.0003175419453536671,0.0007316227535395018
2011-07-06,0.0012374446484503753,0.0016072593969796466,0.0013261866131346813,0.0011854049762524766,0.0010528116528283201,0.0008948157652836228
2011-07-07,0.003434869212653934,0.003686529128430815,0.0032406855874064816,0.0032633692782078096,0.00341105763173634,0.003551647397478957
2011-07-08,0.0017742752884549043,0.0012626034322039052,0.0013665718516179086,0.001589901658225656,0.001950312707908744,0.002438661723569335
2011-07-11,0.0123703465985544,0.01616569562330213,0.013602177015453833,0.012034360242188666,0.010325857988405122,0.008205441527508475
2011-07-12,0.005892620789644089,0.006856765611454843,0.006612378978061442,0.006099735617582231,0.00529106881571456,0.004204036707232905
2011-07-13,0.0009891267285146025,0.0015819140278476248,0.0009980551346341054,0.0007386807940897882,0.0006062731554440675,0.0006928751167924679
2011-07-14,0.004943652570430088,0.007816122593845622,0.005355858794711385,0.0041757149139360974,0.003160519542817262,0.002235179865623937
2011-07-15,0.0038433202970033615,0.0046023379937297874,0.0042398102290849655,0.00388010065918937,0.003422021859929096,0.002816493210418486
2011-07-18,0.006241027373813022,0.005992038086055939,0.006191297551761247,0.006304587061424547,0.006389116116301268,0.006320348474693883
2011-07-19,0.007281511116490505,0.008391483517961,0.007889400783223274,0.007389206806372449,0.006706780170891266,0.005732460454232341
2011-07-20,0.000935379109158405,0.001735705316772196,0.0009058000975586423,0.0005481974212102676,0.0003390884303923821,0.0003549961261672905
2011-07-21,0.008582592686894016,0.010326697830746382,0.00951718659638967,0.00870918747424331,0.007607283853427753,0.006112793408864126
2011-07-22,0.00119722898569108,0.0023054393238682467,0.0011572868624578347,0.0006424823542728905,0.0002815676375993721,0.00014268480207631467
2011-07-25,0.005668994396569,0.008664553859536435,0.006428304405021528,0.005113845729947074,0.003720493897633937,0.0020727766983439097
2011-07-26,0.003639625154389808,0.005018341894567405,0.004066193168986217,0.003475450097488949,0.002840499559801372,0.002090330819436692
2011-07-27,0.010695190671450248,0.014992404178937381,0.01170511781327521,0.009973148057998402,0.00831120212221992,0.00645087501839558
2011-07-28,0.0018728410253928422,0.0037231454374167874,0.0016039104808546112,0.0006710504131749621,0.0002582983591789342,0.0007657023271761975
2011-07-29,0.0011104992569375045,0.0017506122024865789,0.0013173455674207275,0.0009721659530377627,0.0005478056775588578,0.00034756707292874937
2011-08-01,0.004315316089470158,0.00648026183927837,0.0047911571118062065,0.00388261242110163,0.002987878375894983,0.0020392862435047966
2011-08-02,0.01088669107554449,0.013008474434573931,0.011972297328222836,0.011013731133301263,0.009740341136827852,0.007991707170744858
2011-08-03,0.0024452256082180676,0.004300000561934287,0.0027121674221501075,0.0016910456816053446,0.0006774416345953757,0.000855115051592599
2011-08-04,0.0374614613994616,0.0557931852583498,0.0414450715959995,0.03380633303016516,0.026411800842849047,0.018595176614862596
2011-08-05,0.008572518150921922,0.010569633157994323,0.009603839423637668,0.008672890440883289,0.007387084670575421,0.0058052917187703616
2011-08-08,0.05782124275167126,0.08497116822863632,0.06501079750217983,0.05303630861299825,0.04074650157699016,0.02822853029601419
2011-08-09,0.04913476283028634,0.06881705688271066,0.056420235154329416,0.04715759634708085,0.036327616127838205,0.024669003877509723
2011-08-10,0.033302736228095056,0.04734509683141923,0.03833047117462108,0.0317078524447979,0.0240777334178838,0.015794075906544778
2011-08-11,0.018262896130457937,0.02674432846374336,0.020437985376970846,0.0170806274910504,0.013119724343822779,0.008415552374484277
2011-08-12,0.011701825396043655,0.019413092945270136,0.011311498728498091,0.008659627586261742,0.007442910216124724,0.00703273377804899
2011-08-15,0.018763136783115978,0.028795132044353598,0.020077968233229913,0.01622216534470926,0.012955193568117746,0.00984867417598759
2011-08-16,0.0018659684999321462,0.002696445134151212,0.0019182599659641373,0.0017152865851468508,0.0014757696360264182,0.0011569574181379146
2011-08-17,0.0037066325811029857,0.00408094263459484,0.0036379466870176706,0.003579607523387481,0.0035983747514332105,0.0036117842818737004
2011-08-18,0.041033279969385245,0.06349869386518671,0.04492931449502397,0.035646159551116746,0.027159248682686682,0.01896442516662708
2011-08-19,0.010562908397750233,0.014387985411019969,0.011946435568949044,0.010200517167856691,0.008208072495348023,0.00605976216735524
2011-08-22,0.0023290568248228757,0.0038853780554952942,0.002499548922200453,0.0018589320391038755,0.0013253272081601708,0.0007526622635523274
2011-08-23,0.022217092023085746,0.03322228047068123,0.02478620179446116,0.020078368223045005,0.015385782188058852,0.010490805817684882
2011-08-24,0.005328894136148181,0.011000894782296542,0.004060089829038648,0.0015561304850831253,0.00044765379197371003,0.0013636759645445442
2011-08-25,0.016632417027053238,0.0289358659673974,0.017439881034575715,0.01231988526315972,0.008222877166719185,0.004728362214270392
2011-08-26,0.01718251220668583,0.028858519074228185,0.018604475235902418,0.01361195546253504,0.009223444231491601,0.005186111423616557
2011-08-29,0.012758446699955784,0.017321414248647447,0.01445597961544398,0.012352607570179985,0.009952773187237852,0.00729646934230632
2011-08-30,0.006504243003498574,0.009892423058407417,0.007033919127832124,0.005893074195900439,0.0045196675849357975,0.003005680359369627
2011-08-31,0.005611834255126783,0.006219601717663659,0.0060035367659821036,0.005754216900962798,0.0052954764140749205,0.004645905370631072
2011-09-01,0.006231426111338353,0.009621006450172918,0.0065455544457775905,0.005448217633719698,0.0043852539758607745,0.0031355670892619122
2011-09-02,0.012431062824562418,0.017849096605438753,0.01344080540851627,0.011296943139185571,0.009398376089344782,0.007580284801670968
2011-09-06,0.01083356340182499,0.0196834850089746,0.011110411731536185,0.0073163578451844865,0.004344619709201914,0.0018827735996784466
2011-09-07,0.017109724798938027,0.02688242888817108,0.0186479020051516,0.014606044194200644,0.01102554004940207,0.007642324317362562
2011-09-08,0.00674049347082461,0.009393955188824635,0.007623126670955423,0.006410608768064952,0.005088364639171233,0.003718258643734899
2011-09-09,0.02277113714590501,0.03469530297733165,0.025108940972683434,0.020073563671435566,0.01539131362599576,0.010888524947144831
2011-09-12,0.004150744491934812,0.0059928277963253946,0.004447644570935848,0.0037297137904930755,0.003130623257591894,0.002595439273202318
2011-09-13,0.007338595685394889,0.01378754343897005,0.0070940552256349015,0.004438167054819448,0.002627057068412285,0.0015014006445511882
2011-09-14,0.008371492630739394,0.014572804098202252,0.009416166034375638,0.006233566472131295,0.003203734162038219,0.0005073250610996998
2011-09-15,0.01161426133897877,0.016034616429039326,0.01313027703123023,0.011129131753753553,0.008897878175988699,0.006473980512796842
2011-09-16,0.005845052628103673,0.008443635524107122,0.006881247119093509,0.00558194708372454,0.003976725536852176,0.0022812669961139315
2011-09-19,0.007870151107906115,0.010036599376558928,0.00886371515720437,0.007898030031176274,0.006559696190151116,0.004998912520972558
2011-09-20,0.001699611225796266,0.003383835457825558,0.0015190960508009593,0.0007679723173031645,0.0002895934550982123,0.00010839985095530751
2011-09-21,0.018437964165374784,0.027151223207033098,0.02045384915488267,0.016746882772693573,0.013146481319599848,0.009537069373789188
2011-09-22,0.02288700543946868,0.03505308718326774,0.025094601359227028,0.01993358817455094,0.015361366510743974,0.011282625265648638
2011-09-23,0.002955382059357135,0.005356392556661977,0.0031289021415055363,0.0016759410615015669,0.0008351005915383006,0.001297795943919431
2011-09-26,0.010679787483697504,0.01701147741709276,0.011842110550617587,0.009083710573683767,0.006486988442659767,0.004008558398944458
2011-09-27,0.0063073366717255695,0.009603199783491296,0.006727805909068816,0.005440616865314373,0.00440774131446266,0.0035212449006506584
2011-09-28,0.020019851955810505,0.030782871416825522,0.022213233780542622,0.01746785785568384,0.013135301095537866,0.009235650549483753
2011-09-29,0.012077634790367952,0.019097851581015797,0.013377857388670193,0.01029238585264537,0.007469830126677466,0.004890780987150518
2011-09-30,0.02656227375011027,0.039857335306239965,0.029849246085652134,0.023804257986156395,0.017977940083558873,0.01258325221727681
2011-10-03,0.02047718287605355,0.025794370278450503,0.02238036508754869,0.020062359386739465,0.017510500559793352,0.014873766139270477
2011-10-04,0.02277746255753504,0.0352365961691158,0.025338290358022684,0.01983584557004071,0.014722138643575158,0.0100107541787614
2011-10-05,0.016222821199104433,0.025621830583074615,0.017607535968188936,0.013698171724152233,0.010353015204326606,0.007387237683081154
2011-10-06,0.009819871738877549,0.015143605158256537,0.010914992926847776,0.008575820676197624,0.00640200597688483,0.0043764341945642556
2011-10-07,0.0029502832416654144,0.004010507052491437,0.002800490061728817,0.0024896060886417165,0.002494465597303349,0.00267832924294263
2011-10-10,0.020442232907783017,0.029028885830707146,0.022803263082985026,0.019022233138268972,0.015237804902854276,0.011520562471167308
2011-10-11,0.0026325298538707608,0.004455400387788231,0.002913836776915356,0.0020660253818200764,0.0012974535099508288,0.0005984841608493373
2011-10-12,0.014589601992115833,0.021130174786773794,0.01665811243625645,0.013599519466801682,0.010325180601999027,0.0069820592085261006
2011-10-13,0.002616429994008677,0.004052729656740958,0.0029835781888622693,0.0022588469588764653,0.0016021497442901117,0.0011103601673801854
2011-10-14,0.015540630845291902,0.021793283717844433,0.01784010918487963,0.014894171120713066,0.011475560164601785,0.007798365851178229
2011-10-17,0.019704045330049002,0.02934040615492913,0.021881005478095083,0.01776928976624525,0.013773811776025376,0.009805285724359831
2011-10-18,0.010930460072100783,0.01626241339449093,0.012909755999337294,0.01022220085686095,0.007013596874053268,0.0035444274704760684
2011-10-19,0.016613859186464058,0.0240426459046769,0.018697945510601097,0.015449731784261905,0.012012115338697005,0.008333934833402761
2011-10-20,0.000848444111766949,0.0006976800080010229,0.0006849824175494635,0.0008237484607514953,0.000940275736385639,0.0010395425729703453
2011-10-21,0.015044280495779517,0.020491026794511497,0.016678706603208884,0.014378467167609222,0.011931936529641498,0.009191246797455649
2011-10-24,0.01303891039028784,0.01984952145758873,0.01459263049810788,0.011624059578534884,0.008692794716070566,0.005695095505707006
2011-10-25,0.015230083884503687,0.025868329001029967,0.016120033756304136,0.011782204581367526,0.008224110370197364,0.004928996435056063
2011-10-26,0.010771439231396875,0.015211926143589826,0.011939780574019487,0.010087567819588932,0.008195845606960343,0.006101438248206437
2011-10-27,0.02711415435410088,0.03457638116171511,0.030334975000259484,0.02699477741016092,0.022803830263577376,0.017647019778684506
2011-10-28,0.005045099592241089,0.008972782705563951,0.005059469547684688,0.0035193891370831672,0.002464890941503274,0.0016414324966978824
2011-10-31,0.024288445215075075,0.03568793782790913,0.02732884293701548,0.02241269457933952,0.017212596590314783,0.011425669890911287
2011-11-01,0.02393738279365964,0.031038550860922914,0.02530638742768668,0.02268832992548041,0.020433925201177303,0.0181350758732884
2011-11-02,0.00429676327874432,0.006012071294142932,0.004672563410707376,0.004000021830317686,0.0033609175988085823,0.0026527498083856378
2011-11-03,0.012296739282957509,0.018828214621130303,0.013543472010907302,0.010820857926002292,0.008253854014066043,0.005736254239077705
2011-11-04,0.0015191450221610397,0.0021496548997838737,0.0014125399299501533,0.0010043885831236814,0.001106630784101955,0.0016399068972608247
2011-11-07,0.002415672123438116,0.0034674423850832178,0.002754297291909964,0.002294488321583113,0.0017860533012337523,0.0010551709439501511
2011-11-08,0.00978282787456472,0.01602720152919121,0.010365687578906215,0.007928369977224925,0.005940277068474561,0.0040067438313419225
2011-11-09,0.038998954419408996,0.05646738688953006,0.04344177029319224,0.03607850374505079,0.028522478405548553,0.020338358680599706
2011-11-10,0.01190416295153297,0.016994014251925555,0.013476534153881626,0.011207447434578553,0.008705302351702684,0.0060615854076687126
2011-11-11,0.013101353385291769,0.018900394910915993,0.014945951943205972,0.012323017921285826,0.009400614654138805,0.006114946344027727
2011-11-14,0.007732587446195888,0.01145534573025667,0.008520872645675078,0.006957513327577946,0.0054926683787355785,0.004069143521629739
2011-11-15,0.004760633264749253,0.008959879309257181,0.0042986957153094245,0.0027504690491817817,0.0020280970514146494,0.001697546958834246
2011-11-16,0.014930197920544517,0.020264689420867094,0.01701766987028959,0.014478655300527778,0.01151720657086029,0.008486331250159006
2011-11-17,0.008397187471938631,0.009642786012739874,0.008507442930823296,0.008144611410303967,0.007922768872279964,0.0076222646409900025
2011-11-18,0.005928464720799767,0.01163659449646997,0.005378561528747732,0.002953298671756547,0.0014793410662290033,0.0006955509328628541
2011-11-21,0.02037742822767699,0.036568210181437036,0.022227976623449053,0.014045638372082423,0.006466095089296373,0.0024063711769271756
2011-11-22,0.02185124910763157,0.041288463541674196,0.022233027944699835,0.012498363498155727,0.005083571769659988,0.0025077664419893867
2011-11-23,0.013865159983539344,0.020262588181449746,0.015774998211383853,0.012825828196991393,0.009702583024238633,0.006568734443142719
2011-11-25,0.004314093302571422,0.005183420310059503,0.00466633158183207,0.004204704132272441,0.0037975980304976844,0.003509019939089605
2011-11-28,0.01928760713805955,0.026406576579752608,0.02171994126940997,0.018538299676179353,0.01496437884297798,0.011108313153295277
2011-11-29,0.007323356761301359,0.011358003133033631,0.00834930518041313,0.006261877311661302,0.004499488820781098,0.003160084173907987
2011-11-30,0.020386719563362625,0.026510338763058302,0.023194050020417575,0.02038675126096402,0.01664288626981641,0.012030144002785537
2011-12-01,0.0030515032888530974,0.0052835856821879254,0.0029122151683459454,0.002088431502701367,0.0017369481439381156,0.0016680982481362882
2011-12-02,0.005752225657879016,0.010547866163712215,0.005473543198772884,0.0035425608702631946,0.0025838641070785023,0.0022354536667132966
2011-12-05,0.0062143429723787785,0.012403119479852573,0.0044707601371742935,0.0025356332944650745,0.0023772547960903266,0.0026803819292384704
2011-12-06,0.008810886500308155,0.014977600617191191,0.010445108592500443,0.006717994455197606,0.002973587173902955,0.000869551992973463
2011-12-07,0.0068514127535613,0.011897436773804655,0.007972967281391899,0.00482187952653271,0.0020529204611239218,0.0014584477890519153
2011-12-08,0.012788912608599429,0.018317043680640587,0.014719217918475781,0.012070648747699246,0.00908406834721315,0.006114826595637866
2011-12-09,0.020652134906015997,0.029233831160307408,0.023439557753884666,0.01958429106223236,0.015229752256644847,0.010631736389948429
2011-12-12,0.00905296520832533,0.013254970262425742,0.009649219336753173,0.007922770749613174,0.006642713425514866,0.005838089314556673
2011-12-13,0.009034310667144569,0.017611507922849174,0.0077447173108718985,0.003453630692674693,0.002685647649817266,0.0043367868693491365
2011-12-14,0.004389418956314227,0.0053975115971823286,0.004522534996981434,0.004224699559421661,0.003970215720599643,0.0036246158960832947
2011-12-15,0.012338630096156872,0.020765184306150587,0.014658467804503663,0.009562693269281594,0.004708430026709851,0.001237331696062767
2011-12-16,0.010634995112918108,0.01891344322831849,0.012438363580350432,0.006798305616190824,0.002261170080583759,0.0013245876968652345
2011-12-19,0.00521851490655536,0.00970437629461997,0.005434526389381004,0.002966479500150981,0.001441581659499945,0.0012559197822390013
2011-12-20,0.01633856173970859,0.01848982830617044,0.017812135082653446,0.016910387233039968,0.015218862504137119,0.012570684918722584
2011-12-21,0.007825664248319151,0.010683911751558464,0.00837946681521515,0.0072984467640413685,0.006357037730259123,0.0053070157662511
2011-12-22,0.004604546068925587,0.005682950943225043,0.005412032343918252,0.004834867450842008,0.003830892201010981,0.0025241867337010573
2011-12-23,0.002945227489973356,0.004896495611238896,0.0034565376956358558,0.002394644621519175,0.0011112041644225916,0.000692390906814604
2011-12-27,0.0038973616084204076,0.007164160312058271,0.003328384009686648,0.0015962145585795967,0.0016768176561575115,0.0028608016485095283
2011-12-28,0.007423960614647875,0.009322821356592932,0.008305583855373914,0.007428998711843371,0.0063581041047519535,0.004905377166557856
2011-12-29,0.004248106405417957,0.00421978851049934,0.0043974509589152925,0.004404461889585035,0.004231730845497203,0.0039725331545273045
2011-12-30,0.004340269692657778,0.007156190681659684,0.004657800162954252,0.0034138670321842784,0.0024599587746216155,0.0018914682943301268
2012-01-03,0.0074165174686967065,0.009351579212821818,0.007650902812745115,0.007041030742591476,0.006624274019606952,0.0059647455091317025
2012-01-04,0.0057942879749893796,0.007007421788396622,0.006966098130476988,0.006210816769600333,0.00483164205861332,0.0028843322404834082
2012-01-05,0.005363797599065736,0.009157904328156894,0.005561527226256017,0.004031581533749983,0.0029294859353865923,0.0020538473988476625
2012-01-06,0.003369258614995564,0.004549678159321464,0.004060518721668071,0.003464523323040958,0.002435841183480313,0.0012790192743473146
2012-01-09,0.0010524517206708722,0.001488481293870687,0.0007804450187563861,0.00045385536811015913,0.0006996114859195861,0.001420620007538177
2012-01-10,0.004157129001071791,0.005111140788782647,0.004304861197090951,0.003934223836811485,0.003705288209790837,0.0035419965631029453
2012-01-11,0.0033860265402959563,0.005546774991156949,0.0038418386878938966,0.0028521732541982965,0.0017968406136684317,0.0006602369943649821
2012-01-12,0.001577989365868215,0.0026164212508525526,0.0016383922431892743,0.0012384046342539905,0.0009280175039509048,0.0007248450618781997
2012-01-13,0.007022735575455606,0.011318211928867587,0.007705422131788643,0.005912197760204843,0.004229847319752353,0.002504582323231334
2012-01-17,0.0013267177485205117,0.0018719293488453474,0.00160169683334822,0.001333022793641986,0.0008978187512722474,0.00038512259043745067
2012-01-18,0.006665295782442701,0.008931584357203853,0.007554500794593552,0.006556440899035784,0.005351226552628855,0.003696568012598957
2012-01-19,0.002787199095898982,0.003940088757057097,0.003123984745340322,0.0026110265300982095,0.002053079314437793,0.0015894085963164644
2012-01-20,0.006534670593284664,0.008486035445871742,0.0073766768785484054,0.006490828647882277,0.005420960114006786,0.0039450949748735635
2012-01-23,0.00211416236695585,0.002176434656651951,0.002085399966391021,0.002072376026836691,0.002101030193059924,0.002133912244213802
2012-01-24,0.0008110408935383219,0.0008397393712310747,0.0008430560918196442,0.0008233395898235834,0.0007997178939800766,0.000745381834555035
2012-01-25,0.006326649564406094,0.010121696973483705,0.0069073083544522705,0.005321009146990432,0.003899562636373193,0.0025402929221115676
2012-01-26,0.0033049196105668075,0.006075014724503914,0.003300553358949595,0.002123521992454941,0.0013171369455901227,0.0007541991762486924
2012-01-27,0.0036852796895650002,0.00732394864847299,0.003301762745376971,0.0016808298374397074,0.0007206724348337661,0.00014146808338304914
2012-01-30,0.005298501729988244,0.009333970029381952,0.005071850126233991,0.0035348154669169146,0.002832794580946815,0.0026465632767922027
2012-01-31,0.0025905015301930755,0.004864049028167072,0.002161741538953644,0.001511081424701813,0.0013022478286853383,0.00111452903982718
2012-02-01,0.0037399754443880524,0.004389145211142419,0.0044565983738158125,0.004047556064728329,0.003249656325782905,0.001966784314640509
2012-02-02,0.004736601888153224,0.006701965277399371,0.005449166268541316,0.004570363815158622,0.003500661817209821,0.0021034203268072973
2012-02-03,0.007392031881546079,0.011599715781720886,0.007486079561995853,0.005965576899763131,0.005110113540883642,0.0045732390180288724
2012-02-06,0.000941986587666051,0.0017866264196125508,0.0008620870697688431,0.0004913765686792497,0.00032301145916537646,0.0003945608224270653
2012-02-07,0.0020414885930429673,0.0032453094905915084,0.0018861122242557144,0.001645035548166923,0.0015477524038729062,0.0012834507808971072
2012-02-08,0.003834773105696279,0.006684089765520455,0.0036809215230903833,0.0026079302664317365,0.002132512861410095,0.0019880325021291593
2012-02-09,0.004671723847494948,0.004313320465241711,0.005103570864007228,0.00512969184451129,0.004780946115594085,0.003911862134149001
2012-02-10,0.012006929047792254,0.020058210180589574,0.012084158027167445,0.009040411562787535,0.007257860115177889,0.006169884945706163
2012-02-13,0.005979927500035649,0.009464483629671429,0.006529816023754945,0.005161635183136178,0.0038524368726230544,0.0022580897295441426
2012-02-14,0.006121117994367152,0.008569021010933594,0.00634402409756145,0.005530032275015385,0.00495062373793249,0.0043099573444841015
2012-02-15,0.007158849171396975,0.007485124869251246,0.007641087985385928,0.0074681337971835,0.007012459692365228,0.006073275396001868
2012-02-16,0.008823958853078698,0.008522111137734946,0.008965647163227187,0.009095766596421405,0.009048706641270164,0.008466993566101108
2012-02-17,0.00438007146900417,0.008434370039700708,0.00362406789791206,0.0017817089687219565,0.001262293023026787,0.0026238890501386882
2012-02-21,0.003688251747406148,0.00539726143215487,0.004430028263977272,0.003618614382292817,0.002299684009998639,0.0009367533191714645
2012-02-22,0.0015079968443498606,0.0028731309629585235,0.001279830505720157,0.0006774754955695967,0.0006095010946664707,0.0008043383166714778
2012-02-23,0.007112488906187256,0.007837103270566527,0.00790825784773937,0.0075213580513514115,0.006713132224507784,0.005228746613001476
2012-02-24,0.0022561399443241557,0.0035685908750903786,0.0024741173981120187,0.0019462729566934883,0.0014423957631276212,0.0008522062831329031
2012-02-27,0.0022029169652539263,0.0022275153788721466,0.002533049091846633,0.0024352233239462095,0.0021012382566630355,0.0015939066677333822
2012-02-28,0.0011290221852760837,0.0015805042100989423,0.0012782747391140413,0.0009084302226344332,0.0005164361552585713,0.0010721584936829378
2012-02-29,0.002093825515060826,0.00293001028405146,0.002374303048822911,0.0021258635691548673,0.0015888942685760834,0.0008089315755536975
2012-03-01,0.004452668544929518,0.004459884017626409,0.004756452387994192,0.004711031802583944,0.00444526717994015,0.0038291853100990416
2012-03-02,0.002314147203338152,0.003212945882587845,0.0021583336417324676,0.0019123772036827673,0.001934694445508648,0.002096361579849501
2012-03-05,0.003029112256102458,0.003644297217305689,0.0032677928691620516,0.003038856191692485,0.002742539949229203,0.002272016841846996
2012-03-06,0.012149898583948106,0.016940435236997366,0.012763974656443364,0.011104862557935784,0.009799923676952645,0.008297367440769957
2012-03-07,0.006621007304156463,0.010463045509010855,0.006929128810704457,0.0055015276217357766,0.004443716571287822,0.0034186427234853926
2012-03-08,0.005303910332772441,0.005826714656981728,0.005858990158078601,0.005595981671008184,0.0050397556474705086,0.003957879088051238
2012-03-09,0.00571709387083062,0.008059286433405156,0.00583925582999677,0.005031486594167066,0.0045733794416782155,0.004259712233329581
2012-03-12,0.0025429782773944212,0.0023652473936800885,0.0027594759176456938,0.0027708855408113994,0.002591958032745077,0.0021745199238758636
2012-03-13,0.007290320891314837,0.0083895763040587,0.007664900325642936,0.007303126833945989,0.00681823821705723,0.006064995629907875
2012-03-14,0.005233419626921516,0.005608546164775334,0.005799493638857225,0.005596186976444974,0.005031820946296658,0.0039008919104165205
2012-03-15,0.00163158489127398,0.0018324326184662942,0.001718927583590827,0.0016435991557545136,0.0015343561236763092,0.0013936133069323963
2012-03-16,0.0014051320195181904,0.0025331375375336578,0.001483598073083011,0.0009692967327831317,0.0004666576188095682,0.0003111678734727682
2012-03-19,0.0038421818077455728,0.0058876627524635985,0.0038549042656425983,0.00312090686751061,0.0027569181469195747,0.0026355812054173347
2012-03-20,0.0010563031564396368,0.0014017395886796625,0.001346800426112913,0.0011269471953185937,0.0007126910948948871,0.00014898976975962676
2012-03-21,0.00507274029509586,0.006932906475563442,0.004987569018845756,0.004411723995010567,0.0042483408789297525,0.00426740257756976
2012-03-22,0.0022299783685270982,0.0038903698343295593,0.0023630323978905566,0.0015401058425749225,0.0007578188794199708,0.0010949441076207218
2012-03-23,0.005205293150880021,0.006356138623958262,0.0054429826613525585,0.005083733899971046,0.0047259145896071195,0.004155743784240972
2012-03-26,0.00831994787092269,0.010640855442292993,0.00850046767301174,0.007790905628841166,0.007314339334524249,0.006813526051361615
2012-03-27,0.005388265651228782,0.008018072808345395,0.005850061584904352,0.004878131936016558,0.003914939233790579,0.0027443398376478167
2012-03-28,0.0029285963275478785,0.005573218382405504,0.0028517625889108397,0.0016987155723489444,0.0008701406736468676,0.00021746231734508483
2012-03-29,0.0020485372426001943,0.003923936339952002,0.0018991798771016727,0.0008908263566309371,0.00027216852278554927,0.001053905244105266
2012-03-30,0.0020131850628425495,0.0032363611640561646,0.002226684333116997,0.0017381893794658064,0.001207207018045844,0.0005947795216677117
2012-04-02,0.0016694605713799995,0.0021569892903989217,0.0016576940705910741,0.0014845712735478116,0.0014006663721183726,0.0015391953788155385
2012-04-03,0.0017350236538173826,0.0021131114290612357,0.001830889025016397,0.001683823563939302,0.001520869753781185,0.0014442417597240055
2012-04-04,0.006225894597043344,0.007689514155332271,0.0067352527034184005,0.006205266812605622,0.005532726931099514,0.004494458502841983
2012-04-05,0.002453877616846249,0.002231641096777438,0.0027229834805946444,0.0027399978204282237,0.0025065606856863472,0.0019804750048657473
2012-04-09,0.008556377680955697,0.010963878419066451,0.009376891547827903,0.008435230336337552,0.007311427808493128,0.005771930576688406
2012-04-10,0.009981343356353693,0.010739576141942393,0.010467751101600989,0.010158541566545828,0.009668827263797124,0.008748804474732365
2012-04-11,0.0004772294352910911,0.0009396610761385787,0.00041217070390383296,0.0002002098986275201,0.00011351720060093963,0.00018144388673653288
2012-04-12,0.012846902722433082,0.016896969745492672,0.014238002312116332,0.012602480391233612,0.010681999066764375,0.008003663867541248
2012-04-13,0.012509849241090712,0.015624106206809976,0.013833091112148725,0.012550836953041974,0.01088429619970058,0.008427521801261793
2012-04-16,0.000827752165951135,0.0012690431836777255,0.0007067940257554184,0.00027920179944370923,0.0003785700780688644,0.001046217422661206
2012-04-17,0.008692202400556433,0.010966137860218952,0.009678631957278663,0.008722747443675677,0.007472790548172433,0.005648972931817436
2012-04-18,0.0023916327515534695,0.0032804263743728807,0.0025824589400211618,0.0022201811005214895,0.0018604094104465424,0.0016670085252777835
2012-04-19,0.0015880777466724893,0.0012346204465892494,0.0014544831834234898,0.001659391341692411,0.00176805664337344,0.0017579936718666526
2012-04-20,0.004555438299105676,0.006250856888728613,0.005138726145724545,0.004421982634169666,0.003564598840338433,0.002453584506642247
2012-04-23,0.0053988559562169235,0.004638469464658345,0.0055472557018233825,0.005754642621073422,0.005697076617133945,0.005279980085771697
2012-04-24,0.005203906135563173,0.007015801960034831,0.005757553172489247,0.005029591238801247,0.0042214075834275935,0.0031488457643149715
2012-04-25,0.009050259345760116,0.01157530347180278,0.010149142047058286,0.00909566262983816,0.007688554022342175,0.00554060418560894
2012-04-26,0.004366151088157968,0.0036819135434361127,0.004000092049803838,0.004299810310859157,0.00467573564535647,0.005040662688600093
2012-04-27,0.0008767388989868815,0.0012944554741455478,0.0010056460248982163,0.000701900946362668,0.0003654885244661837,0.0007281275870501066
2012-04-30,0.0026861169287201343,0.004617149794775362,0.002942369886008635,0.0021015936575025317,0.0012634019802473648,0.0002960194847505111
2012-05-01,0.0021161985031064438,0.0024255737564558007,0.001974299201515521,0.00187508143126771,0.0019582027037912007,0.0022934094563809805
2012-05-02,0.0010488091454829399,0.0017166765774864906,0.0012424914850743352,0.0008901096365432102,0.00044388587365736475,0.00014110181490919975
2012-05-03,0.002642814897712101,0.0028651417194895936,0.0029655345302460057,0.002820515782061285,0.0024912932403389067,0.0019383161529504958
2012-05-04,0.00810134718803592,0.010134465978749688,0.008513518897210751,0.007797578233437672,0.007168706268366418,0.006385855522104386
2012-05-07,0.0013824818759258367,0.001818747745987492,0.0017519016206083919,0.0014855440277972234,0.0009540141860887904,0.0002495874770687804
2012-05-08,0.003075831580958952,0.004511976083298134,0.0036861885207240125,0.002975313403394145,0.0019922678926917615,0.0007322324636910546
2012-05-09,0.005616893326197346,0.0072974716181456725,0.006038131479724359,0.005402646420191679,0.004774724799392247,0.00400608838566753
2012-05-10,0.004399682539960627,0.005793822589786382,0.00407430932877507,0.003722265031638846,0.003859399193016014,0.0042269890533209835
2012-05-11,0.004816338665679441,0.006533927864018256,0.005497038232200346,0.004733573414841599,0.003800441406089295,0.002495170515077981
2012-05-14,0.009574544847732916,0.01216530975055211,0.010316313327671814,0.009334704969096759,0.008290180054229294,0.006933589331150662
2012-05-15,0.006264711645959362,0.007541312765841137,0.007150732189660005,0.006484396896978186,0.00548089117908404,0.0040176012395600515
2012-05-16,0.006516073318031654,0.01062027686045364,0.007294894449867245,0.005461572355484904,0.0036481514173753314,0.0017755310315887946
2012-05-17,0.010814470011109875,0.015016842696403422,0.011630577872479005,0.010001411972480665,0.008563482592721841,0.007115224966964959
2012-05-18,0.007484661354117421,0.010022431069224298,0.008340432953474607,0.00726103730805005,0.00605048502892346,0.0045560728337258665
2012-05-21,0.018729571959998942,0.028777803783313936,0.020303535098628058,0.0163032469317169,0.012800952478394615,0.009161252974408042
2012-05-22,0.01584859124605885,0.029313284579084345,0.016492640335965557,0.009736138713370115,0.003766071239086646,0.003954452520071982
2012-05-23,0.009835460675347308,0.016456153437478242,0.011300152661233671,0.007860135582898498,0.004247943204057748,0.0023143561761439554
2012-05-24,0.007829931765911704,0.015204330719032868,0.007271535438473807,0.004250897550442516,0.0020429523101761697,0.0004984705823281841
2012-05-25,0.0051806860163699465,0.006940212232559471,0.004753373271747599,0.0035077291567451045,0.0037039465394399537,0.006116620872950522
2012-05-29,0.011675366677033408,0.015370697216294407,0.013717394729323583,0.011769430432214161,0.00918002227321269,0.0058611758637176
2012-05-30,0.0187810748442153,0.02674612370581897,0.02146479278900464,0.017651511226647168,0.013513904854786506,0.009661776531753034
2012-05-31,0.003770646567064525,0.006160681672604028,0.0042168672292451454,0.003190969483518937,0.0020116722858975083,0.0010600934570779326
2012-06-01,0.025061836379714555,0.04116359345608168,0.02828202034742334,0.020852859799598274,0.013310345229301893,0.005844404206023113
2012-06-04,0.011599276022828417,0.023249975834984053,0.00988443840936029,0.00442157682263801,0.00198203461220629,0.003312660482234532
2012-06-05,0.00725446058269311,0.008728279827675678,0.008293418901960337,0.007573574384339032,0.006304352227101894,0.004590037030041926
2012-06-06,0.024733649752573313,0.040204204655571785,0.02819605050047197,0.02097725291257167,0.013257109232883209,0.005619228561999317
2012-06-07,0.007144341551963023,0.01327305768669146,0.00752908137088998,0.004347071682089297,0.0017100626370991855,0.000724988261822128
2012-06-08,0.0051985746842267404,0.007312254713127206,0.0055122028064367515,0.00474159118598012,0.004073677080051071,0.0034921215673251924
2012-06-11,0.011776678581766401,0.01585519000592461,0.012935101780652694,0.011345448456808332,0.009613881385072404,0.007321268190622794
2012-06-12,0.0046264801106605195,0.005545666897504886,0.005179730865561105,0.00467763849366274,0.004124903608592959,0.0032469102599826014
2012-06-13,0.010193838537086133,0.013349869920518759,0.011033721944497876,0.009816852772608823,0.008607451527474805,0.007010766976639589
2012-06-14,0.012141855600497289,0.015639443836912945,0.013467208896734105,0.012008603333547682,0.010284891118784192,0.007821753561233543
2012-06-15,0.006091485307243272,0.007151240623335642,0.007044809070035449,0.006400962366622357,0.005401642413569767,0.0038224768112719966
2012-06-18,0.010458228093188532,0.018050389915921453,0.011038904172890291,0.007884243319932394,0.005330801049058129,0.0029359768797110686
2012-06-19,0.003254263822050147,0.0036095235459457802,0.0034134684354856846,0.0032696949145941266,0.003090634952404885,0.0028333388228693377
2012-06-20,0.00650844463017223,0.010002815547228911,0.007110283197178797,0.005702470328283958,0.00440898623398216,0.0030380065911248468
2012-06-21,0.014001589596820931,0.017459049508233137,0.015400600451884032,0.014007964952700788,0.012275646436721606,0.009555682844466147
2012-06-22,0.009377483351032348,0.013116701209746857,0.01062255862576301,0.00901784376837991,0.00714751434982919,0.004731902365748389
2012-06-25,0.00937532712168981,0.011420719109767458,0.011044874215996672,0.009891951216948122,0.007981527373204542,0.005050370647226994
2012-06-26,0.0038587549145951156,0.0036273835318657204,0.004011665059939825,0.004064176673943778,0.003964209002227101,0.0036008463677030256
2012-06-27,0.0022203016930787884,0.0025603168946895906,0.0023025832811729356,0.002183810229267511,0.002091596472673935,0.0019099169488533115
2012-06-28,0.0017371568137871075,0.0025771529965951095,0.001960346683942759,0.001557392827912906,0.0011492637236785494,0.0009260738428075324
2012-06-29,0.013020626574111847,0.014857847665381311,0.014561319035031713,0.01360113254382792,0.011997299006774851,0.009271997772430065
2012-07-02,0.005048872359472447,0.009622080554841386,0.004860310181641229,0.0028243173700937866,0.0015197877034273223,0.0009808098567509708
2012-07-03,0.0022186582231873897,0.0031469699867822127,0.0019805784566332397,0.0018753210197362893,0.001935679923551194,0.0018768123887308178
2012-07-05,0.00416433194547464,0.004132352807819659,0.004234046757623786,0.004271053176534916,0.004226308418629247,0.003949839617034854
2012-07-06,0.00432200756910544,0.0076263242121359445,0.004710921255359246,0.003063724831670293,0.0015278309628185532,0.0011508561070250666
2012-07-09,0.004174973280340005,0.006812673406007836,0.004856570169489076,0.0035694601995635627,0.0020241034947490466,0.0005614050551462169
2012-07-10,0.002630843033644797,0.0028295477420857713,0.0028622059335394598,0.0027285113563702426,0.0025359053580358637,0.002128972029149101
2012-07-11,0.003004745147851822,0.004641225539426986,0.003080860501194768,0.0024876549196602045,0.002124822544603485,0.0018456687776194026
2012-07-12,0.0023203321800200805,0.003485506609435275,0.00255863314260958,0.0020903538334580704,0.001639558165767049,0.0010801005126006883
2012-07-13,0.008572029933692746,0.010097397481644258,0.009485940344475221,0.008772107562603599,0.007759168793730986,0.006188975225339631
2012-07-16,0.002011298417647892,0.002728959707276494,0.002459583828739782,0.0020629336530431485,0.0014671660035050495,0.0005670640095516425
2012-07-17,0.004953818874770484,0.004130138087677773,0.004993248012718603,0.005263659113122184,0.005306869312209214,0.004984182152001918
2012-07-18,0.0009267753958299833,0.0013313672904258428,0.0010886591416747436,0.0007898194166980961,0.00041344267613646185,0.0007362717062111452
2012-07-19,0.0022283303145532777,0.0028328084278753086,0.0023510328620475825,0.0020991665527371963,0.0018860522627035965,0.0018197328080068792
2012-07-20,0.007484100952358886,0.01066187413360233,0.00799038673919828,0.006802747812525451,0.00581398129441745,0.004738906915113021
2012-07-23,0.009965150500642134,0.013078210842781783,0.011098756513231396,0.009782361704438568,0.00822815856061366,0.006237141468567427
2012-07-24,0.007330430661065704,0.009320131402701132,0.008208242231170997,0.007325411302067344,0.006213886565088591,0.004707647130576114
2012-07-25,0.011461287686338991,0.015408704087816276,0.01393473327963358,0.011805261972124224,0.008106177604246215,0.004486234314282992
2012-07-26,0.011489614825393096,0.018145949647404597,0.013061076355759326,0.010265067709913948,0.006795110764760215,0.0029400501029519053
2012-07-27,0.01301374954169336,0.019701109505526428,0.015670188508319492,0.01206301123504312,0.006478162473481998,0.005061327192051693
2012-07-30,0.006462317684991282,0.011958216133447547,0.006434056784743912,0.004159676206278829,0.0023970062303735867,0.0011675549219069005
2012-07-31,0.004324845554644484,0.005676628948939022,0.004936974810333589,0.00446251806576104,0.0034762319646045557,0.0022193135643387043
2012-08-01,0.0014561239758623535,0.0016663498334142572,0.0016840252372870054,0.0015798393914843922,0.0012991375043602577,0.0008973135684617112
2012-08-02,0.002437948124167129,0.004146868410696902,0.002803814512617217,0.0019249759067122224,0.0009201019372136525,0.00032854532041178865
2012-08-03,0.01755776264070456,0.030568755332959035,0.01823236412872961,0.012752692481778922,0.008765402131287424,0.005919780430869646
2012-08-06,0.011821619817220212,0.022352180145950966,0.011598333990816492,0.007040588480824164,0.003722048353998242,0.0010902461965443591
2012-08-07,0.002825900091584282,0.0047832812748111065,0.0023323936356914182,0.001771726358406657,0.001939600161339067,0.002169712823709257
2012-08-08,0.0022312294776151483,0.00333700277578319,0.0025895098987208233,0.0020764895983183774,0.0014751688830642847,0.0007502290198669004
2012-08-09,0.0014073576627408825,0.001988912427757913,0.0014290965904753248,0.001283462689297976,0.0011800606677493334,0.000930251895881073
2012-08-10,0.0016296400690467142,0.0027622597489258068,0.001802160641434887,0.0012934774282365412,0.0008048535671851973,0.0002826636750134025
2012-08-13,0.0015045771962221375,0.0027766221723695664,0.0015244944144661733,0.000964466496676155,0.00047249903097374617,0.0003627641542980619
2012-08-14,0.0051809885352931935,0.006357553935909648,0.0059745328923469536,0.005398213428903019,0.004463468526791446,0.0030060632346667303
2012-08-15,0.0008982242627638663,0.0011262553847700288,0.0005815451785521561,0.0007377848131827689,0.0009168711983890924,0.0010209842896289477
2012-08-16,0.0005015088090754914,0.0006841344916471128,0.0005486951775997178,0.0004389879814168904,0.0003387150499510022,0.000425453516176988
2012-08-17,0.00229653482258412,0.002566270547160696,0.0026856491552540774,0.0025019330950934045,0.0020740976162037144,0.0014178698517495851
2012-08-20,0.0030719177266945352,0.003960258439080745,0.0032089402426221593,0.002863890146972861,0.00260910248373399,0.0024886071743678807
2012-08-21,0.0024540170351292747,0.0016339719797606993,0.001865382995770568,0.0022022443886900024,0.0027403168286003906,0.003406209509607887
2012-08-22,0.004202793697494718,0.0033204893616272826,0.0041699486856946084,0.004473987967263264,0.004544158963242766,0.004386035073054528
2012-08-23,0.003448587912978938,0.00453135844893504,0.00330949635089446,0.0030062545316657825,0.003009470366910459,0.0031437778674598175
2012-08-24,0.004973277054175573,0.005204392661354558,0.00509805312592492,0.005015393427375516,0.004912803770546001,0.004615383247399916
2012-08-27,0.0036688016375769424,0.005006620401727532,0.004098560479087343,0.003530073891694973,0.002893986753997181,0.00214464459026843
2012-08-28,0.0012861578479537613,0.0013521567476667865,0.0005181382215385835,0.0007723227539199313,0.00130130011846093,0.001970875573915403
2012-08-29,0.004529552312396587,0.004005536661227125,0.0044656843689302485,0.004663197375819606,0.004769572444137834,0.004701417750063703
2012-08-30,0.004010389910934584,0.005912119816230996,0.004854155255769513,0.0038825561328920547,0.002509881659435357,0.0007255371462687562
2012-08-31,0.00319044270660389,0.004384503378755078,0.0035376834057448047,0.0030616588023478024,0.002542429686619436,0.0018214956024144946
2012-09-04,0.0015042444887567441,0.0020612182652646333,0.0018970148215836991,0.001471636011157529,0.0008662076762897978,0.0007419185613040042
2012-09-05,0.007781909289820188,0.009056635117508085,0.009057425651168858,0.008282438353088275,0.0067751992476057085,0.004922281176380696
2012-09-06,0.005719799998374776,0.004971187785478405,0.005333232037647169,0.005629002782986403,0.006075065493956298,0.006467796769722863
2012-09-07,0.004559157935347082,0.0055042717208923335,0.004789599887826263,0.004355724007865786,0.004006920689758189,0.003957851195737441
2012-09-10,0.003096887473958043,0.005508595015488853,0.0032479786093312516,0.0021377562226740573,0.0013228335085057425,0.0008600499297377202
2012-09-11,0.0015389628672870805,0.0018995909348647917,0.0016968686377940097,0.0015356578154885154,0.0013385616856883976,0.0010973751992955955
2012-09-12,0.005667553201693915,0.006514783010205421,0.006309456197610271,0.005896826408008949,0.005184541500794545,0.004086823831642151
2012-09-13,0.008814184372338133,0.010084244755320184,0.009579567412925856,0.009039982215615344,0.008185101925275757,0.006802349201420112
2012-09-14,0.003684350997298593,0.0034397224532048544,0.004106580003772966,0.004108857211621013,0.003726356384625982,0.0028996692886040084
2012-09-17,0.0015351428593814449,0.002198960009989938,0.0017446024328424171,0.0014716446256149683,0.0011346260208364102,0.0006716703864799141
2012-09-18,0.003927470705658606,0.004909431463239732,0.004789844615651218,0.004228343872172422,0.0031681786539440866,0.0014709704619931454
2012-09-19,0.0019992011557216373,0.0033780658973629066,0.002014897138637175,0.0014657546006138515,0.0011414802060436635,0.0010302781221441944
2012-09-20,0.0025772907123297333,0.003947594337745402,0.0025035833634011917,0.0018995125009786979,0.0017415421334050303,0.0021724616504342348
2012-09-21,0.001877415274480892,0.002340703244190571,0.0018530541911215277,0.0016716616833527456,0.0016018300984283933,0.001830417057354044
2012-09-24,0.0024449772454408353,0.0026051496754757584,0.002115989753540918,0.0020562895758261955,0.0023074559426800338,0.003012087554808921
2012-09-25,0.004925419763723613,0.005523443502134306,0.005699339100265877,0.005336546472568677,0.004511049352356722,0.0030788975997950324
2012-09-26,0.005631521961234434,0.007426629642199269,0.0059847100817703655,0.00532612661446445,0.0047467177026717915,0.004086521960289401
2012-09-27,0.007291228772136072,0.009088695264714213,0.008334002232271872,0.007513606338200041,0.006241286157327541,0.004282776799307346
2012-09-28,0.0022128944768719256,0.0025356148495994397,0.002613573478822931,0.0024257840609457383,0.0019788930272953142,0.0011932958184453564
2012-10-01,0.001136092208169023,0.0016110448299097532,0.001462142335559097,0.0010825312886669951,0.00043102134593660815,0.0006021199899543677
2012-10-02,0.0013894760517950122,0.001897336137155843,0.0013543733787809873,0.0012728164610093268,0.0012218605000156287,0.001051666297423498
2012-10-03,0.0023798584189571852,0.004198314536110775,0.0025802095860281496,0.0017349111451062439,0.0009574167654444533,0.00032975820731016294
2012-10-04,0.002843451258554731,0.0033526154836704533,0.0029958146767015974,0.0028169418941151247,0.0026147426663114563,0.0023321874484149873
2012-10-05,0.0027498611174990384,0.003120319877579843,0.0030645624234285425,0.0028593044352255613,0.0025042377333278827,0.00205764753148625
2012-10-08,0.0020734730476617063,0.002906896093069914,0.002185882890267544,0.0020275997294853677,0.001731880145421699,0.0010759897722158326
2012-10-09,0.0046106677192761965,0.007754369268747998,0.004945522331689272,0.0036378544505671585,0.002537769840379794,0.0014242855866309296
2012-10-10,0.0010320864578461256,0.0013434299258028005,0.0011197324594158353,0.0009817896107764143,0.0008535202408878407,0.0007582874749731255
2012-10-11,0.0027695584953715408,0.0019571075740820484,0.002438470300887534,0.002755375629532206,0.0030882036649659164,0.0033833071240214926
2012-10-12,0.0009174374781772379,0.0013747832799228905,0.0009546869140203811,0.0007648168504242738,0.0006519403645164914,0.00063010348966257
2012-10-15,0.004632036574082918,0.005882864110770531,0.005065466284584088,0.004589486721756055,0.004011893228663387,0.0031389647409279307
2012-10-16,0.0015387300643473286,0.00042986666066442236,0.0008980100578790721,0.0013555527493964074,0.001837061447482548,0.0023737998286304757
2012-10-17,0.0019049805557983795,0.002391564383687798,0.0022591549652413554,0.002004761008484591,0.0015717811166852608,0.0009120475051456085
2012-10-18,0.001028946454974892,0.001985125128185156,0.0009221236561989428,0.000533904376879034,0.0003721654811028052,0.00028117467022844525
2012-10-19,0.009440198686315585,0.012792626980907747,0.01018549395067211,0.008910812196616512,0.007704501609663112,0.00627927105937261
2012-10-22,0.0017129424100799102,0.0017729194847898786,0.001864743714165718,0.0018607392455615294,0.0016918154467541057,0.0013136802641187113
2012-10-23,0.009128575192794315,0.010829783315807659,0.010159129935013216,0.009395783622703947,0.008218581537150133,0.006351099525374686
2012-10-24,0.0018840116907680195,0.0035234528801448687,0.001768548798534459,0.0011568534669282725,0.0008175254366236312,0.0004453733488696658
2012-10-25,0.004042735795971226,0.005074375982749653,0.004307524313812589,0.003906257718738398,0.003518411937507789,0.0031267290136085917
2012-10-26,0.0022993566155232884,0.003524253829351278,0.0024681994886313926,0.001962649068104069,0.0015521690893983528,0.0012890346041757935
2012-10-31,0.0013829878374292974,0.0020877723336265724,0.0016456496920874834,0.0012295435815814243,0.0007112030536983341,0.0006919056031459338
2012-11-01,0.008106817601649824,0.010068835089579807,0.00831208341661958,0.007679629825554083,0.0072543388279522735,0.0068211539535349515
2012-11-02,0.004773895793450056,0.00666699068358602,0.005488021382252017,0.0046481410261557205,0.003599731709682764,0.0021954449175042084
2012-11-05,0.0022963312778920613,0.0032223040652359833,0.0024949859368013612,0.002137624921917157,0.0017972190732938058,0.0013993039952925337
2012-11-06,0.004368204899654407,0.00430619240901942,0.0046768290541461055,0.004636870257836501,0.004379378654077438,0.0037829253201489893
2012-11-07,0.011164840815158587,0.013764112999741838,0.012259750680383904,0.011193979017445605,0.00983517166212963,0.007840936860972
2012-11-08,0.0015119012886058978,0.0023025465335912354,0.001510078196393527,0.0012768593034254746,0.0011297217565601134,0.0009698092110695138
2012-11-09,0.0014924132446661885,0.002370845385800639,0.0017127777582369252,0.0013116776009905813,0.0008639768000039152,0.0003391414629717256
2012-11-12,0.005181869148415536,0.007209559853006544,0.005738939711639152,0.004915412668529026,0.004042121456606234,0.0029741603011100605
2012-11-13,0.0006514069366374075,0.0008426913366930744,0.0006868293114918307,0.0005310639739362914,0.0004629079220447986,0.0006659422683160421
2012-11-14,0.004897245081828695,0.00591735519867967,0.005861012368044609,0.005254079477335447,0.004136080189204492,0.0024157768825113176
2012-11-15,0.0014635832793063012,0.0020675287886588256,0.0013600142238675336,0.0012969449829269765,0.0012357160279839689,0.0011734588640910945
2012-11-16,0.005523049767416917,0.006567280605539745,0.005851124384523611,0.005433499115877669,0.005035171826675656,0.004503298189700892
2012-11-19,0.008197580049400915,0.009702014029717779,0.009316052908749168,0.008525414823564443,0.007268686985172268,0.005437569944190149
2012-11-20,0.0022039414202208642,0.002340876229776365,0.0025673902507993857,0.0024513975692375617,0.00207136831443144,0.0013840801852854094
2012-11-21,0.0010492975168267312,0.001731546379444405,0.0012331501368498506,0.0008660980982569151,0.0004140721332352409,0.00025422946836993704
2012-11-23,0.0028872900125493524,0.003270163775324141,0.003227591051842858,0.0030340307921654258,0.0026831538090259168,0.002041138348265403
2012-11-26,0.0019120193429314372,0.003271556889795485,0.0018757606320803375,0.0014381050073070882,0.0011698676899795782,0.0007879029017519956
2012-11-27,0.003075805629908823,0.0045413550065677545,0.003215719039653273,0.0026962158510749185,0.002314146604019905,0.001926990582940922
2012-11-28,0.0034477096061472532,0.005172276096339624,0.003825523834976007,0.003120871615262107,0.0024107634891268417,0.0015794982663519203
2012-11-29,0.0021963876509259227,0.002397282391629348,0.0023729442455164475,0.0023549478946233615,0.002134060242904979,0.0016256609737011736
2012-11-30,0.0016524206625580789,0.0015151835760395206,0.0015648062000422323,0.0016965518019234189,0.001772237571105867,0.001699693058291719
2012-12-03,0.003516240173601144,0.0047187649717072245,0.003939772758318136,0.0034429659168885495,0.0028472477897648995,0.0020175079344723597
2012-12-04,0.0014611432783227885,0.0017189508803511764,0.0016479189004673094,0.0015170223481997542,0.0013090401824082667,0.0009946489648438243
2012-12-05,0.002594102592571767,0.0035981084101218224,0.0028430210091688157,0.0024475489825843263,0.0020452426469675994,0.0015633858152255783
2012-12-06,0.00024042415373021217,0.00037101711135494953,0.00028512268976601396,0.00021956971673180444,0.0001334987845899501,6.35408321804733e-05
2012-12-07,0.004971259324528661,0.008824519403642527,0.005216307623720283,0.0035591702539838743,0.002210502927621484,0.000964920897355478
2012-12-10,0.0024092296651316803,0.004465871186241801,0.002493932337699089,0.0014962985849991106,0.0006875080165635734,0.000382958498165304
2012-12-11,0.0027152991086710357,0.004822408176206264,0.002978313500785254,0.001946107344375236,0.0008974825985166105,0.0003813994105612836
2012-12-12,0.004389322507748447,0.006274974488340317,0.0044477734616992495,0.0038534778317783815,0.0035151401420448264,0.0031570975865492707
2012-12-13,0.0030849133997510802,0.0024339959415090894,0.0029317904083922264,0.003178055155795802,0.0033842878875410356,0.0033926808129793513
2012-12-14,0.0011492705210717315,0.000791306948910036,0.001113861337206902,0.001220400789436922,0.0012650702621356475,0.0012835415973417338
2012-12-17,0.004681834316907567,0.006204700586717827,0.005261288013895678,0.004628158386899852,0.003832824937034153,0.0027033321783875445
2012-12-18,0.005572196507834352,0.007099977653383412,0.006122319097962856,0.005501815443702315,0.004763169505186134,0.0037942903001860276
2012-12-19,0.0070101153378949845,0.010051908489028224,0.007138713247151733,0.006105584035688132,0.005525274115477486,0.005089173183148707
2012-12-20,0.0028366731451981903,0.004956889597763921,0.0028261447556673642,0.0022013907922001454,0.001560492924738681,0.0006280640181490838
2012-12-21,0.003935553623918723,0.003163654930122587,0.004134258808610254,0.0043155457451215075,0.00416523288659263,0.0037906467973750067
2012-12-24,0.004870421501663302,0.008323104984179363,0.005231176234800133,0.0038172588806694853,0.0025032917500466827,0.0010619847900088508
2012-12-26,0.007209497769814854,0.013428632729949073,0.006523365113218238,0.004181242766228961,0.0032352249631943187,0.003008712255433656
2012-12-27,0.0020516159046306834,0.0038476323097192187,0.001500689440249123,0.00038169075600882554,0.0006792402412167956,0.0018390869406546746
2012-12-28,0.013092914299493403,0.020657386181390125,0.014211283881179603,0.011280877979214515,0.00850977891188905,0.005362768479029557
2012-12-31,0.018868115882689752,0.028366891261185793,0.01994683233873508,0.01661797736200029,0.013847047051856552,0.010467782046795614
2013-01-02,0.014303961640465237,0.017990208381663528,0.01600596716892472,0.014524482425298642,0.012356358530534043,0.00891839809456954
2013-01-03,0.0018804240917866103,0.0031817626928379574,0.002039139552878203,0.0015772822961590285,0.0008680738019203185,0.00039610391042330616
2013-01-04,0.00384774954932993,0.006608881695543835,0.0039397286381188295,0.0028609110697163462,0.002117388948163239,0.001469338578240573
2013-01-07,0.0014193228007057768,0.002045337735526357,0.0014311314777573992,0.0012664719111134624,0.001140389869990619,0.0009676787415272091
2013-01-08,0.00026088743263465424,0.0002871447680240508,0.0002410384078444845,0.00024368560868083888,0.0002601437511127541,0.00026963342439792357
2013-01-09,0.0024981064093620086,0.004399486097819035,0.0024601862126040824,0.001697236625124979,0.001284167929526527,0.0011247153435414094
2013-01-10,0.0034432073742312057,0.003345688200972895,0.003567570849532554,0.0036070100359458916,0.0034985567143814844,0.003179115179114927
2013-01-11,0.0018696478139153402,0.0034917293579260615,0.001875007125257907,0.0011417860677159148,0.0006291007804759313,0.00026579295550444227
2013-01-14,0.0017100926350533897,0.002719363442083131,0.001872975973964498,0.001469898827707518,0.001080889129407818,0.0006246468597254168
2013-01-15,0.001720353296441153,0.0032502825185739674,0.0016392882472775806,0.0009580534208380914,0.0005793074207380314,0.0005413053387581322
2013-01-16,0.0012691669517449866,0.001648537673435484,0.0015848816045713314,0.0013138234729321153,0.000821342530729221,0.0006508931747618364
2013-01-17,0.0019095001311610956,0.0019313341186222445,0.0015277509300495593,0.0015888617772085037,0.001920474831948785,0.002440117629393442
2013-01-18,0.003880127974003942,0.004436673305363882,0.004452772709727113,0.0041746449841104675,0.00354462174950077,0.00240285383655105
2013-01-22,0.005747711492332374,0.005455456040370231,0.0054672927696583105,0.005704627627403381,0.0059689526022759015,0.006111994324467909
2013-01-23,0.003869499539108828,0.0031583051826386487,0.0030651857903595267,0.00383846416185069,0.004414879318570042,0.004611931411064508
2013-01-24,0.00303993137567514,0.005374137083642724,0.0032367061947781136,0.0021950205544879996,0.0013017930394277942,0.0005792383851613626
2013-01-25,0.0030887210658048082,0.006141501454237676,0.0027213518741503475,0.0013619044309905136,0.0006263772803585495,0.0005745091817246042
2013-01-28,0.0016484846080525124,0.003265480266984387,0.0014676869913660573,0.0007672211755458192,0.0003447134562270148,0.00025017061604186663
2013-01-29,0.0021519287949591653,0.0017605265151403402,0.0019865728665926174,0.002154794700127398,0.002328597404378952,0.002458161153525194
2013-01-30,0.0052480797257503905,0.008078146353034448,0.0057197913628961854,0.004659746503614238,0.0036105208028071496,0.002233863101805394
2013-01-31,0.00481146789652307,0.007625415195392165,0.005169024800854424,0.004055192954932079,0.003119185816957115,0.0021705833870085908
2013-02-01,0.007875812087338617,0.01292689257645927,0.00831925471108361,0.0063923999530757,0.004824103182718414,0.0031133231227330987
2013-02-04,0.006447005221626368,0.009674537370796609,0.006593585237352962,0.005533939767927401,0.004823405829224268,0.004105801854542684
2013-02-05,0.0030533213742669745,0.004993471130741872,0.0027137173446588484,0.0020296318140653508,0.0020002871430960713,0.002488832528922226
2013-02-06,0.001384845228362444,0.002272476735582279,0.0014966006097765017,0.0012218541568509878,0.0006723795236606169,0.0004898936917260145
2013-02-07,0.0015040553150443563,0.0022163941266649715,0.001696660990853436,0.001381822276120442,0.0010458850327187102,0.0007187087076969675
2013-02-08,0.004019263690430753,0.006674204041827315,0.0038814038630817596,0.002856880572411296,0.002479723050372963,0.002617501578645751
2013-02-11,0.001228450658953127,0.0019463986008671549,0.0013512101303170074,0.001082690225380273,0.0007788553494701057,0.0003903652112455111
2013-02-12,0.0016943469599805477,0.0020574590448532454,0.002182367685880286,0.0019160810334276322,0.0012762753199290194,0.00024072068343351232
2013-02-13,0.004361389148967377,0.008459707972740475,0.004184535123807262,0.0022789561693346235,0.0008598440629411982,0.0003140228063420203
2013-02-14,0.002938930201749022,0.005023225110760985,0.003269216049937924,0.0023173556197887174,0.0013480490279062503,0.0002803860000177759
2013-02-15,0.0016357900646564955,0.003232578261341351,0.0011258431241010385,0.0002437764963957676,0.0005583650336982775,0.0011361171732309895
2013-02-19,0.0026013415293401985,0.0038266627959579022,0.0023904481107709557,0.002264241618863015,0.0021991122466537513,0.0018746769468682718
2013-02-20,0.005884498319153958,0.006331744271848159,0.006293850165287196,0.006248673752676152,0.005763252145084115,0.004601311547619941
2013-02-21,0.0025951914798667524,0.0026856327537700415,0.003082395634692841,0.0029532483770388063,0.0024419343224171557,0.0015088368823327793
2013-02-22,0.004689403493135134,0.007003453128458284,0.005102456831278688,0.0042059819024423805,0.003371990989406826,0.0024100823996809095
2013-02-25,0.017407821778965608,0.026615868411066793,0.018881520394889047,0.015420512681364183,0.012128826259324238,0.00808358793842972
2013-02-26,0.006412492173377742,0.010178510144587545,0.007411386240971989,0.005699165274728995,0.0036488339724632386,0.0011291990101549086
2013-02-27,0.008223424722656079,0.010071222991648848,0.009084460736732441,0.008435037240311959,0.007323463518016899,0.005420667880993299
2013-02-28,0.004977981706923663,0.008286553654687166,0.005513238864292187,0.004062474878469947,0.0026341708009881806,0.0011815994154551759
2013-03-01,0.0016270974726917706,0.0027478907140634852,0.0015690667649703146,0.0013233861511318136,0.001027860684014444,0.0006453747346146138
2013-03-04,0.0032588504598073816,0.003572769057842723,0.003915794990966379,0.0036904664098271977,0.0029578546133515594,0.001622946767207783
2013-03-05,0.004145641999906769,0.00620021609432595,0.0043183758150487864,0.003629121855824392,0.0030633048893695352,0.0025072547479186424
2013-03-06,0.0006392169931921069,0.0009203160911630346,0.0008040075914936344,0.0006176811232496287,0.00026736132530706934,0.0003107569127242566
2013-03-07,0.0019070924543904955,0.0020482799882953194,0.0024024232080585087,0.002260012922888864,0.001669807641087628,0.0005674539602798806
2013-03-08,0.0021130247091809056,0.0035484907164164228,0.001963448849841457,0.001352626403050205,0.0012042168028049732,0.0016117422446599822
2013-03-11,0.00260212729378931,0.0036897212516539307,0.0028544287721614914,0.0024327135336877155,0.002003335614766677,0.0014704002899844754
2013-03-12,0.004044351185465483,0.0061409515258224615,0.004784922063560801,0.0037733472632202176,0.002463736318283333,0.0009321864326132934
2013-03-13,0.00244492245152021,0.004297255566533225,0.0024099355689206014,0.0018811813322984284,0.0012921157283655434,0.0006368892045017066
2013-03-14,0.004274912407935938,0.0069381531603711615,0.004016568872287755,0.0031395183213063487,0.002876668512334931,0.00299529442214725
2013-03-15,0.003928556661021869,0.006759501076977472,0.003916361147977289,0.0028474034432218786,0.002205736984333507,0.0017793441855701799
2013-03-18,0.00466362511467787,0.0044604313890951215,0.00516183926386581,0.00525156076818163,0.004744230861799853,0.0034814287751583415
2013-03-19,0.002821850849269094,0.003922525874628904,0.002844073693787401,0.0025107014547199116,0.002305754646419482,0.0021723536499748558
2013-03-20,0.003603187254049094,0.004357713313259517,0.004046477989770807,0.0037985875243330574,0.003226943047723304,0.002169957115516783
2013-03-21,0.0031516437818432962,0.0038504393800438824,0.0032099703293784294,0.0030794918266943455,0.002901383499955447,0.002575500646240258
2013-03-22,0.0021017210398106344,0.0034145658112600453,0.0018431603784764983,0.0016038427483109222,0.0015766601428637381,0.0014040968692712202
2013-03-25,0.0014160902084725618,0.0028143738499232405,0.0012100636077831892,0.0005784993304413323,0.00033786661986817776,0.00043907626046516083
2013-03-26,0.001942036363201705,0.0024575747617841368,0.0020717480918086765,0.0018977467764765376,0.001685009067622509,0.00144395773093263
2013-03-27,0.0013617691682332063,0.001411709813880831,0.0015317440495440802,0.0015226616755923072,0.0013424240109241236,0.0009012830312440474
2013-03-28,0.0018346281337838044,0.0033436255582361915,0.0017762219882800163,0.0012184609227611897,0.000843815016616582,0.0005457423553764593
2013-04-01,0.004244425110233658,0.007360307185205083,0.004326934625161619,0.003161870817541414,0.0022858394719102683,0.0013988382010593037
2013-04-02,0.0033940245217646274,0.005276661768088624,0.003799048521410397,0.0030483736261715253,0.0022013970176759648,0.0010873603793998493
2013-04-03,0.003926542822682981,0.004375351231510756,0.004331816802203506,0.0041488795350193616,0.0036939615088031137,0.0028847537954320122
2013-04-04,0.0026311221716903105,0.0047635106701332626,0.0025338379369153306,0.0016533239561215961,0.0011898283982145624,0.0011633912049235622
2013-04-05,0.002544923415443059,0.004526039272811898,0.002011414309427614,0.0015071867839075801,0.0016173303099749061,0.0017219139339690595
2013-04-08,0.003351711830797546,0.003870113092505625,0.003670307922915584,0.003510589964362728,0.003098865602498062,0.0024070138066722537
2013-04-09,0.0012644780609070486,0.0007729628606673706,0.0009592805413626737,0.001132352860937194,0.0014012596623834853,0.0017975209173949468
2013-04-10,0.004001654227741679,0.00466255545811755,0.004238393465665168,0.0040290863926126345,0.003724885160065405,0.0032022607025955154
2013-04-11,0.0021684789351210172,0.004043568806610356,0.0021848819304455718,0.0013269487363300188,0.0007125701235941993,0.00034467025785690943
2013-04-12,0.0021603973668817165,0.003667738296539264,0.0024094245044156744,0.0017048215666301974,0.0009937183064836711,0.0004301867188554127
2013-04-15,0.01439809019067272,0.020037985949503994,0.015440501200041843,0.013556692065056082,0.011596115317590926,0.008851059669163648
2013-04-16,0.010930781670329142,0.015693172794628597,0.011957697378196441,0.010227120327377588,0.00836650774983418,0.005792693549008549
2013-04-17,0.011412527372715114,0.015625155126357117,0.012596462756079091,0.011028769634519526,0.009169663196516383,0.006534223418892245
2013-04-18,0.006068116735560966,0.009429825980989247,0.006890138486964608,0.005461189892542541,0.003840234553730594,0.001772732554732766
2013-04-19,0.008504804554777702,0.013421137706535562,0.009107175447277812,0.007271006354317065,0.005642650950418829,0.003726107547664933
2013-04-22,0.003098510203158788,0.0043042907779278165,0.003412382865201375,0.0030531964361078462,0.002462247020813853,0.0015645710615861538
2013-04-23,0.00631407113012072,0.00795110895215313,0.006702133101855603,0.0062293458922863315,0.00560757307250414,0.004577021246171286
2013-04-24,0.0009127248585326357,0.0015451368082798316,0.0009846468868335058,0.0007027873185069724,0.00046803101953735724,0.0003088576347795209
2013-04-25,0.001750218496755529,0.0032448783967355373,0.0011510450907413288,0.0008694421930870925,0.0010999642423274597,0.0012232466063251896
2013-04-26,0.0026475730948029015,0.005179824804815173,0.0024834172532983076,0.0012811243866920029,0.00041720582543891684,0.0004846955787973412
2013-04-29,0.002525096497716086,0.004820248874240382,0.0020240774712609946,0.0009964313766228693,0.0010153035120702434,0.0015890739707979432
2013-04-30,0.0011055953184716527,0.0018111178086801197,0.0008431499238304125,0.0007176335107468032,0.0008317116572604216,0.000955988176490173
2013-05-01,0.0036027419237162845,0.004504434339080185,0.003856862538736203,0.0035863681101676766,0.003201783921015191,0.002572930816835944
2013-05-02,0.004946206319160096,0.008367340233536597,0.005010890250904536,0.0037201179856889838,0.002891512992695898,0.0022367958900512143
2013-05-03,0.0024595479874168482,0.002796546216429052,0.0025006714559806316,0.0025593129055259804,0.0024127079008867086,0.001949772057769426
2013-05-06,0.001322776400652456,0.002354915669984139,0.0013360773457508552,0.0009373418075894035,0.0006411320005269543,0.00035818520027378965
2013-05-07,0.0010809286658000966,0.002060830689517213,0.0010121263890064856,0.000585544521822432,0.000349961118275489,0.0003244622832036028
2013-05-08,0.0019346727810975245,0.003652171585081934,0.0016850188385428755,0.0010539055872224126,0.0008754136222200854,0.0008124543554728306
2013-05-09,0.004974832408735168,0.0069582123658431414,0.0053155619888857605,0.0046797454673758844,0.004021716531716694,0.0029997745562359837
2013-05-10,0.0010159824181087756,0.0012569186651739306,0.0011961258894451932,0.0010846295766126044,0.0008276767973102111,0.0005376518352973244
2013-05-13,0.0017914639772897184,0.001821342509501417,0.0018936515219539333,0.0019950251284226233,0.00184897050035685,0.0013208686959310355
2013-05-14,0.0018218019150355088,0.0031522117632942653,0.0018532336270689314,0.0013418050706438566,0.000931134369748641,0.0007459525111243128
2013-05-15,0.001841735958396713,0.0012790378562904728,0.0016955169198023994,0.0019166918900270292,0.0020728284147678517,0.0021163449153511257
2013-05-16,0.0015142795032683856,0.0011547057856034974,0.001574647390340484,0.0017165721049544904,0.0016627219227367417,0.0013932294251214326
2013-05-17,0.0011643941556334922,0.0017189444715486574,0.0013367437057970348,0.0011081011958068206,0.0008080979683726351,0.0003956062821480472
2013-05-20,0.001903836981553251,0.002332856311063781,0.00230653464781618,0.0020613272552896206,0.0015654718733567401,0.0008129473367515529
2013-05-21,0.002126032443042563,0.0019731437766610637,0.002334288158929952,0.0024411645753359694,0.002214072955878374,0.0015480531755154702
2013-05-22,0.002723089581384458,0.004942500885059264,0.0027311903336676934,0.001687836886084677,0.0010536979759991271,0.0011087361836969046
2013-05-23,0.003286473844245584,0.006070953408616264,0.003226186708049969,0.0020092174965073,0.0012761838449000633,0.0010364340430095006
2013-05-24,0.0013378222452666698,0.001390024195639021,0.0012400231856214171,0.001274420535241234,0.001359092705964539,0.0014169461352714192
2013-05-28,0.0015318988925660593,0.002777672511213377,0.001009688866001569,0.0007776943547719973,0.0010137188269847624,0.0011688458110118876
2013-05-29,0.0021934054549807317,0.002980070882724213,0.0022817723223249116,0.0020218839187500647,0.001810798088783558,0.0016127075846120275
2013-05-30,0.0008187808218701711,0.0008448170605260437,0.0009972314413070021,0.0009709812799004951,0.000763839471858666,0.00034288244827976967
2013-05-31,0.006641672786638265,0.009751591872436736,0.0071558081912885,0.006000052941690736,0.004942823158436725,0.003718577151021699
2013-06-03,0.0014462072281929829,0.00263541535323631,0.00127289547777728,0.0010135534231719375,0.0008143674446342449,0.00044879268762422643
2013-06-04,0.001953731484186272,0.0032195086593583065,0.0019359130627503228,0.0014841795793874538,0.001144817433388932,0.0012078667921716613
2013-06-05,0.003844266006285218,0.00491885347209579,0.004357879795597645,0.003896617349250714,0.00322682099859523,0.0022604577676029985
2013-06-06,0.002872291973067688,0.0028476562811666833,0.003282536674382289,0.003220726581708482,0.0028193851827308034,0.0020109947925558984
2013-06-07,0.0027222338153253234,0.0022330580195276746,0.0029735403827033818,0.0031520844850103976,0.0029050797264582075,0.002202082964521758
2013-06-10,0.0016605111804727701,0.0032927533865574656,0.0014122606429434368,0.000788657336907462,0.00043048337586441734,0.00037747262434393854
2013-06-11,0.007573871926651788,0.010481826544149057,0.008162249397717487,0.007117815547976705,0.0060788317286041595,0.004765625196629457
2013-06-12,0.006474371270573203,0.008340923745457255,0.0070464306248951055,0.00637413221984075,0.005550500111220794,0.004350472414169753
2013-06-13,0.007929673081473484,0.011020838992949226,0.008580891124256477,0.007483534326375788,0.006345046825506001,0.004800529769563312
2013-06-14,0.0033782668496091448,0.005614783512340079,0.0035395200447851717,0.002706504252964429,0.00201669846767094,0.0012716919898849738
2013-06-17,0.002682603332155973,0.001696678689265754,0.002432627740902874,0.002798147994005784,0.0030602013954910837,0.003160845157664117
2013-06-18,0.0023378359891020285,0.0036071744576021978,0.0015274765587488174,0.0014555443643292812,0.0019639119009017356,0.0024509047316377403
2013-06-19,0.004169790661254914,0.007878503112188148,0.0036141071488224774,0.0020460264427723195,0.001317615570092037,0.002425047221487208
2013-06-20,0.015383927848931648,0.02267495450744332,0.015848147782391197,0.013393944712641277,0.011697156545380099,0.010088984292093955
2013-06-21,0.003612294185116998,0.004130656598310509,0.003925244072611063,0.0037040137108977113,0.003353032351579485,0.002794805523674064
2013-06-24,0.009136260352397584,0.012860985070001928,0.0099922549305481,0.008573739100290599,0.007110365119757231,0.005295269234890023
2013-06-25,0.005134903649984019,0.006362654265397124,0.005896792875234351,0.005307413577979425,0.0043939281393066505,0.003017515298651199
2013-06-26,0.004395658352778046,0.005709244145956144,0.004699405603678228,0.004246898653256222,0.003773877211681394,0.003106586977028412
2013-06-27,0.0026668284037225346,0.0047299394893702325,0.0024453522503585117,0.001686494271004036,0.0014221087790836282,0.001530077503720922
2013-06-28,0.001716485923485153,0.002882227355839335,0.001898356384560228,0.0014058188597092741,0.0006887004094320744,0.0006082706747805808
2013-07-01,0.003425094867783159,0.004556063478758862,0.0040005966591891064,0.003443365368459544,0.0026770131973909888,0.0016943203637049525
2013-07-02,0.001611473948109503,0.003085535310788197,0.0014756854496242484,0.0008183947557172232,0.000455681740961553,0.0006392573046852151
2013-07-03,0.0015351142231040016,0.002367605772686421,0.0016724398689927395,0.0013557685693127435,0.0010480906975103169,0.0006660808178310754
2013-07-05,0.005408643793578053,0.007039687712885699,0.006049786665479423,0.005392435690026068,0.004520108131141971,0.003255806574107686
2013-07-08,0.0027554992926243247,0.0033052710557755745,0.003028623085546063,0.002791863842073475,0.002459987587095011,0.0020051096155763227
2013-07-09,0.005446714174146089,0.008763336490725205,0.0055481696620914515,0.004339819702829961,0.0035828710351716404,0.0030140045649349437
2013-07-10,0.0012183476240001066,0.001561277224984611,0.0015639434664268359,0.0013449183827092873,0.0008471285093318108,0.00010916390258043862
2013-07-11,0.005392161769116516,0.00989229893898692,0.0053128251752423555,0.003409095740748705,0.0022224267864637422,0.0016529484232290757
2013-07-12,0.0022403558489571002,0.0038065078591918828,0.002311612452788786,0.0016970189584863012,0.001262200016267285,0.0008887604903890647
2013-07-15,0.0021640099347766503,0.003913743014808164,0.0021579269132848255,0.001481707985053153,0.0009768836047195746,0.0005393532329386198
2013-07-16,0.003870121616192585,0.006742226895046209,0.0038894043350419147,0.00275150027608718,0.002036113197834425,0.0016086038391023647
2013-07-17,0.0031007512470528718,0.004329124976668706,0.003342836963210183,0.0029016037596463536,0.002462202264965976,0.001917202410461963
2013-07-18,0.0012773285762028674,0.002574111584762169,0.0010586036869436734,0.00046585887244944476,0.00025784366798368367,0.0003572693590913346
2013-07-19,0.0017984322333643213,0.0020800715345557757,0.0019082790247427102,0.0018613752682361568,0.0017082611826842137,0.001349330169902758
2013-07-22,0.001999203709192005,0.0022827077444184823,0.0023382953135317242,0.002182370721502791,0.0017992329187032665,0.0011426796019465499
2013-07-23,0.0010360365826247917,0.001204132191197692,0.0011395329942165962,0.0010784747693315861,0.0009488554535511988,0.0007449528334591502
2013-07-24,0.002050241122771064,0.003292447402738509,0.002151477960326354,0.0016507075529709862,0.0012999377134861473,0.0010647546710670518
2013-07-25,0.005144117730505169,0.009583694542066742,0.0051472287137477,0.0031546005550425675,0.0017225104301861487,0.0010247071656061496
2013-07-26,0.0012451281438593577,0.0012672800783819851,0.001366792559881091,0.001393597140377149,0.001255789575348464,0.0008709071862844204
2013-07-29,0.0036254068681286717,0.006442548235482366,0.003725421018413564,0.0025137731245971394,0.0016564751975423496,0.0011268184700289592
2013-07-30,0.0020919932067069223,0.0035914476547184372,0.0021383750107083844,0.0015864545341210806,0.0011758231153806325,0.0007152873227159583
2013-07-31,0.003753374545954873,0.00706070017100954,0.0035876147687806375,0.0022440829327747508,0.0013933155419119313,0.0008587196099649593
2013-08-01,0.0035917907403837154,0.0046354169374478085,0.004103297046558065,0.003600359760890728,0.0029313483964279003,0.0021506447749870933
2013-08-02,0.0023619867738584885,0.0030464060965819184,0.00259148638069074,0.002326467470209195,0.002006410656194699,0.001568560238429457
2013-08-05,0.0014197995745538878,0.002471873382414252,0.0014795681418913569,0.0010596438217800098,0.0007177740677603911,0.0003766027256184445
2013-08-06,0.004021145313078491,0.005945061175579496,0.004537880985714346,0.003765490925127618,0.002851921269535481,0.0016123135823182283
2013-08-07,0.004742991070404893,0.008730534506221077,0.00476224564092933,0.0030247861678526357,0.0018185834036330384,0.0010592583271484385
2013-08-08,0.005175772364697255,0.00900742350427023,0.0054628301836100925,0.003802498712163932,0.002489555426842949,0.0015198761055580073
2013-08-09,0.0016019789139105475,0.0018455774252171893,0.0017885171588143919,0.0017417764012919606,0.0015064855435914335,0.0009609624436354035
2013-08-12,0.0063242756606723665,0.011774286192821474,0.006483345966992339,0.003932346140535163,0.001874836920867952,0.0005799683041778224
2013-08-13,0.004328480675943909,0.007569659304176294,0.004602952597768133,0.003177170687534715,0.002000362563532336,0.0010468745140582098
2013-08-14,0.005245160511743305,0.008515459185197775,0.005682615600877648,0.004335911287543324,0.0031562069141918524,0.00199790139621836
2013-08-15,0.004929316072854828,0.005604584844076607,0.005576627013256906,0.005251838924309652,0.004534775781368244,0.003291601606650923
2013-08-16,0.0010348715350462108,0.001286596487792579,0.0009144070956828626,0.0009337719389698441,0.000983637556381502,0.0010118555899324077
2013-08-19,0.0026611725941876013,0.00410825767080917,0.0029004304027511253,0.002340658004930039,0.0017891143837837921,0.0011997125051466493
2013-08-20,0.0015378577266093156,0.002409109871453431,0.0016303578129376534,0.0013035254641961098,0.0010340187584501846,0.0007712208094210752
2013-08-21,0.002373774734810556,0.0030721134562034552,0.0029867835450056754,0.0025388314195058073,0.001744036340687826,0.0005726671732446146
2013-08-22,0.004440878781758289,0.0055631798094849015,0.005001888819146221,0.004527895206839526,0.003826268207083704,0.0027380644665410303
2013-08-23,0.002045470386533814,0.00325675695137222,0.002228111955908833,0.0017658553042951602,0.001304018734523056,0.0007280707155656785
2013-08-26,0.00309685818429778,0.0035144481972970557,0.0033914397647171546,0.0032270881669071664,0.002902620543960665,0.0022934993350460504
2013-08-27,0.009985512186119615,0.013662977697517375,0.011195211231713914,0.009662393434043995,0.007869361545073703,0.005590514825025044
2013-08-28,0.0037510311018214815,0.005756047489730683,0.004096621729900759,0.0032789194650475932,0.0025258207393532104,0.0018181573272452536
2013-08-29,0.0015688759297789031,0.001862272261836917,0.001235493480687502,0.0009405532962604584,0.0012607981706427834,0.002199568995727794
2013-08-30,0.0016173283101771757,0.0019591002088176165,0.0019224608640513545,0.001720942808863309,0.0013697526931920761,0.000840808135438281
2013-09-03,0.006061322863527632,0.010920093708662475,0.006310387785216403,0.004207222939714394,0.002468724551729571,0.0009129117684992955
2013-09-04,0.002781714559097661,0.003941851460959041,0.0033959874629457816,0.0027783331260426473,0.001873554820027382,0.0006240296706214253
2013-09-05,0.0016639622584303918,0.0025569091799755184,0.0019973918626018353,0.0015396216332047622,0.0009004557100669911,0.0003677470880216349
2013-09-06,0.0019446958157538442,0.0035119736544610503,0.0018171272865716527,0.0014140976802817621,0.0010323899709462222,0.00045584783901229383
2013-09-09,0.0030753497826677104,0.0032720435640665397,0.0034975758466133646,0.0033405293121554483,0.0029181912028074936,0.002162082227690799
2013-09-10,0.00515332705710661,0.007953061354639591,0.00534317454892623,0.0043579490354037145,0.0036374244339752704,0.0029598350137337273
2013-09-11,0.004070906109109211,0.005190101638272067,0.004589153798691353,0.004109136294087956,0.003437728281138437,0.002482119723934742
2013-09-12,0.0023169171191332076,0.003563169845191448,0.002801825248630089,0.002152773201135535,0.0012725241372523388,0.00020092406451880092
2013-09-13,0.0018150346559743565,0.003052463993373395,0.0019162754372633395,0.0014156414228881354,0.001020307778192611,0.0006610880646349681
2013-09-16,0.0011910517629613669,0.0012103883404749986,0.0013430793774119047,0.0013375399079570065,0.0011704487388116648,0.0008155710305770265
2013-09-17,0.0005694177361485383,0.000869674333872913,0.0005426007635045123,0.000406780026299047,0.0002751232858143806,0.0005738213515167434
2013-09-18,0.004304258049451422,0.007269316742614742,0.004512022272520472,0.0033167830470267477,0.002408908743845473,0.0016211060335270375
2013-09-19,0.0018079918045083429,0.003095590445172475,0.0016299811692184441,0.0012463191061374186,0.0011714287117458196,0.0010858620854285188
2013-09-20,0.0035796238778882153,0.004987270336343595,0.003759062166819473,0.003237314878179292,0.00285436865659695,0.002537221650882511
2013-09-23,0.003764151312606841,0.00640266678944847,0.004137682410558845,0.0029845987056085353,0.0018597473629885304,0.0006026011002161183
2013-09-24,0.0013320269005632933,0.0021947218570616076,0.0015002186289062086,0.0011258726859397492,0.0007053150566513568,0.0001973821690421902
2013-09-25,0.0008384945865012394,0.0009080844542231879,0.0008067642081285018,0.0008009248165734512,0.0008157601226573663,0.0008561161456947363
2013-09-26,0.002163032497287616,0.00309564108262614,0.0024650952297368954,0.00206631877704453,0.001589415490364255,0.0009684755175638256
2013-09-27,0.003375812794746594,0.00544652228735343,0.003746331216758852,0.002864834035310128,0.0019989284520078327,0.0010382526221767198
2013-09-30,0.005328329386384077,0.007179011683448473,0.005781977795198109,0.005117828203762298,0.004389186846151853,0.0033954186163284313
2013-10-01,0.004531996226470455,0.00565997228819889,0.004858411241004483,0.004473408942441174,0.004008351129765545,0.003313191293603306
2013-10-02,0.0043615317557023055,0.007264183516831519,0.004676651445054679,0.0035068267188361904,0.002481154116186783,0.0014217615802395967
2013-10-03,0.005660069959722453,0.008121320072505704,0.006074487520592377,0.005181587466148598,0.0043559983277678595,0.0033916295915063267
2013-10-04,0.003806953728052801,0.0058256855669732615,0.004128577423880606,0.0033523899337355246,0.0026316393782680816,0.0018211742042967538
2013-10-07,0.011391475868723244,0.01738793122164383,0.012646789526807126,0.010213653267166877,0.007716378378506234,0.004762978741539596
2013-10-08,0.0055499677137512225,0.007038156154564959,0.006404168664168,0.00567479638059161,0.0046241166278524915,0.003142597847974716
2013-10-09,0.0026110544019427393,0.0030009284689529246,0.003041416959113508,0.0027889866737479383,0.0023225113977759274,0.0016308681109840546
2013-10-10,0.01180377214191994,0.016096721713967196,0.013330673594590895,0.011519186861047472,0.009307625754047906,0.006364771194022289
2013-10-11,0.005477782698296808,0.007993631585713562,0.006053580328747835,0.005086764413029352,0.004044246228428438,0.0026935916495006294
2013-10-14,0.0028011851921067366,0.00548422212818095,0.0024585869709982137,0.0011820503458108114,0.0006522124239757326,0.0011354409236850552
2013-10-15,0.009565977464099878,0.016061300671713408,0.009933243433204609,0.007473738679615843,0.005570716296948654,0.0037436973616431913
2013-10-16,0.012504674240811819,0.020748810500321204,0.01293278344195573,0.009911043868137726,0.00758335196480798,0.0053224380720720095
2013-10-17,0.006609437028447598,0.010313695438895248,0.007363610740022656,0.005852104936238419,0.004262315617939583,0.0023267457567443073
2013-10-18,0.0044795296764783,0.007025474526752965,0.004883888690056897,0.0038954739154058635,0.0029413711881259626,0.0018151826512456972
2013-10-21,0.001612954491920746,0.0017948688389093817,0.0016703500682089482,0.0016354274544234152,0.0015596761254154416,0.001374508963561255
2013-10-22,0.0016284166118367852,0.0031494436377262494,0.0014840582761638482,0.0008173220332402369,0.0005073464578488809,0.00046028619352903814
2013-10-23,0.002097991335492238,0.0038329590076559244,0.0020923594689894274,0.001364424816533433,0.0008777835511815764,0.0005532958290687594
2013-10-24,0.0018755591676547772,0.003206224528551717,0.0019435853833632943,0.0014155583592836722,0.0010283659873219395,0.0006854699224187533
2013-10-25,0.0009370786935553541,0.001102704874560575,0.0009451308422218536,0.0005665026437318149,0.00022138331264985923,0.0013825397729553537
2013-10-28,0.0013639345320243924,0.0024383865025695414,0.0010591163611173334,0.0005146003571637619,0.0006607364892021769,0.001238040629457273
2013-10-29,0.001181390733663552,0.002303444008789254,0.0011129473529745788,0.0005983128672090675,0.00025530779385932797,0.00010370081550808692
2013-10-30,0.0013604243486454752,0.00171060919510569,0.0015008885339410855,0.0013687501865179076,0.0011808070188813117,0.0008984094519255646
2013-10-31,0.0017262066823755717,0.0023506493821413964,0.0020760360024688527,0.0017683926472390928,0.0012599332326297555,0.0005906142942628869
2013-11-01,0.002658825151129976,0.005190329928500346,0.0022874516436020677,0.0014514871746741042,0.0008801879305968712,0.0005415259195003175
2013-11-04,0.001339208711036143,0.0010402411953276936,0.0013634218404772306,0.0014800342475386828,0.0014762222497599156,0.001287107413720668
2013-11-05,0.002318114466470491,0.001931825866944993,0.0023517214537902183,0.002563361086022649,0.0025279081619189216,0.0021551307824474106
2013-11-06,0.003286429570979584,0.005924540652409743,0.003278184477165353,0.0021835796546441576,0.0014882333072647874,0.0010833110041135608
2013-11-07,0.0034722700921383247,0.003559268730857817,0.003951655786513562,0.0038406510560640666,0.003357894185189378,0.002444026742257217
2013-11-08,0.004195303874055907,0.005128275385418738,0.004686280401711879,0.004293979981504411,0.003690239090340626,0.002772419867325888
2013-11-11,0.0018364478774960228,0.0033550080079352298,0.0018106132824993884,0.001165585120212288,0.0007751372878111077,0.0006073535661458249
2013-11-12,0.0022732583233326968,0.001865209166895449,0.0018079459242996258,0.002019423586982449,0.0024305845659007824,0.003017454285633557
2013-11-13,0.0012684332966940478,0.002510636641907105,0.001130486013062797,0.000607200501273516,0.0002896620377520503,0.00010355492519415664
2013-11-14,0.001135801051963196,0.00191280977255544,0.0005852673232301336,0.00040745876251354,0.0008199163426244662,0.0012690766842579728
2013-11-15,0.0017133631820730722,0.003097717804854566,0.0015174474151407776,0.00110116031850666,0.000932414902027496,0.0008352323722239048
2013-11-18,0.001864507186969649,0.003042752944753187,0.0017744371402961439,0.0013981894528385572,0.0012435090922858702,0.0012139662248243214
2013-11-19,0.003903836332199462,0.006687332928287319,0.004078670720614127,0.002940632392024693,0.0020864547752855855,0.0013576087830133564
2013-11-20,0.0017303140561239294,0.002829165951859156,0.0019839798639152448,0.0014848581782207111,0.0008983306922748006,0.00013332568547768414
2013-11-21,0.0036250807491645947,0.004707352534455446,0.003993841949641334,0.0036180019680670896,0.0030933422736860844,0.0022220274805566523
2013-11-22,0.004365009459994973,0.006739820549409968,0.005064428654352268,0.003995585447861651,0.0026938868020427273,0.0009854897881617323
2013-11-25,0.003666965553731602,0.00672963812997999,0.0036316417189272954,0.0023128896409546303,0.0014907984083057661,0.001088298001787461
2013-11-26,0.0004677623423730458,0.0005264347151335878,0.00040837011169408223,0.0003451212537566002,0.00039828521078364863,0.0006102201228780238
2013-11-27,0.004239364798267299,0.00849744081260111,0.0037260733166595006,0.001707306022109539,0.000513971804007247,0.0007693411926530562
2013-11-29,0.004716020144865179,0.008807731205854388,0.004620383333941208,0.0028792279911290506,0.001740877932324992,0.0009795657642909326
2013-12-02,0.0015691336556583608,0.0025706165024319367,0.001718120154030606,0.0013035463476320157,0.0009122553865659259,0.0004684582260927725
2013-12-03,0.001670549686194245,0.002797363109229402,0.0017404743923581587,0.0013592695086116163,0.000973853715767955,0.0005506225005664444
2013-12-04,0.0005456212291108832,0.001060152306414251,0.00019409377842656304,0.00023858207054300797,0.0003484051598515019,0.0003854993655860657
2013-12-05,0.0018300083933770164,0.003540525578351806,0.001595722638967789,0.0007019427495033938,0.000402895724883743,0.0010039685746894415
2013-12-06,0.005769699168152366,0.0073659067334437165,0.006428967057054802,0.005856592048204482,0.004955165136677839,0.003464911409771358
2013-12-09,0.0015733907980223618,0.0029034763018542164,0.0014878212676449271,0.0009227434982143083,0.0006531224706130864,0.0006752641938568241
2013-12-10,0.0028411689248003455,0.004978593785357863,0.0029350624117341303,0.0020933715931237985,0.0014262679166344374,0.000737409017410859
2013-12-11,0.004066630764502851,0.004024222936180749,0.004679381775570979,0.004625616855864588,0.004004085082991164,0.0026772030523076105
2013-12-12,0.001537015262524089,0.0025536162928721366,0.0016808232885531119,0.0012354139002484573,0.0008309502680915998,0.0004992300417911902
2013-12-13,0.0014136528128589853,0.0023491782870884896,0.001531175072784134,0.0011637585075619582,0.0007959911921424946,0.0003754994095678949
2013-12-16,0.0019640707464470145,0.002971253024653092,0.002032661566369976,0.0016780921206506181,0.0014334484121470187,0.001207080937493577
2013-12-17,0.0008207195496616471,0.0008062092888109113,0.0009143035666061984,0.000920538687042247,0.0008265604608193242,0.0005927771899954953
2013-12-18,0.008346139502539417,0.009927724814822531,0.009320384945872295,0.008702121408566318,0.0075383712608877605,0.005505176578889346
2013-12-19,0.001648921721292847,0.00227390814393675,0.0013067384594079,0.0014105440902226595,0.001559502792311783,0.0015148620322355767
2013-12-20,0.0016191046071359282,0.0017767814245334434,0.001539789141005235,0.0015500648562199136,0.0016015148364775388,0.0016161822251755738
2013-12-23,0.0026385551027604394,0.004190812644012015,0.0021802052123010905,0.002008448211452401,0.002115423446489538,0.001996191170834076
2013-12-24,0.012222587840427233,0.023262971482124094,0.011943898133491069,0.006880401971794664,0.003420171813828999,0.0020244051605055858
2013-12-26,0.009051517347001346,0.017713108808196334,0.00837965642473742,0.004448645556339558,0.001895743638892281,0.0015141580952283823
2013-12-27,0.0018391315862542688,0.002849349788020085,0.0018260458789114184,0.0015160368219576538,0.001338296424385914,0.0011702060614932946
2013-12-30,0.0025272450242526607,0.0030505192284424523,0.003100784308535675,0.002827091356644635,0.0020976906830499796,0.0007883872343724627
2013-12-31,0.0021712858334820384,0.0035878794878344924,0.0023412517548359133,0.0017564127595280257,0.00125397750955708,0.0007487499438032491
2014-01-02,0.0012421607302279599,0.0016155243259650266,0.0014542530905088508,0.001334731027108462,0.0010144580664591329,0.00042357220899509384
2014-01-03,0.0007975813568440482,0.0015782176087228883,0.0006768999086641523,0.00030423963305384734,0.00016002613030678174,0.00033696539939841457
2014-01-06,0.0013118318595221206,0.0010386332706557332,0.0013088370139741209,0.0014147944409881898,0.0014299755726192116,0.0013289948418582678
2014-01-07,0.0026544133725640543,0.0029317499429310414,0.0029319638885237998,0.0028270666043689707,0.0025198980206891154,0.0019224438016595942
2014-01-08,0.0006571953082115741,0.001256771461332455,0.00048333089216880473,0.00020111028911517592,0.00018157394215140011,0.0005225233616554695
2014-01-09,0.0031130840129055264,0.005989753692001245,0.0028484433279319685,0.0014555066125005504,0.0008112465369764985,0.0012996388848322442
2014-01-10,0.0019947822376911676,0.0027179538822855215,0.0019496939783100813,0.0016963137638355587,0.0016448115912731198,0.0017675733103854595
2014-01-13,0.006671446542335214,0.010323537937224512,0.007170169824089611,0.005816804766565391,0.004582876943648977,0.0031170892216322924
2014-01-14,0.0033353819695463504,0.0039839535994030005,0.003529288704525476,0.0033085339025627505,0.0030488213827558966,0.002656010347011196
2014-01-15,0.0003794769121743943,0.0004314997989805539,0.00043009916596004256,0.0004373571558682024,0.0003593217052871321,0.00016865021674372855
2014-01-16,0.0024756754017086617,0.0021160060102295587,0.002648670517517383,0.002785151868771599,0.0026242036203665523,0.0021232971893181737
2014-01-17,0.0019211522919789557,0.002787659909666714,0.002168132456699799,0.001792347811237836,0.0013704416782967055,0.000944279329997265
2014-01-21,0.0012102823450626863,0.0014918146179165052,0.0012002485958736374,0.001112936319551731,0.001086612554167983,0.0011128589908309808
2014-01-22,0.001033267200449975,0.0009774047513682273,0.0012331491959276118,0.0012110133237309888,0.0009877162093414199,0.0006481450221707966
2014-01-23,0.0022686860483926803,0.003171069083248332,0.0024400645099055297,0.002300926970149432,0.0018691382592186294,0.0009680626186296774
2014-01-24,0.014909053543443022,0.023535672126745295,0.015982370869337775,0.012734538950463626,0.009850056015918788,0.006545476372727164
2014-01-27,0.0055321275992451365,0.010984962764855067,0.004939692943114214,0.0024488203717826316,0.0009859885149679152,0.0009916203856506203
2014-01-28,0.004484171300892688,0.006192177758513202,0.005139459574679333,0.00440408901681446,0.0034484563068343924,0.002119905704928354
2014-01-29,0.007079151038731242,0.012264035967431345,0.007466600492788457,0.0053566822600202195,0.0035701365407036444,0.0017248989136778206
2014-01-30,0.002430339835521004,0.0037994112079565464,0.002705406766766887,0.0020895082478026494,0.0014533032104729355,0.0011401194413662
2014-01-31,0.007650856030762507,0.011840156869975825,0.008135621013019362,0.006615301988743969,0.005295508552126762,0.003807323839159151
2014-02-03,0.0128162811844839,0.01813447232212731,0.014196442977926474,0.01209072237820156,0.009807665458944372,0.006965010264884498
2014-02-04,0.0065612890425318215,0.010095489225881776,0.007110096635689198,0.005724572639405371,0.004467194614247743,0.0031707464411576914
2014-02-05,0.006328716003216052,0.011797280936705323,0.006367904853583267,0.003951627845920137,0.002091305277250259,0.0007404465731357495
2014-02-06,0.013208240850049803,0.021205958941257343,0.014197690568310349,0.011125769400896077,0.00834429214131466,0.005254623066530996
2014-02-07,0.008075154210450759,0.01115941703310513,0.008761185684156268,0.0076825115172034055,0.006449682347425909,0.004912252935987822
2014-02-10,0.0033416176110697272,0.005038596851442911,0.00395569235102087,0.0031315147778105197,0.00205724495895718,0.0008708842982629301
2014-02-11,0.0033627513506823293,0.004463057066887171,0.00362930208007201,0.0032748446775876195,0.00279540877378291,0.0022160445363318335
2014-02-12,0.0014418693705151977,0.0016188331391528892,0.001717116185653068,0.0016310534303030275,0.0012751674298945466,0.0007344660740503836
2014-02-13,0.0009638152858348281,0.001433305847497253,0.001123503181505496,0.0009101252736171298,0.0006429681012675665,0.00029383410591231676
2014-02-14,0.004129343459773345,0.0070085427708475425,0.004355445190712273,0.0031945492090775986,0.0022013126204393713,0.0014549538005182614
2014-02-18,0.0058191262451532805,0.010164342950225419,0.006204449083905595,0.004305865223434703,0.002667405956334329,0.0013588838737405707
2014-02-19,0.00866938625217632,0.014376020577785769,0.009559633326843809,0.007082084972227888,0.0047260813744327175,0.002289751130337136
2014-02-20,0.005550345600559868,0.008329995686175807,0.0061708243024025155,0.004995490187521375,0.0038335857067743,0.002629159398103488
2014-02-21,0.0011068870856214396,0.0016619762645204558,0.0013085118848963529,0.0010310126085426605,0.000660127241505907,0.0003909880699984477
2014-02-24,0.001836704022883486,0.0024392429972955954,0.0015470452234333334,0.0013091677565093356,0.0015011759409078865,0.0021346436693120583
2014-02-25,0.0009312541441059168,0.0018305922591715224,0.0007942120740205968,0.00040348167394579763,0.0002525155416683247,0.00035744790770023127
2014-02-26,0.003228431450755924,0.0043376543619757365,0.0036818081263636743,0.003222763533710895,0.0025820535689280045,0.0016400263079581069
2014-02-27,0.002167918375585608,0.0029976087203545687,0.0026031718793728597,0.0021981276549107058,0.0015756973018645028,0.0006500779704920128
2014-02-28,0.001118822228115093,0.0013421367926781103,0.0013856554474328388,0.0012456059025209014,0.000917492797745508,0.00037962692614161575
2014-03-03,0.011218550186791817,0.020227522736441014,0.011410261411843722,0.007665029702942223,0.004901117458451251,0.0026756246447256753
2014-03-04,0.008982234503771003,0.014706462029951439,0.009225282401321045,0.007086892975510121,0.005631930522463994,0.004480416177650006
2014-03-05,0.001533732111663814,0.002875428891600447,0.0014498873634233105,0.0009327649515945231,0.0006113052675651923,0.00038426773140930263
2014-03-06,0.0020188058160364123,0.00350225735043338,0.0015072535064297211,0.0013137452770727565,0.001431268020089618,0.0014372926405713884
2014-03-07,0.0007529137064176505,0.0013489918498620094,0.0006057945941763163,0.0003539930571774859,0.00031845598990705654,0.0006487710252414953
2014-03-10,0.00041537461259069555,0.0006748866832878117,0.00042892067721628235,0.0003445654316530716,0.0002604195032653904,0.00019155079464777686
2014-03-11,0.002538968161726927,0.0031685608311659975,0.0025221055968226917,0.0023680546606999428,0.002304103011763055,0.0022168510739589745
2014-03-12,0.0011312229654818296,0.0008701141366709208,0.001160187911378463,0.0012480046736094666,0.0012380376748751724,0.0010976973343608104
2014-03-13,0.005676160040319467,0.0076354292283157136,0.006550238226699005,0.005697085532595037,0.004473941810529131,0.0027231644826866946
2014-03-14,0.003565634042213948,0.004928905845240177,0.0038134179931456516,0.0033242181791624174,0.002859385378649429,0.0023464760273604023
2014-03-17,0.00476365398728291,0.004466642034470823,0.004826291099065252,0.005169418155360633,0.005026833123509861,0.004269201845682126
2014-03-18,0.0050165050922671844,0.008724907942468526,0.004906936164622678,0.003547816596655717,0.002755115599289589,0.002333861822500654
2014-03-19,0.0015902699003148685,0.0018422699008524568,0.0019955134696135212,0.0017919862716947864,0.0013222443824695892,0.0005560704805385961
2014-03-20,0.004941188488601277,0.0071945387447722485,0.005589137136745995,0.004629308869630959,0.003554995943430325,0.002237941006326262
2014-03-21,0.0024159059262799255,0.003740014346730595,0.0027260833027344432,0.00216585045445984,0.001556718610226504,0.0008059086260021557
2014-03-24,0.0015885930599413853,0.002249581435062322,0.00142937727179943,0.0014156702232780436,0.0014005291023083057,0.0012445077681023983
2014-03-25,0.003132883377421638,0.004613640049990123,0.003476881214199145,0.00289880858202765,0.0022735673223568285,0.001458840028781191
2014-03-26,0.00417925062050736,0.005435640065321766,0.004733651990312954,0.004191883157157242,0.003456594467454119,0.002420145645253147
2014-03-27,0.0015018847963378195,0.00214425400269767,0.0016354435390446092,0.0013826555623600043,0.001142947938645013,0.0008875373317713416
2014-03-28,0.0026220261615587967,0.0036708844603371912,0.0028075905081346992,0.0024266702640963226,0.002080864895778212,0.0016728483170476824
2014-03-31,0.003046121880902407,0.00441525264138317,0.0032903632367523514,0.002791933089697493,0.0023012132232020305,0.001727099815749497
2014-04-01,0.004358286197763427,0.007193085994797293,0.004799747308082958,0.0035853159329607785,0.0024288571159604864,0.001200581246389859
2014-04-02,0.0005483953295053219,0.0009199790064425522,0.0004370963959694668,0.00022537783203349055,0.0002455148966311854,0.0005959864292178072
2014-04-03,0.0007100864415969306,0.0013852472497436436,0.0006513585256749133,0.0003227204140302243,0.00012699403781401148,0.0002401248623843114
2014-04-04,0.0034800033943339103,0.0048772840947594,0.003925730754057304,0.0033480583055566565,0.002652947205514392,0.001762167056745703
2014-04-07,0.005228979247335102,0.0065369853255895635,0.005898779889079933,0.00533312892658097,0.004492862049792977,0.0032488867281753766
2014-04-08,0.002179383314344213,0.002302924202084936,0.002438994258949366,0.0023377642859582545,0.0020802533742236523,0.0016443264033647708
2014-04-09,0.004680647636132152,0.005991457733271971,0.005288945765212481,0.004721084265857375,0.003929508341406444,0.0028181777695338956
2014-04-10,0.0076221573473751235,0.00939361942691904,0.008959159102857777,0.008008912671216424,0.006419712601712276,0.004077303435955971
2014-04-11,0.007680737991801957,0.012644330482984436,0.008193697343354614,0.0061742957033251175,0.004527044231983116,0.0030556266240647253
2014-04-14,0.00876932557899304,0.01416413206702875,0.009818596403275526,0.007427864191009536,0.005016998701448696,0.0026710373638048086
2014-04-15,0.0032366111230875366,0.00498724940631812,0.0033953523597903294,0.0027636914366332,0.002278722440223549,0.001773870684694232
2014-04-16,0.0027865774698675842,0.003123181370052554,0.002869111914519385,0.0028135076071639925,0.0026624882483455292,0.0024154370621980617
2014-04-17,0.002163456060367812,0.0041398820030827165,0.001991600449327173,0.0010558482367810664,0.00048754786878957827,0.0009721609193069669
2014-04-21,0.001975499762866721,0.0031178900152799924,0.002175474880054746,0.0016829528696836646,0.0012347322759504826,0.0008379578208061127
2014-04-22,0.0019224148208119632,0.00338046297871222,0.0016069348179363994,0.0010318026358703053,0.0010640425105455974,0.001507256153814005
2014-04-23,0.0013855499662643518,0.0020738036832791146,0.0016188052666392721,0.0012989722491057979,0.0008950823952425427,0.0004347987336395587
2014-04-24,0.0038386072076977374,0.006736459130835537,0.004047676527501366,0.0027976249572976217,0.0017522507317473165,0.001006911889709609
2014-04-25,0.0044197474197556035,0.007479689003403898,0.004675075130477265,0.0034236995840516175,0.002420682084636611,0.0015123956533319776
2014-04-28,0.0018397392309406498,0.0018564159677208405,0.0018349594094146805,0.0018516277695233305,0.0018551142367702672,0.0017999643556371931
2014-04-29,0.0012654221233040193,0.0014353299012430367,0.0012881468065701802,0.0012650524427084036,0.0012077050744636587,0.0011081797689766744
2014-04-30,0.0019387782443110646,0.0028429410692178483,0.002141855062407545,0.0017872823564760263,0.001407073046570466,0.0009747900243167915
2014-05-01,0.0019568270987772207,0.003541388625212924,0.002095983632373006,0.001272573534168483,0.0004008109713731307,0.0006566489594465362
2014-05-02,0.0012524227641674166,0.0015790057563191927,0.0014662195085784918,0.0013022464115182556,0.001040484706032403,0.0006490769872664976
2014-05-05,0.0013487723925969535,0.0021430087146377865,0.001426957534981529,0.0011231480338069403,0.0008655422711059045,0.0006757334893202579
2014-05-06,0.0013160930295325064,0.001442474501927501,0.0015864534453917344,0.0014934150331152984,0.001184295923388799,0.0006558138406010175
2014-05-07,0.0034995699473954,0.005611980260543047,0.0039057912784293213,0.00300080059096401,0.0020861356149394945,0.0010623818228569896
2014-05-08,0.0007515123465723938,0.0012396710312172537,0.0007304898058649048,0.0005459196135660562,0.00046992958677817125,0.0004843473672234803
2014-05-09,0.0013662849804760228,0.00128142845330312,0.0015191995625489089,0.0015197697263593496,0.0013747753819330585,0.0010880899207605255
2014-05-12,0.003015292243776884,0.004657243952034258,0.0029772479880694038,0.0024432403568729454,0.002174740929804113,0.0020511187709307066
2014-05-13,0.001226152007972629,0.0022731720681130217,0.0011891516986975328,0.0007783212434955204,0.00048456270789383856,0.0003086514920655091
2014-05-14,0.0019873003149437326,0.0026538823656752763,0.0021168024102175527,0.001871509088928306,0.0016506544840133436,0.0014126790713384428
2014-05-15,0.003721696116332257,0.005466739694409497,0.003927928599427244,0.003297377103464528,0.0027963586232286567,0.0022910536071477426
2014-05-16,0.003291570182005932,0.004274648201113437,0.003431676408477369,0.0031043724233051654,0.002834488880899765,0.0025400188465931465
2014-05-19,0.0016814053974101297,0.002017312721168202,0.0019805920861706208,0.0017979026702381088,0.0014439102233603455,0.000908842219880322
2014-05-20,0.002210139501731165,0.0033776796856061497,0.0026018567514202204,0.0020291644326396437,0.0012876150879438122,0.0006853784084027234
2014-05-21,0.002735384709100086,0.002889890667648515,0.002900548109034035,0.002839183685382039,0.0026555318292406324,0.0023524852464277624
2014-05-22,0.001067297465716638,0.0016680196854391045,0.0012070631156069283,0.0009241832613790138,0.0006189562466071332,0.00046808848493375046
2014-05-23,0.0014050795876992001,0.0022833073589400483,0.0015143033819632631,0.001183208310504809,0.0008604504486723128,0.0004735811758944635
2014-05-27,0.001144613413311584,0.0023633832700510103,0.000892063151771416,0.00033948511306129865,0.00010431831841303053,0.00020786949803146073
2014-05-28,0.0020846189668041392,0.001970092556535348,0.002132148762389427,0.0021384793353129844,0.0021010889262231434,0.0020768219986471753
2014-05-29,0.0017604596542291958,0.0030226181105422697,0.0015288306260650363,0.0010700968069650683,0.0010493151752745888,0.0013328083628687917
2014-06-02,0.0021642817776472323,0.0009554197484466031,0.001592191159957189,0.0020243994527443694,0.0025177419877339216,0.003087954115371804
2014-06-03,0.0013310635441965148,0.002302049884938769,0.0014173444109735077,0.0010086963507694889,0.0006586335523990734,0.0003147784252120736
2014-06-04,0.0014122363847775554,0.002101255455149117,0.001502167037847363,0.001240081727870194,0.0010324819125963852,0.0008345394798466033
2014-06-05,0.002939613319962249,0.004691807532574632,0.003350272803953717,0.002514304869376646,0.0014979548995827903,0.0011847568161889644
2014-06-06,0.007689193054680884,0.01208256105359666,0.007979197896393397,0.006270749342506772,0.005155893265439176,0.004478508210991007
2014-06-09,0.0007780438520348017,0.001039669133564552,0.0008282076224508388,0.0007411425758531477,0.0006481735320948188,0.0005389806673923602
2014-06-10,0.0013626469168684613,0.0016988023225455013,0.0015568140145634948,0.001414585277153587,0.0011574496855876685,0.0007960481218002067
2014-06-11,0.0016336622026471084,0.002041333930858632,0.0015050973948537965,0.0013058542406917978,0.0013505413222888803,0.0018392067353552243
2014-06-12,0.0052188406723513185,0.008191442738025006,0.005606052349379062,0.004453310959296271,0.0034551474391162963,0.0024256773108557767
2014-06-13,0.0014308093855829077,0.002156531817626424,0.0016959802445966688,0.0013474837553075225,0.0008964854803714733,0.0002995001361082432
2014-06-16,0.0026286348543831444,0.004060857400141232,0.0031391392629477716,0.00241899142894615,0.0014790885276209176,0.0004057406142754767
2014-06-17,0.002681220025432444,0.003984669818907826,0.0032037142302507346,0.0025636806379203507,0.0017075931938188096,0.0005612421582969122
2014-06-18,0.005963583940208197,0.009253007224370202,0.006426591208207879,0.005170974270812074,0.0040414178555444255,0.0027982881580297975
2014-06-19,0.0011758413357151917,0.0017186344031194017,0.000979533478250723,0.000869467177858321,0.0009651690386011385,0.0011455565201402018
2014-06-20,0.0027347651044068756,0.004803541133968906,0.002864129769271031,0.001962374376137169,0.0012786841447245893,0.000794674641826529
2014-06-23,0.001300882686686796,0.0012092312787188606,0.000987137776385953,0.001251899381938958,0.0014557943534477002,0.0015291201017505701
2014-06-24,0.002116381293248969,0.0015231721116747733,0.0016227898968207727,0.00190778749744573,0.002328434701488716,0.0028949243973818107
2014-06-25,0.0026142813428292997,0.004191341379311122,0.0029090779752382733,0.002213672327502887,0.0015540457820389865,0.0009093151308317348
2014-06-26,0.0013518926003950073,0.002673559158879409,0.0011145369727424276,0.0007011396065695888,0.0004724926696215891,0.00018196347059053623
2014-06-27,0.0011332726958516155,0.0016388868933954795,0.0009791278411175916,0.000760918035877852,0.0008291839680138275,0.0012289634360238288
2014-06-30,0.0006663801917425289,0.0006398258128562603,0.0007795932287800282,0.0007672446290001344,0.0006556605325857986,0.0004296685604706933
2014-07-01,0.0013466429145252176,0.002008652190341875,0.0015137931574111033,0.001243724667047268,0.0009385548345481257,0.0005596839520117336
2014-07-02,0.0033484387754102113,0.005508430544901597,0.00366466445181422,0.0027459424424709574,0.001908128921332958,0.0010518948013783526
2014-07-03,0.0018227855631764577,0.002797308196592167,0.001814976722305066,0.0015091572010560998,0.0013195774452849863,0.0012144226223960437
2014-07-07,0.003714348887380361,0.005595227584195488,0.004044390228039203,0.0033429453533234256,0.0026350259609811415,0.0017887506254272224
2014-07-08,0.0017921567047279195,0.001030809702192722,0.0016810745353182752,0.0019329506986285223,0.0020512262194181284,0.0020558989832963805
2014-07-09,0.0021887257617698216,0.002462419866778707,0.002375121093245141,0.002289790481059839,0.002067589485221314,0.0016522178327145524
2014-07-10,0.004029747152515996,0.006514634229110102,0.00414969530394611,0.003217604895722121,0.0025937037832324795,0.0021103553566257775
2014-07-11,0.002355894894338094,0.0036355444924973147,0.0026857393837956046,0.0021619878265346087,0.0015036835957588145,0.0006209414247778462
2014-07-14,0.0023365588052598144,0.003203484024673611,0.002511902844065192,0.002172193820544817,0.0018720605962343052,0.0015819395019525183
2014-07-15,0.001567774507741449,0.0023388607412969595,0.0016566331412438172,0.0013630287633250486,0.0011260733238979235,0.0009741627499172105
2014-07-16,0.0029567966682973747,0.004662004451323856,0.003158434041356967,0.002511941086394048,0.0019574939168219875,0.0013644087124453327
2014-07-17,0.01353458806378835,0.018053029562277553,0.014391097160979116,0.012774596367775936,0.011281048429609718,0.009615479726888742
2014-07-18,0.01122121861457179,0.01362133371887333,0.012143337820050889,0.011222853320669279,0.010033253575767832,0.008364133924941253
2014-07-21,0.0018470155450359153,0.002287547184279666,0.0019276903860933467,0.0018250602353978803,0.0016515048338272408,0.001431836825233148
2014-07-22,0.01514597043595166,0.024123869436033594,0.017007189276490756,0.013045847357211695,0.00908109773003632,0.004809996811879666
2014-07-23,0.015805466246202923,0.027748105188554657,0.01683835294164796,0.011537148776554334,0.007131064235166187,0.003408587088264833
2014-07-24,0.001625364757512223,0.001490627397556485,0.0013652517605009236,0.0014379301530581966,0.001682782656340805,0.0020551812507322966
2014-07-25,0.0035769216542589793,0.0060235161039939025,0.0036347665321929826,0.0027041595847460366,0.0020819448760176565,0.0016824372435130677
2014-07-28,0.0013481669301014319,0.0023625923340775995,0.0013470411862870743,0.0010258096475970382,0.0006923144311420259,0.00039977888617209495
2014-07-29,0.002145231615941785,0.0032677722825866827,0.0020367091947546385,0.0016998929319592643,0.0016168421371133665,0.0016369969208495031
2014-07-30,0.001329228304735341,0.002521188991001269,0.0011179501147497138,0.0005827475647003015,0.0004711912771846858,0.0008163437384300666
2014-07-31,0.012909911933018728,0.016349735284902127,0.014438999295923287,0.013006206396625619,0.011025195852301465,0.008173997652569981
2014-08-01,0.005109366248658783,0.009106053266193946,0.0050583638824039205,0.0034982989922786186,0.002501779892018477,0.0018771967381209969
2014-08-04,0.007298987100959647,0.012067854740114037,0.008011820314094706,0.00601038879515799,0.004084973327646831,0.001934399175324544
2014-08-05,0.009143990825254062,0.013062885981349828,0.009831445885316793,0.008391410356616672,0.00702609960293045,0.005566388353372497
2014-08-06,0.004593745917879294,0.007509963708814512,0.00521203412026372,0.0038900447336171293,0.0024158978961436495,0.000989263633985139
2014-08-07,0.005435276157910684,0.008069352650099781,0.0055876183506660395,0.004687176599704525,0.004082666749544025,0.0035689510048107086
2014-08-08,0.00994291229491078,0.01571275986274011,0.009800918308902192,0.007733563293181504,0.006824741253351997,0.006706236495582307
2014-08-11,0.004274042672338546,0.004754720881699458,0.004763621669727779,0.004502686142537414,0.003982830339996849,0.0031465253430232034
2014-08-12,0.001743635640467665,0.0030732168713230586,0.0018516464950840558,0.0012712044962552736,0.0007653958503975302,0.0003553559813740036
2014-08-13,0.007553234654275349,0.010748469036903826,0.009276040683001939,0.0075693282875426374,0.0049769588985946,0.00127177070254417
2014-08-14,0.005006019366465818,0.007011703755749052,0.005801124817092713,0.004943562671307126,0.003762478427274765,0.001972068706823023
2014-08-15,0.0022198154569626864,0.0037214038863713473,0.002477409308448062,0.0017165146638938218,0.000928671838658642,0.000917957282495916
2014-08-18,0.004679198691434368,0.0066471176885632135,0.005281976080637645,0.00453904559512096,0.0035235237353990942,0.0020911486458546104
2014-08-19,0.001945998309121409,0.0035574999740204125,0.0018398624486194641,0.0012490420728467834,0.0009201671401948897,0.0006977345733771848
2014-08-20,0.0033039953784043904,0.005647608391560347,0.003526618524538949,0.0025317612784430264,0.0017053579137097138,0.0009650636018770531
2014-08-21,0.0022686650489640854,0.0033938448009196735,0.002483923421348887,0.002070882044982321,0.0016131241883279755,0.0010749071285009132
2014-08-22,0.0006653392175066497,0.0009979360037307217,0.0007108763256890226,0.0005665148357684723,0.00045055782306858044,0.0004338416101765242
2014-08-25,0.00147787085241462,0.0021650817975948115,0.0013439422552442455,0.0009810069732482131,0.0009585628982805365,0.0015954729063367408
2014-08-26,0.0009717030124614926,0.0003913174664616515,0.00011816287542365506,0.0003754992330933957,0.0009911993988695638,0.0018521517149181473
2014-08-27,0.003546231869254918,0.0067980829200168106,0.003306726117991445,0.001870496959904279,0.0010900787335716329,0.0010214709116606452
2014-08-28,0.0025955327830470168,0.004139015557799396,0.0024771745344006977,0.0018880857626424434,0.0017264406468494894,0.0019673951112023796
2014-08-29,0.0017648582601145308,0.00323329717275891,0.001689359224640352,0.0011543640523590823,0.0007939338545631562,0.0005500825969105427
2014-09-02,0.000990247136433169,0.001450699850861127,0.0007797313598729523,0.0005497738814164425,0.0005998866560557746,0.0012362526377772294
2014-09-03,0.0007187663945362815,0.001228619469489011,0.0003851503749406115,0.00014656150664170864,0.0004311676745070683,0.0008472857833577487
2014-09-04,0.00237560546133472,0.003695925338719811,0.002606844038308671,0.0019763103562236463,0.001323008798889031,0.0014511552928978665
2014-09-05,0.005135042092358664,0.009253998296771733,0.004679674619392665,0.0031185045099098386,0.002621636580441777,0.0027765803955938
2014-09-08,0.003908330683435692,0.0069171664932142106,0.003856841767828841,0.002725909500465405,0.002008704306590876,0.0014789683372086714
2014-09-09,0.0025339915709963867,0.0032596762640242304,0.0025831829945503195,0.0023085646179739957,0.0021726608112283352,0.0021811274799557186
2014-09-10,0.001032331052257905,0.0009158653761645042,0.0009687122965715974,0.001125318995749445,0.0011503265057540022,0.000980678435808013
2014-09-11,0.0008006085898534691,0.0011321487487187612,0.0009759918522223935,0.0008075486900233491,0.000519521949187397,0.0002202538159940613
2014-09-12,0.0017856032883346224,0.0021295368269894878,0.0018206094466416522,0.0018995305367920465,0.0017345159070633325,0.0012147378193629237
2014-09-15,0.002995285506824345,0.005109395338550657,0.003163127682360818,0.0022756295701940182,0.0015849818097096787,0.0010279696486703179
2014-09-16,0.0034177664952832194,0.0033638330509801763,0.0036732665282434903,0.0037314796982675646,0.0034735318939564546,0.00275826299364408
2014-09-17,0.0016803852933977095,0.0024503237884670563,0.0017057536898702735,0.001448795442732491,0.0012734648863018299,0.0012182242408426977
2014-09-18,0.003182225533937907,0.005435915365788309,0.003386230277290914,0.0024937439334335983,0.001688756636215115,0.0007391938903152219
2014-09-19,0.003789442258887262,0.0074525869395401945,0.0035005644841702844,0.0018378940600400507,0.0007487480895946246,0.0002566731196705345
2014-09-22,0.005047607053641839,0.005685390110321805,0.005778672083194303,0.005557069173185727,0.004697247809912691,0.0029546265931483474
2014-09-23,0.0047150293384213785,0.0074421245175410305,0.005069127842215263,0.00409372548941166,0.0031206186503147148,0.0018919262015770256
2014-09-24,0.003996383096382762,0.005112793295430639,0.004188606584595021,0.003886032265470523,0.0035309596018047607,0.002932812026895157
2014-09-25,0.007728561485605074,0.010787060186146101,0.008468834385986636,0.007421237234768668,0.006134477738775353,0.004226690270747924
2014-09-26,0.004718263541237047,0.008704590560433339,0.004539911194058074,0.002996026234622467,0.002048099616275076,0.0013260763595595122
2014-09-29,0.007535585787136843,0.012900716865373325,0.0078008614929733966,0.005758810097314274,0.004147944050028977,0.0025047947070192195
2014-09-30,0.0011939849976475674,0.0013966012476668297,0.0015028571074284986,0.0013582559494399163,0.0009788333730064208,0.0003405177622450184
2014-10-01,0.0048287271792027105,0.005161260336321018,0.005633720602758388,0.005371147858277905,0.004519281785507381,0.0029887250784118315
2014-10-02,0.0034406064279080416,0.0066330164675914285,0.0032842424002998884,0.0018754361523284264,0.0008786845115679535,0.00034111599671397916
2014-10-03,0.00640440408461252,0.00795127167845916,0.007234693745973225,0.0065813223190469726,0.005539411720647422,0.003939486998872433
2014-10-06,0.0018192874255252265,0.0021462972333005192,0.0021973227872315085,0.00199692004323911,0.001562259206595095,0.0008281732612983257
2014-10-07,0.007221996609108333,0.009591560878256215,0.008459592407033199,0.007346386914607322,0.005695755021763822,0.0032882222200409238
2014-10-08,0.008501370048370434,0.012155382623337015,0.009665825870609684,0.008151312226412208,0.006294474219761638,0.003757745374593318
2014-10-09,0.010206688766144566,0.012107315963442625,0.011538793340657279,0.010646860278725611,0.00911891033959824,0.006681426993640077
2014-10-10,0.017815876872806533,0.022054431451531846,0.021535306082469584,0.018903011983651855,0.014465859279370547,0.008383021070855552
2014-10-13,0.012420984029220237,0.021656047341382805,0.012644796160189492,0.009078315871508534,0.006472709230944946,0.004268158974841642
2014-10-14,0.007627385896060575,0.010008176317961054,0.009493029968627704,0.008011930099614966,0.005512375000224522,0.002454906266284343
2014-10-15,0.021126970811564002,0.03391073248818458,0.024623064013431964,0.018320623479635593,0.01128925764755848,0.0035240369114225563
2014-10-16,0.005301071318005581,0.006415063360534775,0.006153565812042437,0.005472462089487581,0.004483891530644116,0.003381456918346459
2014-10-17,0.015328138128813437,0.025388724624153886,0.016004737918983405,0.012183531679454155,0.009205391453905747,0.006390809227285267
2014-10-20,0.00860442190972553,0.013694718923482774,0.009576818778265848,0.007385721798505876,0.005247358101265722,0.0029725316095942913
2014-10-21,0.01114635099274454,0.015423750912186026,0.012719999709212379,0.01080032770774219,0.008524399329474746,0.005674747125713243
2014-10-22,0.007631198601704674,0.01195595772366394,0.007664034924392352,0.006198776204151386,0.005333167185368077,0.004756690595856688
2014-10-23,0.008359083421043773,0.014359596956675446,0.00846204390032491,0.0061865060552104174,0.004640331337637854,0.003429523928541205
2014-10-24,0.0034153242713620517,0.005951193759003588,0.0034623559102433463,0.002502906358731308,0.0017972097379688775,0.0011929294629380231
2014-10-27,0.0005802057999870939,0.0009880959640621119,0.0005228311693712979,0.00024978593774412035,0.0001959763289508137,0.0005768085034286318
2014-10-28,0.008562835811188206,0.013809697623733665,0.009106822679678881,0.007097826848712976,0.005392973629920241,0.0036749839892768472
2014-10-29,0.0033664492624384205,0.004590391488963157,0.0030346799733364724,0.0027503504547933978,0.0028888814579725816,0.0032363347969494812
2014-10-30,0.002119592448783829,0.003024264369810783,0.0022921103953752893,0.0020265840982941585,0.0016487036181583577,0.0011127214267845553
2014-10-31,0.0034559018197119324,0.00494232967519711,0.00411914190655805,0.0033934915815667234,0.0023934568304071076,0.0010382261601201972
2014-11-03,0.0015293331212658289,0.002034324686325926,0.0015315752190242576,0.0013837392145550204,0.0013133255917441176,0.0012532123021466682
2014-11-04,0.002721891602159902,0.0036302188784629176,0.0023718515364845373,0.0021484211506873716,0.0023489623553849793,0.0028470973051748284
2014-11-05,0.003309558899476574,0.005125679579273096,0.00354078248183526,0.002876344460998221,0.0022748808321284156,0.001583580927446989
2014-11-06,0.001919776704467471,0.0018192674932511102,0.0021883153997650814,0.0021983065039778054,0.0019259362794120933,0.0013369638874868356
2014-11-07,0.0017130431805344687,0.001457713439432463,0.0015934126475754071,0.0017055527456412884,0.00182842912905679,0.0019382025453432475
2014-11-10,0.005204686531893066,0.008622109503175176,0.005709424328336124,0.004288529889579734,0.0029029967890663744,0.001298703992238742
2014-11-11,0.0020082917151793413,0.003740179150762654,0.0018797604080658648,0.0009123096641356069,0.0004280243242072388,0.0012760192198278287
2014-11-12,0.002414264126289093,0.00407193629252303,0.0024577032961269917,0.0017798872238513604,0.0013686553136105773,0.001217033195179469
2014-11-13,0.0032171458677370027,0.005424230794676633,0.003324484793951344,0.00249759854833683,0.001864779080596106,0.0012491033921462466
2014-11-14,0.001112543250138856,0.0014811796315236472,0.0013036454625181045,0.001149541320052771,0.0008704585300092319,0.00046501024224050816
2014-11-17,0.0003453171040992899,0.0002136313631832673,0.0003375092652204845,0.0003906999463078916,0.00039503742064725004,0.00035772564447599355
2014-11-18,0.0013041050348580633,0.0019215244402977527,0.0014899678634513684,0.0012297485018248058,0.0009073274282565981,0.0005056331289821154
2014-11-19,0.0017610450343864656,0.003023814184005973,0.0018065286892166197,0.0013206389961501308,0.0009635297821269369,0.0006533934053307417
2014-11-20,0.0008498340926832783,0.001293996421414528,0.0009279434291904743,0.0007549602141859188,0.0005925582513613602,0.0003930572130906543
2014-11-21,0.001467741313531339,0.002489890025336137,0.0014304140798727554,0.0011423156702600995,0.0008601200732334932,0.0006935376040027832
2014-11-24,0.0029810962513656036,0.005412819640282801,0.0028829412892846414,0.002022755157362244,0.0014201899780361613,0.0008463033519294052
2014-11-25,0.0011555412615226442,0.001762488028207102,0.0006844737042341116,0.0006017581247275409,0.0009453300080353858,0.0013585831109201995
2014-11-26,0.001154753103667593,0.0016124152746950608,0.0014358797792309358,0.001139628523475554,0.0006635746465635224,0.0005162900450274913
2014-11-28,0.003038322553283033,0.003144927224287038,0.0036121017940108917,0.0034964662000904795,0.0028841468641364718,0.0016357243197738932
2014-12-01,0.0030146376391707,0.004585052519227425,0.0035373508297361473,0.002847605307342688,0.0018741377442893347,0.0005323482974881474
2014-12-02,0.00579125684084393,0.009570754273396475,0.006233049203907186,0.0047564280244122015,0.0033867403699713596,0.001774660913536917
2014-12-03,0.001791629371937441,0.0015627531931303195,0.0019852823408529232,0.002031085453799519,0.0018615493127112233,0.0014406462272576349
2014-12-04,0.001731891477063847,0.0035789075395119513,0.0013583651501451273,0.000482276538520523,6.46022296328222e-05,0.0003267128348363561
2014-12-05,0.000682983168498674,0.0008259837138625432,0.0008059840289577389,0.0005875556319779945,0.00021298874303744098,0.0007809512573980543
2014-12-08,0.008160496671452886,0.012548204140016955,0.008835500448853034,0.007218609220421517,0.005638832869146894,0.0036797118228771124
2014-12-09,0.0016211459637405338,0.0028384647380256004,0.0009716242141817774,0.000851225361705523,0.0011671018545515348,0.0014328028967215598
2014-12-10,0.012729579157747908,0.01824429366485673,0.014324668876324113,0.012137386570708321,0.009487259523181748,0.005902227706042549
2014-12-11,0.01038627284870786,0.01732805183939847,0.010524542106671218,0.008010624864217407,0.006324267802281709,0.004917263200689894
2014-12-12,0.009632867155160044,0.011445048349265982,0.011256061230645906,0.010208748124324775,0.008382810362592554,0.005637601809158415
2014-12-15,0.003960825434021143,0.0070091552313987756,0.003942581013615871,0.002760318692864192,0.0019959627576600692,0.0014714828816650362
2014-12-16,0.013592091924112794,0.02011938800229208,0.015588338647956784,0.012652895403935828,0.009333424423640818,0.005360052742534208
2014-12-17,0.019238084747684913,0.026660983774445868,0.021497042519907,0.018370262031444873,0.014944500182266526,0.010806665446374722
2014-12-18,0.006935169280125759,0.00829945882794543,0.008342060335137765,0.0074834185837481075,0.005886162135466347,0.00337096705168943
2014-12-19,0.005099000459703592,0.0049391494488722435,0.006074244863157565,0.005873841524140166,0.004911580975517598,0.00317517536123858
2014-12-22,0.0041025414463096675,0.005887914163429242,0.004184848258524394,0.0036310987037049716,0.0032598819535924507,0.0028569275985317055
2014-12-23,0.0029295077832644984,0.004244348599343061,0.003371580880369413,0.0026167738868793137,0.0017755972791079246,0.0018782372913956962
2014-12-24,0.0016602058260082205,0.0020852240527950245,0.001952758203958541,0.001369883510364361,0.0007016676951389004,0.001803073648996672
2014-12-26,0.005510438155759296,0.006463921887230173,0.007085193463111559,0.006289022071944295,0.004258976446654747,0.0014668714237263964
2014-12-29,0.000705765703322565,0.000888846254958397,0.0007854238508945939,0.0005364590972488511,0.0002822755395991444,0.0008462387406324959
2014-12-30,0.003286281673717862,0.005019690383416914,0.003440698277642079,0.0029044396764033105,0.0023929361532980635,0.0016735073182706022
2014-12-31,0.011892995635766353,0.018011266713719703,0.013417535592342777,0.010990501907000834,0.008081025839725631,0.00408492658038706
2015-01-02,0.0016457797023884876,0.0020153518019953853,0.0018904140249327325,0.0017268321726352526,0.0014461453091908613,0.0009134333389790163
2015-01-05,0.007482310641724269,0.009016081613296652,0.007906572825655479,0.007470190316624889,0.006859224512463563,0.0057678884275187215
2015-01-06,0.0031890295996472424,0.0024369679255387498,0.002421340145281155,0.00307688744920971,0.003649328852652229,0.004032742332206732
2015-01-07,0.009142698387671155,0.01594624769939356,0.00924040460582599,0.00670101789178033,0.004844898647157172,0.0031464412250435418
2015-01-08,0.009813801354864832,0.013533448184986164,0.01095812794977504,0.009548071794681695,0.007789988257078725,0.005144813425438027
2015-01-09,0.006641509530056458,0.01201420276173817,0.006632797277493956,0.00454264962286346,0.0030102265880187513,0.0015862051435261992
2015-01-12,0.004193456196333304,0.004682913238634787,0.005095995159575623,0.004770478882417949,0.003700051839793383,0.0018917396493909498
2015-01-13,0.006112236750394654,0.011736085223566657,0.005808671083205513,0.003396955992069629,0.0017609004660186951,0.0008250781013969896
2015-01-14,0.004163395769904028,0.00455491579023284,0.004816195913183713,0.004514218120829201,0.0038400247837848426,0.002757238685984449
2015-01-15,0.003279991915179336,0.005997665132837435,0.003360809214257701,0.0022047620122840656,0.0011754119106820778,0.0005311690007252942
2015-01-16,0.004114771086634935,0.005036252793141198,0.005332239378164739,0.004563543921500376,0.003069723698802126,0.0007816327680634917
2015-01-20,0.0038466393753283446,0.003512184790357757,0.004318538211112651,0.004354320448360352,0.003914581728656437,0.0029519318182051344
2015-01-21,0.004104244050710321,0.006121041324044976,0.004410628519727013,0.0037084205837290894,0.003032589027563393,0.002086702152521121
2015-01-22,0.007788482356417273,0.010551250607202342,0.00792088304749616,0.007163466622764172,0.006568270571243223,0.0058970820835816656
2015-01-23,0.0019511772840029677,0.0019021441385968798,0.002402203253578349,0.002332360605366272,0.0018558189381765145,0.0008733620370648094
2015-01-26,0.002954544055971498,0.0034535730211710447,0.0032046629749938878,0.003033982723644516,0.0027266258980668235,0.002193189809875857
2015-01-27,0.005732382720147001,0.007686813766862897,0.0058860992810565805,0.005324242656361312,0.00487105733860009,0.004300352097045633
2015-01-28,0.01208010189980906,0.016966064394332972,0.013017669343400847,0.011311656278552601,0.009558897232221362,0.0072808769610393335
2015-01-29,0.007986980772704412,0.010302342067014927,0.00917891727029913,0.008191083648979093,0.0066193349730473494,0.004202271786425562
2015-01-30,0.011703215331160132,0.01691043150638609,0.012910588113592735,0.0109726803308265,0.008818804730753988,0.005831743799655027
2015-02-02,0.0073402013693801985,0.009844805729145301,0.008246629879995348,0.007248480132493992,0.005961686209904824,0.004047654851451773
2015-02-03,0.00817363623185857,0.011891755644834528,0.00897518511980387,0.007677860027923087,0.0061394446561963785,0.003928298703978067
2015-02-04,0.0053780059415749325,0.00787501338138988,0.006152958407688148,0.005129702824316753,0.0038240601832340666,0.0019500562205913665
2015-02-05,0.0058598807006090435,0.009017136706669667,0.006422380408780747,0.0052467372110117086,0.004004203818473068,0.0023608017798413842
2015-02-06,0.007065834497495459,0.012892130631737109,0.006537794030053274,0.004361201115667445,0.003415771826888402,0.0031611280233717976
2015-02-09,0.003924674655717395,0.003476230460003018,0.004704935212392487,0.004668580950462401,0.003898018469113405,0.0024092667195059862
2015-02-10,0.005714668490708314,0.007836134796867239,0.006461895700395492,0.005700646311737606,0.004522110019253228,0.002679408105953788
2015-02-11,0.0017016551393708194,0.0015859320063378911,0.0016744408226783336,0.0018847175872505212,0.001829566209695793,0.0015032450798206308
2015-02-12,0.009410296709200286,0.015552405012347031,0.009655292866552156,0.007487386559552733,0.005872325410899258,0.0041377863097669144
2015-02-13,0.0014160832720796696,0.0016506924910464388,0.0009923070309764167,0.0013276047588830304,0.0015156924536625916,0.001502378851587839
2015-02-17,0.0018550009285258102,0.003353043735560203,0.0019450950939343536,0.0012804382191479147,0.0006514881821615527,0.00033894855447432463
2015-02-18,0.0012267342530349246,0.0016989838116301078,0.001369877608944077,0.0011607468438103881,0.0009345247914617242,0.0007352578873469527
2015-02-19,0.00030470315470389653,0.00040822259843220984,0.00035400108906968224,0.0003077398766110466,0.00022361556652913662,0.00016598146959386235
2015-02-20,0.007089701154659519,0.012652183694689978,0.006927367179140769,0.004836580328026978,0.0036028115996461054,0.0026230484824121968
2015-02-23,0.002439889971457336,0.00453198579570944,0.0020853124663719933,0.0011187435390654875,0.000939626531758806,0.0016563233089544938
2015-02-24,0.0055595047336095575,0.008744873320916256,0.005590448497342393,0.004523459675255552,0.0038880455764424963,0.0033520075740766987
2015-02-25,0.0023634693996002934,0.004397205954257607,0.0023123812417157378,0.0014225496804483474,0.0007264925379157502,0.0008342492445585506
2015-02-26,0.001151465518593852,0.0019084506242833484,0.0010522000709217883,0.0008147521710091134,0.0007497645781195014,0.0008087567033483859
2015-02-27,0.0016753539329505825,0.00264708012374558,0.0016549613301105783,0.0014951039603395217,0.001235146608310631,0.0007260859600146915
2015-03-02,0.0044237980677399955,0.006002789219276755,0.004884461187917619,0.004418300796682713,0.003619535285123072,0.0023099977495971073
2015-03-03,0.004398984514879519,0.006476196033490357,0.004969909083586345,0.004208730990811858,0.00314913321347229,0.0015759936225201647
2015-03-04,0.0013636478953092232,0.002373846839159966,0.001345051547873801,0.0009624260564790794,0.0007488910560293049,0.0006051972419702054
2015-03-05,0.0019394735885296171,0.002362827844932513,0.0017051801681954373,0.0016680976384529282,0.001814461024044444,0.0020597028021138546
2015-03-06,0.0054246018964488425,0.008072937718328316,0.005197055495097474,0.004545939180667488,0.004261469709624768,0.004015486562208102
2015-03-09,0.004289579321449983,0.008622048527953001,0.0035880785388818248,0.0016983324823180083,0.0008597875744837806,0.0010792856256628697
2015-03-10,0.006654040708072972,0.008637146433099513,0.0072632480480307625,0.006618329919634561,0.005687445604276013,0.004228107092152044
2015-03-11,0.0021007199385842243,0.0027366525395521504,0.002469901629697395,0.002238692582667563,0.0016843067425798069,0.0007917110814033705
2015-03-12,0.005615720429463922,0.007354874468186914,0.006206605224319245,0.005559644781994118,0.004686967140852225,0.003491151926624607
2015-03-13,0.003910357290690597,0.005698153015824035,0.004458059580963113,0.003754478544292366,0.002758305983622016,0.001551407956111883
2015-03-16,0.00508932708698462,0.0077175525497633615,0.005341674306615534,0.004471193910835615,0.0036809782820754755,0.0028055254648383524
2015-03-17,0.0025728281630776543,0.004084539637568972,0.0025887545352379555,0.00208111429394274,0.001769207513267203,0.0015003258844619788
2015-03-18,0.006113497946027895,0.0053081277248604565,0.00695148488113619,0.00706474718071763,0.006311251220501646,0.004542287858403282
2015-03-19,0.004536349578741017,0.004699345961377594,0.005235681810877066,0.005127769345997595,0.004338766003338162,0.0028770144448331397
2015-03-20,0.002906323419069811,0.0031921285886655627,0.003324442278300764,0.003228565790458707,0.0027115052015767058,0.001793343294336259
2015-03-23,0.003691313459785277,0.005577007143657736,0.004174774795801108,0.003376715945726452,0.002417450249252557,0.0015332794038138153
2015-03-24,0.002666551650120471,0.004062425796077913,0.002901585860783361,0.0023419799870042484,0.0018430712138767509,0.0013221962406217561
2015-03-25,0.006312329543019272,0.007900703021808415,0.006862291677389527,0.006346936042230048,0.005537004886637327,0.004332821915932259
2015-03-26,0.0025408210150056447,0.004524591004225122,0.002435755597895284,0.0014769780274054602,0.0010215945297399366,0.001627546800139823
2015-03-27,0.0014865790681338567,0.002697898331587564,0.0013648053012811211,0.0009409704286248268,0.0007482376457123585,0.0006804063411470026
2015-03-30,0.003941873770688139,0.005636220918858928,0.004249152776559801,0.0036755791402940086,0.0030006853279246916,0.0023142091741413153
2015-03-31,0.005555459293447978,0.006778440037245676,0.006743034762424331,0.006034062840986778,0.004585867262795984,0.002336617157137226
2015-04-01,0.00336316120868003,0.006588378720069806,0.0024484255654367644,0.0009305767203842934,0.0005965547511307819,0.0024353426998432325
2015-04-02,0.0026928649523671167,0.004931522662042674,0.0021398378872913935,0.001399562749872282,0.0014401484966065478,0.0018237277003981286
2015-04-06,0.003348186115232781,0.005336909081502131,0.0034751566055969798,0.0027400458034855146,0.002227545841016808,0.0017385706354686367
2015-04-07,0.002476164138229189,0.0038180293760108424,0.0028039461612711066,0.0022415357717032766,0.0016083120529298695,0.0007786729290580839
2015-04-08,0.003075301989244319,0.004308298311251484,0.003615863435055661,0.003067734268138129,0.002261791171056771,0.0010605734600517157
2015-04-09,0.004001413960833948,0.006735377742798196,0.003831265228295617,0.002941569683131248,0.0025062751888045,0.0022535337404445115
2015-04-10,0.0027973894574129183,0.0033958855452016715,0.00309581907483089,0.0028516774108993696,0.0024956653616291296,0.0019106006513552446
2015-04-13,0.0037857743802659936,0.003938687690779688,0.004497035406225569,0.004295181852197953,0.0035769151416343084,0.0021635482539436525
2015-04-14,0.0010861095279339104,0.0012607783473400256,0.001445236399138074,0.0012591612740414189,0.0007566392663915404,0.0002488154925601266
2015-04-15,0.002830474048898686,0.0051697358925036335,0.0026815409473852254,0.00177151048158043,0.0013018786257405252,0.001143655679910373
2015-04-16,0.0010685380843258156,0.0019181898252277198,0.0009371002476369525,0.0005456130132402793,0.0005131267630851757,0.0007682880145711122
2015-04-17,0.006486414011770326,0.009341322834347634,0.0067733972668462105,0.005799943388825075,0.0050854040131521,0.004210455265154661
2015-04-20,0.0030061466765262746,0.004956649954335463,0.0029287885203580413,0.00227721506659249,0.0019633801070806636,0.0017314266755364242
2015-04-21,0.0007786380869922575,0.0010357926110585532,0.0008986671170200507,0.0008423604550348598,0.000616560290210048,0.0002473857404292998
2015-04-22,0.0022136285517044448,0.004175655764041756,0.0017238800676086868,0.0009729034261864463,0.0010150896188965957,0.001454628910153701
2015-04-23,0.00047416404024916057,0.00045151692296260213,0.0002649380890746926,0.00015254605756790743,0.00034658795066836324,0.000840657156833191
2015-04-24,0.0014707907503907962,0.002984305113033844,0.0012378824959395746,0.0005123446982400627,0.00013373490635376295,0.00031195345926902647
2015-04-27,0.00318089878487782,0.005130008588034316,0.002508126043125956,0.0019063225781069354,0.002204737388947352,0.0030802545853631635
2015-04-28,0.003565622279187569,0.0064609847232831,0.003132601442268195,0.002068802523465543,0.001797251952056307,0.0021214941287516624
2015-04-29,0.004864376381312037,0.009370185249285356,0.004497671506057731,0.0026005846616541585,0.0015175760249772539,0.0011024018046913986
2015-05-01,0.004091976864807812,0.006720634255620691,0.004681885905341623,0.0034654346572634068,0.002080946055260893,0.0005429724058226083
2015-05-04,0.004420091868059404,0.007689246902030349,0.004681564757697681,0.0031955622342202928,0.0019081229403542794,0.0016709108178603797
2015-05-05,0.0044402295900657675,0.00475235457861285,0.004959409272465501,0.004826504835443727,0.004227684877668747,0.0031982981940976178
2015-05-06,0.002695037699562335,0.0042877094010354,0.002778507220015038,0.0022056315409531737,0.0017863096439551746,0.0014682895124509502
2015-05-07,0.001600685774866094,0.0022754241650210457,0.001737141595203487,0.001512414284716571,0.001252066131351515,0.0008721766626396346
2015-05-08,0.006223057144532564,0.007867540221379922,0.006787532399226875,0.006206270428035665,0.005397552395848291,0.004244060723312751
2015-05-11,0.0038413173255912834,0.00563864320868001,0.004326934151144272,0.0036162709017755527,0.002775737827199119,0.001574738669092237
2015-05-12,0.0015672359062097164,0.0030699066880020436,0.0011707475357702328,0.0006393807380450931,0.0006785585638059078,0.0007854397560066489
2015-05-13,0.0011786764731018917,0.001658995093382449,0.0013161660703771704,0.001124881064912435,0.0008970126171363389,0.0006259746408922094
2015-05-14,0.004014160257065391,0.006159538211741766,0.004361171122980899,0.0035551545130641763,0.0027945759687223594,0.0017773322268123902
2015-05-15,0.0016113365561655592,0.0018980406567107038,0.0019472135216097965,0.001776684645492326,0.001395287840103596,0.000695982878123767
2015-05-18,0.001856826755166024,0.0027762483157240878,0.002069728865136969,0.0017185503299061503,0.001302128565220611,0.0007737839950373123
2015-05-19,0.0020003649337511833,0.002525508713321272,0.0016814761521168468,0.0018389746876561282,0.0019635693372186632,0.0018879381837873391
2015-05-20,0.0031253258526092263,0.00602033317044483,0.002856172702731433,0.001579142588306467,0.0008497946422089222,0.0011046864649398116
2015-05-21,0.003647912853799835,0.0043831789507092385,0.004248184540683611,0.004066483727716455,0.0032541553509470274,0.0014666950545585925
2015-05-22,0.00226086221941947,0.0035063584658736654,0.002614138866103063,0.0020481207764638464,0.0013821228567013064,0.0005693468780261138
2015-05-26,0.005155942130989334,0.006200374103716519,0.006025083536580951,0.0055415144321778,0.004493016744774652,0.002697562598138677
2015-05-27,0.005082052577994281,0.0076592706045404725,0.005575993859692946,0.0046009414044220435,0.003609599499004981,0.0022764639159095633
2015-05-28,0.0018134739525557792,0.002799886746382239,0.0020886780527950314,0.001647696936477236,0.0011392143599822185,0.00047831216765902755
2015-05-29,0.004140420897158261,0.006912597362907432,0.004351026387489999,0.0033479974343120665,0.0024202832152043705,0.0013903724104911
2015-06-01,0.0011125475701631638,0.0016885443299881745,0.001274294338196386,0.001042768812183223,0.000730850661576185,0.00030379759626577636
2015-06-02,0.002561208663476103,0.004634114882114322,0.0025585342789045387,0.001738038686624185,0.0011536568102588328,0.0006527849418478737
2015-06-03,0.0015587327736047813,0.002722773349464283,0.0016594054141337152,0.0011792913866973042,0.0007326517459827137,0.0002315415749040859
2015-06-04,0.004982498562574225,0.006605986957548717,0.005587077776463824,0.004975659210363247,0.004099724600667619,0.002776154082128648
2015-06-05,0.0032127458021969056,0.006177127629647871,0.0028677191154738006,0.0015284609614873825,0.0009803485277064593,0.0013894902385008239
2015-06-08,0.003424363951986723,0.0042272609199492835,0.004099481432194758,0.0036640139087154764,0.0028553763499268156,0.0015419751804451201
2015-06-09,0.001906716305944044,0.002426279922443692,0.002394452850860621,0.002058283718146391,0.0014440875409692919,0.0004854646736347676
2015-06-10,0.005803186194619996,0.005701219855968831,0.006195504558421092,0.006183526406999317,0.0058505764724741125,0.005003141171434721
2015-06-11,0.0018577844054844211,0.0022428900143576535,0.001770081179334619,0.001896889097648074,0.0018346723187043694,0.001459061589710805
2015-06-12,0.0025939382656416177,0.002887985574470727,0.0028525269656664172,0.002731474773334341,0.002459692174363383,0.0019115877776361184
2015-06-15,0.005647854905293801,0.007493833165784439,0.006811007923162785,0.005861088385339215,0.004322376179522559,0.0019770351064654556
2015-06-16,0.00180911333962869,0.0028609481389334523,0.0018942769235859055,0.0015386444291497266,0.0011820968090203233,0.0009090470372681358
2015-06-17,0.001133633348981111,0.0019095938461910658,0.001169868758706847,0.0008873071242702677,0.0006553711703309974,0.00044006360440255045
2015-06-18,0.004597054895125186,0.005785099811059596,0.005098392284040234,0.004655206724575249,0.003999731218157628,0.0029214354985270695
2015-06-19,0.002549208779794558,0.002248032619836525,0.0028502908290342125,0.0028934230190853093,0.002632049188697547,0.0020037312309505325
2015-06-22,0.004665357512465298,0.0038377465379401897,0.005279410082587734,0.0054320240289385015,0.0048855083442537915,0.0035850045262513022
2015-06-23,0.003909103837072562,0.005982968097549125,0.004339812756696959,0.0035241150057325633,0.0026686351274908906,0.0014948518348950703
2015-06-24,0.003194570857310045,0.0034542724985436525,0.003962020522020062,0.003686445631241,0.002862108641426087,0.0012709297515395208
2015-06-25,0.0008571836924410972,0.0010701649637417819,0.001054653773781413,0.0009294786895464714,0.0006840056028614981,0.0002906501018337904
2015-06-26,0.002333805499942774,0.003099194337425139,0.002874153616743618,0.0024991446620368203,0.0017078044307417613,0.0004529414847404729
2015-06-29,0.016508327774367167,0.02374470197397545,0.01841214879067734,0.015573939102763714,0.01235991962367645,0.008030637728500885
2015-06-30,0.0032906091957326275,0.005233617320900124,0.0025984723531972385,0.0024959177643160426,0.002664104771416317,0.0025827651546226327
2015-07-01,0.009097319314689595,0.014497131059505779,0.009628467677369855,0.007647791208920317,0.005949945506307913,0.004128114932170126
2015-07-02,0.007203844366794602,0.01357096869508361,0.007023479120702668,0.004395284585926855,0.002451006305528453,0.0008065107079757013
2015-07-06,0.002212125007102298,0.002493676114193743,0.002741716965144267,0.0025125108127947216,0.0018646267845603955,0.0009708290918931006
2015-07-07,0.008067596484955662,0.013596302715441055,0.008424916018155844,0.006288168359654429,0.0046142127690471475,0.0029597106243785397
2015-07-08,0.015362536799564036,0.02545731610422127,0.016815955839801087,0.012669355413591014,0.008580260941068552,0.0038798100650286028
2015-07-09,0.0056779875002612645,0.009897443631462575,0.006280483326153006,0.0043077031527497655,0.002275198109287074,0.0002470144304226049
2015-07-10,0.012739155316444498,0.01940125569236499,0.014410417706415424,0.011603531213504712,0.008462271768474876,0.004594513016879969
2015-07-13,0.012650076119747958,0.01998965425500643,0.013783847822076103,0.01091245813076191,0.008171373262598446,0.004968733008312928
2015-07-14,0.0014759418277969117,0.002123952196147647,0.0016636595603647323,0.0012835577708777746,0.0008042623673074238,0.0011483583170079775
2015-07-15,0.0014416768312805039,0.0028455619526183045,0.0011714918914989198,0.0005507079331044872,0.0003621167876926514,0.0006986677004880769
2015-07-16,0.005434457613244951,0.009479478718393324,0.005656960367127907,0.004020934280783987,0.002726595833456532,0.0014841472479662828
2015-07-17,0.0014734125310519844,0.002771337944790584,0.0014035940999852726,0.0009154064883019864,0.0005552782671853491,0.00024089217239621797
2015-07-20,0.0004323329486203619,0.0006164285532159287,0.00048074469817917817,0.00040283474138732255,0.0003198982147588756,0.00024258724119809698
2015-07-21,0.0012595781999530523,0.002258136671975363,0.000990465312749404,0.0005659312380119063,0.0006238859731643212,0.0010690984848161706
2015-07-22,0.0006365615755799403,0.0010016224098413017,0.0007003645625926197,0.0005493001992262288,0.0004033582069215686,0.0002605123281752214
2015-07-23,0.002558920951058766,0.002992153791298758,0.002834342854840288,0.0026882818841220944,0.002315776326338805,0.0017788251620492344
2015-07-24,0.0023350430407398145,0.0025998315080266836,0.002243546661581006,0.0022420323169288596,0.002303776142843501,0.00226614454332228
2015-07-27,0.007613248392920149,0.010666412358277437,0.008825843532492576,0.007484864524093717,0.00567718356689889,0.00314424531618449
2015-07-28,0.008115707502266796,0.011619159357228707,0.009051399280246453,0.007675869866725136,0.006123873139781671,0.003996254217337519
2015-07-29,0.002110612368072364,0.0020140438505358493,0.002042978934002469,0.002236031733144621,0.0022544416973073597,0.001990211548165971
2015-07-30,0.002445612895915485,0.004498318079511935,0.002438885912690412,0.0016129053106970206,0.000978294852350274,0.0004044227792140739
2015-07-31,0.002160728652319085,0.003981576672788628,0.001962606777552943,0.0013369102453109063,0.001044093360460366,0.0008726416393899846
2015-08-03,0.0030131842370315805,0.005914297019891705,0.0027534241748202624,0.0014067474166443521,0.0005718656460872063,0.0007281302727418265
2015-08-04,0.00156658937338837,0.001895905321733533,0.0019386702961597432,0.00172931348977305,0.001223327380465144,0.0006565491544206235
2015-08-05,0.0016154637105671187,0.0014763268600279436,0.0014012172519020853,0.0016399572673316785,0.0017790711615032816,0.0017467427342805228
2015-08-06,0.0036998316530726474,0.005203617567650948,0.0038551145110503325,0.0033651091053519305,0.002937355234936693,0.0025597290002229776
2015-08-07,0.003905290686994358,0.0071432650314885385,0.003879677004727124,0.0026563356370276287,0.001682437496548249,0.0005400303993244082
2015-08-10,0.003390151585431207,0.003337219374294728,0.002969320232518934,0.003297967729906424,0.003630972774955168,0.0036675862124324323
2015-08-11,0.004964683413793138,0.004120238021743674,0.0054610056471675415,0.005670603204118666,0.005231349401867464,0.00411323542953299
2015-08-12,0.003957417969263518,0.005810499890995442,0.004632552962342401,0.0038751600858250804,0.0027131913285230566,0.0008396761930285847
2015-08-13,0.0009265749108853366,0.0015311919208646925,0.0009353629971384137,0.0007226979449391402,0.0005932271523468732,0.00044614114198641936
2015-08-14,0.0018771372226017394,0.001865652034381949,0.002093524689455652,0.0020803960231239142,0.0018749777777782623,0.0013824356561659076
2015-08-17,0.0015853957156083346,0.001874606829185248,0.001833082091773398,0.001703206162435842,0.0013810230932924984,0.0009407024716515892
2015-08-18,0.00286536849770211,0.004713083645550109,0.003160493129721586,0.0023861779186677063,0.0016149546500254725,0.0007401927343420325
2015-08-19,0.005800901272618056,0.007724374521096881,0.006756334603728352,0.005860186051925892,0.004608145989454261,0.002713202688759356
2015-08-20,0.011262410814389529,0.014584687997982456,0.013373891462111076,0.011623552377879761,0.008941761509789047,0.0052510304838489265
2015-08-21,0.022513528209636587,0.03663917852047838,0.024183974819381907,0.018548929607839305,0.01366036836004375,0.008736833990746696
2015-08-24,0.05432508583777935,0.09352523353982721,0.05942162015610113,0.04188132845101533,0.025374669864761876,0.008958625016586277
2015-08-25,0.0129411434863018,0.023759423901008193,0.013068902273297243,0.007922887859676047,0.004084216268946609,0.004754636511862259
2015-08-26,0.02466726238334655,0.037822708160763545,0.027777517312060074,0.021923366396550868,0.01605740910603586,0.010086975039733844
2015-08-27,0.009408977514960061,0.015215655952187232,0.010102894570439154,0.0077917371298463906,0.005802370812185227,0.003831572795296272
2015-08-28,0.004601302251579782,0.0046049058586339455,0.004169952465374967,0.004265057966176234,0.004649066535948384,0.005240392295532787
2015-08-31,0.010878152037880078,0.01588610667630768,0.012523265837421632,0.010165438623507233,0.0075796758118227845,0.00465647489092223
2015-09-01,0.021359276692852574,0.030079938683584547,0.024483534894497404,0.020324223345373024,0.015739739823145596,0.01077190084330413
2015-09-02,0.018429843997912927,0.02901659036309183,0.02098485897648381,0.01603514423134345,0.01107858623328959,0.006008993503593465
2015-09-03,0.0018620970364268674,0.0027968444036469402,0.0020842471643463317,0.0016715055477055142,0.001274432534567932,0.0008674635000252856
2015-09-04,0.009561397221429263,0.012946643346290747,0.010285304653989686,0.008978658328744048,0.007785722955075372,0.006516496838856545
2015-09-08,0.01454371334645158,0.021519570548087258,0.016185947491196128,0.013226564048461318,0.010304849910371658,0.007168629475260225
2015-09-09,0.002794627949870604,0.002603928028766297,0.0027377898062455946,0.0028042018138147422,0.0028836597191629417,0.002931680661376349
2015-09-10,0.0033407107187607902,0.005824793698854206,0.003671095121099497,0.0025150524037382284,0.0014079054845048933,0.00029814939710752405
2015-09-11,0.0066877388802820655,0.011654443168558343,0.006801713359760072,0.004873552116257415,0.0034784527135605227,0.0023851127743428585
2015-09-14,0.0033529017047951317,0.0043193053603697625,0.0033428962213495027,0.0032305893794285817,0.0030116026933337484,0.0026214379157796035
2015-09-15,0.012324401698275166,0.017176327951959107,0.014238796347715021,0.011923122865881014,0.009171243025265723,0.005950820552991391
2015-09-16,0.0103950387287932,0.014857508882250339,0.011940052556894176,0.009886416196692654,0.007560612315997667,0.004697833735985924
2015-09-17,0.006619139843813941,0.01280129061576275,0.006261454115572675,0.0036088140004452533,0.0016115444744889604,0.0006046471749070898
2015-09-18,0.005441620422596831,0.005930875269824108,0.00623435880551559,0.005831051208152458,0.00503965072542775,0.0038228804989945716
2015-09-21,0.008604457598320634,0.012574266619219478,0.00958748475063292,0.007892330829568145,0.006213268874800845,0.004388372354043333
2015-09-22,0.010944771135941254,0.015448514083372623,0.012607439056638586,0.010512243248898495,0.008032017925315747,0.005129853707762082
2015-09-23,0.0020702528639121166,0.0029308906691181977,0.0023166769249050112,0.0019400097158353289,0.0015315426686507922,0.001167630879403539
2015-09-24,0.0058145553639617565,0.009261718241600337,0.006795421056145957,0.0050420883146385905,0.0031131395192359637,0.0014049220785987276
2015-09-25,0.002292941392539828,0.0032928683968722144,0.0021213419110214645,0.0018378214760875137,0.0018582471001186139,0.0020283385571616794
2015-09-28,0.015692422878699354,0.021489424149397186,0.018305485805894427,0.015406563729168158,0.011795376895844326,0.00760798239359153
2015-09-29,0.004091837391001652,0.006240140163212356,0.004560386444128423,0.0035739136037327805,0.0026981981775105646,0.0019814289145973093
2015-09-30,0.011422912077829915,0.0184363687681298,0.012802407623037413,0.009699439470598863,0.0064748508997571445,0.00355111914336693
2015-10-01,0.007155637006840958,0.012113140636122734,0.008032692758011866,0.0056791343972519785,0.003304587210622959,0.0012611549145888404
2015-10-02,0.005941540905467368,0.007582541802015172,0.006046657794208727,0.0055288565874801075,0.005237332957641317,0.004945161202935571
2015-10-05,0.008324419518030948,0.01111382410678321,0.010102197929891211,0.008466665696766277,0.006209025293513652,0.003266785752596581
2015-10-06,0.0026265426013858525,0.004036278634486484,0.0026288945808580874,0.002120392416563736,0.0018605207760256863,0.0018257592102335104
2015-10-07,0.006134908547510546,0.009232654551054452,0.007082131603946805,0.005655045152107423,0.004035733840093036,0.0021261074799773126
2015-10-08,0.004436235718669746,0.005728985058079497,0.005268682016326295,0.004555567508172308,0.0035368758220127245,0.002134940484251186
2015-10-09,0.0018870549017837716,0.0023644555347903345,0.0019973164289458817,0.0018291596437873619,0.0016577553617936032,0.0014597877504545912
2015-10-12,0.005056148316109169,0.007671887703523482,0.0061265316871117565,0.00473798037634826,0.0029312696645042726,0.0006246019781464984
2015-10-13,0.006694616533418414,0.010053470201757165,0.00724670146366308,0.005979843169315249,0.004757714406926913,0.0034796748036323684
2015-10-14,0.00367915179362865,0.004029009962400842,0.004201255451340079,0.003974671959826966,0.0034283891534886025,0.0024990901508892267
2015-10-15,0.011551320190430536,0.017709742575057162,0.012665659775797396,0.010241608617172758,0.007908989572229137,0.0050663999010362205
2015-10-16,0.0020513840367747983,0.0021613246551564504,0.0023917167967772825,0.002254549281802611,0.0019159179229529138,0.0013767769896136884
2015-10-19,0.004107107390106532,0.0046322319187129205,0.00452430817869707,0.004271058039482144,0.003816842183268154,0.0030991123723043976
2015-10-20,0.0031624172709455744,0.004978736229052742,0.0033479612115849796,0.0026812249954476773,0.0020393851578195676,0.0016308577396469163
2015-10-21,0.006146634512985145,0.008580117823367926,0.00750141381832148,0.006178799441467252,0.0042507974211674,0.0016640633373885526
2015-10-22,0.01068933865400591,0.013777419863351244,0.01231759037788788,0.010861061020874696,0.008793683734657286,0.005871793028307698
2015-10-23,0.0036396889952765516,0.005233818139963466,0.00397037646173706,0.0034336445634432643,0.002797960525089251,0.001860494626044016
2015-10-26,0.004981065934526207,0.008536723405597607,0.005127533373008544,0.0037450010226261297,0.0027362468846824726,0.0018373253800259418
2015-10-27,0.002348333542625693,0.00443384668292694,0.0019693409991690647,0.0010449777739196307,0.0008688202575957821,0.0014796028421165655
2015-10-28,0.005685548271155094,0.008963270582355472,0.0059725438020378115,0.004818338089940727,0.0038222026439555102,0.002791089700808614
2015-10-29,0.0022075338723253866,0.003560809850959972,0.0023199486842671486,0.0018227352267263597,0.0013375979790244746,0.0010922308523172112
2015-10-30,0.003000125136849072,0.0048443504266661155,0.0033887539667963105,0.0025796858081507373,0.0017143279746798204,0.0006772520995953275
2015-11-02,0.006057466440169319,0.008918955412365617,0.006327450822550979,0.00535622955154901,0.004572070917245606,0.0037798242456641845
2015-11-03,0.002187003060727311,0.003957430162020263,0.0021755519173376455,0.0015691469235266542,0.0009785001063594735,0.00031772280386406786
2015-11-04,0.004164280739754161,0.004362217392440204,0.004084322419019749,0.004069103131124501,0.004130592373116123,0.0041684705290369805
2015-11-05,0.00036853340208187137,0.00016458997282373764,0.00017326285599742828,0.0003002461284977833,0.0004275912970840596,0.0005907557962540455
2015-11-06,0.0023299195598721362,0.004044917234666946,0.0022906637025518276,0.0016306745828179449,0.00126042720311962,0.0011341753896409823
2015-11-09,0.005411172054870856,0.0074198613933869175,0.006538332510417174,0.0055319525541500545,0.0039294917021857065,0.001598867043975516
2015-11-10,0.0026536701738892306,0.0033351089049267917,0.0031003355989424465,0.00276222684148817,0.0022122697883164492,0.0013966960961566645
2015-11-11,0.003017898349916769,0.004422554760962106,0.0033301354606152817,0.002792240445519969,0.002207774970413297,0.0014895913623591028
2015-11-12,0.009265090804774744,0.012656907416954386,0.010357388122024499,0.00898866279478554,0.007348271289530118,0.005190721939104799
2015-11-13,0.007041537802892546,0.00844945906963683,0.008440702213344108,0.007498744081369318,0.005949070376267327,0.003695248243941249
2015-11-16,0.009082377929049689,0.013717852159535531,0.010389558643835888,0.008318329060264184,0.006026483778507823,0.003288227859868021
2015-11-17,0.003783378146480281,0.00741394568818234,0.003451024572446223,0.0017981150344898796,0.0006890777891383807,0.0009927456132541466
2015-11-18,0.0076820560943895826,0.011536893588374886,0.00842367520869602,0.006947588163686791,0.00546999387926374,0.0035807676780645224
2015-11-19,0.006551440275303868,0.01131605179205206,0.0064875698960677715,0.004707606671615572,0.0036638487934007587,0.002979917537794468
2015-11-20,0.0039462847248936984,0.005636041778177113,0.004785047312162796,0.003914787375311203,0.0026620719473949557,0.0008899346592021729
2015-11-23,0.0009919065879881674,0.0016157510689786905,0.0009052556967664731,0.00048213332910434896,0.00041557991614038416,0.0010411987270954643
2015-11-24,0.0016640104904030535,0.002957560571947054,0.001587888869648234,0.0012340553088953622,0.0008434385896708982,0.0005846518637699392
2015-11-25,0.0018021589974037894,0.002569264073322506,0.0023569941575177244,0.0017144170212602366,0.0006604275225296698,0.0008408065694779075
2015-11-27,0.0029633090904861627,0.0055943251856163025,0.0028835891749429375,0.0017857950763354204,0.0008877289450705935,0.0005633083364736305
2015-11-30,0.004109183979178217,0.006314386704581624,0.004672210140097424,0.0037679069773661525,0.0026392605146110535,0.001250247484052142
2015-12-01,0.00552884383770459,0.004987158808016183,0.006114930583659504,0.0061651328034060425,0.005655067551958183,0.004537377038381186
2015-12-02,0.003864812400534779,0.0047024810122296,0.004359907736244999,0.003982688783241199,0.0033940790166640425,0.00248599457002095
2015-12-03,0.007454519337468034,0.011089715121459589,0.008353323072517203,0.006901032562716955,0.005247572447455313,0.003150910647967458
2015-12-04,0.010651629725935146,0.016378951788547015,0.011433947207971055,0.00931178833967975,0.007404374927544528,0.005171721038035994
2015-12-07,0.0015231323260675022,0.001027164532355268,0.001017956561773967,0.0012875665325320104,0.001712868109898109,0.002217343712140561
2015-12-08,0.007408207972296506,0.009891219019669911,0.008568542379409929,0.007444822536554855,0.005865277543480115,0.0036503056499855562
2015-12-09,0.005780336459210704,0.008712407542808314,0.006427975884504578,0.0052580974067727255,0.004021301192622774,0.0024531769450546483
2015-12-10,0.00048005911120442676,0.000738916033098145,0.0005338818542850503,0.00042307412258283365,0.0002920744326343654,0.00023865838671552556
2015-12-11,0.01888772615230763,0.028648826758051943,0.021204874593804227,0.017058723207461234,0.012759956549318654,0.007714433631946932
2015-12-14,0.008874557125037236,0.015256946057834496,0.009695436590074824,0.006890533484679844,0.00420588987275674,0.0013579270299469272
2015-12-15,0.007691469217318556,0.00946735064660289,0.00889180781328973,0.00793991298171848,0.006572839874371064,0.004566626433068303
2015-12-16,0.010532204148432343,0.015429471401959187,0.011248638089271295,0.009496910608103183,0.00791825607582979,0.006094758742827941
2015-12-17,0.011123483993782074,0.017011382159584764,0.012523586411255479,0.010000628674771297,0.007340530009277858,0.004305367175078291
2015-12-18,0.00873492718390117,0.011400654912690622,0.009821185041102225,0.008607923944175385,0.007078290819784697,0.005555681860248567
2015-12-21,0.010505366983143452,0.01701422002919013,0.010951450262305446,0.008468580203200125,0.006624751085849172,0.005176055795262027
2015-12-22,0.007628913858723794,0.010488964177198875,0.008954283389703482,0.007531266958799203,0.00572749854412494,0.003358548973560602
2015-12-23,0.0036750106009063987,0.002630508047152827,0.0032676666199286763,0.00372037103236565,0.004155890348356812,0.004338053901544954
2015-12-24,0.0026548297726466503,0.004113884708894151,0.0030197939512732583,0.002393365647617929,0.0015803036477066372,0.0009858214647101076
2015-12-28,0.004711554170702765,0.00723499539994253,0.005578595426434384,0.004452125887639905,0.0026487865102796577,0.0008308629561341626
2015-12-29,0.0037654001125346807,0.005508897620963482,0.0035617673330355214,0.0030942470741569944,0.0030118042879415273,0.0030350816265222206
2015-12-30,0.005925278947976709,0.010116156332667225,0.005900537684942994,0.0043679899665075754,0.0034440924761186143,0.0027295750230972773
2015-12-31,0.003107522119400944,0.004114803095007969,0.00344297052953038,0.0031023316206209265,0.0025325758411271124,0.0018599505798713143
2016-01-04,0.008918036332714709,0.010407371899740076,0.010473429104648015,0.009484058270393126,0.007881484039270158,0.005252199648816486
2016-01-05,0.004639704412583839,0.005781472164255995,0.0059109478705068035,0.0050182759350713025,0.00350497159151261,0.001342252155523579
2016-01-06,0.0060621483116021484,0.007840410168276015,0.007204595176286559,0.006218014434592529,0.004856828384490192,0.0028491230287819706
2016-01-07,0.015249298296579696,0.019904973025793197,0.017723822602632718,0.015364995301654473,0.012275036260605469,0.008099633205531555
2016-01-08,0.010811986856778389,0.017650260487777594,0.01186306460483569,0.009002874044595004,0.0062906255286852425,0.003406991524181699
2016-01-11,0.010232288448682231,0.015389320600011728,0.012269645917438782,0.009553160070595198,0.006288608764608527,0.002305161054500459
2016-01-12,0.007891818530752472,0.0139012765240989,0.007999336566392175,0.005602440363344103,0.003863643211902332,0.0028025073088312146
2016-01-13,0.013548992786008875,0.018365296207506026,0.014706714416987376,0.012878354287546955,0.01101654437432299,0.008779989449728066
2016-01-14,0.015044091358476695,0.025388583248177853,0.015307826396509858,0.011517228177811575,0.00880313140977162,0.006524725906744296
2016-01-15,0.020176190037525087,0.03427095313970165,0.021250173607506036,0.01563118885664606,0.010988755962380867,0.006651187264388382
2016-01-19,0.0035405169803870234,0.00593670842012983,0.0038808397860662933,0.0028395225936979638,0.001815393184678119,0.00100614966888219
2016-01-20,0.0076079555012651835,0.010391009277447254,0.008656481113915704,0.007435760830348486,0.005873779860375384,0.004087219897715977
2016-01-21,0.0035755769226752418,0.007194766760620848,0.0026883221900278476,0.001273845264120486,0.0011255230298644963,0.0014291685922348434
2016-01-22,0.0176196698054169,0.027220402642356697,0.019737042338050334,0.015624938636710875,0.011495625326334196,0.006743482108610696
2016-01-25,0.00801120124943114,0.012794681681664756,0.008706326841974771,0.006819110720991537,0.0050755768059146215,0.00302174948368278
2016-01-26,0.007758825785039271,0.013136833974915947,0.007311657963160573,0.005499490572582916,0.004803075129337183,0.004652548925289252
2016-01-27,0.0037884369288750637,0.006349888602228823,0.003440483178177414,0.0025801580736284544,0.0024125295094536672,0.00266940962412843
2016-01-28,0.0028279225791292524,0.003409267221085692,0.002912918703007412,0.0027444711002446143,0.0026152984847306045,0.0023464067056530057
2016-01-29,0.012393160372755544,0.017620192957884355,0.013826274941937902,0.011666960369000983,0.00939850117465197,0.0064703363822354665
2016-02-01,0.0028314111645913816,0.005076423374105706,0.0029905138294437352,0.002063031163684645,0.001012672339104772,0.00029932562349497296
2016-02-02,0.007101845707324161,0.007594952846125223,0.007847086862448675,0.007420151551769168,0.006774378541089855,0.005654213262896233
2016-02-03,0.002563413377912318,0.004234594414944724,0.0027884863721619655,0.0021870980826182848,0.0013293568664473631,0.0007729210322677421
2016-02-04,0.004396707774958087,0.005875703334910903,0.0050001623763668976,0.0044368994442570186,0.0035238239394212115,0.0022419346528121625
2016-02-05,0.006311073820526268,0.006526440669144491,0.006353280685307021,0.006314015568169209,0.006337593489400007,0.006013133686733826
2016-02-08,0.010947615910567454,0.015610470464225527,0.012239744709706762,0.010299397977181516,0.008241326662267526,0.005635270011873783
2016-02-09,0.005556073588998424,0.009754672846517438,0.005929441387551599,0.004131274967370169,0.0024638941104517926,0.0009484956917647557
2016-02-10,0.001834513484598839,0.0036622941686478058,0.0013744352013273634,0.0008024734222938701,0.0006246349398977688,0.0007011387336941568
2016-02-11,0.009653046486983525,0.013468842581580228,0.010504293912018235,0.009014465473125144,0.007578614259041594,0.00595488366539254
2016-02-12,0.007717360219054117,0.011858578295495222,0.009173735951971105,0.007038701095357006,0.0045537495802118015,0.0016507528274271107
2016-02-16,0.010420225045805366,0.014783187535011207,0.012021988946018239,0.010006930872656418,0.007602396469646816,0.00467969021846844
2016-02-17,0.009651308712915651,0.011938139556136797,0.01087144171093463,0.00976198060378368,0.008372141324079934,0.006296218131937997
2016-02-18,0.003000168299336833,0.004140628949274262,0.003558053185155575,0.002981308742677863,0.0022301330776112634,0.0011570666336651405
2016-02-19,0.004216769919050943,0.007029678673048249,0.004264027126442753,0.003276877578893438,0.002609951392381969,0.001938468527488731
2016-02-22,0.006749178765597053,0.008000497796623084,0.007694600473470691,0.0069610697675572715,0.005975516958596643,0.004514303199669766
2016-02-23,0.007934613981504718,0.011655727724354465,0.008830139432193644,0.007301461673477638,0.005749293377576707,0.0038206579394751044
2016-02-24,0.0034378928354813158,0.005592102119123431,0.003366033373871628,0.002659130848294591,0.0023059436322073424,0.0020261776953853063
2016-02-25,0.007214831455573466,0.00976190791440303,0.008483425968017653,0.007192043825121866,0.005546750115162702,0.003242479168014794
2016-02-26,0.0034338016057420154,0.005739505285423038,0.003606497361852826,0.002719980527839527,0.0019940555889202305,0.0012773689490517832
2016-02-29,0.0021255663121778124,0.0023032678437139055,0.0022839173253264783,0.002179347999896009,0.0020219206476120785,0.0017975313122786446
2016-03-01,0.01347664989849094,0.0182962528723171,0.014775082211961766,0.01290495378121582,0.010968502673569528,0.008258247749920079
2016-03-02,0.0024054798892241096,0.0027809862862226324,0.002646021464908138,0.002484728015176783,0.002177239882074316,0.001811658454813125
2016-03-03,0.0037986316974039347,0.005141097179817694,0.003936793745510766,0.0035066761741846305,0.003190610042478886,0.0027824482783739314
2016-03-04,0.0042543828393350105,0.00837494672745639,0.003879805822210784,0.002068708507734415,0.0008782887117779634,0.0005052671186002258
2016-03-07,0.0016388205953657882,0.003290370799919041,0.0013893333628151427,0.0006660854901855483,0.00029526031338095236,0.00037553826980846964
2016-03-08,0.007484287770705132,0.010944284840771434,0.008194525045665424,0.006877616949250731,0.005534013737996256,0.003901061755561232
2016-03-09,0.0016707710044130146,0.0028699112172375753,0.0018250243336757602,0.0013358792538498815,0.000759048098215487,0.00017189280476678654
2016-03-10,0.0010042876569786616,0.0015641474209492983,0.0011643526502103168,0.0009224831093159821,0.0005718054955134028,0.00025051472933084536
2016-03-11,0.006705748539026498,0.00856622613965287,0.007433684593870218,0.006680101307161099,0.0057445111986514485,0.0043095542740632835
2016-03-14,0.000843713743933155,0.0010897832375228618,0.0007562388390364927,0.0008194963721639058,0.0008033824154323388,0.0006947964541070535
2016-03-15,0.0012181445172918574,0.002438820966788987,0.0010381579397656501,0.0005377076321655849,0.00016147692528546313,0.00028027917154912953
2016-03-16,0.005064459794034099,0.003943506129948464,0.0053727499799091855,0.005605658557197873,0.00543967935563378,0.004776249860653248
2016-03-17,0.0039726712324521934,0.005040788844368946,0.0031409960621659487,0.0030416529546806676,0.0036281868385333814,0.004606493540393303
2016-03-18,0.002142448578381622,0.004223228711909516,0.0018243248703312576,0.0009314815840462802,0.0005667753107067176,0.000773120543768584
2016-03-21,0.0038286369769178325,0.0071291907801159585,0.003711402778928128,0.0023849682009777474,0.001509062376784291,0.0008526964065163637
2016-03-22,0.0014935824826827985,0.0029495623324546326,0.0013243642875339432,0.0007014073096056587,0.00021705955923338133,0.0004012447850517399
2016-03-23,0.006935481483599202,0.012397932020956588,0.007228305618365353,0.00492876912659588,0.002995105865089785,0.0011331250114635129
2016-03-24,0.004257263312243192,0.007120512860563805,0.004723769150232466,0.0035356896981221177,0.0021302920400743056,0.0007526688178117081
2016-03-28,0.0017288066277466204,0.0031396859607661282,0.0017172536141969836,0.0011896109992817559,0.0007684538444619821,0.0003627371394248765
2016-03-29,0.006475171801608688,0.009906633304874062,0.007039871113778552,0.005755584593741819,0.004465592360576704,0.0029782228626025744
2016-03-30,0.004297523567476509,0.006863048154858549,0.004407931619872391,0.0035105820411844603,0.0027565422313301957,0.002426837774287399
2016-03-31,0.001823267807542542,0.002482573420343937,0.0020869624744271806,0.00185493045733411,0.001413394208032726,0.0008151651024138237
2016-04-01,0.005632882400680076,0.009889055940763312,0.005753824159955343,0.004035133352653785,0.0028169389398951133,0.0018786842926442986
2016-04-04,0.004176157447634431,0.006188912658149538,0.004500118882412461,0.003784487721372646,0.003074234102226508,0.0022078230596225767
2016-04-05,0.0065562776786507685,0.008432933203086865,0.0071538312888426514,0.006443061554464485,0.005591800147149928,0.004455440427234806
2016-04-06,0.005697788520116227,0.00778724653347109,0.006355402488484258,0.0055433918875142105,0.004526949878390561,0.003173192700756334
2016-04-07,0.010221181761875033,0.014181644751312906,0.011048354423026452,0.009617484122843939,0.008167661007183868,0.006322255337753944
2016-04-08,0.002704824350539841,0.003613617750163734,0.0026853616781488446,0.002433729584563164,0.002324243128037098,0.0022328966479870744
2016-04-11,0.0026472828904992012,0.0032786398534384825,0.0029399969149198754,0.002681073190965419,0.0022793572498762873,0.0018066126965895133
2016-04-12,0.004563805319471862,0.0040820099438718385,0.004656005463772288,0.00479052825577594,0.004757363667647554,0.004496524532793261
2016-04-13,0.004914366516262291,0.006640070920681396,0.00507257904584387,0.004526103492263591,0.004128851428678548,0.003660650806892838
2016-04-14,0.0012004353244630703,0.0019162155596404167,0.001334995387830051,0.0010598571627913925,0.0007383336791876715,0.00028756956934838224
2016-04-15,0.0040069415707082445,0.007832389363501247,0.0036249917173729754,0.0020963766146456053,0.000997240626845962,0.0006338232281748792
2016-04-18,0.007038165775162395,0.012590805122075107,0.006885292383108518,0.0047832834165703695,0.0034588468440519588,0.0026267548108885454
2016-04-19,0.002255733535421243,0.003818911089940661,0.0023891545967494746,0.001761049999332229,0.0012461245033728544,0.0007038493702667478
2016-04-20,0.0030768503921427114,0.004576634947002496,0.003587101550726517,0.0029043248525414947,0.0020650602911923854,0.0009069618787164705
2016-04-21,0.004004755721605442,0.0035600858706052855,0.004073953917421777,0.004230669090978373,0.004182368289741619,0.003940591903877128
2016-04-22,0.0026680180338824917,0.004724097805323232,0.0028072244995973102,0.0019267473799226761,0.0011922025342121436,0.0005101855854403198
2016-04-25,0.0022390015237697867,0.003116594887470226,0.002448389397586311,0.002110022438052444,0.0017680906522566132,0.001333988582678473
2016-04-26,0.0014654353576498938,0.0016740021117030992,0.0015067453601745084,0.0014464774690510613,0.001384232185970302,0.0012870677813192407
2016-04-27,0.0035454969132591198,0.0059863765860849755,0.004033809978225337,0.0028603687070198674,0.0015660172159804916,0.0003321071784036664
2016-04-28,0.0066632258725300925,0.010219859340156548,0.007614846560274675,0.006067289548299016,0.00428832507020469,0.0020880008864977546
2016-04-29,0.0050163616083190995,0.007586629797312011,0.005645358587857248,0.004570422196746611,0.0033991682457817883,0.001987282023389607
2016-05-02,0.004552731473402015,0.006098335731173282,0.005165220829118545,0.004509346737607657,0.003645713588472659,0.0024783419602053564
2016-05-03,0.004822865792201225,0.0059885921888247345,0.00532233695609543,0.00485255559652484,0.004196273142219026,0.00330963156079022
2016-05-04,0.002498607205514921,0.0026809312787615647,0.0027764420971524485,0.002651002615742685,0.0023827609808410484,0.0019010002200104677
2016-05-05,0.000757731335369985,0.0006581271403447858,0.0006848456290886476,0.0007291366926385033,0.0008009350412791646,0.0008919090522956922
2016-05-06,0.0033628478692983624,0.00477625466979226,0.0037445314785094085,0.0031671755660006235,0.002542861336570304,0.0017923335217160292
2016-05-09,0.002344646169888239,0.003693020264795734,0.0026082788868178517,0.0020556156025074938,0.0014727944943110395,0.0008066174771854766
2016-05-10,0.005033046593215569,0.006208212344098218,0.005605967508025598,0.00510546210869962,0.004400984995937933,0.00335478845221329
2016-05-11,0.006063316906970931,0.008774463974011062,0.006601540554956425,0.005576937028129181,0.004559974350898001,0.0033692597325346283
2016-05-12,0.002825203981889284,0.004155474320567951,0.0030486140818038595,0.002541151984537931,0.002089315714648909,0.0015887666549065412
2016-05-13,0.00287436186264033,0.003902227432759147,0.0033263873605792926,0.002858510459325617,0.0022202011380918086,0.0013846203948187773
2016-05-16,0.0035997718894966828,0.004590395812753357,0.0040649658542746695,0.0036218068759761054,0.003033049598147949,0.0022088984259573357
2016-05-17,0.003621589529594913,0.004637616694812988,0.0042555373476292615,0.0037392210088272827,0.0029400528903007757,0.0018266861056735104
2016-05-18,0.001925305124634494,0.003225281211090777,0.0021608511337351615,0.0015744598446293596,0.0009615211637532894,0.0002425610258135421
2016-05-19,0.002230841362426447,0.0029352792515641387,0.0024741633112673202,0.002186353043354759,0.0018018258464785246,0.001455747757976827
2016-05-20,0.003032041136145067,0.004616922519199133,0.0034931352997650284,0.0027972016935649585,0.001932470837478304,0.0009431959676758538
2016-05-23,0.0008635529508403621,0.0012921055878536661,0.0010269545729095315,0.000818342668718072,0.0005484024631928118,0.00018443417379232854
2016-05-24,0.007878017974154867,0.010372700085182391,0.008892882687223394,0.00782819449306748,0.006449643726879107,0.004556427683472259
2016-05-25,0.0023307223275969165,0.0026603193504041276,0.00241608250634571,0.002318977689726257,0.002181009362793773,0.0020278362241925025
2016-05-26,0.0012680131976151672,0.001569801389265643,0.0014210769835683993,0.0012838635434386549,0.0010964113363334139,0.0008397188428585608
2016-05-27,0.001773949184741631,0.0022791451702015727,0.0018429185906302325,0.0016728348610302712,0.001500598310962706,0.001446877724115452
2016-05-31,0.007447157174831566,0.011231513300766703,0.008630843475877335,0.007015064593204189,0.0047904230447195165,0.002122054572489993
2016-06-01,0.006649364382987156,0.010647178927183322,0.007477547031497465,0.00581511219708228,0.0038645400269580726,0.0017446791362200162
2016-06-02,0.0013797329135830593,0.001793640798011859,0.0016710534071441277,0.0014464992798526404,0.0010844309940511146,0.0004903029826836458
2016-06-03,0.0011396060908331496,0.0018592158430621876,0.0009629502764652217,0.0006653393976063542,0.0007053112385531666,0.0010813939929764673
2016-06-06,0.00045788198916181316,0.0006122042244641546,0.0006020000437546461,0.00044498446641960194,0.00016260511336655079,0.0002943296053981904
2016-06-07,0.0019865403471607743,0.0018659125505644612,0.001957775953240231,0.0020115175046593286,0.0020595101561786907,0.002032095389024471
2016-06-08,0.0009810109042896916,0.0018635265092902646,0.000935469059645436,0.0005902099305448506,0.0003239561493929974,0.00010384223828299373
2016-06-09,0.0039550522758284,0.005651709280021709,0.004194123578451143,0.0035917239542920033,0.0030768178693860704,0.0025124515876460704
2016-06-10,0.008515576196825627,0.011979073605342545,0.009300833565033391,0.008004152057305694,0.006624278938188935,0.004962253395952817
2016-06-13,0.016193784918265588,0.023635535847846115,0.01794729181006178,0.014949666125087474,0.01185460331920682,0.008150176357451622
2016-06-14,0.003966043803396014,0.006321762600770322,0.0043976131329119695,0.0034027547601165513,0.0023971430421942334,0.0014208444259613251
2016-06-15,0.003254883770028823,0.004665050017121723,0.0037311958135507737,0.003098367365714025,0.0023642632767711313,0.0014481735896876423
2016-06-16,0.00449911335818045,0.006721087969594251,0.004793417939701762,0.0039986073961405565,0.0033108924312085547,0.002471711190573346
2016-06-17,0.002811337603743144,0.004664485711786264,0.0031143165047940497,0.002324315206902049,0.0015267850974777714,0.0005728764689652394
2016-06-20,0.009116264571762539,0.012857814310747919,0.009983258670102682,0.008553048864842318,0.007067952521398678,0.0052375527165732
2016-06-21,0.0011118311478033715,0.0016470119637770468,0.0012412641289393904,0.0010387781140710145,0.0007674207769360246,0.000509374950666402
2016-06-22,0.004454565592483025,0.00781479040491117,0.004701764987550884,0.003303762459302458,0.0020911445879057324,0.0008663128434887177
2016-06-23,0.014604308724322449,0.021120609795384167,0.015809149622084965,0.013418499145197375,0.011045743987304395,0.008267721399002446
2016-06-24,0.030922772970522837,0.04082394199439318,0.033203088544243246,0.029633696863390117,0.02595752665366492,0.021449963457475397
2016-06-27,0.004808930710013083,0.006638414411302881,0.006136666797956632,0.004881046764855868,0.0031154720046529362,0.0006091504335642349
2016-06-28,0.02088558080779405,0.031612719721562155,0.02298137656948704,0.01864480162408959,0.014476054354574278,0.009815545521957469
2016-06-29,0.007361732420844754,0.009417438020521002,0.008297876518102418,0.007403378727812972,0.0062065138575188115,0.004483502732189094
2016-06-30,0.006000976873199232,0.008756916276775913,0.006765297254738532,0.005592947098441479,0.004142745610563604,0.0030269438548006728
2016-07-01,0.0058586669218949694,0.00857429036525904,0.00696701478915439,0.005695187206327642,0.003890113545410829,0.0014120904564349013
2016-07-05,0.0028113197584423086,0.002981304529936216,0.0025092462034973805,0.0025216150106893414,0.002736967942637377,0.003237833369693055
2016-07-06,0.0030763110239461064,0.005627938580505939,0.0030324509847006265,0.001628414071112703,0.00048334661624987226,0.0018877604724288142
2016-07-07,0.0014589527961568363,0.00046251871285792355,0.000993813500376157,0.0013579850727836755,0.001744369075954816,0.0021340526101164548
2016-07-08,0.006417483160651693,0.007308856437088259,0.007101468817076756,0.006763987509639572,0.005929838176094333,0.0045995326918214586
2016-07-11,0.0016506774835800006,0.00226659682413088,0.001705895076022727,0.00150340719498344,0.001338949000198067,0.0012341490920354237
2016-07-12,0.003966508013821739,0.005247734421792914,0.004194457256573821,0.0037618753659278558,0.0033174876371978293,0.0028941856173939746
2016-07-13,0.00105755722813892,0.0007525458167509981,0.0011156535745126546,0.001210976126428372,0.0011678554922692768,0.0009750788274335115
2016-07-14,0.0030878051886374437,0.004281427199003362,0.0034942459518415387,0.003049380094114553,0.0024432224397999813,0.0013653849031795362
2016-07-15,0.0010123332919278311,0.0012891654998318494,0.0011072837383129897,0.001004812773576061,0.0008709995510943997,0.0006839441341877586
2016-07-18,0.0016691090252667334,0.0029680885915301615,0.0015802383177390708,0.0011399577730135562,0.0009067511762372425,0.0007079690976662517
2016-07-19,0.001993296195291234,0.0036733612270965148,0.0019633929985905223,0.001241928736535393,0.000772139212996181,0.000615684893661917
2016-07-20,0.0008047869041721077,0.0009674374152348697,0.0008063310556672823,0.000762843648169248,0.0007397324119646816,0.0007233051977149996
2016-07-21,0.004801341131861196,0.007363728205031202,0.005277168539078252,0.004304181046802656,0.003282474866589415,0.001972502654410131
2016-07-22,0.002170463593184897,0.003128490130117796,0.0023343657508398882,0.0019770566321379132,0.001656586924444024,0.00129027668693475
2016-07-25,0.002862236534905565,0.0036753582484038362,0.003130133465073301,0.0028423707770491306,0.0024577705411250278,0.0018805021878249171
2016-07-26,0.0007663223077868808,0.001282479733879649,0.0008211558439762286,0.00047139223320322794,9.462378939307499e-05,0.0006213162722054652
2016-07-27,0.0012581830873177066,0.0015072129681000374,0.000573573157558207,0.00047957121047541984,0.0010979416533548668,0.001969513109297037
2016-07-28,0.0007303224032120747,0.0005255433179955222,0.0005652857418997308,0.0006561929212870762,0.0007957958410428872,0.0010036085609011144
2016-07-29,0.00543100965624606,0.007604265543176654,0.006264601273140418,0.0053212161899181595,0.004103796109434205,0.002291890403348084
2016-08-01,0.0029840443550056142,0.004506479474026879,0.0033693369740614458,0.0027217209392894543,0.0020281234648108627,0.0011579140765696561
2016-08-02,0.0036239308959275427,0.0038155537997458596,0.0036935555542267867,0.003690336698791952,0.0035746509350119654,0.003326688744644408
2016-08-03,0.0019438403732844908,0.0024893641022927532,0.002099401958395784,0.0019034736353580912,0.0016825019008117738,0.0013543006463173199
2016-08-04,0.00249462825094474,0.0018916967687725773,0.002305406440112335,0.0025376151763930373,0.0027434634226683585,0.0028733869732395206
2016-08-05,0.0037725809029667432,0.004582001850759092,0.004036675967626407,0.0038030140772064808,0.0033890359673455256,0.0028149349299374958
2016-08-08,0.0005865575215168768,0.0008310565914131116,0.0003608641085561973,0.00047710379173065824,0.0005711932650014198,0.0005877762271461095
2016-08-09,0.0011583478924441387,0.0015764724031118507,0.0012380428876660055,0.0010982083892598108,0.0009291440474022124,0.0007883295269819978
2016-08-10,0.0013174407869311123,0.0018491788443502507,0.0016168871516411573,0.0013585713326387011,0.0008825922523626983,0.00014063970284099004
2016-08-11,0.00016982068291558852,0.00022974724828524442,0.0001630131482425836,0.00016169040945934594,0.00013016991517744145,0.000147479631836233
2016-08-12,0.0021885188308133478,0.004173728804464807,0.001962243455158634,0.0011847347232946995,0.000853567246351587,0.0007385718955975779
2016-08-15,0.0006774938942140198,0.000988263924204553,0.0007128063734929309,0.0006088709883612372,0.0005182515766001142,0.00041342810305247576
2016-08-16,0.00417966346482215,0.005401970963347158,0.004387587246781803,0.0040204570874741875,0.0036352861238233506,0.00308809664107089
2016-08-17,0.003804904665387496,0.006467617329768182,0.003937727925036122,0.0028982315883099613,0.0021468264283433292,0.0014290249733995598
2016-08-18,0.0018504886253571558,0.0026309626551089967,0.002045473158164833,0.0016956131527757423,0.001346230836126467,0.0011524644903537036
2016-08-19,0.0020309848376222034,0.00313863051701425,0.002304208666446964,0.0018118604729913605,0.0012681574573070037,0.0007570047835266045
2016-08-22,0.0021021889463790962,0.0037634089399725796,0.0020342324718733225,0.0014231499410370285,0.001056907941039543,0.0008076094859502036
2016-08-23,0.0018467895885115248,0.0029807332833023106,0.0019220887087954828,0.001449350121978428,0.0011052414913653385,0.0010732140887042122
2016-08-24,0.00300165584805218,0.004531784339976453,0.0034618146504935537,0.0028329277384700024,0.0019762803077566816,0.0007728491095175302
2016-08-25,0.0005142841924405089,0.0007373460586794849,0.0005744722797013439,0.00047208756759533325,0.00036353483050754863,0.00030613607775835996
2016-08-26,0.0016582205095737122,0.003166193723328244,0.0016239039894801566,0.0009347939346385534,0.00038789456650324255,0.00024965483412506354
2016-08-29,0.0023728520144642357,0.003684304197514638,0.002325452526735084,0.0019084090312264535,0.001711373711336535,0.001612290770454221
2016-08-30,0.0010834957418377597,0.001565864771730431,0.0011140889316545734,0.0009141436923019303,0.0007718704404758853,0.0008632762100656549
2016-08-31,0.0020537131201258042,0.0023616285116996177,0.002189874337316611,0.002100605849309787,0.0019111475016867642,0.0016281337018242267
2016-09-01,0.0011906502865570595,0.001818437037354473,0.0010566785265682676,0.0009564963939073982,0.0009427248797764198,0.0009280852366844978
2016-09-02,0.0025836246206367157,0.0030379048201875578,0.003005247906491207,0.0027959771500059424,0.002278710340496841,0.0014509276986017997
2016-09-06,0.0020287738365318522,0.003099111063139419,0.0023021950435025275,0.0018405096044473493,0.0013344685755984438,0.0007118588453179668
2016-09-07,0.0009058465974497032,0.0012574689250774546,0.0009470453203281061,0.000886663717122478,0.0007636553102217542,0.0005052973126525368
2016-09-08,0.0018928769409551716,0.002073810935335617,0.0020699392984704517,0.002004318553387162,0.0018045274187199743,0.001433862965825163
2016-09-09,0.015560479992595046,0.02147762499085956,0.017141919464727037,0.014984254877901178,0.012360506405791278,0.008843014020290757
2016-09-12,0.008730138554079236,0.013141661654323804,0.009505504198040637,0.007851806344865053,0.006212769428316196,0.0042153704374262605
2016-09-13,0.00712490225683224,0.008583477757371066,0.00833434727431856,0.007582618617629049,0.006084858389598898,0.004020213828262617
2016-09-14,0.004573517829854992,0.007070165213999268,0.005259294953014206,0.0041376027817641835,0.0028650866139768257,0.0012686327517093519
2016-09-15,0.007010626375614044,0.008914640156683029,0.008207530111696792,0.007238101763163905,0.0057868924007289145,0.0036099598949560314
2016-09-16,0.0020409223797924693,0.0028490488880424333,0.0022494221950795142,0.0019299707357494536,0.0015285065619982335,0.0012604450295810915
2016-09-19,0.0035144918215298487,0.006180779882955993,0.003739502732077388,0.002610239665086556,0.0015621185879124795,0.000564603915449023
2016-09-20,0.0036985698116945385,0.006439692213492848,0.003999002935817897,0.0028085223674827213,0.0016834815008428827,0.0004620877864208795
2016-09-21,0.007613972430000682,0.009972200767296987,0.008344661779276223,0.007456230082721165,0.006419859855575862,0.004896401215030253
2016-09-22,0.004604148818587697,0.00646875185943107,0.005201073003208548,0.004472651584050723,0.0034576834779288367,0.0022660170981396604
2016-09-23,0.0027412861283336435,0.004334023966744958,0.0030950663043907323,0.002385697751447453,0.0016098661041922182,0.0009627182242947447
2016-09-26,0.0061991735821249755,0.008034777923603752,0.007196041832016245,0.0063788056251693785,0.005045949244589618,0.003107623882350623
2016-09-27,0.00506279426476237,0.007368732689386931,0.005656981556241106,0.004742898089746593,0.0036903287166118255,0.002397114668698686
2016-09-28,0.002061144620262235,0.002175542361959485,0.0025337184036891927,0.0023624559400411242,0.0018700683396155203,0.0010052455157016351
2016-09-29,0.004313460196773905,0.005718668320655239,0.004975849881451162,0.004371540573065824,0.003450008739472421,0.0021341315931694134
2016-09-30,0.0030878342185451974,0.0038053536536291,0.0034482638541061938,0.0031759997014814646,0.002653198468834392,0.0020435079032227895
2016-10-03,0.002892411939880283,0.0046836477813070355,0.003265646543821769,0.002494697091730792,0.0016249880746171327,0.0006042602412493855
2016-10-04,0.0016591103740473828,0.002316340553709418,0.001977079162023595,0.001719066142193606,0.0012069034131597927,0.00027777030575332803
2016-10-05,0.0011902624328553062,0.0016804287490914545,0.0011373723946671247,0.0010842499079743064,0.0010116567231972869,0.0008758535048035687
2016-10-06,0.001188644138906112,0.0007615071173452025,0.00113141753337399,0.0012673390698043228,0.0013402644471878162,0.001342355621263468
2016-10-07,0.0026022118196015543,0.003327328573566362,0.0029083331144433033,0.0026213420424913134,0.0022002455788548547,0.0016172507901771613
2016-10-10,0.002466647714614993,0.0028783499705755896,0.0027022681693752554,0.002544826726605179,0.0022430327079349705,0.0018240789814137786
2016-10-11,0.005119338926268671,0.005443548163008657,0.005748712667305417,0.005518983673803519,0.004863035766270831,0.0037749097499247012
2016-10-12,0.0011362304893974926,0.0018501991926718488,0.0012901218300228282,0.0009726961050391178,0.0006199114578874101,0.0001924040226683206
2016-10-13,0.0026415064261438607,0.0034161485436563378,0.003105673238518885,0.002722589799133189,0.0021194117986879308,0.0012915503370976875
2016-10-14,0.0014474889359684866,0.0023152588905459063,0.00152589752256571,0.0011775055895438566,0.0009003891081021537,0.0007681888828509954
2016-10-17,0.0009172713730281592,0.0011123886616332362,0.0007178584444266886,0.0007604310786020282,0.0009018305989160926,0.0010308495155330537
2016-10-18,0.003002533388458584,0.00463463968591608,0.003551816503134958,0.0027673407135044995,0.0017560966772296324,0.0004885673847446299
2016-10-19,0.0028809340431433287,0.0025879089934775297,0.0032110094945488107,0.0032254301098138156,0.0029671359744820503,0.002298641900720345
2016-10-20,0.0011806359206719998,0.0017477792918761251,0.0012763544166379149,0.0010631582823427339,0.000856807713007497,0.0006490514968320248
2016-10-21,0.0012569121296688258,0.0017601202286680064,0.0015543989370118965,0.001271399142048943,0.0008435292348361479,0.00023867108196646273
2016-10-24,0.002281345886334617,0.003205117380997652,0.0024694266918405677,0.0021385154542464136,0.001775510702950355,0.0013878627629522644
2016-10-25,0.000416998668977318,0.0006224500567526104,0.00041550557019126274,0.0003732225081434473,0.0003341823112372305,0.00024161465167542518
2016-10-26,0.002736191127201688,0.0034142646872416574,0.0028696555127142556,0.002654631796889635,0.002414109267537461,0.002160229102206938
2016-10-27,0.004670590789468498,0.007162803097692654,0.005226644000419702,0.004199940869275513,0.003125556864538604,0.0017435386061185885
2016-10-28,0.001604704520324479,0.002968891775086475,0.0016134600664995595,0.0010237627069918497,0.0005862019569827142,0.00025707667102744755
2016-10-31,0.0022476264083934818,0.0033221208441514753,0.0025457628567639857,0.002111238367794331,0.0015598436020515475,0.000922652385249204
2016-11-01,0.004446777909170032,0.005266036128933167,0.005219852510536724,0.004714327982439197,0.0038684904231460673,0.0025886416601076725
2016-11-02,0.0015463941797520758,0.0022619044718174344,0.0017334198271374576,0.001443981428416545,0.0010618310599808899,0.0007893991978476347
2016-11-03,0.0069751801233414205,0.012209967778558912,0.007402410230111524,0.005186400540718116,0.0032466470408584612,0.0013954321267275747
2016-11-04,0.0037948710646268347,0.006339892105803386,0.00429297502715165,0.003118224572310973,0.0018566097821554536,0.00045939212245638545
2016-11-07,0.016227655893054048,0.02161574244461928,0.018565389787855283,0.016146211315931098,0.012974507943279163,0.008702417094165667
2016-11-08,0.0021486139201185865,0.003414134070439437,0.0024046545757362,0.001719427063813222,0.0010472185063187091,0.0012613238209685297
2016-11-09,0.010376205622567488,0.016160891390607834,0.011191011465585718,0.009000039011956503,0.006971004471044089,0.004724347774567075
2016-11-10,0.00523765636554525,0.008004306875763985,0.005228246412262199,0.004279296513301123,0.0038159575544120033,0.0035899611701413936
2016-11-11,0.0020312733884765622,0.003699367714846638,0.0020891980705026085,0.0013845814235719119,0.000746054419043893,0.00032653470190543884
2016-11-14,0.0027769348219757514,0.0018904237276308558,0.002471598173773346,0.002855549135336516,0.0031663860761764954,0.0032701947919340385
2016-11-15,0.00489097409605497,0.006738160197196375,0.005403928358662342,0.004700699815979583,0.003865529122559025,0.002822055870365541
2016-11-16,0.002581333971512282,0.0040743538017606416,0.002823190580275659,0.0022233953962180132,0.0016600323671723892,0.0010229696280705648
2016-11-17,0.0030640008098221628,0.005317776242885421,0.0031516511395552555,0.0022504299555130775,0.0015955816054995927,0.001057610558579377
2016-11-18,0.001542030798101825,0.0020904494647042424,0.0014680789132523171,0.0013012604086792682,0.0012632747712007098,0.0014404577233317407
2016-11-21,0.001476855087309228,0.002161946992353049,0.0015535144981263646,0.0013166742355472092,0.0011122734544676723,0.0009204886587325563
2016-11-22,0.0018223818219651594,0.0027044665693327164,0.0020663862095617763,0.0016961716880004995,0.001272900650256385,0.000723886505498143
2016-11-23,0.0012989011513405712,0.001789737446948794,0.0015280509018457595,0.0012992252813229562,0.0009805276815276463,0.0004981972011725711
2016-11-25,0.001512351121148391,0.002111574820805951,0.0017290879114360222,0.0014978228349575406,0.0011708622612896923,0.000610855677738571
2016-11-28,0.0038950419483477355,0.00571830224637599,0.004309749486666117,0.0035960629318142314,0.002857684318438256,0.0018670322452488148
2016-11-29,0.0010445768361067983,0.0016254181937966365,0.0010299230095603983,0.0008783373202354765,0.0007650926798002048,0.0006293924574580467
2016-11-30,0.0013043466498961992,0.00220496441569625,0.0012635867019684496,0.0009503786307788375,0.0007752657602251757,0.0007374448771131347
2016-12-01,0.0025492487067931397,0.0031274950822922803,0.002809094382215181,0.0025902940283442813,0.0022345034421516817,0.0017659216633852794
2016-12-02,0.0021022493730240913,0.0032787601272237987,0.0024085774628683303,0.0018851550237574933,0.0012900593301690285,0.0005724388407828298
2016-12-05,0.005467327401871581,0.00859534621935332,0.005958362738339959,0.004735063793884142,0.0035687432894187412,0.002217999920235807
2016-12-06,0.0012268412651852746,0.0018604596687228168,0.0011362067946045138,0.001035788272138819,0.0009787496991755314,0.0008617500057562145
2016-12-07,0.0017494807503343022,0.0024181333119341246,0.0018460398047578754,0.0016100870752702768,0.0014026719902803003,0.001219964631309479
2016-12-08,0.0035193991853917773,0.006153421642821802,0.002879465257863329,0.0023010939019893336,0.002329698119365478,0.002247756341764892
2016-12-09,0.0056997129677385785,0.01045715675836072,0.005885113601335833,0.0037115153385978107,0.001782834734456049,0.0012219264316846057
2016-12-12,0.0017538891785668824,0.0016157104458610042,0.0017230236677453206,0.0017817379110350387,0.0018160296669353267,0.001824486698824202
2016-12-13,0.0012244334827972911,0.001635149709913003,0.0013341782031613134,0.0011733795253131027,0.0009902701345340206,0.0008276389717637535
2016-12-14,0.0018126002515904045,0.0032850044973369674,0.0018050847029985686,0.0012437996211584704,0.0008266705066633341,0.00038417626634593024
2016-12-15,0.002462013902583765,0.0047472462735503535,0.0019924118300111344,0.0011274819190874666,0.0010473746518302079,0.0011972055217493254
2016-12-16,0.0017580404457757477,0.0021886827552586976,0.0020009190868810205,0.0018170692005110558,0.0015284043689438756,0.001010822068938325
2016-12-19,0.0028342123981692623,0.005119043989762596,0.002802855208264059,0.0018884437034483057,0.0012954350305412312,0.0009267250739120756
2016-12-20,0.0012569233683274684,0.002543676014381594,0.0009147069331767347,0.0002916748179678152,0.0003434352652854986,0.0006239257556939347
2016-12-21,0.00041825987384285185,0.0005791247600360911,0.0002467503412995639,0.00020144980714376535,0.0003481869242384152,0.0005626892861144704
2016-12-22,0.003920448020028809,0.0075639670221827725,0.003655443829248766,0.002133969701335563,0.001210783504417048,0.0005038584190931013
2016-12-23,0.0009311974710378633,0.001733821323240619,0.0008616234170969775,0.0005544621391149352,0.0003797148621977757,0.00036810421926005115
2016-12-27,0.0028246082326992233,0.005311705604327995,0.0024624426226133047,0.0011920834311786434,0.0009257592546031414,0.0018265062660924604
2016-12-28,0.004539479967974808,0.00823915108572841,0.0045635739380911425,0.0030877969503971593,0.001974820392473009,0.0009434874704675242
2016-12-29,0.001866180751800523,0.002643191958976839,0.002080321599029086,0.0018066718986436787,0.0014202706584746994,0.0009042782823302592
2016-12-30,0.0028177495098008127,0.00380142372048479,0.002802924293468707,0.0025286155788689555,0.002382193349981097,0.0023070788239544816
2017-01-03,0.005643318029942563,0.007810073397198997,0.006373176702619026,0.005503877148784578,0.004402593336311267,0.0028187004858777043
2017-01-04,0.004694261879020305,0.006229368968288521,0.004901508674362082,0.004419291182151526,0.0039525898133520275,0.003492498694478935
2017-01-05,0.0018599983064857978,0.0029423181104363053,0.0018273014563457931,0.0014647492542048785,0.001295775482161529,0.001215391931609125
2017-01-06,0.001069151131120528,0.0008303252151408409,0.0008307052422053981,0.0009430942581158478,0.0011419557679784695,0.0014637007166237684
2017-01-09,0.0007056907168556939,0.0012400661223610897,0.000584202167074526,0.00040234909998600513,0.00040055109847847724,0.0005372288140889412
2017-01-10,0.0010742714254246566,0.0014307795964651176,0.0009314162793224363,0.0010296833369067798,0.001036451399490879,0.0008492053111950007
2017-01-11,0.0011496224622658284,0.0012834854805943209,0.0012499504031583794,0.0012464175104337125,0.0011196972044989998,0.0007688755422042312
2017-01-12,0.001999310970926975,0.0029528890418679446,0.0018691355907223582,0.0015770323981738996,0.0015308254287396857,0.00171538408646281
2017-01-13,0.0011260796562307155,0.0018125726226058275,0.0012330434536034346,0.0009230636630432735,0.0006446338783973972,0.0005165868048841788
2017-01-17,0.0030838311399504796,0.005538391337190389,0.0029587417893250528,0.0019948754464088597,0.0015062869366843082,0.0013688361978581246
2017-01-18,0.0013094755227730048,0.0008655100258308813,0.0012762011699746906,0.0014431678453767532,0.001488522778893325,0.0013774615056094828
2017-01-19,0.00045344615468494127,0.0007465541672648431,0.0004919349138535088,0.0003628150617163291,0.00025424831970717626,0.00018013054927493535
2017-01-20,0.0012327923650255275,0.0008433750741464116,0.0009914401996186195,0.001161024383282707,0.001377737468805522,0.0016304943237212622
2017-01-23,0.0020961553520950846,0.004094643946568055,0.0019494725593811398,0.0010586265903964668,0.0004818896682581711,0.00022332953537195697
2017-01-24,0.0046905963896180045,0.006379000601670181,0.00513736220773784,0.004594904869710642,0.003820577210057972,0.0026859583656826916
2017-01-25,0.004036666669015145,0.006683569222957031,0.004309993165122333,0.003191196959552108,0.002317023921568965,0.001635515959705689
2017-01-26,0.0013882839624953902,0.001848430831578649,0.001270101173935038,0.0013692972518591676,0.0013254351007914152,0.0009874487840332764
2017-01-27,0.0019307561138265357,0.0032401730553828544,0.0019708027406933615,0.0014606893550739896,0.001134196473889323,0.0009144921817215044
2017-01-30,0.0036942367840052163,0.005897247410057803,0.0038151568236333097,0.00303667959491544,0.002447463006153979,0.0019215827716933418
2017-01-31,0.0007635915458110796,0.0010913573843476874,0.0007411323722758831,0.0007158272871145988,0.0006167066262733378,0.000531306260736665
2017-02-01,0.0011622732187854979,0.0013609633740252415,0.0010593543127523784,0.0010054026445676907,0.0010584358433706983,0.0012840644056702239
2017-02-02,0.0009523093870196246,0.0013388642250164392,0.001041298978311719,0.0008656890369919313,0.0006982284308797063,0.0006485864763543962
2017-02-03,0.003543985383545505,0.004956068178571019,0.003934758698061676,0.003427162415980241,0.0027648053961928836,0.0018342936207106696
2017-02-06,0.0022198049816509985,0.004282752773601533,0.0020098014575592234,0.0012432499240082637,0.0007733533489579932,0.00033563639302532653
2017-02-07,0.0008475234564253211,0.001592290049640884,0.0007720925944568013,0.0004937424707537119,0.0002012605948890183,0.00041913961262824085
2017-02-08,0.000856572953280745,0.0012561110308942347,0.0009391968202609249,0.0007973462996590218,0.0006332818465239709,0.00041457630615042754
2017-02-09,0.0028325149732112546,0.005260502367134289,0.0027758016080887413,0.0017598286127897662,0.0010998725965760219,0.0006565281183192566
2017-02-10,0.0014063461482680581,0.0011707988785987543,0.0014459806736509362,0.0015307766601793317,0.001502207970970318,0.001351854781271032
2017-02-13,0.0011586876351518819,0.0007968554481053504,0.0009279270774591201,0.0011848730395978516,0.0013491319280657496,0.0014116220576769261
2017-02-14,0.005531905167826814,0.00890103450629608,0.005884571327672839,0.004599571305639288,0.003525647290877508,0.0023594562765751957
2017-02-15,0.0010061439766832108,0.0012906536277764596,0.0007395968922754303,0.0006233407070320738,0.0008275873499543298,0.001332435251813701
2017-02-16,0.002889009531233406,0.005151717856972159,0.002937550473848402,0.0019984854647406617,0.001349154672024672,0.0008650538779225476
2017-02-17,0.0016449522001144312,0.0017867601577924103,0.0018654067802806363,0.0018074162223274495,0.0015696865319404778,0.001061327082773004
2017-02-21,0.00291458545673122,0.005562321606252181,0.002717791519320214,0.0013679968264863288,0.00043700002223619796,0.0014442455443468946
2017-02-22,0.002486973504556631,0.003972665057807095,0.002757652602169425,0.0021550138652400093,0.0015282800845532272,0.0007474929764496039
2017-02-23,0.0037458384358112252,0.007121629752729709,0.0036939540408048124,0.0021740448275173155,0.0008763468568728159,0.0005469610770928138
2017-02-24,0.0014520481705349395,0.0019606948377330277,0.0016765400914264014,0.001434792958159089,0.0011173669731431221,0.0007615567854352029
2017-02-27,0.0019472633531108583,0.003579729774690124,0.002018580799645753,0.001225135494276416,0.0005547195618066414,0.0005112419737798862
2017-02-28,0.003528621032312653,0.006066709278867119,0.003524806743546263,0.0025911942791394475,0.0019958901590926576,0.001526021813522514
2017-03-01,0.0031055433245575047,0.00543622872443168,0.0032888291351165656,0.0023037077589721246,0.0014660478585463682,0.00062980244275006
2017-03-02,0.0012473161519831841,0.002181897255390909,0.001116290565929549,0.0007876725900683114,0.0007227846079584374,0.0007933233613593123
2017-03-03,0.003532056307683198,0.006211178158588433,0.003597843616301073,0.0025018488878143326,0.0017524401513680054,0.0012343426009639312
2017-03-06,0.0012153931021340225,0.0012858916928672464,0.0011979184971914318,0.0012949849428206695,0.0012562916370234501,0.0010208433339592964
2017-03-07,0.0016645587657576194,0.0033390617357559544,0.0014670720181525726,0.000706422593921086,0.00022163834061962316,6.316174817088362e-05
2017-03-08,0.0018141136259281975,0.0032230468315221795,0.0015786564955458516,0.0009931577539532654,0.0009318859310015063,0.0013115183251260567
2017-03-09,0.0012959821060234806,0.0014789458630457535,0.0014347248433658954,0.001392306152578414,0.0012080638899951348,0.0008684452019879884
2017-03-10,0.0022143056335794235,0.002564387691844652,0.0024706345369451613,0.0023600477975397076,0.0020402907551041174,0.0014501779108929808
2017-03-13,0.000987365970163459,0.0014075192807029122,0.0011490474651557393,0.000992372099115547,0.0007116246965258727,0.0002860508707281498
2017-03-14,0.0017230613422402864,0.002540544900929588,0.0019046118427851252,0.0016973475173985674,0.0012879623252398484,0.0004721776511457191
2017-03-15,0.002987369999456845,0.004623249916888616,0.003393920226123091,0.0027207371186508,0.0019131809101671738,0.0008161443555790862
2017-03-16,0.002143389446041636,0.0029785619448030147,0.002255554709017235,0.0021508972672219713,0.0017955067086919206,0.0010775109686282432
2017-03-17,0.002807004231897251,0.00523772645730434,0.002575350029593815,0.001861666903831343,0.0013018972586208045,0.0004116034987039213
2017-03-20,0.0013955875250228275,0.0022335723485518914,0.0014585965252707648,0.0011533191022035112,0.0008687636509021937,0.000732856198454186
2017-03-21,0.006305169599026412,0.011030356358272882,0.006402821946615972,0.0045949496298737435,0.0032725404550425457,0.0020707112210323624
2017-03-22,0.0014106475841686025,0.002836881724425946,0.0011177201253524934,0.0004952340376360015,0.00032246027595372103,0.0005506355010369754
2017-03-23,0.0022141720712671995,0.004213461074990471,0.0020865451720694156,0.00123619629431933,0.0007462427446194678,0.0005663967764441493
2017-03-24,0.0033187475342958002,0.006071691666637959,0.0029247990223388947,0.0019250331202185168,0.0016585856397882464,0.0017871424475197452
2017-03-27,0.0020318802966919846,0.003337404131135397,0.002182125620129598,0.001656346835469796,0.001204507771652767,0.0007405574471553279
2017-03-28,0.0033920353142389732,0.0038046543289162013,0.0036067762615696864,0.003480452816774011,0.003214401745376859,0.0027566932929120173
2017-03-29,0.0014608559428464798,0.0011389090016849647,0.0015889283397514259,0.001695348173709625,0.001579719451867969,0.0012161309423966344
2017-03-30,0.0012163054776439877,0.0014543708397432575,0.0014331697665963977,0.0013355008755522987,0.0010643910769256798,0.0005579731195249461
2017-03-31,0.002344854914341307,0.004359219554003821,0.002207852482936608,0.0015161900389714681,0.0010405466170622555,0.00048243719132989
2017-04-03,0.0016051982056964839,0.0022083052643675416,0.0017796434144384656,0.001435498530806231,0.0010534008387741286,0.0012919962134586827
2017-04-04,0.0025735688249903317,0.004713656668723832,0.002581699126280668,0.0016941081379454916,0.0010466349337693484,0.0005168228399829723
2017-04-05,0.006793185212349903,0.012634948414152542,0.006742410961793792,0.004337083885487735,0.002485222919429382,0.0008050900890083302
2017-04-06,0.003985673326480673,0.006997285998910338,0.0040035197735664016,0.0028954779067072592,0.002086671785488833,0.001303758394269718
2017-04-07,0.0029098091131902325,0.004815341555970201,0.0030835386777022284,0.0023224653191064736,0.0017126011636034953,0.001145588230760574
2017-04-10,0.0028857126436342855,0.005197547602272824,0.002849335288991006,0.001956223170476211,0.0013649445975987033,0.0009019932338718243
2017-04-11,0.004200793824611135,0.00796487100960997,0.0040877434781267765,0.002475806960350422,0.0013103577714392077,0.0004877184102237024
2017-04-12,0.0017554831713467972,0.003076034211561298,0.0016469134147307147,0.001271703509800009,0.0010262011091041678,0.0007509840377326564
2017-04-13,0.0025504456839129633,0.003583167645628468,0.0024573350390411234,0.0022056908024108714,0.0021300348934793355,0.002060135796226544
2017-04-17,0.006283857823708679,0.01122379566612639,0.006171333374857688,0.004311616015681071,0.003136978664288197,0.002223675596272318
2017-04-18,0.0023118517219921845,0.0041464058500509365,0.0022867598331882807,0.0015541328161826423,0.001103901565829834,0.000816953142471384
2017-04-19,0.00382556639725572,0.007341505151280618,0.0035155799989958726,0.0020832031977100064,0.0012808561952060871,0.0009682264857427989
2017-04-20,0.004208809473503104,0.0057601025322672516,0.004382101686475868,0.003949684072011271,0.003515457859793589,0.00286885714452935
2017-04-21,0.002460227766590546,0.0046665492902084665,0.0022641824274096593,0.0014013939289660667,0.0009402708968395118,0.000715810499638954
2017-04-24,0.009600913757895506,0.01637888414117091,0.009789713263440263,0.007314647650480554,0.005469350165033216,0.0036556164957539253
2017-04-25,0.001216109015957503,0.0016717847106535611,0.0013190866365679265,0.0011408462150002355,0.000973509153495306,0.0007813461855663139
2017-04-26,0.0021452388594031123,0.004160078215745455,0.0019608685499526344,0.0011020123341514514,0.0006324365323471605,0.0004945557967341709
2017-04-27,0.002608975494273159,0.005254085252005231,0.0022685653534451284,0.0010516479582594127,0.00030241568507210364,0.0002907685947795133
2017-04-28,0.00188266746222603,0.0030528535283510664,0.0020492782478177293,0.0015530757272737433,0.0011277657842907393,0.0007202971506362929
2017-05-01,0.004276279886606177,0.007537166335171941,0.004436460073711859,0.0030921696296949772,0.002047948251550677,0.001089123011159243
2017-05-02,0.0024457766595781583,0.0046342368604352195,0.0023499749705805165,0.001428599625556372,0.0008227059068541823,0.0004391375666035867
2017-05-03,0.0016938785553983063,0.00177948296828482,0.001840844639550515,0.0018342220694382253,0.0016661249979749593,0.0012847221769403472
2017-05-04,0.0009346051841406519,0.001145920291850265,0.0011878392066709221,0.0010558369432098354,0.0007091302569860854,0.00016025474381205413
2017-05-05,0.0013634239499505678,0.0017787887210160833,0.0015429874530452166,0.0013790283090111802,0.001139725435044877,0.000740966664488068
2017-05-08,0.0017908909932530988,0.002502651263524459,0.002044373357496323,0.0017418369235924407,0.0013670274014601668,0.0008312443636988314
2017-05-09,0.002304740960277425,0.004593758219980727,0.0020388881811466866,0.001017829194119455,0.0004168890913952166,0.0002995030686256943
2017-05-10,0.0010017927598621203,0.0014835662992607754,0.0010245903764887555,0.0010210488785234587,0.0008017093142168448,0.0002862003281428541
2017-05-11,0.0017602374744552954,0.0027562726941538582,0.0015187147477261132,0.0012114526549425126,0.001267595717773445,0.001585632285241439
2017-05-12,0.0015484831603080353,0.002015168393339207,0.0017133658213278698,0.0015929907236135515,0.0013217557374831487,0.000841318442975968
2017-05-15,0.0015467937406330333,0.002700990459849052,0.0016997694955577297,0.00117982169222815,0.0005797053190509883,0.0002241675616483886
2017-05-16,0.0005227633841717533,0.0004800199277581128,0.00038140027400023917,0.0003606473625003935,0.00047381097788521884,0.0007974704485171359
2017-05-17,0.01234947107257082,0.017759259899028473,0.013433019904780144,0.011550108936484903,0.009452789875831502,0.006629448699293616
2017-05-18,0.0026200741575913133,0.004773193143845101,0.0027260052412585874,0.0017611136759459068,0.0009502478643934273,0.0003239956931534745
2017-05-19,0.00615859878265479,0.009500410905266602,0.006698550531321651,0.005470213957203946,0.00420929112427039,0.0026214377224257706
2017-05-22,0.003404511610189665,0.004533082537268536,0.0037795777903666433,0.003419600770668676,0.0028337564566036618,0.0018427169805367931
2017-05-23,0.0008508570323710428,0.0006612296096958768,0.0007196055647284112,0.0008379991077188091,0.0009525323818479092,0.0010272152837371826
2017-05-24,0.001200246970943593,0.0013684021230852025,0.0011421126487225434,0.0012077195935707185,0.001200727430353312,0.001060983178359934
2017-05-25,0.0013880655158785996,0.001905280449203457,0.0011435699813058164,0.0012177645410242162,0.001306400078152323,0.001227253783055317
2017-05-26,0.0015963765010772464,0.002691337090107184,0.0011016221005572002,0.0011101780858458192,0.0012614095740192666,0.0012089555761961403
2017-05-30,0.0015323207488698609,0.0016009675834908518,0.0013379919327690013,0.0013955231761418906,0.0015384449839361259,0.001752831100760885
2017-05-31,0.0003221361354437376,0.0003938027976177474,0.0003736198929533563,0.00033474550836809974,0.00026005455288122226,0.00021095747231188183
2017-06-01,0.0020452846892674557,0.003334190699905328,0.0019545828987288,0.0015752268867904246,0.0013877758869304552,0.0012535803572998594
2017-06-02,0.0024854249656622507,0.003669775312679032,0.0028261230586081954,0.002316933224894913,0.0017459071438997516,0.0010080141804550357
2017-06-05,0.0015442761369270249,0.0025850345447414416,0.0016216608179227378,0.0012787017430420733,0.0009111274069122245,0.0003827861416423184
2017-06-06,0.002853849181941555,0.004730023949229187,0.003055338704430696,0.0023383997964546354,0.0016674734847427417,0.0008749132396354062
2017-06-07,0.001859893323226519,0.0035510385225731183,0.0017926683335761924,0.00106028960273757,0.0005523387039877536,0.00020782069269333173
2017-06-08,0.002924118956403171,0.00474283543276258,0.003150474607952272,0.002419714761709734,0.0017868538285792698,0.0011333640304938342
2017-06-09,0.0022111919447900703,0.0036216003050500924,0.0024226726183788844,0.00181627354286698,0.0012728421409509553,0.0007365738251129759
2017-06-12,0.002109632800561877,0.0037005210464392487,0.0022293036890355276,0.0015714932023792143,0.0009865609798936385,0.00038237201881509593
2017-06-13,0.0038096691489723947,0.006898251516926093,0.003800432944508099,0.0025291158501463858,0.001689297609999499,0.0011351551295188374
2017-06-14,0.00026416977093940744,0.0004236446997235011,0.00023305930969276867,0.00016039217710293448,0.00010718797485990418,0.0002791450402966585
2017-06-15,0.0011417255764071413,0.0016784580892028908,0.001269332570800683,0.0010608753669240725,0.0008295961381446441,0.0005249508834493093
2017-06-16,0.0003799611559825024,0.0004627999968509031,0.00037937893542902416,0.0003292611624268512,0.0003051677779838858,0.00040274048808511736
2017-06-19,0.004208246531940654,0.00651511885167875,0.00456710598691106,0.0037406665292933254,0.0028766036151323935,0.0017245373810984422
2017-06-20,0.002680017423248517,0.004954951976902724,0.0026341938779037904,0.0017427546476995778,0.0010881206030477842,0.00044804046237425707
2017-06-21,0.002230268917706841,0.003933294561870846,0.002264442965884153,0.0015954336508516923,0.0011080209677809066,0.000706307419576728
2017-06-22,0.001202135025882976,0.0014943038937851472,0.0013965191460361126,0.0012834725318052781,0.0010335096579046517,0.00057182977988698
2017-06-23,0.0009766086890429589,0.0013633920575756473,0.001109118138844863,0.0009547814487039801,0.000749869944221239,0.0004537941834800756
2017-06-26,0.0009501513912846557,0.0012974080744506502,0.0010447539414200427,0.0009248126868979885,0.0007705360113977768,0.0005386609057005206
2017-06-27,0.003697474043348717,0.005873751630923335,0.0040039151942315495,0.0032286837506287232,0.002401417188956608,0.0012779174953120155
2017-06-28,0.0027254944279277897,0.003515757427034459,0.002986590374098336,0.0027621970787104076,0.002352012266738274,0.001643055881702973
2017-06-29,0.003706762470552729,0.0052053856034448755,0.004179800464481982,0.0036644436572269333,0.002857879857164817,0.0015931240589096638
2017-06-30,0.00239086331735246,0.0036489206223183097,0.0026171371207045005,0.00224555292154867,0.0016945549024595075,0.0007092843955942072
2017-07-03,0.0030970885594965793,0.006341082303582873,0.002489774742702553,0.0010848699296521667,0.0004295854387954022,0.0004358879020149638
2017-07-05,0.0020860308389315167,0.0033386566548003443,0.0023319343017726432,0.0018076981891050857,0.0012606112949850416,0.0005622845173953086
2017-07-06,0.005404928754565026,0.008749768439641294,0.006172108650864938,0.004729840371818369,0.00294139262183692,0.0006242761932950973
2017-07-07,0.002695365426323774,0.0028836766559228915,0.003152211288605434,0.0030698051807114494,0.0025426760230278277,0.0014778503434306417
2017-07-10,0.001965685732695135,0.0038029625444778213,0.0018542930715771586,0.0010596319211368687,0.0005117262165270948,0.00018436800056520863
2017-07-11,0.0012678390507650577,0.00119568674888874,0.0012610141475167447,0.0013355822595464163,0.0013303584772479623,0.0012098025299684548
2017-07-12,0.0029326957445143364,0.005203312668112694,0.0029404608812110796,0.002065110368146707,0.0014609618807898865,0.0009400310014247699
2017-07-13,0.0017653717392760414,0.0027585292360464285,0.0018925452929974941,0.0015401202346036354,0.0012008410416558522,0.00075992507041289
2017-07-14,0.0035162756877930514,0.005788219628207497,0.003828756442913342,0.0029024642130998,0.002038789848318976,0.0010378577192332284
2017-07-17,0.0006530289333644941,0.0011682092487898272,0.0006842408130481466,0.00043971746865067876,0.0002458902954003945,0.0002133591110037459
2017-07-18,0.004296916572294318,0.008135374688415555,0.004164039994982281,0.0024882292547250095,0.0013862653683205416,0.0008251625597959356
2017-07-19,0.0029560526353427565,0.005685850743517521,0.002711998008582078,0.001634217432889411,0.0010120535043277837,0.0005590036895142614
2017-07-20,0.0005233829552160643,0.0007469696824531281,0.0004911569200761046,0.0005259427910173336,0.0004471423959497332,0.0003064271866723992
2017-07-21,0.0017006201438527241,0.003074433181800335,0.0015214654590974125,0.0012299311216070327,0.000992977695394395,0.0004413757677518949
2017-07-24,0.0022251766287554285,0.004295662496155719,0.0019897482515548923,0.0011126945197790527,0.0007220482025162392,0.0007653744568830796
2017-07-25,0.0011480408239178674,0.0011441638935829283,0.000794114494086489,0.0009517160757403326,0.0012144268833530415,0.0015065403008150278
2017-07-26,0.001248716903943627,0.001903841920072165,0.0007860531821888794,0.0003301237299823181,0.0007292235672318087,0.0017068178523251196
2017-07-27,0.002759129418663193,0.003765480533240091,0.0030684734642734655,0.0026416464070069044,0.0021962693679361232,0.0016333119179495243
2017-07-28,0.0015250758496618898,0.0021989403913160403,0.0017522610359175445,0.0014939147344419238,0.0011097816099992115,0.0005100271540600361
2017-07-31,0.0009173480040449355,0.0015728758088442612,0.0008921213751958287,0.0006416284464926797,0.0004979073925756416,0.0005274647946235488
2017-08-01,0.002531040800983855,0.004240588314183641,0.002650777729015899,0.00204046216630118,0.001489054378412543,0.0008005354884146986
2017-08-02,0.0024269950918554347,0.00425925235344696,0.002601448041480443,0.001800323847435807,0.0008306114993437267,0.0007821009769191318
2017-08-03,0.0034768341599368748,0.005617471036075478,0.003915907974084738,0.003053762404024378,0.0019920708701008792,0.0005076924306459745
2017-08-04,0.004856480358890962,0.009777676028263724,0.004093273114298466,0.002098916092265005,0.0009152003965779488,0.0005710810374029979
2017-08-07,0.0025526194841424487,0.0047844517849878875,0.0025290783598946676,0.0015755788826230049,0.0008594293083923909,0.0002665471239118017
2017-08-08,0.005890637220284167,0.010251724637562918,0.006017420955404089,0.00436814985070062,0.0031067499775183425,0.0018596216725584392
2017-08-09,0.0030430344563895178,0.004525364314263335,0.003402269892258898,0.0027759009707921988,0.0021519784065171096,0.0013817719260170343
2017-08-10,0.01588573159958265,0.02531128949456879,0.017066830226658544,0.01378744978203622,0.010296254292639773,0.005808411870345136
2017-08-11,0.002629421437571366,0.004214535138113018,0.0029935714462642556,0.00227306974015255,0.00151745728611528,0.0006131772898108907
2017-08-14,0.01453063555142274,0.024130831023016514,0.015230919557798544,0.011823773968703363,0.00870386044032439,0.005085284040858916
2017-08-15,0.001306474866117261,0.0006596237810781904,0.0007594992648030007,0.001000467354264285,0.0014432570654387756,0.002106778187017528
2017-08-16,0.0022113980916502684,0.0033750664143890594,0.002501227358406238,0.0020054652463413875,0.0014767017049177173,0.0007756656619996507
2017-08-17,0.012092985282672811,0.01955917880311185,0.012828641186555636,0.01023361352560803,0.007666414155383821,0.004534887352055986
2017-08-18,0.0006266891515100957,0.0007415723839458703,0.0005900603179040524,0.0004968373599440017,0.000508874563590269,0.0007481944934311622
2017-08-21,0.0043697349553021006,0.007786325254023713,0.004459689713317684,0.0031579332947186257,0.0020544991443974705,0.0008739079866919095
2017-08-22,0.006873200522078311,0.011174302788325843,0.007135302283150154,0.0056958091962053745,0.004407877607448337,0.0029249304614898225
2017-08-23,0.0048642923684781465,0.007597168782495244,0.0052716227334602345,0.004305766329042068,0.003260189055753495,0.0019055878664998435
2017-08-24,0.002231574347266097,0.003445838927934795,0.002485219968288069,0.0020006785670504804,0.0014839639638451892,0.0008028900012988563
2017-08-25,0.002243112407473025,0.0037234327965442555,0.0023935259201433128,0.0018537002584678205,0.001319778614307174,0.0006219549846987784
2017-08-28,0.0014273995053129063,0.0024824416849656148,0.0014152016788758887,0.0010371249381078548,0.0007937199618571406,0.0005625075222553675
2017-08-29,0.0007261986751649809,0.0011080676548107767,0.00012531494130491497,0.00030746821855465807,0.0006213197451121745,0.0009553689788858162
2017-08-30,0.0017018888115544358,0.002371255932750597,0.0019642700921715,0.0016680287740525972,0.0012971263853761021,0.0007321605631009026
2017-08-31,0.002439063278859752,0.003471410564862968,0.0026050404724889025,0.0021032142336799707,0.001739470422304856,0.0018598262702294321
2017-09-01,0.002818857436455349,0.004455550607185583,0.00310605304119088,0.0025005997477837607,0.0013912510703078308,0.0014288844908411182
2017-09-05,0.006021187435241975,0.00971564540753418,0.006309334308799521,0.005031196583519143,0.0038909594539318516,0.0025728429824394836
2017-09-06,0.0004250836677336131,0.0005329166415376903,0.0004306839936996196,0.00032326544520520613,0.0002944522113864046,0.0004927363602966343
2017-09-07,0.0009123370283236544,0.0017188908402285155,0.0007884315929546159,0.0005901022023391999,0.0004116777937670797,0.00026054741176076326
2017-09-08,0.004274788989140373,0.007029740874147856,0.004367761848215477,0.0034175333425854122,0.002697047869088334,0.001980126973744401
2017-09-11,0.005715026683858493,0.009377346673064097,0.005996073031937604,0.004708217245248712,0.003534875249035693,0.00218116365736614
2017-09-12,0.0017175089433896934,0.00298035876079114,0.0017353834651042284,0.0012995479026217008,0.0009389149666218921,0.0005335772421882301
2017-09-13,0.0026098046700085064,0.0043182593426377095,0.0028785878227662936,0.0021799750432937894,0.001443064795329612,0.0005357642032007602
2017-09-14,0.0010555601988668326,0.001464479632655137,0.0011523630920586747,0.001016910620388497,0.0008446786968100807,0.0005922888366789358
2017-09-15,0.0014677296226606829,0.0026045606218212465,0.0015696412743907804,0.0010662735258887535,0.0005631944657973745,0.000263655504113489
2017-09-18,0.0028501097175621074,0.0046507798528597375,0.00302798249761864,0.0023348820264284904,0.0017558391291958744,0.0011324975232223592
2017-09-19,0.0018354199240016144,0.0026739234495340197,0.002011603984995388,0.0016879970792577032,0.001368848215231649,0.0009614232703486073
2017-09-20,0.0025104901614835928,0.004138863955651022,0.0027115580541678974,0.002087845038646142,0.0014732068220844633,0.0007075500575818126
2017-09-21,0.0017539191544596495,0.0028325979579006907,0.0020060392693803516,0.0015499664467272657,0.0009543877512646697,0.00014179314073204717
2017-09-22,0.0018732589457750965,0.002436069679177179,0.002097327545790589,0.001881503166956176,0.001564661865598653,0.0011063707120892977
2017-09-25,0.0015933292426192722,0.0029555737974359918,0.0012474434990716167,0.00044671766727951936,0.0005228730062588521,0.001388886520392664
2017-09-26,0.0007970607038353354,0.0012801212704415619,0.0009034205786108857,0.0007035841650388512,0.0004373086314116326,0.00018809599330481318
2017-09-27,0.0018866548397348537,0.0034347543983811566,0.001931908596010811,0.0013087318808232998,0.0007218940692040476,0.00018334022444705796
2017-09-28,0.0018935299676716695,0.0032099760393857523,0.0019873099804209623,0.0015048240821095345,0.001067358986519883,0.0005197892230899024
2017-09-29,0.002024476252112133,0.002930270373419611,0.0019920348794198843,0.0017406285154676977,0.0016192668445879435,0.001511959097271742
2017-10-02,0.002406283648282234,0.003532841277064796,0.0021212879736648154,0.0023427487218686182,0.002167252474322158,0.0013359341160895358
2017-10-03,0.0009652193585722285,0.001193471071683729,0.001109751402566836,0.0010646824983566608,0.0008444028967379067,0.00039465884259902483
2017-10-04,0.0011268217467536646,0.0013757319870071592,0.001062579922915355,0.001041281743853441,0.0010607389975540514,0.0010571124637960678
2017-10-05,0.0028973478656810045,0.004767776291962077,0.002882090844703217,0.0022787938759026064,0.0018864717187522275,0.001477602041149913
2017-10-06,0.002764142224613056,0.004675751495323269,0.0028158728097126664,0.0021553538556083824,0.0016381948482113492,0.00103989752348732
2017-10-09,0.002347799642554583,0.003662394927644641,0.0027593842415432014,0.0021880911581813513,0.0013095451594646891,0.00017557439504148646
2017-10-10,0.001346460252002454,0.0024876057648879923,0.0013231248651741447,0.0008273462560583618,0.00041393259256685414,0.0005197039370291291
2017-10-11,0.0020599437920731096,0.0037960248218825705,0.002091578270101844,0.001279568282401032,0.0004149854315083254,0.0007891958733426188
2017-10-12,0.001859214096635716,0.0030695084693545933,0.002035058082203801,0.0015854718484002686,0.00105054968296659,0.00032041539571505654
2017-10-13,0.0006063175130203932,0.0009204856468793233,0.0006606052205208606,0.0005320525271897546,0.0004217425194247647,0.0003057203053546806
2017-10-16,0.0028603722309869977,0.005026586661499661,0.0030191163441934646,0.0021353870904371004,0.001324599443076756,0.0004610507814336403
2017-10-17,0.0004095103552638267,0.0006617301070909992,0.0003207086158718019,0.00025051297445200416,0.00028899031147135997,0.000389205285066058
2017-10-18,0.0005596367743672196,0.0007606839142243567,0.0006624229027580607,0.0005792795555198762,0.0004212899070423129,0.00018834141191889417
2017-10-19,0.0013075316089495984,0.0024437282459759202,0.0011183798512969486,0.0005414256374427167,0.000289817359985448,0.0009738980886185738
2017-10-20,0.0009775551247761171,0.0013049479110851829,0.0009359751155596665,0.0008409283812852741,0.0008357828368589597,0.0008907514521170612
2017-10-23,0.0029667279974138726,0.004252242608733534,0.003238511281569579,0.0028516763857785797,0.00230823097569863,0.001406365557894671
2017-10-24,0.0009616340433155554,0.0011627042623356518,0.0007667716638962913,0.0007210598262516977,0.0008525520782280165,0.0011987943363998268
2017-10-25,0.002357633562515497,0.0034169169418673557,0.0025743734132799624,0.002186092657970529,0.001787031283591527,0.0012316567294125595
2017-10-26,0.002280965760083319,0.0039531405835000685,0.0025157389170154935,0.0017692196235788375,0.0009396939791135924,0.00021118326406710235
2017-10-27,0.004255852297143535,0.007097978974854565,0.00449647076674067,0.0034841450652689275,0.0025140577307200215,0.0012255961335806021
2017-10-30,0.0011265221111500605,0.00109778995863477,0.0008656537713449727,0.000992064079932494,0.001190535390247103,0.0014103883987411812
2017-10-31,0.0016568178176275662,0.0028640428423495866,0.0017328735558009626,0.0012806609019369321,0.0008710411029217737,0.00034760508066423946
2017-11-01,0.0011218996386663212,0.0016801461721340303,0.001247036083445554,0.0010642250206584854,0.0008031226242444866,0.00037111049416224505
2017-11-02,0.0008480701342838509,0.0008168848340420478,0.0008052975672899083,0.0008394294946058307,0.0008758048996144804,0.0008992406022568512
2017-11-03,0.003877019514315949,0.007634673436468958,0.0034162162214548502,0.0019771022694307673,0.0010157927287704142,0.0005068151211894311
2017-11-06,0.00120955582019468,0.0019199449969346473,0.0013742749880176208,0.0010632787884589249,0.0005539959693325339,0.0005503022450122628
2017-11-07,0.003313812858629256,0.0055702626597974375,0.003546825342920071,0.0027293504261390812,0.0018574352898436195,0.0006321096369675512
2017-11-08,0.0009652990929961315,0.0005569672734295747,0.0003311854413248061,0.0007186880614268255,0.0011068507089388624,0.0015803431060889212
2017-11-09,0.0018603908655544226,0.0030382373886408617,0.0019445965823499068,0.0015665916919231583,0.001194188866349032,0.0006423643729650944
2017-11-10,0.0050867936529426,0.00808137206740622,0.005599885183200599,0.004493015972323142,0.003224143546997267,0.001458686272646582
2017-11-13,0.002569535593003928,0.005259595196047281,0.0018270032306230315,0.0006985941812231609,0.0007088035533317107,0.0010103697740555685
2017-11-14,0.0026630335485083923,0.005034788243691284,0.0024707680147258437,0.0015669875815270057,0.0010467459638260452,0.0006736645808974801
2017-11-15,0.004771289331471646,0.007555813743182098,0.005364811868261972,0.0042744205281762485,0.002923681205142351,0.0010657856625863392
2017-11-16,0.005283961021436132,0.008243523091493342,0.005600048402369334,0.004621650689579218,0.003646823905698788,0.002371924454057168
2017-11-17,0.0006642854542767985,0.0009605885429681039,0.0007482900852535094,0.0006226801237138173,0.0004833683127394812,0.0003198936714277186
2017-11-20,0.0025359228483178746,0.0036917030987805273,0.0024600226934666904,0.0021038225613986277,0.00199005692053886,0.002021817035330315
2017-11-21,0.004037256129717463,0.006345830676220441,0.004321116660552504,0.0035011767435777523,0.0027116634681626397,0.0017158705560163226
2017-11-22,0.0012334130117193243,0.001520045200033994,0.001404208017394471,0.0012946687094392909,0.0010836235059464422,0.0006883267765316961
2017-11-24,0.001003562665050874,0.0013714540810369105,0.0010731623008933674,0.000936185919082857,0.000812920150347668,0.0006825271035191427
2017-11-27,0.0004869440906679872,0.0004642203790894671,0.0005724912759585651,0.0006059185923057452,0.00048279431758971867,0.00020517851294185775
2017-11-28,0.0016716637217649192,0.0022591956259540745,0.001666236427385207,0.0014893031035045198,0.001409696497240864,0.001373579752547304
2017-11-29,0.00465494010775485,0.007328754000650791,0.005049674537993194,0.004106543107378056,0.0030774715524793795,0.0016727108067857593
2017-11-30,0.0020529148654544567,0.003302814067765377,0.0022100107625884317,0.001732273211033399,0.0012949803233303111,0.0007757734021975926
2017-12-01,0.005994787746749248,0.01183313533546809,0.005252161774361057,0.002932170762091607,0.0016998658258698983,0.0007693739450269927
2017-12-04,0.0006744111450632604,0.0005698566507615148,0.0006795174156280193,0.0007636152893264768,0.0007340659910160291,0.0006047398226586975
2017-12-05,0.0006765802527650694,0.0004540869480013022,0.00044945048308773377,0.000554725867274342,0.0007436692829176999,0.001009870639679506
2017-12-06,0.0006704664769747035,0.0008481028973327925,0.00065498506053401,0.000579659392005934,0.0005733377190769714,0.0006592582035062307
2017-12-07,0.0023599275885008812,0.003706305894619222,0.00252024536066811,0.002030988380528497,0.0015868265975172078,0.0010559444113919048
2017-12-08,0.002882089874675066,0.004947337044983452,0.0030692930943614573,0.002276400133052667,0.0014889849831672263,0.0004862431972814172
2017-12-11,0.001929148986082009,0.003219306357926323,0.0019254170996691276,0.0014691201053618932,0.0011927511101194207,0.0009777246667408168
2017-12-12,0.0024249267275424074,0.003513443702327044,0.0028837799955082565,0.0023825591962770504,0.0016505306852774575,0.0005831248502899308
2017-12-13,0.0011965126497892233,0.00177955975179232,0.0012678172924746802,0.0010883251789235442,0.0008982953824875409,0.0006266041166109361
2017-12-14,0.0014114124916955644,0.0015877538604548282,0.0012913628439314808,0.0012202027979663415,0.0013093827442643485,0.0016026439883371686
2017-12-15,0.00298360415123942,0.004992865496629139,0.0029577907682588854,0.002319192598189196,0.0018800855404067576,0.0013852294443507092
2017-12-18,0.0020707361358890276,0.0037053471534929335,0.0022011221587742613,0.0013941314955116142,0.0005689947028386818,0.0007732055599915934
2017-12-19,0.002723962762112359,0.0039327060545241,0.0029207251559453798,0.002487802513604146,0.0020909785011471813,0.0015942712630090475
2017-12-20,0.002955077407016381,0.005259996697916764,0.0029030076088077984,0.0019642583833984865,0.0014418701990012504,0.001276751072403275
2017-12-21,0.0018592673882839802,0.0027959071507742774,0.0020343132130974198,0.0017762159312838496,0.0013418573371403234,0.000611003202253725
2017-12-22,0.0014280333314233289,0.0009314352344711254,0.0010993147001374668,0.0013873855175909836,0.001644225708214841,0.0018686933451884623
2017-12-26,0.001817120306023418,0.0032699227612237283,0.0013960548961192418,0.0010921616291923496,0.001155044996944104,0.001158154102967299
2017-12-27,0.0012621250333873116,0.002423437041726754,0.0011312307160390713,0.0006847170293939859,0.00041615715524901905,0.00041236365405299884
2017-12-28,0.0010580547190137395,0.0018273253452746369,0.001023887847473721,0.000819645253263731,0.0006349228537111928,0.00036740893985618523
2017-12-29,0.0010062586694824635,0.001715517072472062,0.0007823739193007963,0.0006872026182362687,0.0006262881088633759,0.0008019916085492657
2018-01-02,0.0019121696654727256,0.001371864393191787,0.001572645492263629,0.0019304227743090938,0.0021865572025824742,0.0023279119189499593
2018-01-03,0.003988260708381381,0.0064449664454898905,0.003992021216277462,0.003149499649144869,0.002647629725973858,0.0022645088451074204
2018-01-04,0.002118684468030743,0.003222921448775642,0.002244041169015543,0.0017909714293341888,0.0014621231503550503,0.0012945243043926598
2018-01-05,0.0016637447111862683,0.0027379040720995826,0.0018323455514125402,0.0013233520818887723,0.0008586467633016892,0.0007057537781923504
2018-01-08,0.002194798158138387,0.0037323815942271674,0.0022999470386538263,0.0017218029149862267,0.0012069514975828089,0.0006662798464065886
2018-01-09,0.001858367875306857,0.003021552958839826,0.001978315541660659,0.0015089894986056458,0.0011474203125645336,0.0007940519213659667
2018-01-10,0.002862198567698897,0.004833704218613174,0.003254909656159909,0.0022929966695535583,0.0011335828423542772,0.0006774408275433111
2018-01-11,0.0030044218439539802,0.0051186570369658275,0.0031642845893865377,0.0023534259146578626,0.0016496542970781984,0.0008120550608046782
2018-01-12,0.0014092581564332841,0.001958680554508579,0.0015690493944424209,0.0013580480779555497,0.001113066543595267,0.0007405980880671054
2018-01-16,0.008504676812853744,0.01442314071331502,0.008641233041263248,0.00643455538244447,0.00493907846807194,0.0036265331740435915
2018-01-17,0.0025877216548823947,0.004799255064642385,0.002453280761636705,0.0015562073941702871,0.0010744674614423413,0.0009240234658575527
2018-01-18,0.004135332364750328,0.007619707175331527,0.003962408689612739,0.0025933893294896775,0.0018049491423244091,0.0013269284655745039
2018-01-19,0.0021701423502091463,0.003140090084139647,0.002471685306373044,0.0021897729939950516,0.0015846407494101407,0.0005215391075294808
2018-01-22,0.0010752866860943946,0.0014205043933348655,0.0010655595190700781,0.0009058296057117161,0.0008142053039514103,0.001069813027929817
2018-01-23,0.0017400154245464914,0.00223295609336408,0.0016128476295160182,0.0017091594708765223,0.0016820399924211706,0.0013417948294654435
2018-01-24,0.0034526985385299976,0.006003031904670549,0.0034900808772629294,0.0025072398031367217,0.0018480937695481094,0.0012987984447293652
2018-01-25,0.0004533557354842543,0.0004458901902055496,0.00042807508935415085,0.0005262357258811088,0.000500680485331824,0.0003434905865515271
2018-01-26,0.0014041455343320034,0.0013123108972896028,0.0013552452899479035,0.0014054311499040037,0.0014531583067935213,0.0014874030856254171
2018-01-29,0.00659756292782034,0.009076096523003145,0.007210702311026629,0.006384035406148875,0.005330212784309707,0.0037553096578911913
2018-01-30,0.005062960958414647,0.007424453369424651,0.005539825377628218,0.004706986929831283,0.0037601776875563955,0.002461916546753902
2018-01-31,0.004720325735683057,0.008664569164430121,0.00465100106720281,0.0030221488243809603,0.001966493971095688,0.001303964519218638
2018-02-01,0.002354628018775201,0.003626213249845293,0.002505497881738742,0.002023376164824744,0.0016299558353995414,0.001242423533068072
2018-02-02,0.011818714952832739,0.017819273834588017,0.012799599149304878,0.010654464725645425,0.008439858107763947,0.00568375173960214
2018-02-05,0.0815366416122117,0.1364600574956884,0.08569977969645631,0.06491371288704985,0.04691130516388404,0.029340405966552862
2018-02-06,0.05663446643934722,0.09650812771767663,0.0593358671382584,0.044069870095313754,0.030362198530323174,0.018404715426072756
2018-02-07,0.007762138847901276,0.014286424744246178,0.007445503535758815,0.005209397776516231,0.003480678415360919,0.0015695843944664226
2018-02-08,0.026625394472433207,0.03884633632631512,0.029608787858608845,0.024672288924338284,0.019371900690193556,0.013222995595300864
2018-02-09,0.018258502108689328,0.032499773841799105,0.018621578869268206,0.012989800605263026,0.008553586379134207,0.00468692193265423
2018-02-12,0.01211366282531768,0.0149035840648493,0.013866020895526366,0.012418633455916506,0.01032804424055796,0.007643940543128447
2018-02-13,0.0026970990558207223,0.004877572808892548,0.00230910949088405,0.001736848143095847,0.0015152074227587013,0.0013915884562067458
2018-02-14,0.016630720145997636,0.028562038118619067,0.017040278029097262,0.01254990578998246,0.00910360863573616,0.00603053401814381
2018-02-15,0.005725774256005856,0.009848211539814895,0.005833201148682706,0.004220390268360694,0.003054827886268314,0.002401099862097457
2018-02-16,0.0006616066585508878,0.001302425708602657,0.0004655490624208208,0.00018149579711635745,0.00019882394183140786,0.0004506623048669983
2018-02-20,0.0034875088342773415,0.004221908722888294,0.0036245534506364903,0.0033884621983274717,0.003151110268822337,0.0029052566786980324
2018-02-21,0.001256694805290384,0.0019692433869733608,0.0013324556049825087,0.0010659506512306978,0.0008458088314567761,0.0006256263594208103
2018-02-22,0.007419136254181169,0.01186884632105305,0.007939366057062242,0.00630160752090424,0.004751611287595049,0.0030044633853323777
2018-02-23,0.011960060661053732,0.017981755134185637,0.012968625836136092,0.010746633080998266,0.008540951622834535,0.005937045064315312
2018-02-26,0.002758901234288419,0.004004080595889152,0.0024245309698307845,0.002143873449140948,0.0022283639968647176,0.0025660999186102977
2018-02-27,0.012574887756107156,0.01898824301228441,0.013753430838039211,0.01134998604993481,0.008849449927712688,0.005813246126422282
2018-02-28,0.0060445584947433125,0.009151976999126014,0.0065530863777583685,0.005388566254912617,0.004232903025346018,0.0030046128884445833
2018-03-01,0.006643109183992163,0.008578328708570823,0.00698066941380186,0.006351960247475407,0.005738404363473311,0.005006030925882152
2018-03-02,0.0065079974508727495,0.007610098484632817,0.007892540726762147,0.007138151234834921,0.0055356533861658196,0.0031571655912030656
2018-03-05,0.0042732900610474075,0.006239372023925185,0.0042366847636102515,0.00365344738448061,0.0033475124613205265,0.0031420154710346117
2018-03-06,0.007680794131104423,0.011415049864076529,0.009262582500738676,0.007368610121773351,0.0047622754285175555,0.001377865035456701
2018-03-07,0.0011901828565340062,0.0022471763613608306,0.0010699455140779485,0.0007918872843667025,0.00046403423864302634,0.00021372391538646392
2018-03-08,0.0042333193633170025,0.00695536918711259,0.004250556183897328,0.0033044055600929276,0.00269368117535209,0.0022328370692128387
2018-03-09,0.010202167770999538,0.014976088310467602,0.011180365714000258,0.009400448038041478,0.007491858082849995,0.0051614897759182906
2018-03-12,0.0063984824739439115,0.010679547627601078,0.0067334540740441665,0.005089897751326678,0.0037213046231647875,0.0023570280719642034
2018-03-13,0.002495719225491407,0.003920746475039792,0.0028125253180430188,0.0022975702912787404,0.0014998393117997052,0.000576344924225681
2018-03-14,0.007100725387338442,0.010372868397214454,0.008232675103606603,0.006860072497443443,0.00492099250258683,0.0023348244267595735
2018-03-15,0.001365585378405877,0.0023347478065472173,0.0014700266561066288,0.0009774855331741712,0.0005531407233281189,0.0006713038145056095
2018-03-16,0.002972301751730584,0.004431249149893368,0.0033379526546079607,0.0027837807693133015,0.002073826796689664,0.0011596545216579887
2018-03-19,0.006216356024417583,0.008601644751260672,0.006848803104335296,0.0059786483962861675,0.0049113607921230555,0.003529208586340857
2018-03-20,0.0021691744478634996,0.0032537967168300938,0.002341527806503414,0.0019542101473060325,0.0015564864985245662,0.0011022957240747501
2018-03-21,0.0013366304464101633,0.0019314547667039716,0.0012660779960537417,0.0010568925662596883,0.0010374344755831812,0.0011858083975477111
2018-03-22,0.012610003254782008,0.017348957656644844,0.014147103811737075,0.012226099292746378,0.009841447253942918,0.0068994524730379035
2018-03-23,0.008985192815065352,0.011676716863661864,0.01067854224948665,0.009185260764730085,0.007039525491536625,0.004400856038230479
2018-03-26,0.011520073169132632,0.019285181420833596,0.012117462406805264,0.009114559973348054,0.006604081869588698,0.004256784073459088
2018-03-27,0.00983379409783954,0.014544267415570356,0.010859167966660538,0.008943179349577517,0.007040013170049934,0.004951570043588643
2018-03-28,0.003837096585765887,0.004211862176680667,0.004217680092054958,0.00395179812101462,0.0036072170608402836,0.0030755843956782165
2018-03-29,0.012031377124399703,0.018652342623411793,0.01319699611999163,0.010485647587771594,0.007971656733916614,0.005310693852698109
2018-04-02,0.012629881900380457,0.016002622224636786,0.014971580614861478,0.01290593095569133,0.01025438899047516,0.006754398012776899
2018-04-03,0.009544521799742092,0.012544067832378526,0.010547769862493289,0.009201735765511422,0.00786778361711665,0.006348734907779936
2018-04-04,0.0054209613917692735,0.006283417063847863,0.005942391842862287,0.0055299592406711905,0.004983029375100533,0.0040901992966474185
2018-04-05,0.004677753032070512,0.006712059393215407,0.0055659281380696195,0.0045180959521617685,0.0031916953708379897,0.0016659710189102334
2018-04-06,0.009836967245134838,0.013097485657347372,0.011621480554389494,0.00984846941942912,0.007573522087547723,0.004782896128163504
2018-04-09,0.0020685031267244185,0.0030954378420881756,0.0023307006263347248,0.001914397713605603,0.001415011327861302,0.0008440671884872289
2018-04-10,0.006290820887082463,0.010085299984164676,0.007133575942455069,0.0054477189107617,0.003555859724017391,0.001717316500194265
2018-04-11,0.001870806252197421,0.0027989240787153844,0.001281183870317857,0.0009752546001460033,0.0014360377539366883,0.0022384919237048695
2018-04-12,0.008202530865998198,0.011745077300066088,0.009553074415783382,0.007856339192546297,0.005855668418188457,0.0033449324848394643
2018-04-13,0.006715377142654287,0.011272598225000739,0.00748310447311733,0.005462921841440455,0.003381057741685506,0.0010667994395579894
2018-04-16,0.005301318223435951,0.00566578721250672,0.005691888967313986,0.00558030911167263,0.005109150918341786,0.004333342461521583
2018-04-17,0.0056481965965571035,0.005190714534438141,0.005917158379775569,0.006073298923572696,0.005811965444400804,0.005185599401751199
2018-04-18,0.001856502859888265,0.002076307043141571,0.0017933180889367836,0.0017858213559034729,0.0017779157218170301,0.0018318928487425982
2018-04-19,0.0034717867610503093,0.004552870468433709,0.004294854300259339,0.003691409952651301,0.002558665348478206,0.000958560276765587
2018-04-20,0.004611281024277879,0.007115626597810211,0.0050637089018038,0.004084459060483738,0.0030763884108624484,0.0019746650934775144
2018-04-23,0.0033468257488134825,0.006275413526932416,0.003097700212144649,0.001962171681840406,0.001360246631321047,0.001152936606774471
2018-04-24,0.004355225809654155,0.0048464670127575694,0.004935275951366244,0.004630639609468403,0.003991106763183453,0.0031020979442307776
2018-04-25,0.0006588119117826701,0.000676897159192716,0.0007809109671801073,0.0007464012232439399,0.0006113141579711923,0.00041392533982865387
2018-04-26,0.005775169036440939,0.007315027795173602,0.0065241837794501965,0.005844591852955951,0.004848286675878826,0.0036087593084028397
2018-04-27,0.0012655423871861078,0.0025220341978957153,0.001057793748739991,0.0006105471231987748,0.0003565672737688581,0.00016880624462802728
2018-04-30,0.0027186154835998335,0.0033753337050559896,0.003037666071125937,0.0027543068090333297,0.0023660006325517168,0.0017747937814474755
2018-05-01,0.0025327860502253356,0.00411841445332153,0.0026790418620167154,0.0020845523998871147,0.0015729750582379827,0.0010567940819292518
2018-05-02,0.002305903923505493,0.0033321287219862457,0.0026938851048386825,0.002212800198396082,0.001607734466923247,0.0008628852241625281
2018-05-03,0.0027062777366067756,0.004582859191021866,0.0028763628826880823,0.0021063540278246826,0.0014644049772356924,0.0008731694639313906
2018-05-04,0.0038064365789298275,0.005417195606780775,0.003766814715369364,0.0034415888668203978,0.0031263797083543932,0.0027002058802977876
2018-05-07,0.0005842279871608132,0.0008822349955993795,0.0007003500496208518,0.0005466282388495111,0.0003512050408184286,0.00012504204589544086
2018-05-08,0.002400591282835116,0.004061795196835049,0.002572500006533613,0.0018791924152331183,0.0012900191464560815,0.000709043369462736
2018-05-09,0.004205507763477504,0.006133005310292297,0.004793317436354293,0.00397560819151962,0.0029864941817754507,0.00176556607674696
2018-05-10,0.0036706830784477107,0.0054361764584788365,0.004166409763735532,0.003459949765039627,0.00256009756806837,0.0013904080589216235
2018-05-11,0.002309072197709021,0.003383747633333765,0.0027171610210978444,0.002246521986703302,0.0015585761672521296,0.0005918946735955778
2018-05-14,0.002623491808923717,0.0032447530122274933,0.0030723868897912137,0.0027722382291789165,0.002221272538050207,0.0013513721023137248
2018-05-15,0.006091252853514554,0.010169885043892954,0.00636215994096003,0.004812098252163419,0.0035764587862491893,0.0023802980209794234
2018-05-16,0.004194646332876706,0.006329180140589204,0.004481159053763526,0.0037348775630382867,0.003023216503068396,0.0021787228224610148
2018-05-17,0.00034658437500779493,0.00033141510252604635,0.00021159781291504255,0.00025562493692408387,0.0003620062362239455,0.0004996012579472464
2018-05-18,0.00306181358285414,0.0051732373503459925,0.0030598047176860557,0.002281175003454156,0.001808588254221347,0.001507969368943008
2018-05-21,0.004346207507047207,0.006219836786114309,0.004793524999435741,0.004116018895474657,0.0033123009255132184,0.002206897808325339
2018-05-22,0.001623396462834841,0.0013379282214410837,0.0013614371304947585,0.00154621865750052,0.001762397483167758,0.002009149164752659
2018-05-23,0.001971441639187369,0.0027861646326935202,0.0022828297804464415,0.0019519382538652889,0.0014587600570091733,0.0007216936093768966
2018-05-24,0.0010044596336790028,0.0011809025748865279,0.0011007708474267057,0.0008016475205040357,0.0004793183484374913,0.0012514326199422536
2018-05-25,0.002526268956963719,0.004307306886921176,0.0025304902085548434,0.0019125535653996778,0.0014739317240133037,0.0010599835061482856
2018-05-29,0.00972753356712734,0.014020422540508224,0.010648057037890752,0.009149522532679023,0.007380579066469632,0.00499844672563077
2018-05-30,0.004098513981535816,0.0045257162308420425,0.004131445246989591,0.004072630653389361,0.003950761080010678,0.0037740301407101938
2018-05-31,0.002592013281314679,0.003829530179828262,0.002866166613415629,0.002414665149473006,0.001877059258807377,0.0011655438873463973
2018-06-01,0.005818045904833703,0.007764111118949784,0.0061054114952354835,0.005510564029692954,0.004910748472121833,0.004148379596711843
2018-06-04,0.002236346513676986,0.0033998424218111846,0.0023993375657690567,0.0019656304058790494,0.0015767464585787012,0.0011578631660787118
2018-06-05,0.0013026648162810749,0.0019262860565265314,0.001377419342357527,0.001156415384854747,0.0009716748918081262,0.000771600585740295
2018-06-06,0.003426571409197931,0.005320155604712103,0.0036883987169673963,0.0030101655832712702,0.0023363373543361363,0.0015096517101669121
2018-06-07,0.002303793083551513,0.003332343953435757,0.002170772151166825,0.0018176700642631037,0.001792397732375694,0.0020503489481729395
2018-06-08,0.0003864660649644843,0.000608883225387293,0.00035633950472819506,0.00029972049101758093,0.0002874165401323508,0.0002768082942764283
2018-06-11,0.0006323616747230639,0.0009568667076835541,0.0007122483479903834,0.0005659939441851524,0.0003909068143802185,0.00032149269108556756
2018-06-12,0.0010746590518365983,0.0018118752284283885,0.0011424369415489388,0.0008372646821835377,0.0005944166301355784,0.0003634048726282125
2018-06-13,0.0021846168543601975,0.0029556993597255913,0.0024258761003279426,0.002156477405635304,0.0017762139579525335,0.001198494729695409
2018-06-14,0.0028198392998322725,0.004707853312753428,0.0031017695587664106,0.0023514230188655945,0.0015092118596114915,0.0004070632917083439
2018-06-15,0.002405090978938967,0.00299741595235823,0.0021670436251783275,0.002136001134820467,0.0022397924089922446,0.002379613778884457
2018-06-18,0.0010284703031724495,0.0014807289944107319,0.001139352838363297,0.0009079324793896705,0.0006599675903856619,0.0007336034145728202
2018-06-19,0.004158840942935786,0.005400357292561981,0.004054432979182306,0.003694615558647392,0.0035935309162869905,0.0037833656578074577
2018-06-20,0.002640786044936914,0.004003307367533938,0.002691895163193006,0.002274230962405757,0.0019545965676457696,0.0016135089136650827
2018-06-21,0.005548907684269239,0.009297108372219663,0.005874498677343266,0.004485129770538408,0.0031856261399160085,0.001655693415436628
2018-06-22,0.0008638958564817735,0.0004587542699869368,0.0006573890164724759,0.0008198767631122499,0.0009988574421713379,0.0011912390014390476
2018-06-25,0.010170164882981822,0.014518616552802378,0.011484567226025939,0.009842870926514107,0.0075762962598588425,0.004493705004292013
2018-06-26,0.003102314944754968,0.002499880673078875,0.0031368154114040344,0.003318305677276385,0.0033255204019128565,0.0031563487237647922
2018-06-27,0.006836100792369592,0.010296537815339443,0.007617620275003031,0.006273235466503563,0.004731289464705343,0.0028064136122992554
2018-06-28,0.002090462667234013,0.0017638323063079882,0.002069908365781514,0.0022058135066688155,0.00221858662877269,0.002160279128357287
2018-06-29,0.0014900158880990578,0.001703300586380989,0.0017129145499975569,0.0015951981946552012,0.001346034914721578,0.0009533941047112837
2018-07-02,0.002289550413309939,0.004600897954324203,0.0019346618291296177,0.0008491498501269823,0.00014643237374138403,0.0007460088392187755
2018-07-03,0.002824986543698051,0.0046625486853250605,0.0031755497516813185,0.002380430976648936,0.0014909682554499386,0.0004356953277191834
2018-07-05,0.0053394619689518365,0.007484694512140611,0.005819945863691831,0.005048401215782427,0.004175707566126653,0.0031199295312110626
2018-07-06,0.0034306649615432733,0.004114840518216988,0.004035150300354022,0.0037307689441607736,0.00295002260453803,0.0017354220446324658
2018-07-09,0.006015557895050991,0.008694307949940496,0.006509648124245075,0.005621968515803988,0.004586992290332913,0.0032126540818147218
2018-07-10,0.0012688898561206896,0.0014786951910773407,0.00159512318213602,0.0014936210964060178,0.000999188967975868,0.00030027874912008905
2018-07-11,0.0040179061506920855,0.006424619668044711,0.0044459536326952945,0.0035389156325781436,0.0024706987168306685,0.0010233921984695662
2018-07-12,0.003649636228776961,0.006265601800785206,0.00375462668944,0.002805300634689439,0.0020140872957875207,0.0011480314555389888
2018-07-13,0.0011477241743796103,0.0012221116026102197,0.0012991804779134142,0.0013063291890832835,0.0011053413713974876,0.0006903996822689557
2018-07-16,0.0007171763852745836,0.0007372247416681087,0.0005766357408878101,0.0006708989056883916,0.0007581808652742316,0.0008189976645014823
2018-07-17,0.002897567094944197,0.004987806733588548,0.0030230049766671674,0.0022585104030166665,0.0015527371553405852,0.0006714449596365741
2018-07-18,0.00026523863059713907,0.0003530214254771529,0.00032611036562441405,0.00026848327249075936,0.0001600966905006665,0.00015189252935876837
2018-07-19,0.0024389287296696063,0.0035371679190606855,0.002541789455224735,0.0022156203167661144,0.001901129521044591,0.0014987826312915595
2018-07-20,0.0015314624403379806,0.0023194074692438798,0.0017111108311006562,0.0014132953945722845,0.0010497065740428955,0.0005657269502396359
2018-07-23,0.002396391608083902,0.0038512011771521565,0.0022762554367163046,0.0018212450979677934,0.0016448462075262823,0.0016364356458812403
2018-07-24,0.001524305519674953,0.002411337215253664,0.0015297109739170593,0.0012471504596164166,0.0010610374291836536,0.0008841883634825638
2018-07-25,0.0022072732271281163,0.00331291383866069,0.002198588704327794,0.0018698541141332547,0.0016710809379643036,0.0015040675494893373
2018-07-26,0.0002711286381078803,0.00046886369304057304,0.00018494221984028796,0.00015904056833357277,0.00019339651800897177,0.00022543466709051474
2018-07-27,0.002193599269971849,0.003520962921978038,0.002425873778499257,0.0019180909994907212,0.0013319364703774361,0.0005694009619784123
2018-07-30,0.0031345578441872636,0.003884816915898355,0.003410333462370864,0.0031775581683535004,0.002779540054290532,0.002140646811477225
2018-07-31,0.0022715038428010193,0.003965852722511816,0.0023823552149487017,0.0017261614349876795,0.0011150989322077742,0.00041468714014507584
2018-08-01,0.0009084841039388745,0.0013658094000040583,0.0010244690965683688,0.0008492455840304018,0.0006258810576413583,0.00031432376345997225
2018-08-02,0.0024507268899896933,0.0038286786256039253,0.0025257660053430407,0.0020703849530987143,0.0017121120683499566,0.0013319969692468306
2018-08-03,0.0050761819285251595,0.009638226442806791,0.004352841026034062,0.0032010615097975985,0.002305880673674686,0.0011964950588897573
2018-08-06,0.0020316490190303593,0.00352632239120042,0.0020450258730055453,0.0014892593061196049,0.0011039654139400146,0.0007643790542996122
2018-08-07,0.0021831464126263658,0.0036852433991556408,0.002077070621608013,0.0015852495731888776,0.0013610838985314395,0.0012529303366558245
2018-08-08,0.001017391054278932,0.0015393933843103281,0.0008243322800439407,0.0007113768185624866,0.0007965815165145369,0.000992757773383038
2018-08-09,0.0007260257065310256,0.000931254678515847,0.0008355716946258419,0.0008236262811930213,0.0006005920877718999,0.00017629575331176874
2018-08-10,0.0059371538589558185,0.009841337473977654,0.006268430858153209,0.004839870004928983,0.0035472951862959763,0.0020239037084495326
2018-08-13,0.005211825878751369,0.007988902778018284,0.00556852588847079,0.00465222391549787,0.0036823553618420975,0.00240451001538715
2018-08-14,0.004601563771311635,0.007213759525089257,0.004744806408983722,0.0038985756174235264,0.0032027128185912906,0.0024216048644548995
2018-08-15,0.0037924293918348176,0.005967179625259608,0.00402137868354227,0.0032793503479228428,0.0025636965706395615,0.0016754717105850333
2018-08-16,0.0035935044127598744,0.0053400408524032685,0.0036747963333435695,0.0031357221669394857,0.0027291105115732433,0.002294647627222321
2018-08-17,0.002306513589138101,0.0039024936009637496,0.0023691569836641778,0.0018229134381579472,0.0013543982127078092,0.0007747616691492533
2018-08-20,0.0007194139446327555,0.0007960568351952085,0.0007143094583351963,0.0006282838833874529,0.0005933494103654294,0.0008348853038751805
2018-08-21,0.0015939421793981158,0.002656874131062768,0.001835115836485042,0.001283961637075491,0.0005858225252616627,0.000533743906857794
2018-08-22,0.0004996024079318369,0.0007825405021290168,0.0005362657152195091,0.00040555132020867444,0.0003101448693826197,0.0002956358603702551
2018-08-23,0.0006364097457788421,0.0006334744829650843,0.0006357156371528855,0.0006545372136035612,0.0006498214059405611,0.0006074337059403202
2018-08-24,0.0019433050877550404,0.0027979214282876203,0.0019201506453079603,0.0016632006135144086,0.0015396724826510957,0.0014933194120139964
2018-08-27,0.0019382316540326342,0.0030310807975292733,0.002099494379848734,0.0016813220296059527,0.0012872636694414507,0.0008393394720857211
2018-08-28,0.002685650196180722,0.0038594835191679113,0.003023661822063319,0.0025524912718712426,0.00199383902227157,0.0012388846970497421
2018-08-29,0.0006856707347985894,0.0009205013899788035,0.0006872386218613932,0.0005846823552397322,0.0005465112894389564,0.0006249592022303704
2018-08-30,0.004265402017497731,0.006482047446849071,0.004653194923432147,0.003835173602655366,0.0029788159159963926,0.0019280064657083921
2018-08-31,0.0015071347501298806,0.0022333650989946768,0.0015666761978212235,0.0013123629713428606,0.0011258153337274884,0.0009618342200246497
2018-09-04,0.001111113378567612,0.0015497710127222886,0.0013988834423502355,0.0011523183829959835,0.0006756491871224932,0.00017280087717946283
2018-09-05,0.003226348407941108,0.00506905221298009,0.0035723663711533624,0.002844142867583123,0.0020596082885231573,0.0011217813806966102
2018-09-06,0.00272555989967636,0.003962882199256334,0.002948079883326045,0.0025015908795216458,0.0020467601542369187,0.001516769413090474
2018-09-07,0.005637184968767839,0.011313185135258908,0.004813380312875886,0.0024702795147125236,0.001010619671113912,0.0007802889971256653
2018-09-10,0.0022622614957508312,0.004156601930698727,0.002261975806746846,0.0015053752646495351,0.0009044386855532098,0.0003333124537782063
2018-09-11,0.003404630606969,0.004906912020175986,0.003596472572422518,0.0030745428641883185,0.0026226535246770483,0.002148027461971387
2018-09-12,0.002635228865591438,0.004237175210710103,0.0029078029115196277,0.002257993151991253,0.0015973303019085206,0.000814363041830169
2018-09-13,0.005878602055715904,0.01021216860995075,0.006277117650615241,0.004546843326121531,0.0028108829002834097,0.0007241339780771652
2018-09-14,0.0019699366925949855,0.0033658784927701594,0.0020078752379943774,0.0015193967178145694,0.0011255371149713365,0.0006834849533332565
2018-09-17,0.0025807005115586336,0.0037116234112185517,0.0028564627308338315,0.002461286081828597,0.0019507262570521674,0.0012252697114883446
2018-09-18,0.002566690162971163,0.004533072855817895,0.0027218574333631707,0.0019173721011983742,0.0011223483218628558,0.0002150651755051822
2018-09-19,0.0026792060463550994,0.004746373032215428,0.0027865858361719137,0.001986004929020035,0.0012361926685921611,0.00035386398355855475
2018-09-20,0.0026266938723555006,0.004064223870393476,0.0029107468503345143,0.0023415114667789624,0.0017446718547091662,0.0009902952944801573
2018-09-21,0.0020754255986901214,0.003061171498123896,0.0023392833930927625,0.001960505713954878,0.0014812436638878348,0.0008101073373991706
2018-09-24,0.0015498301971001755,0.002134770847734469,0.0015997388832375184,0.001488326217049219,0.0013031422983518968,0.0009900314915339695
2018-09-25,0.001165919594441758,0.001854146449944109,0.0012350954261505654,0.001024758590031499,0.0007746553615742462,0.0004281374042509095
2018-09-26,0.0011188406969643658,0.0014457747453511778,0.0012688679676704398,0.001137078545161604,0.0009367808094413875,0.0006230779160254937
2018-09-27,0.0013912700972110645,0.002315329977101578,0.001396916050683254,0.0010884068485361505,0.0008710561526228895,0.0006501282738691984
2018-09-28,0.00041151633493451004,0.0006193722103856205,0.0004491506368784959,0.0003856639075533563,0.0003000680466603732,0.00015030887454650142
2018-10-01,0.0011653311926863356,0.0022314186146497558,0.0010540095269525713,0.0006599127289911743,0.00043994624000554466,0.00026604759451453894
2018-10-02,0.0009580169995556599,0.001407687393165186,0.0010672430850229423,0.0008787262319744088,0.0006880618389935787,0.00047201946225075786
2018-10-03,0.0012716597582836137,0.002301511789218892,0.001318023565075481,0.0008906249324294424,0.0005026339700075509,7.4809037631639e-05
2018-10-04,0.005788494538638708,0.009084604602225405,0.006277386349350806,0.005093797316639295,0.003836083979907156,0.0022215790684911264
2018-10-05,0.008103951969104949,0.015539567091551063,0.0073465752396104905,0.0042851310263449394,0.0027479251031135997,0.0026469669734357102
2018-10-08,0.001902968418717822,0.002840598617140318,0.002194807122942276,0.0018251487267428592,0.0012807476132554816,0.0004987813939780651
2018-10-09,0.0007800216718393033,0.0011122027183595238,0.0008598190542349522,0.0007493562009264683,0.000600602359986812,0.0003789821094120779
2018-10-10,0.02249522449061698,0.03401553116783919,0.024792226243804137,0.020483160264936694,0.015636375431530628,0.00971641346316658
2018-10-11,0.007014957696143013,0.010607459125237173,0.008434351515196892,0.006546981360098246,0.004193644351229019,0.001393579902205135
2018-10-12,0.0072425308202421915,0.009120107760897877,0.008561733150834413,0.007530927350418817,0.005908200302667719,0.003764296178646743
2018-10-15,0.005513285631690054,0.008816311083612758,0.006228359301415285,0.004785481873084618,0.0032332084458757656,0.001451660414951345
2018-10-16,0.014759874207552958,0.02303924141871811,0.01603507879393618,0.012891716751982632,0.009770075462621479,0.006299865131695196
2018-10-17,0.0007224053661549648,0.0009564219037187074,0.0002642700597072272,0.0003243997242511796,0.0006581506437149243,0.0010422900709304752
2018-10-18,0.009871429008267167,0.013945726674107997,0.01110524544450544,0.009455633392195602,0.007445646937899231,0.0049567250582621325
2018-10-19,0.0021987102495227926,0.0034507290755126556,0.0025337656156763154,0.0019747481788363833,0.0012878780790233964,0.0005346719954928378
2018-10-22,0.0029476081395649347,0.004849784056280785,0.003124576558527835,0.0023878926709658514,0.001777305803670347,0.001139182747269994
2018-10-23,0.0021636346724988515,0.0026690106713427213,0.002055921283296886,0.002101538032211379,0.0020648102446705883,0.0018374551004076607
2018-10-24,0.012552464180091686,0.0158105303253662,0.014455870288481224,0.012765967982889469,0.01044017533803159,0.0075438405581443515
2018-10-25,0.0010006782154970795,0.001623361831910781,0.0010978088290426271,0.0007618533929232867,0.00047471410489348284,0.0006004352743884053
2018-10-26,0.0018508362212446316,0.0037036684157582423,0.0016211309043076758,0.00080636417560664,0.0002499718284755162,0.0002646494810797297
2018-10-29,0.004745674091574658,0.007726299343872189,0.005509095732738818,0.0040253795935273895,0.002424302706923399,0.0006930736518084153
2018-10-30,0.003916827148865912,0.006236552661409665,0.00446374881682374,0.003376657025009738,0.0022698169967548983,0.0011550541584397713
2018-10-31,0.007112299207175439,0.011117917176095525,0.00802528305312837,0.006227981198859522,0.004421360955045959,0.0025640918736348226
2018-11-01,0.004794006451016213,0.00654975363757663,0.005686512446418286,0.004764671632323311,0.0035642063550262656,0.0020666712463841123
2018-11-02,0.002536975871703594,0.0031990306596728834,0.0028934350733424226,0.0025721140626145385,0.0021174543383112726,0.001573558247070368
2018-11-05,0.002281725456538753,0.002337193109223332,0.0025265731520801283,0.0024564870985509424,0.002223750950042578,0.0017905068051558121
2018-11-06,0.004750097280264167,0.006608291120156572,0.005359682967953927,0.004563198945086883,0.003629961546220425,0.002534166998180764
2018-11-07,0.011329546527317439,0.014606055467024774,0.013425545227366505,0.011726886245671232,0.009040062493970593,0.0053822310152555316
2018-11-08,0.0008787965952754795,0.0010483636341351726,0.0009616988144644831,0.0009096691066886277,0.0007874611867987156,0.0006244144103407992
2018-11-09,0.006055604815767491,0.008843777637562394,0.00673314645973305,0.005660553359414718,0.004409444165237921,0.0028842715010442073
2018-11-12,0.010418206145235547,0.015230089506708181,0.011909621704741297,0.009829050097584528,0.0073246486365146826,0.004317369270922749
2018-11-13,0.0012625242179766891,0.0016832937286080962,0.00123248241229016,0.0010812202484214478,0.0010348649969132526,0.0011736113258142696
2018-11-14,0.00673635363739347,0.009029769711110885,0.007894370705638315,0.006726406523144125,0.0051867991789570555,0.003299551686056726
2018-11-15,0.005483781271910742,0.009398636449841149,0.005815849359167696,0.004225114897491196,0.002841053731710601,0.0015091825941589208
2018-11-16,0.004134300322479567,0.0051990176032021915,0.004775638800290787,0.004224471371977629,0.0034313042110593905,0.002450648655260833
2018-11-19,0.007899969946353233,0.009568084923235475,0.009127369396447477,0.008179228385463989,0.006790671521090081,0.00491706293228445
2018-11-20,0.0114979412693588,0.015282965440876707,0.0134088150160953,0.011437297697911651,0.008998325955901576,0.005988845107858424
2018-11-21,0.005850796751969283,0.009891174353515534,0.006497296624489495,0.004668060795618825,0.002873789359359061,0.0010293020802790338
2018-11-23,0.0037384542247912685,0.00576935042989706,0.004276774943196736,0.003346673078988627,0.0023620717665591303,0.0012346610581801746
2018-11-26,0.013874096883134327,0.023169504021414378,0.015052207255194254,0.011154035086410649,0.007616207200831452,0.004079074763528101
2018-11-27,0.002670101781785742,0.0050308137871814,0.002200798469806677,0.0012269966268048493,0.001058395853570216,0.0016937809346057719
2018-11-28,0.006744212595466532,0.011635977252557625,0.0070924867303167735,0.005146569600887778,0.0034601484452463174,0.0018063435726811158
2018-11-29,0.0015592376446807526,0.0027963170248958536,0.0016123746300250666,0.0010830851477991634,0.0006384025762437577,0.000395396035563366
2018-11-30,0.0028250949824712443,0.002806515603220573,0.0031655162870273252,0.00309061501250911,0.0027660208983739795,0.0021922619231234453
2018-12-03,0.007918329292104544,0.01102545250800796,0.009019171513589165,0.007681678084956666,0.00602344430898722,0.003911978597685969
2018-12-04,0.015569420013786197,0.021161237078233967,0.018000571990734734,0.015375301506398339,0.0119795896805585,0.007765641366067867
2018-12-06,0.00257490461584823,0.0031811070188969806,0.0026994455414511803,0.002419526539019708,0.002248715122885782,0.002198497766596639
2018-12-07,0.01122480811687377,0.015175844701147634,0.013122025982530093,0.011087599605714187,0.008583744000711867,0.005556278605077369
2018-12-10,0.004216809847891536,0.006814754909812379,0.004747378486460591,0.003559301076136595,0.0023396241971554046,0.0013365904224377071
2018-12-11,0.0016641226323183538,0.003244622693185017,0.0013661968226473238,0.0005927149578656658,0.0004855955333051896,0.0009302346232990625
2018-12-12,0.0024685961818438637,0.0040256683392378015,0.0027666434585100247,0.002065625724898479,0.0013450871768955592,0.0007303730500239865
2018-12-13,0.0023673547599185655,0.004282638958199569,0.0023913646931536846,0.0016642767411649676,0.0009954384382595243,0.0004488947527511133
2018-12-14,0.005415469912017039,0.0057690476551649095,0.005954450791579744,0.005698123126370663,0.005171759911503921,0.0043224378558148835
2018-12-17,0.0077322007752183616,0.009815246733545066,0.008920920012625165,0.007830374113385287,0.006384804167783124,0.004575180741008892
2018-12-18,0.0025789647555073164,0.0042721825406100665,0.0025146052042510853,0.0021097426046208434,0.0016880370584013973,0.0011747468190702512
2018-12-19,0.005020016169451517,0.009442733354378964,0.004956534527168252,0.0030293960588884316,0.001608420372296625,0.0007114122653102141
2018-12-20,0.006033400964378482,0.009671988392325387,0.007087796571773345,0.005209455202762971,0.003162716944365532,0.001041256116873249
2018-12-21,0.006806042810426989,0.01146124706288401,0.007497935356845103,0.005382137507709064,0.003467506239881459,0.0017438093816193583
2018-12-24,0.014732593098184098,0.022637321276958458,0.01710697803276828,0.013226309991628464,0.00906972030209452,0.004791073222210174
2018-12-26,0.019927554244927898,0.027681765538764527,0.02215935938777394,0.01872962444356769,0.015314996719662953,0.011952898509679045
2018-12-27,0.00403425870739838,0.007367897889004944,0.003762469983669684,0.0024140907563987898,0.0018320397969502692,0.0019364691870875934
2018-12-28,0.003985817397102345,0.005972813408170807,0.00464422611320539,0.00365575445847503,0.0025736171757112405,0.0014840213570022581
2018-12-31,0.008375720702159223,0.011306711629654733,0.009270904576446417,0.00800150905919805,0.006695270077244972,0.00530295184114168
2019-01-02,0.006767151287586293,0.012068103076400162,0.007338174059989507,0.004820095588827537,0.002485641661495597,0.00026839596361516205
2019-01-03,0.010973635869135745,0.01596402299241764,0.012389439206834378,0.01006704193039897,0.007832125380329664,0.0055738376167604855
2019-01-04,0.015386202930704885,0.02377196667242703,0.017446429697213436,0.013615481794257367,0.009771406227871178,0.00577322875950126
2019-01-07,0.0020599268407611353,0.002120835745318766,0.002196460173714683,0.0021570880842270625,0.002008954115026768,0.0017903032574697636
2019-01-08,0.003540180835700109,0.005681212746803667,0.0042568909510836495,0.0030819231762349106,0.0016377231769686502,0.0002944745062566621
2019-01-09,0.002824670357567757,0.0032762373519604824,0.0028070031413503847,0.0027913158067137084,0.0027105303752769146,0.002478385860710402
2019-01-10,0.001938403982273929,0.002990998574073893,0.0019380774733720352,0.0014940475987468506,0.0013557060262178627,0.0014194069792446019
2019-01-11,0.006107700835072211,0.009012824854841128,0.007279695107539388,0.005781038848884365,0.003960709082453306,0.001785342578553411
2019-01-14,0.0016088612572284725,0.0028687365902798625,0.001481323347534041,0.0007160647743298693,0.0005642496669320651,0.001298875587970182
2019-01-15,0.010291633965066833,0.016221529738315227,0.011551639709384103,0.008985040170281467,0.00636946810739584,0.0034218665221509028
2019-01-16,0.0028089522259754983,0.004670134440962077,0.003094191846042712,0.0022878205908937427,0.0014855010279984432,0.0007912318256897541
2019-01-17,0.0022310156252126263,0.003918964314972654,0.0023258752750688985,0.0016474952111141755,0.0010634198182098197,0.0005235210808582319
2019-01-18,0.004127181268668973,0.006157052662916888,0.00438740845230085,0.003647798110565246,0.003009947524504625,0.002375554786842932
2019-01-22,0.010112994508000317,0.014713023957781745,0.011517378330931223,0.009485956317127396,0.007184540117738769,0.00454304171676997
2019-01-23,0.0030343735634803387,0.00304549432102202,0.0032573098960677824,0.003188553145414076,0.002991233889808113,0.0026528588071506546
2019-01-24,0.0019457936553936642,0.002920960183963194,0.0021384296884853476,0.001812547529420538,0.0013831435942984324,0.0007919975183673679
2019-01-25,0.0069020912136753005,0.013037323693357424,0.006765965187151414,0.004154718661415338,0.002191786800921358,0.0006153089257756497
2019-01-28,0.0038462343267385963,0.006057771862866346,0.003971608892317801,0.003196504558725488,0.00257707254384701,0.0021536877802122464
2019-01-29,0.0009354284697607113,0.001662670818005507,0.0009936854564085832,0.0006635744410008758,0.00037336234642555146,0.0002086063143609923
2019-01-30,0.005714063921819108,0.008157723275185796,0.006298998779236833,0.005324250150023665,0.004308810758661043,0.003180142770986628
2019-01-31,0.005656209640171024,0.008402468850727422,0.006249121193531082,0.0051323099651582795,0.004025523104575375,0.0027865923894608378
2019-02-01,0.0016768618695136728,0.002783921425018662,0.0017482323454054804,0.0013367016677646915,0.0009639204189885381,0.000732720881507147
2019-02-04,0.003932338596683973,0.0066103902629138,0.0038578992615609115,0.0029263763033363374,0.0023868502164987506,0.002115432775993126
2019-02-05,0.0043917729380305096,0.00747770234046885,0.004859144709162811,0.0034901216536134946,0.0020881120845430063,0.0006081668062390992
2019-02-06,0.001742742137694341,0.0030986617646897585,0.0017198919429780323,0.0012809739834298687,0.0009062193265267809,0.0004048332385209564
2019-02-07,0.0031808185831835095,0.0041425800620401645,0.0032537577285711894,0.002970073150260779,0.0027411896760760543,0.0025504254568311452
2019-02-08,0.0013042015001221295,0.0023265346811413845,0.0012399500575476145,0.0008454869179187097,0.0006583680524551698,0.0006373157584532138
2019-02-11,0.0005483090399041464,0.000866823986794912,0.0005979645238199864,0.000495224815994742,0.00029931862703514497,0.00024378138055543692
2019-02-12,0.004434679789691942,0.00701051007744005,0.004760323590237089,0.0038019827430191243,0.002887776311540633,0.0019312346186168591
2019-02-13,0.0028345411702740387,0.005528554654802262,0.0025773606699492145,0.0014220534610050856,0.0007554717779357124,0.0006102786105885342
2019-02-14,0.00336864109239692,0.0049750523083103475,0.003944678800282411,0.0032008716321584025,0.002248160046567183,0.001061732046500712
2019-02-15,0.004728325349527446,0.00617530619374597,0.005730710510182535,0.0049594069494039985,0.0036328820402394472,0.001736751078535535
2019-02-19,0.001556999647144161,0.0013839237379702045,0.0016148740969424982,0.0016805163130407977,0.001642170903248608,0.0014412896623057262
2019-02-20,0.004071782297418538,0.005740524809881827,0.004464152774768326,0.0038703876009284887,0.003177402411877282,0.00222238251210044
2019-02-21,0.0021873668301410428,0.0031700227694834234,0.002496938537206638,0.0020867877723705396,0.0015692920587297352,0.0009065103738336222
2019-02-22,0.0034424489056325692,0.005029290271155586,0.003401954412017472,0.0029217054013638112,0.002672840233965121,0.0025893590940245853
2019-02-25,0.001237423466921914,0.001976319416555148,0.0012423221167504855,0.000954542860979088,0.0008089140211627452,0.0008008667413153922
2019-02-26,0.0024518849949321966,0.003908391944359974,0.002633110733636203,0.002087378860841774,0.0015758326345042162,0.0010047394761243142
2019-02-27,0.003205660850714614,0.0047464278841690185,0.003750238744052446,0.003035579107982454,0.0021563917695409177,0.0009610791681485464
2019-02-28,0.002059905725814317,0.003826601704288603,0.00202205476541491,0.0012825910211027684,0.0007807452102597394,0.0004794466684152593
2019-03-01,0.00311641001641056,0.003483831330430646,0.003366869070924207,0.0032697607639400974,0.00296266832317709,0.0023703227260702367
2019-03-04,0.0038096779286100582,0.00597533143193688,0.004161722273129468,0.003363710699182104,0.002498297551535958,0.0014098479615673649
2019-03-05,0.0004219147185788352,0.0007521288286506984,0.0003240886467694657,0.00018835569321255636,0.00023055823311364575,0.00036151619174372304
2019-03-06,0.004471459804437621,0.005680474351970179,0.004819357492234502,0.0044306874822918774,0.003885503635911164,0.0031221208083195597
2019-03-07,0.0039231366770804505,0.0048705385075406785,0.004149093297970312,0.003904769945730525,0.003465423795013426,0.002959982428739207
2019-03-08,0.0018383284002551317,0.0029185063457934234,0.0020090810866409373,0.0016173765762841994,0.0011952816590081454,0.0005464111994771743
2019-03-11,0.006347983024666091,0.008780077732458041,0.007162352620710622,0.006191975452141565,0.004912361471323894,0.003259375266974816
2019-03-12,0.0017867641966922095,0.0021795408331162836,0.002085522008534138,0.0018899012720789234,0.0015288907815037742,0.0009765230881200632
2019-03-13,0.002587499968204924,0.0037396552919869287,0.0029784014214655607,0.002505383285092588,0.001849951012833832,0.0009594892088618074
2019-03-14,0.0007216026977819739,0.001401586540638827,0.0006237300710553912,0.00029683413202334787,0.00018099547061209133,0.0003594417511590577
2019-03-15,0.0019591478634523214,0.0023601050019437272,0.001811859041666594,0.0018289556500323332,0.0018637701485088815,0.0018760743618050372
2019-03-18,0.002632809272057892,0.004723926545632549,0.0027349094103443065,0.0018388489962645554,0.0011102871275813454,0.000499107891254302
2019-03-19,0.0022639834598331666,0.003592894060217777,0.0026528927052709046,0.0018743439497644918,0.0008349160692857278,0.0012129006610570926
2019-03-20,0.0016651435186697998,0.0015379712375686127,0.001062777961511051,0.0011398143278651565,0.0016514841193129121,0.00251834979052332
2019-03-21,0.0034024760180318813,0.005443833454354634,0.003670495398166483,0.002921452137483728,0.0021651608455009338,0.0012464156775329276
2019-03-22,0.010754688792607882,0.016225689751725992,0.01169967723464196,0.00973703505553469,0.0076164138420313785,0.005034042940754895
2019-03-25,0.0008489398867879813,0.0014301219591745524,0.0006821935074464209,0.0005679223619552004,0.0005950770464686279,0.0006451397962767792
2019-03-26,0.0055071183561052695,0.0077469049683966335,0.006522087001853342,0.005469704680530174,0.003976799822839855,0.0018322121516059547
2019-03-27,0.003453020180380981,0.004276477566902682,0.003910456172311597,0.0035481809771226664,0.0029870537705702894,0.0021271425669443086
2019-03-28,0.002210606328306542,0.002988219777625051,0.0025884776926541364,0.002257447524959312,0.0017085537864410035,0.0008882579129285885
2019-03-29,0.0036140463951773987,0.004368183152368348,0.004084890316207905,0.0037727916713158026,0.003194007564646204,0.0022591286962505863
2019-04-01,0.0039893911213804475,0.00546928490240912,0.004388545765917678,0.003862095310423232,0.003169002550422223,0.0023335464345274385
2019-04-02,0.0006749471350044765,0.00045956207560097855,0.0005455460381611915,0.000711125296074365,0.0007873910493182816,0.0008020389908890371
2019-04-03,0.0008539643135262162,0.0010974585189753763,0.0008904843777877234,0.0009263171614318825,0.0007803045693208627,0.0004265664209237012
2019-04-04,0.0005604188591593161,0.0008208475275434892,0.000627390176984309,0.0005161428124016101,0.000401389371283327,0.0002746280405993117
2019-04-05,0.0023472351928280344,0.002722794825645137,0.0024740198345735336,0.002482877399152004,0.002236019156416307,0.001687814444999391
2019-04-08,0.0010091095680709748,0.001745671527166855,0.0010901812694911375,0.0007719647247808296,0.0004474626350706534,0.00024391386730004022
2019-04-09,0.003861966070511556,0.0054536689970725435,0.004087034339446417,0.0036032351974228044,0.0030863223257720416,0.0023704145293518574
2019-04-10,0.002928217059507367,0.0043077220369745475,0.0030087232581376333,0.0025804385361797096,0.0022483885876868528,0.001884005484549767
2019-04-11,0.0017871038954198478,0.003545777038881549,0.0015044313791535272,0.0007356930315114779,0.00045951793086670744,0.0006168080055252336
2019-04-12,0.002989059698477442,0.00448561225925322,0.003286235283030819,0.00275952087683071,0.0021314024574331215,0.0012627342651145479
2019-04-15,0.0010685341752471897,0.0013665979320608577,0.001208098403710216,0.0011223530883720473,0.0009032569098645889,0.0005533400918055517
2019-04-16,0.0006904628531504475,0.000699907634323623,0.0008239670170887592,0.0008068039549996141,0.0006613441700884446,0.0003558000603648772
2019-04-17,0.0017042496067614383,0.002347782406946744,0.001749289095944037,0.001575587471322239,0.0014163130353788064,0.001209057709625019
2019-04-18,0.0009348314212789897,0.0007082070102980859,0.0009433762502811155,0.0010601929902551753,0.0010422530355661418,0.0008762034268876271
2019-04-22,0.0019213968256540034,0.0036928182660494,0.0018046189045407472,0.0010546738626297575,0.0005915476499992427,0.0003209471806052595
2019-04-23,0.002562312518517453,0.0036786155952346967,0.002763814466158564,0.0024020392815197033,0.001979563744091131,0.0014028110296904605
2019-04-24,0.002928096265997602,0.004414687961950603,0.0031362527193863326,0.002652647249006679,0.0021276262344664077,0.0014070739043288893
2019-04-25,0.0013498624190284834,0.00212661103579131,0.0015074979743696067,0.0012227223710208701,0.0008501848465977795,0.00031265610704078414
2019-04-26,0.0021409495123934615,0.003352575430872639,0.0021469174701583904,0.0017745356273602575,0.0015146994090016325,0.0012751534955941894
2019-04-29,0.0016058689586336615,0.001868748947180366,0.0017631329084488697,0.001691068612839672,0.0014844342124451283,0.0011090343983229834
2019-04-30,0.0003243709443372145,0.0006160166719596249,0.0003073397535756724,0.00018328661730066128,0.0001071213937988303,8.413861360868224e-05
2019-05-01,0.005516171176412037,0.008330856930744895,0.0059416411862780434,0.00498982023243181,0.003961019254627131,0.0026165751590325487
2019-05-02,0.0013740976593126866,0.001771871897238717,0.0014407666597244008,0.0012748665121051436,0.001161389271606327,0.0011186034305131882
2019-05-03,0.0038211198064228786,0.004767253397249028,0.004458505107932613,0.00414236580755596,0.0032305407417886124,0.0016745811882908613
2019-05-06,0.004995656474651535,0.007152838868951332,0.005456334513769828,0.004738412480045348,0.0038401808248409615,0.0025785046545966465
2019-05-07,0.010805478522509137,0.014737778096946937,0.011848185379845746,0.010531676934641335,0.008685126592827669,0.006313682561143982
2019-05-08,0.0015621038492303553,0.0023111969821408966,0.0011053839078329426,0.0011396867365986297,0.00137177067828707,0.0015673852281941566
2019-05-09,0.0026425530364649567,0.004452540937775691,0.0029342211021602406,0.0021268137948130474,0.0012572693570070117,0.0006136736264856344
2019-05-10,0.007382614477145844,0.010889310704754402,0.008104086988284739,0.0068293479819284885,0.005329147312344492,0.003636188130104514
2019-05-13,0.014575041140445322,0.019936726769953596,0.0167943689877327,0.014553732115170017,0.011137494213964124,0.006839614125537408
2019-05-14,0.007287272832734601,0.010005961266826607,0.008237762857483032,0.007118527523232283,0.005658684651092109,0.003853256135358312
2019-05-15,0.004182837778392202,0.006089742780999444,0.004648281923352275,0.003932731037956118,0.0030390293937861555,0.002021656338457907
2019-05-16,0.004323510733576918,0.0057079541056209975,0.0048156712295331795,0.004291857326630497,0.0035394909168944186,0.0025969714266843393
2019-05-17,0.003177869061981092,0.004896150621835583,0.003580984004786678,0.0028864458458696877,0.002063551210164093,0.0010529521846389155
2019-05-20,0.002346988437444554,0.003068119936628727,0.002663155159737723,0.0024467016849165973,0.0019328428419792191,0.0011462057801074825
2019-05-21,0.004990827038307436,0.006698001501085742,0.0055850720053160765,0.0049293760435910865,0.003996649169270421,0.002865932039848639
2019-05-22,0.0010576791263378833,0.0021352312002221627,0.0008593576611243211,0.00042836777342351997,0.00023560510634015343,0.00023813669998075054
2019-05-23,0.0073535710483279,0.008730993115372048,0.008618961148733704,0.007879128524438698,0.006351386920910624,0.00417582586157975
2019-05-24,0.002692660745431674,0.004106833716058132,0.0031314199514939846,0.0024952850167359927,0.0016859436567704066,0.0007151098079493471
2019-05-28,0.004896743510210378,0.006273696452905271,0.005713896445258939,0.005039556755814181,0.003986545909501435,0.0025676691122423316
2019-05-29,0.004429857024449353,0.006504003455945021,0.005057310952885324,0.004170174666570838,0.0030039539520711374,0.0019559179840485915
2019-05-30,0.005234858245091511,0.008451171780036192,0.005888234005123145,0.00454079333845933,0.00289262482711379,0.001392486101622743
2019-05-31,0.005607509600016424,0.006964869015936537,0.006528944265846899,0.005757504935184587,0.004676386392605083,0.0033266880172443435
2019-06-03,0.0007750780036638361,0.0012312573832499623,0.0007635214032870342,0.0006000732254928779,0.0005030820487638561,0.0005399911647339933
2019-06-04,0.007843164030203197,0.0098684151216132,0.00911126882808106,0.008020405127648305,0.006492425945473864,0.004549371416388344
2019-06-05,0.002415776987592548,0.0027434746962685394,0.002776797847053469,0.0025884023728686804,0.002178126329220762,0.0015806870109307419
2019-06-06,0.002181918835543112,0.0025822339305870898,0.002497042420678033,0.0022958853143063944,0.001926772635978647,0.001384613279708203
2019-06-07,0.004206182626359051,0.007758830318433684,0.004196802407070913,0.0027241822096169257,0.001604584552778644,0.0008070952725499475
2019-06-10,0.0022026458404328336,0.0035303719015857375,0.0024701650728945236,0.0019257230508988546,0.00129557676591021,0.0005532393838987458
2019-06-11,0.0021840417585425897,0.0031596136735517065,0.002203878814376704,0.0018794644439339273,0.0016776613912095142,0.0016318753877575197
2019-06-12,0.00019284027466578253,0.0002515295509585528,0.00025757128234200585,0.0002061659950752746,0.0001116711656902855,3.67683342177793e-05
2019-06-13,0.0012877669512121918,0.0011627919627266456,0.001108207264759933,0.001239697421491295,0.00137385174073289,0.0015123464585062442
2019-06-14,0.0013571606542751408,0.002541537273057875,0.0012713064633783258,0.0007986685635830784,0.0005395963362587673,0.0004525015942877274
2019-06-17,0.0008052826135311397,0.0012125957507818279,0.0009815073453473867,0.0007517538642459503,0.0004297161961010704,0.00024262199589567964
2019-06-18,0.0019465619396882483,0.0028759971947526796,0.0022820242651653013,0.0018769448190617164,0.0012838024709162853,0.0005435546670321976
2019-06-19,0.0025932929245759706,0.004360789279566352,0.0027641615563814693,0.002107212474702462,0.0014420662529114267,0.0006699770304967275
2019-06-20,0.0014891893533947008,0.0014377351029586925,0.0015378295825300354,0.0016146143166020875,0.0015369383719260872,0.001298947131203288
2019-06-21,0.004118983026650321,0.006148669370256778,0.004518284353443904,0.0037809093400642973,0.002946506180863384,0.0019057552923200263
2019-06-24,0.0016585921984580857,0.00221825393890418,0.0019729788516691755,0.0016968255070757886,0.0012805386862015545,0.0006498832118239352
2019-06-25,0.004814343053368982,0.006974554803267524,0.005349509523311437,0.004543501808322528,0.0035442484069795306,0.002328674060752596
2019-06-26,0.0006934545135375683,0.0010536172624649642,0.000804677645241256,0.0006270134751040959,0.00041561014155973487,0.0002844339562772562
2019-06-27,0.0023325262429715727,0.0032718205318813583,0.002744985175597034,0.0023185301993979956,0.0016929972856470246,0.0008495987693839913
2019-06-28,0.004109354399189038,0.005834956687980572,0.004657303283097462,0.0039681964662733335,0.0030767038546621332,0.0018665702947049377
2019-07-01,0.004649110738295153,0.006411968908259577,0.0051812991199805,0.004560746147379807,0.0036884197585561837,0.0023889541011310493
2019-07-02,0.00415684542105524,0.006572334044575046,0.004389246198395297,0.0035554497660444753,0.0027910351494226026,0.0018720742626706062
2019-07-03,0.0032132983788522255,0.004516180526174953,0.00346173643907704,0.0029720345478011366,0.0025346025749320967,0.001997430117140553
2019-07-05,0.005443398323542487,0.010711623409772015,0.004820441074786226,0.00261048144031411,0.0014059585563632976,0.0011773128314208497
2019-07-08,0.003784422791925489,0.005647999831393113,0.00393360626222369,0.00335747491049052,0.0028528949670319557,0.0021964679717933317
2019-07-09,0.0010954231578429528,0.0020220540597330762,0.0009443679444884915,0.0005715648224737539,0.0003935361164807967,0.000733259174759143
2019-07-10,0.002272958490287212,0.0034241987821743893,0.002304840802669744,0.0019284469837172321,0.0016623805057237528,0.00152047898786181
2019-07-11,0.0011044596822643365,0.0021150884264169675,0.000960844453257739,0.0006408249075388438,0.0004487346847337025,0.0003005252974589774
2019-07-12,0.0004409818961348232,0.0008436668379426204,0.00040338088767689223,0.0002388206990711127,0.00014789705515216004,0.0001375733418171084
2019-07-15,0.001324480014677283,0.0011586117229512379,0.0014172820311792065,0.0014881547485477498,0.0013934701320694673,0.001124190153550221
2019-07-16,0.001477084596442366,0.0020229769292031247,0.0017284569436790838,0.0014900455000570047,0.0011263526507621798,0.0005830862516616887
2019-07-17,0.004327620772484498,0.006507144024346066,0.004634838929405658,0.003933016791258092,0.0031424257761431245,0.0021150393987330153
2019-07-18,0.002318252612012666,0.0036724234509308605,0.002548518770526244,0.002002171466638615,0.0014705806550496595,0.0008476649656663338
2019-07-19,0.002722787135749465,0.0031778348757591332,0.0032223875845421575,0.003042576758291896,0.0023864668943290646,0.0012778634991988515
2019-07-22,0.002119267816168845,0.0016139952126402255,0.0021981995703853974,0.002377902704406252,0.0023109396028057863,0.002006129448998362
2019-07-23,0.003540394787083667,0.005526032040412873,0.0037396535858348567,0.003087367353332175,0.0024298143777464524,0.0016474532174250527
2019-07-24,0.0023946623568839353,0.003928491380585327,0.002507099311791167,0.0019632690481481223,0.0014814116396123685,0.0009510214137821635
2019-07-25,0.003214167247156084,0.004855995640946957,0.003516532232869595,0.0029192482945085865,0.002263431603778155,0.0014361509752720619
2019-07-26,0.00282835953808718,0.004607776308448494,0.0028732708105472546,0.002301442764384346,0.0018384778111760545,0.0013543120999525027
2019-07-29,0.001354620691333002,0.0019019879323497024,0.0015434693891559956,0.001337769086728008,0.0010200506602141455,0.0005873676515297913
2019-07-30,0.0033262203789850373,0.004954439785590673,0.003628921633214285,0.003051019072198514,0.002401737691414308,0.0015893718638327638
2019-07-31,0.007313413145020411,0.011140999830853761,0.007950846313944456,0.0065870808408014245,0.005104334989162037,0.0032631817486774976
2019-08-01,0.006639971544720818,0.010021740968037558,0.00736140125194259,0.0060851988012944275,0.0045491498161809776,0.002845378999295515
2019-08-02,0.0012285234232012963,0.0018905103329527931,0.001280056088261078,0.0009288263422220363,0.0006973228549154181,0.0009923701732129336
2019-08-05,0.026393361006273833,0.03810493299043916,0.03134737409792188,0.025325572967790352,0.017716969973731282,0.00965028879358479
2019-08-06,0.013289233491147145,0.01864835406897502,0.015674676488553644,0.012697666874791083,0.00950761725877161,0.006159262245269519
2019-08-07,0.0018935536431355317,0.0030165575063878357,0.002187628039280272,0.0016310674128326636,0.0010047275251262764,0.0006103548677762537
2019-08-08,0.012111357877734978,0.017140685333885654,0.014335798317105618,0.011911198600386913,0.00842065926934733,0.004617638626024141
2019-08-09,0.004445915249308395,0.006326208376083146,0.0052167162402221995,0.004330480886899515,0.0031579680143469188,0.0016940910778650176
2019-08-12,0.012099686639494832,0.01738149942833104,0.014196486274224316,0.011633548532484866,0.008376106765347295,0.004780870522860843
2019-08-13,0.0113049569498672,0.015514583128722923,0.013393076058686112,0.011231730760095187,0.008245879969524642,0.00497867149758571
2019-08-14,0.02005078034555276,0.02788903965558037,0.02382227555583938,0.019581446708095498,0.014261916442594492,0.008833702562437571
2019-08-15,0.0009013694764035821,0.001468301207851915,0.0011013239530285564,0.0007339384321940008,0.0003543627906875171,0.00017109403493772204
2019-08-16,0.009872322713809176,0.014316879288634291,0.011665460389185197,0.009190238358581345,0.006887800258100305,0.003788866148066211
2019-08-19,0.00744175222280592,0.010656879437388913,0.008765759951641998,0.0071710096178697795,0.005118155173341573,0.0029785671953721205
2019-08-20,0.004799522176089329,0.006333604901611577,0.005382878459820956,0.004741286443149645,0.0037743990593603768,0.003059615766015151
2019-08-21,0.007927773427802407,0.012127258172645712,0.00890007535528005,0.007181947500770132,0.005129386896119458,0.0031741527473144494
2019-08-22,0.005395124490823389,0.009325073558142608,0.005811721354515524,0.0041318051777840935,0.0025896835035765157,0.0010126523165675826
2019-08-23,0.013980620310167875,0.0170645190554524,0.016154423955872084,0.014076911434274107,0.011906530831924618,0.009230416315934619
2019-08-26,0.0038911216183919587,0.00515354802418363,0.004655667503724278,0.003817274330386614,0.0030547445178368575,0.0018885954357940522
2019-08-27,0.005342345064346945,0.007070169105544739,0.006090735796177885,0.005172813405430035,0.004332742011287287,0.0031762003005396874
2019-08-28,0.009224408750685918,0.014784296030305977,0.010684252056396757,0.00831028454309335,0.004626161248867092,0.0015025763856188873
2019-08-29,0.0073589440532195165,0.01039274568950969,0.008561680326777461,0.007094609453795379,0.005245137115782924,0.0034079037900265827
2019-08-30,0.004361426608003801,0.006970591367612094,0.004713779555302887,0.00370537995723543,0.0026937956594333414,0.0018207067014030375
2019-09-03,0.005079325731277466,0.006761314181913647,0.005842733530592877,0.0050263554095612535,0.003956841022975679,0.0028677526500200433
2019-09-04,0.00877834132344437,0.01330588438246539,0.010008958034374927,0.007994765042886291,0.005734189558031819,0.003357586014183795
2019-09-05,0.00573793857260689,0.007849054244020723,0.0067545762141081305,0.005729067532366385,0.004242861541975846,0.002561962939326521
2019-09-06,0.0027107390228413536,0.002134807393347164,0.002844823907942505,0.0029815724593974394,0.002923613910467307,0.0025793045473088785
2019-09-09,0.0014479054600958136,0.0027990219790747987,0.001373021466515396,0.0007817856067837938,0.000324993064113037,0.00021361154773226332
2019-09-10,0.002573528275951381,0.004437051848909427,0.0028133592556166035,0.0020040394987650848,0.0011741571230798565,0.0003435116624548192
2019-09-11,0.002879846701492815,0.004790559757604443,0.0031668021520650487,0.002369277936352213,0.0015658407509170288,0.0006512689629288852
2019-09-12,0.0019993895428463927,0.0023949656840162275,0.002394153703126477,0.002155907274470254,0.0016845815538698915,0.0010169606436119067
2019-09-13,0.0014829744744481253,0.0020377418730418077,0.0017942748342540573,0.0015116085315699977,0.0010914066632816389,0.00038486813321881756
2019-09-16,0.00326202252110895,0.004061318385150279,0.0036733235618290633,0.003328125878207888,0.00277783575756845,0.0021032233044636067
2019-09-17,0.0009297716896572799,0.0007026027095666372,0.0007133685623689661,0.000875719863900509,0.0010562960661440928,0.0011988265269807005
2019-09-18,0.002544769368742289,0.004931442303900748,0.0023094438354254675,0.0012953917757929502,0.000682323258965021,0.000763542266179073
2019-09-19,0.0015280391111737034,0.0018251159809470896,0.0014985985882164303,0.001409257135521855,0.001374643120497218,0.0014906448843102374
2019-09-20,0.006436984890023008,0.009317230899301098,0.007056409612668569,0.0059534591307685595,0.004758679601810294,0.003532910548662828
2019-09-23,0.0028520282811072438,0.0040687363617319065,0.003419316146923569,0.0028038898535423617,0.001993521961076864,0.0007668506811580115
2019-09-24,0.006343262911385722,0.008950247393909564,0.007475828625271405,0.006291262252319372,0.004446608243485431,0.0024161279290850516
2019-09-25,0.003646963905792427,0.005749569728445396,0.00407955714025624,0.003245380570191597,0.002183021895168105,0.001226095627482597
2019-09-26,0.00101342884230433,0.0014237082440164213,0.0011979316300621571,0.0010086457458167374,0.0006960993367757705,0.00041386496647325056
2019-09-27,0.003987796085833589,0.005480482295405585,0.004642780402216238,0.0039013781293705183,0.0030207350379626735,0.0018910051770382014
2019-09-30,0.005694417239025868,0.0076099537699788194,0.006535625796359963,0.00560437668700981,0.004592381452241269,0.0030011884440210644
2019-10-01,0.009770349288438018,0.013725050932427756,0.011471925776415384,0.009512779962586367,0.006995078600590294,0.00422994263886233
2019-10-02,0.010660218309741494,0.014353901189279615,0.012692637251841466,0.010460362632157593,0.008288388798563006,0.004790321181916581
2019-10-03,0.006614781195724673,0.010279416226594383,0.007592055438065641,0.005836762406662404,0.0041975814668089384,0.0019451123463708488
2019-10-04,0.009065713416185407,0.011757374882333606,0.010636210025704146,0.008973894367065941,0.0074522948881323115,0.0048480399829684715
2019-10-07,0.0021085876474208525,0.003250958454596691,0.002561246568061482,0.0019007979254868476,0.0011914781381484414,0.00026332787763134677
2019-10-08,0.010949311729486945,0.015401952701796201,0.012246244070240952,0.010195172968403115,0.008544136339001699,0.005941605696780628
2019-10-09,0.00653892161212349,0.00952379449050223,0.007511429686279305,0.006054722067508881,0.004706130918744002,0.002802840394867745
2019-10-10,0.005162469970928862,0.007267067966843728,0.005373851311756935,0.004612832023691938,0.004206630893415381,0.0035486565762100275
2019-10-11,0.007870947941022577,0.01116279932872593,0.009124762328583528,0.007618862205077985,0.005606475474358311,0.0035227975389382662
2019-10-14,0.0025241733647138847,0.0032906807226000694,0.0026386104911878573,0.002378967759272707,0.0021237426061104154,0.0019739910528391654
2019-10-15,0.006483469923295951,0.009477514533621688,0.007393979025024959,0.0062136645491904525,0.004432353835141876,0.0027253102619946884
2019-10-16,0.0009553151629495397,0.0006625166704223014,0.000484281676087461,0.0007063165473667178,0.0010622306373417158,0.0015041480081539737
2019-10-17,0.0015758843037185868,0.0022253106356972608,0.0018753147544195174,0.0015674133276415967,0.0011359079578448705,0.0004485224762243168
2019-10-18,0.0030535319744695627,0.002675910154012383,0.0028323380107286153,0.0029989396434851705,0.0032560725981120356,0.003441221598027684
2019-10-21,0.0030056120980997405,0.00412058645760642,0.00341458680549472,0.0029475000986647713,0.0023124427273049785,0.0015794734615228723
2019-10-22,0.002044771652967406,0.002218424859072323,0.0024395328702875568,0.0022635652479805115,0.0018796650487034009,0.001172969631384195
2019-10-23,0.0017197424046574694,0.0019663718055415945,0.0020029281731411535,0.001844914236663208,0.0015357783266435234,0.0010709373176163214
2019-10-24,0.0023825575758197573,0.0035364395137780454,0.002634546942993533,0.002193873080731709,0.0017328656721903044,0.001058186396065705
2019-10-25,0.00319040912397364,0.0043164726417656545,0.0036732747720151526,0.0031845114924153413,0.0024668497450230837,0.0015944300436178031
2019-10-28,0.004577699981327082,0.007758885301233042,0.00493913357536913,0.0036270060730171343,0.0024034735282964883,0.0011178040737338094
2019-10-29,0.0015927254476864542,0.002384377929757922,0.0017501745747470444,0.0014374861621194925,0.0011199811908641122,0.0007840779746670541
2019-10-30,0.0029522441668769703,0.00440539939359813,0.003048812202785438,0.00256669163059848,0.002204736064654227,0.0018512594086070207
2019-10-31,0.004044753014891326,0.006044628759927939,0.004672909172340634,0.0038266417508987394,0.0026682136573129302,0.0012899482812409688
2019-11-01,0.003664385991022487,0.005895197438201296,0.003958497844907786,0.0031131700997638623,0.00226153762978128,0.0013817325759763093
2019-11-04,0.0011000951223181761,0.00218930011085681,0.0009189852065342165,0.0004942879634871293,0.0003074166191815498,0.0002732252494144119
2019-11-05,0.003218043751249521,0.005284263487156205,0.0034514083556848804,0.002624850328016599,0.0019111862770610684,0.0011835942950527377
2019-11-06,0.0004259503356418381,0.00028044766478902734,0.00017203298869456686,0.000301832165618962,0.00048285486073908673,0.0006889635168429265
2019-11-07,0.001131079255327327,0.001839175633863178,0.0012814296955974266,0.0009650701669000472,0.000625365551608081,0.0002227775393202905
2019-11-08,0.0009337095191554228,0.0015113978604388786,0.0010272743516709592,0.0007842603163526709,0.0005530271000491686,0.0003139236013310534
2019-11-11,0.000542174546577482,0.0007501867091251328,0.0007072913381108554,0.0005534860883241268,0.0003034975323407394,9.092555835731152e-05
2019-11-12,0.0022115574703134872,0.003703471062485308,0.002463867662690034,0.0018063647428473802,0.001131621937787671,0.0003536504747584023
2019-11-13,0.001598580390006834,0.002433734346928014,0.0018510141861334325,0.0014904797990492732,0.0010192940683291245,0.000409254809113791
2019-11-14,0.0008624865866166673,0.0012131969171170068,0.0009812623430889343,0.000839056163333682,0.0006725890443108936,0.00035819233247862033
2019-11-15,0.003473915495337343,0.00505880105343092,0.00395445981683746,0.003327298996686227,0.0024470941417862385,0.0014324927400984678
2019-11-18,0.0011505300028152316,0.0017201254297479428,0.0013566841029844633,0.0010826509854208687,0.0006594398139646945,0.00046062909489003663
2019-11-19,0.002140324764110355,0.002957417126092164,0.0026033703717322186,0.002164350531326189,0.0015188832787082017,0.0006242415337131337
2019-11-20,0.003164168654809424,0.005423670143292219,0.003273684112121589,0.002419819187504366,0.0017164916824704834,0.001060538681515676
2019-11-21,0.003268150889684432,0.004964430451436906,0.0036627148537456845,0.0030026134182460406,0.0021705984557574133,0.0012711476649684584
2019-11-22,0.0024312506113099465,0.0036111395766292545,0.0026467869616640105,0.0022004622568444626,0.0017632669903547477,0.0012481757847236554
2019-11-25,0.003928554856400627,0.00498810447676871,0.004415757586066285,0.003989708850443477,0.0032947492331935886,0.0024524407735450134
2019-11-26,0.001794721792929621,0.002586953510359655,0.0018956236884305744,0.001645318883408992,0.0014008234022480357,0.001072396151053015
2019-11-27,0.0012428362092958018,0.0018085202660435545,0.0014280186202835794,0.0011860622112201465,0.0009020558504239999,0.0004390650942039615
2019-11-29,0.003128803392484893,0.004515356990170335,0.0034970307172327015,0.002963317136405418,0.002309251580147196,0.0014884520304159472
2019-12-02,0.006954630547217612,0.008800502832947652,0.008110981537161013,0.00728299243792611,0.005653612407127337,0.003686766405898566
2019-12-03,0.0062234387542069464,0.009252227846371412,0.007255525316931325,0.006041788369145762,0.003989584194329389,0.0017290439988139569
2019-12-04,0.005677788010607976,0.00900937110458345,0.006329570850098699,0.005023611989621445,0.0034147005209890363,0.0017485112382209227
2019-12-05,0.003684446930945223,0.005681065087715167,0.0041957844734733475,0.0033878335671951323,0.0022592560620637854,0.0011895309256493292
2019-12-06,0.003695935842104592,0.004693760935284302,0.004346274835732836,0.003870652743663557,0.0029673920637552174,0.0018949521781231786
2019-12-09,0.005154257256068327,0.008033413551779169,0.005798394990851355,0.004572196395762903,0.003274382275008979,0.001745898731457635
2019-12-10,0.0012470498174936239,0.0020676189437211965,0.0013185306133829911,0.0009877493382359657,0.0006938920735978241,0.0005522320134726397
2019-12-11,0.003350525155742296,0.005112588980728886,0.0037784107287471423,0.0030754096932450203,0.0021956304825658315,0.0011984166128897185
2019-12-12,0.005478032252653494,0.007800170010543526,0.006298604313752573,0.005271956379900975,0.004012380517829942,0.0023741096898657783
2019-12-13,0.003733963862777689,0.0054682665956085124,0.00433759531489992,0.003574626716008566,0.002564513594801073,0.001281043258222391
2019-12-16,0.005039173403786652,0.007391841740471075,0.005600579504975168,0.004646405801427252,0.003583368921767718,0.0025555641565822257
2019-12-17,0.003057330850076085,0.004351419158244847,0.0033983092702800635,0.002881580342151137,0.002349274275581314,0.0015589772790977707
2019-12-18,0.0010200544819874919,0.0018378952508794056,0.0010511662041111545,0.0006918059190507101,0.00041974011233528776,0.0002548905602537824
2019-12-19,0.0016971359041499643,0.0030244668939141037,0.0018283243478520558,0.0012020910631348326,0.0005567408308915229,0.00039521917412126947
2019-12-20,0.001915790948759229,0.0037235705072790407,0.0017177587844391439,0.0008762129970017017,0.00038270226867093935,0.0007882842063508615
2019-12-23,0.0028640690447344,0.005716372517528901,0.0024488386406894915,0.0012274537750252864,0.0006507705630672606,0.0006407705690469409
2019-12-24,0.0013022037412249144,0.002080628348472771,0.001518856442980343,0.0010927993633775366,0.000376619643279154,0.0007118152113767458
2019-12-26,0.0012880393084597184,0.0019765001312105884,0.0013371825258219668,0.0010855462149849714,0.0008809489135994776,0.0008038251373324679
2019-12-27,0.0031430457679161115,0.005073588223297337,0.003359874324615191,0.002642201370265337,0.001958030487866628,0.0012443950686336883
2019-12-30,0.0035948895218556195,0.005142689256966396,0.003536778686677649,0.003088630408153041,0.002817418195834118,0.002860526876485689
2019-12-31,0.005759757787993882,0.008423952639884344,0.006726121287390674,0.005513254221764327,0.0040142912624837115,0.0017775985981714805
2020-01-02,0.004312678387324397,0.006229318225042138,0.00447313513817002,0.0038663988675020646,0.003350484522085604,0.002829813441544322
2020-01-03,0.005931469074792978,0.009257051507629378,0.006129864230527886,0.005013301051723332,0.004063300155381852,0.003316593619752395
2020-01-06,0.0010394339416868294,0.0009032325864152492,0.0010234649021861125,0.0011175630944428964,0.001111213574858187,0.0010271622099133088
2020-01-07,0.001576632185402986,0.0022861394362485546,0.0017392543017968945,0.00143363985222272,0.0011466995303086572,0.000898422591691594
2020-01-08,0.004017372134386744,0.005921516519076914,0.004409086814591288,0.003724192481455468,0.0028931227374042945,0.001988019389698403
2020-01-09,0.0026115254961629215,0.0031180213133199216,0.002879385486560729,0.002694192610224463,0.0023478625912620615,0.0018210647507914729
2020-01-10,0.0021012620124187553,0.0033932688625264067,0.002287480772444026,0.001791684755740243,0.0012687189647888743,0.0007140632261300658
2020-01-13,0.00296694540734296,0.003978893297360996,0.0032189508801334383,0.0028591333191970796,0.0024000339981319787,0.00197123871744115
2020-01-14,0.0010715577685523965,0.0015644490514607548,0.0011580824199731404,0.0009456834232099168,0.0007650671747185587,0.0006876624258251961
2020-01-15,0.0007524841160622633,0.0014910198310506353,0.0005620817501679593,0.00033756478870976655,0.0002930888687769495,0.00030370153538345146
2020-01-16,0.0026371935418762265,0.004715561128751927,0.002593298316694895,0.0017975326327680388,0.0012970167605292021,0.0009480822354838177
2020-01-17,0.0011731390434373888,0.0018884042260099263,0.0013182186633299453,0.0010017623752319824,0.0006801505197533813,0.0003337252239061369
2020-01-21,0.0027754867237072636,0.004383654235368033,0.003084544493098917,0.00247382289455888,0.0017356514545199709,0.0008083983529105437
2020-01-22,0.002598855818816708,0.0039495079874693195,0.002971706665827142,0.0024070385857126093,0.0017395999821571573,0.0007214992260226982
2020-01-23,0.0011670750073061464,0.0023930781130041697,0.0007743833470213076,0.0003459169997873917,0.0003649983756224551,0.0004805679508256314
2020-01-24,0.006408866178899594,0.009992218864495701,0.006978648104573756,0.005632228088229912,0.004241580318241416,0.0026662453858979055
2020-01-27,0.012209903143123832,0.018651254554788915,0.013448852223796826,0.011093579221030015,0.008106522749279367,0.005280581426264925
2020-01-28,0.008759362687551581,0.013000779475642222,0.009988901505554384,0.008352464424084532,0.005889394496434404,0.003222595802792833
2020-01-29,0.0021008347288416955,0.0032585655822626753,0.0024228931337860254,0.0019089523157017289,0.0013048761798766368,0.00048173769776717194
2020-01-30,0.003358859867499821,0.003716484577246242,0.00394343476941762,0.0036936927960443656,0.0030287418239557757,0.0020567253453523163
2020-01-31,0.010793380282644089,0.016220076301155503,0.012194318613366525,0.01002791777753314,0.007334945254829122,0.004041342737870896
2020-02-03,0.00378004385253018,0.005846634582057289,0.004169205760592152,0.003362673758288111,0.0024626088569359864,0.0015831070204044917
2020-02-04,0.008945346692355633,0.013753788947548244,0.010002783301966854,0.008109156383634067,0.005853036759635224,0.003295041193749724
2020-02-05,0.00323444621335322,0.004162209015759023,0.0036218881226934584,0.003256719848916507,0.0027271103819965,0.0019551979084689625
2020-02-06,0.001157805126271526,0.002023281151797775,0.0010794951009600621,0.0008153577634658385,0.0006597731336485038,0.0005860702940414514
2020-02-07,0.0038434493961296058,0.004795122274700498,0.003931706247593221,0.0036884875223384983,0.0034205423120861225,0.003178671852383385
2020-02-10,0.0023278366903126393,0.0028555477737356185,0.0024602099166882315,0.002317623821118562,0.0020642810558416554,0.0018040775781124263
2020-02-11,0.0012103158185131134,0.0016667876590197347,0.0013544687798785167,0.0011714028867075201,0.0009686408894467022,0.0006333286911979013
2020-02-12,0.002833855663383967,0.0037859555588223015,0.0030601778575355633,0.0027631061939758926,0.0023476337022343492,0.001819176119094564
2020-02-13,0.0020329940621615686,0.0030410257858958446,0.0022899711081462984,0.0018670234228314081,0.001409285606830156,0.0008376493265519895
2020-02-14,0.0010769254877881242,0.0016420674266697996,0.0009842355393397536,0.0008496724757088851,0.0008377807709963892,0.0008425660593570588
2020-02-18,0.003382710256596412,0.005128210079382521,0.003698445440879878,0.00302664871346887,0.002358245555741357,0.0015857747529364173
2020-02-19,0.00202532655694211,0.0031593851294027062,0.0023115117647997665,0.0018378677275191742,0.0012418281991532039,0.0005148225097134342
2020-02-20,0.0035957983862377474,0.004758593067533207,0.00419580094598143,0.0036943985173424447,0.0028359574283372433,0.001645795148672197
2020-02-21,0.006512717673953749,0.009845847170654792,0.007400463046257421,0.006060224192346417,0.004318255923887394,0.002235228447059872
2020-02-24,0.024283073265904558,0.03704934367483919,0.027432097181741305,0.022213418393464763,0.015655013521701087,0.009200489583377262
2020-02-25,0.015031155328513138,0.020836544000564096,0.01793984491922172,0.014405189074809501,0.011278431223711687,0.006242280655919705
2020-02-26,0.0027966268343620248,0.005204199189110831,0.00277404301745602,0.0018097407087178286,0.001011817109959673,0.00016634029557745662
2020-02-27,0.04402789242067617,0.06793478080105443,0.049851694568665145,0.03957403957665914,0.02799243269430618,0.015565017334334474
2020-02-28,0.014309957345653478,0.028533050434299156,0.011716105331022988,0.006492370048018794,0.003867727466944937,0.00391945408944321
2020-03-02,0.017862134306946855,0.02982649831054009,0.019834311861216827,0.014652504108091173,0.009188845841061175,0.0036233295450408876
2020-03-03,0.017587673587936163,0.02648506336074965,0.01921609043489864,0.015835471829818464,0.012380488529979793,0.008477967565394127
2020-03-04,0.021209452746376332,0.03512274564682139,0.02354384444927448,0.017587119043150978,0.011385271636150449,0.0047279371097778055
2020-03-05,0.04025879048706915,0.06318354849123063,0.044014573589922265,0.03473074504393597,0.02595068689186996,0.017168132329858008
2020-03-06,0.027783685014788572,0.040151236368933994,0.03091471652092217,0.025961862072785866,0.02010725370062126,0.014611788111468243
2020-03-09,0.07627460694996778,0.12541515704551667,0.0853610375946903,0.06208733257050236,0.04063387598677304,0.023825642225090517
2020-03-10,0.039463559362418875,0.0655039159811918,0.0445047864975312,0.031314828955218456,0.01986884985335502,0.011833589933074713
2020-03-11,0.045265325160897006,0.07353686323095929,0.050512051040854,0.03717325287240591,0.025298994468771673,0.016239485988147766
2020-03-12,0.13085973496500955,0.2232609328901374,0.1401011756836109,0.0986665315508108,0.06709422329431629,0.043713251365272925
2020-03-13,0.11741665522401601,0.199190621101137,0.12801919963900307,0.08909904951730248,0.059087744772020494,0.03791481770995934
2020-03-16,0.18454352022896264,0.3188024569035252,0.19630487374877809,0.13612284785939305,0.09064209129841189,0.058013152671949064
2020-03-17,0.039538743420869556,0.07330860094927817,0.039304176185340094,0.02494318608276844,0.014724466490616856,0.00765633543969325
2020-03-18,0.04219477141990357,0.048465204282473834,0.044331707319210746,0.04210363163074813,0.03916407177852672,0.03579493066259723
2020-03-19,0.06725840586489197,0.12383622824257523,0.06855966224556644,0.04313104142327968,0.024503149171338355,0.01104246491005525
2020-03-20,0.03864449142414374,0.03987171295258037,0.04052306215002258,0.039642140484780874,0.037694781809593354,0.03525217226608996
2020-03-23,0.07079123336963758,0.1258988577320199,0.07394154928227901,0.05005892670605988,0.03109998051293549,0.016309923071974482
2020-03-24,0.038342462858193004,0.052882174991158395,0.038251406743357516,0.03413176827730541,0.03193990369941474,0.03009805120692561
2020-03-25,0.03490816145271654,0.06369733911633628,0.036238647590028046,0.023184051691335108,0.012766195726036201,0.004672481594064228
2020-03-26,0.03337367362584959,0.05374660129684811,0.0360034206834589,0.027337175181398474,0.0203594859186232,0.014907621902305037
2020-03-27,0.037855157478338224,0.06134104035004921,0.04037827985970832,0.030777559044877556,0.02315127160565028,0.016991071336855904
2020-03-30,0.031872430826267596,0.05831393481172928,0.033081460307031296,0.020908842829443875,0.011363719540545691,0.004248222491960348
2020-03-31,0.019857389364807312,0.039714524222473985,0.017936659000911712,0.007608843857455848,0.002695471306658458,0.00272989398753685
2020-04-01,0.03981870412239792,0.057284299944263435,0.04439352312671815,0.03617184118416378,0.028884592045040357,0.023079175071214528
2020-04-02,0.031144269809910398,0.051870920058109365,0.03375125622072135,0.024518941452830522,0.01707667986578447,0.011282578632790686
2020-04-03,0.014513265410019224,0.026137255289612967,0.014804750825590757,0.009944373555228777,0.006290299923669516,0.003518403713393556
2020-04-06,0.02732823689861294,0.04384368928820929,0.027214593459992033,0.022366443052362708,0.018637979773620042,0.01495417692430503
2020-04-07,0.011630814527127022,0.021341551397273416,0.01179255444602128,0.007436779385212647,0.004531879169158603,0.0024514199944375395
2020-04-08,0.009449147512554858,0.014395168983025933,0.010294076546918255,0.008258357844033849,0.006453536919106783,0.004836778733830402
2020-04-09,0.00653253708651949,0.009641007332726315,0.006742700262316286,0.005735395893552432,0.004939705826224619,0.0042025843252961005
2020-04-13,0.004661236047568142,0.009385383895075258,0.003238418259213399,0.001526086493097191,0.0016231411593519256,0.002258162210427463
2020-04-14,0.021371648227564898,0.03393875780059522,0.023276763692678892,0.018032905359320516,0.013396487968437119,0.00924327675529201
2020-04-15,0.0235622998251807,0.03739018724255147,0.024929839106788393,0.019422947336677855,0.015418940101402188,0.011890848928531053
2020-04-16,0.00352056011454201,0.006607620920414367,0.002949850198826311,0.001322274467656387,0.0016675216221422907,0.002253976275158855
2020-04-17,0.01402725997449683,0.02088699399169924,0.015271310310459453,0.01252194808538709,0.010000343146462176,0.007585158432943671
2020-04-20,0.027853799470858438,0.04575452460616699,0.030320960351329758,0.02259111756433929,0.015923688167875757,0.01011983836714653
2020-04-21,0.023497745170936488,0.03372505583017754,0.026054958883665786,0.021469070051591918,0.017191942040695005,0.013711164334310164
2020-04-22,0.018585729011996534,0.030699949144402338,0.020728356222017436,0.014932070037433385,0.009844447713966913,0.005925801127718154
2020-04-23,0.0021568630201854273,0.0013621185444729366,0.0016603495345548435,0.0021721630839552386,0.002509147811879695,0.0027629780541953016
2020-04-24,0.02406742391986432,0.03911307534863093,0.026374568498447343,0.019897945389354788,0.014005634637613154,0.008869493315024289
2020-04-27,0.021190180421962145,0.03407913715267188,0.023166875190547335,0.017680351018844832,0.012834059099046523,0.008349799476881723
2020-04-28,0.004132842127340676,0.0052321386827154604,0.004528318190621072,0.004029456643163767,0.0034719471687153156,0.003038098325506426
2020-04-29,0.016489978671900458,0.02539802502374225,0.018237133583922482,0.014418131286679502,0.01086714290243648,0.007481106995110268
2020-04-30,0.013840888046355112,0.02178910272273736,0.015141655089121766,0.011786481503493961,0.008838121513393022,0.006064870579084569
2020-05-01,0.02252538323292728,0.034438222119840635,0.023931766126569554,0.019108650606859227,0.015869270777763372,0.012699196557495657
2020-05-04,0.006215159239120393,0.010068456164214916,0.006859960323986262,0.005213303458651086,0.0035859551770172225,0.0021611453392066946
2020-05-05,0.011156343606466253,0.019053874779189395,0.012035600253997556,0.008589508358438783,0.005634355019016581,0.0029813730784052648
2020-05-06,0.0045877878670908916,0.006485840786269936,0.004625463942200276,0.004000426586533806,0.0037857683919384944,0.0033826742364654783
2020-05-07,0.014033592418657261,0.022262148545668395,0.015339712256848506,0.011807601793231051,0.00886923392205182,0.005976268099832155
2020-05-08,0.019082123756107076,0.030032703827775318,0.02093068122393999,0.016152505835344104,0.012196871275772717,0.008421009787030972
2020-05-11,0.008243925077732108,0.012218031729373443,0.00920728292661705,0.00750762178331494,0.005784757483047709,0.003991157880436494
2020-05-12,0.024508701640147464,0.03884909400502812,0.027056755747027397,0.020848712039198414,0.01523014109583779,0.00976914286774845
2020-05-13,0.015325020996007067,0.02413915436122777,0.016806053987450758,0.013017536886166905,0.009743937005889618,0.006688687747124581
2020-05-14,0.014849780550675389,0.024889328338909226,0.016184951013536494,0.011747514845328148,0.007980230762282142,0.004411396545653107
2020-05-15,0.0022006791346319845,0.004027773043491972,0.002449564867149076,0.0013114686831909243,0.00038039872310481756,0.0003563232300046216
2020-05-18,0.023782650892577032,0.03437697629028422,0.026453164396314507,0.02178222163819381,0.017416689704940855,0.012989216765308821
2020-05-19,0.006297880521907292,0.009946105098984415,0.007140238160873904,0.005360648325303295,0.0037724483590617893,0.002332503079888125
2020-05-20,0.011440455301518793,0.01764330837007549,0.012843969404251141,0.009986521599633388,0.007373838736414519,0.004905313023726465
2020-05-21,0.010741678267370807,0.014968916309659954,0.011804401565562209,0.009900674094791177,0.008319055527857106,0.006802637413903631
2020-05-22,0.0053442151838922255,0.008399145626716679,0.0060127080543174215,0.004549190387921759,0.003270421193781841,0.002171194667268779
2020-05-26,0.009063892573210728,0.01036783450212509,0.00970339476971355,0.009142633352103734,0.008394957648099945,0.007420230592695343
2020-05-27,0.007375387227972934,0.010243117190889087,0.008392293882806365,0.0070130585417163835,0.005573839104551056,0.004047093393794002
2020-05-28,0.006493770388694536,0.011710482544114133,0.00664645292413283,0.004482144638010287,0.0027590209590888097,0.0013537777542781976
2020-05-29,0.005640526816306624,0.009930494574268292,0.005865560603759024,0.004091810301787423,0.0026758532894672503,0.0014680217194791062
2020-06-01,0.004790191392288368,0.008294252049290182,0.00522285784511806,0.003602193032058245,0.002195235597978581,0.000928414118516545
2020-06-02,0.006954068319151659,0.01169072325300688,0.00774553059787627,0.005542511370719593,0.0034855625933436006,0.0015034951378166913
2020-06-03,0.006652184715590463,0.011815284941743198,0.007065736142668092,0.00477067450041354,0.002782425329198608,0.0011095026173132863
2020-06-04,0.0066969533803571705,0.011811567931268148,0.007253135590019468,0.004802935789115516,0.002542896132350015,0.0016094399886078933
2020-06-05,0.013702782425582457,0.019157857546017468,0.015715492209986814,0.012970720741711553,0.010185771592436105,0.007269215251033461
2020-06-08,0.0034263953298317626,0.006076096990388258,0.0037829665283180144,0.002460308753362963,0.001123073179982268,0.00039588111980106805
2020-06-09,0.011280407047580838,0.015867686480050616,0.012729834456126682,0.01061275324679814,0.008465554379653028,0.006173298458174428
2020-06-10,0.002667836065599684,0.005193810550963572,0.0022623734947386097,0.0013676251905114568,0.0009332294122505791,0.0008668498704877616
2020-06-11,0.06664308880317218,0.10371793331843114,0.07424265619905134,0.05785365577200393,0.04264166824285246,0.027780701540482837
2020-06-12,0.02250594313020846,0.03766530881092291,0.024734877789283863,0.018022751571488565,0.011854733957679562,0.0060616352919766504
2020-06-15,0.010525029756129857,0.016571043298501315,0.011593205374602844,0.008855287415362768,0.006656842854167464,0.004706346564460203
2020-06-16,0.005994802666465638,0.010610383274477499,0.006623731352089181,0.004251405825834152,0.0021782198968850887,0.0006443224179196976
2020-06-17,0.004365217739517932,0.006811491676623155,0.004767537918015274,0.003633187198317341,0.002809640584180764,0.002248480259263511
2020-06-18,0.003051639501990782,0.0057208379029008005,0.0024696109549884266,0.0017330503008964589,0.0015794921747723809,0.0014957589360197578
2020-06-19,0.010979953893159443,0.014033898984326257,0.011393598510705918,0.010345546240343992,0.009594508027464258,0.008771979164015984
2020-06-22,0.020270357320579073,0.028277520822505457,0.022409465103212203,0.018959031844438555,0.015629046438386484,0.01220338634923835
2020-06-23,0.004226160372481614,0.007696288644803721,0.004459264144713692,0.0028205114599611303,0.0013758712878678622,0.0005796163874965882
2020-06-24,0.016509131714796756,0.02629092095399684,0.018350423259269017,0.013586544027671196,0.009916321137721708,0.007202706988114559
2020-06-25,0.009379607167952504,0.01386280855273446,0.010130974017615892,0.008279889838865054,0.006832528083960936,0.00546178009885956
2020-06-26,0.013907725549418588,0.021346682009265813,0.015165361151970964,0.011966446553385968,0.009447845478583895,0.006999822198676809
2020-06-29,0.016199934290020843,0.02532584776688668,0.017897371708380714,0.013987838562911031,0.010415405790956365,0.006806950152098319
2020-06-30,0.01002521859048512,0.014097606908781776,0.011018965329596307,0.009339212867742959,0.0077267073934243055,0.005953319856437387
2020-07-01,0.0065659064975137306,0.010486249001455379,0.007385837927701272,0.0053287286621672165,0.003753761614671177,0.0029253282278898962
2020-07-02,0.0058453768514230495,0.008062705557292915,0.006438907861351975,0.005405868436491006,0.0045706275861598184,0.0037764198973584766
2020-07-06,0.004943458685229736,0.00853859618666232,0.005428363335886256,0.003634943722118002,0.0020726343523340207,0.00151839932038576
2020-07-07,0.008897158162765813,0.013431649834464697,0.009832852458983755,0.00767310565884559,0.005997785113913063,0.004883946701802549
2020-07-08,0.005591754716914725,0.008221846384136212,0.006130927465589117,0.005050565009860011,0.004062840968424688,0.003022695959654119
2020-07-09,0.006786473547031027,0.010571134039834028,0.007738692015227846,0.0058537339601243766,0.004151668039345111,0.0026725153401313873
2020-07-10,0.00778872963124854,0.012003214906844748,0.008844544950937236,0.006744073681939162,0.004907998797139256,0.003383403735035341
2020-07-13,0.020713463622243158,0.03246674658082932,0.02296963231462559,0.017859955574167655,0.013141712463992445,0.00847712299896441
2020-07-14,0.013671759033580746,0.022228656739773256,0.014781441402194275,0.011226227955203153,0.008195794507946922,0.005364843265337394
2020-07-15,0.007293004635646284,0.011694576760864349,0.008209638016601647,0.006012067744002543,0.004153875202275503,0.002894592085917509
2020-07-16,0.0014138352113899973,0.002374785844843941,0.0015105329348168947,0.0010603388596073138,0.0007573431385832777,0.0006127359480565779
2020-07-17,0.008037089881150128,0.012766024201972526,0.009021013907818433,0.006837186657691629,0.004830299158262115,0.0029231988621376526
2020-07-20,0.010683984025494305,0.015971680913883565,0.01195394885975176,0.009601692527803561,0.007375460679699014,0.0051143102264478955
2020-07-21,0.002041137346824839,0.0030820978014015166,0.0022551825675631906,0.001805727031273959,0.001393477485547437,0.0010215691158065028
2020-07-22,0.0030102700309302005,0.00416722419048369,0.00339776975272109,0.002856093380061024,0.002306667738246452,0.0017088142377181805
2020-07-23,0.008824895004597225,0.014070255511296993,0.009867745394965722,0.007469261913412836,0.0052568459083678605,0.0032596115477601033
2020-07-24,0.0039100804894797595,0.0044230453520797495,0.004271224481917831,0.004007519662846328,0.003619325413731485,0.0030785106969085435
2020-07-27,0.005745614429013273,0.009080916321358663,0.0067223980978442475,0.004995731659409095,0.0032367964588349454,0.0014044793641277541
2020-07-28,0.0038576884737451106,0.0053785401432058155,0.00417657570154712,0.003470413532170462,0.0029832613506675775,0.0026632132413384278
2020-07-29,0.005228130690148188,0.008162252237054562,0.005903048901871676,0.0045125903622209975,0.00322492125403479,0.002105900229170661
2020-07-30,0.003936891231657182,0.005791122971977481,0.004491169834078361,0.0036059051337190367,0.002737251955156484,0.0018145938925847771
2020-07-31,0.0020002632887115286,0.002637497777011569,0.0022516582722200418,0.0019769949399545453,0.0016300096936916729,0.0011888927740139985
2020-08-03,0.0023937851608612382,0.003439245322869754,0.0026743861268369675,0.0021767515635383395,0.0017462582178628444,0.0013720868422507759
2020-08-04,0.0039057926969159567,0.005855804993169414,0.004404096819052148,0.003527762166220005,0.0026613138397413995,0.0017498185025266605
2020-08-05,0.00358323429246145,0.005671850627904053,0.004056127057779553,0.003069360852753393,0.0021104858187763896,0.0013040925134284855
2020-08-06,0.0038739461254174885,0.006466723653871775,0.0039002393441128647,0.0029099975356249043,0.002288915508261703,0.0020735696986046164
2020-08-07,0.0009486372872852201,0.0013915785389122714,0.0011432734789040347,0.0009008115562657228,0.0006093593465566227,0.000270588550154974
2020-08-10,0.001487994988724172,0.0021774753375626943,0.0017466852078301541,0.0014065973324552835,0.001000383499617786,0.0005468584546452198
2020-08-11,0.007064028030171962,0.011243064646054025,0.007800940756810696,0.006015255294893945,0.004352912133823927,0.0026664846560807967
2020-08-12,0.006864292116230134,0.01069475067315895,0.007841771210295861,0.00604265683758197,0.0042135608412613304,0.0023353087567278886
2020-08-13,0.0028305737100041794,0.0037732217939605477,0.003071323635145414,0.0026934113435763,0.0023145198916266424,0.0019439750682998837
2020-08-14,0.0035697922308349905,0.004829764759744257,0.003575257457147149,0.0031659457022125805,0.002962614264276527,0.0029677759128752357
2020-08-17,0.006896638956529853,0.010018726963011771,0.007789962741114258,0.006389846859364013,0.004945228488580343,0.0033873746952334228
2020-08-18,0.0018916673267462905,0.003222992446029313,0.001984356377983204,0.0014563312006056809,0.0010226404170625397,0.000632441179023972
2020-08-19,0.004753499717804044,0.0065918153013940165,0.005304475202134625,0.004484615817415215,0.0036467500920647974,0.0028246674909229207
2020-08-20,0.0024586421479515564,0.003747984288030155,0.0026727495543709253,0.002161082055130239,0.0016858515251332662,0.0012333931412604109
2020-08-21,0.00135438749173378,0.0024617434746245317,0.001338932598745359,0.000698722806470999,0.00029112144057662307,0.0008636785840456038
2020-08-24,0.001880489440581451,0.0022370521413931014,0.0015427686796642742,0.0014142801935789742,0.0017038143359766004,0.002322389597160223
2020-08-25,0.0021559928351126256,0.003402674944564474,0.0023745758629608858,0.001833473410359154,0.0013398216986685722,0.0009316497664060446
2020-08-26,0.0039537296216586365,0.006474407049133317,0.004529056369176164,0.0033197620132584763,0.0020496800611602872,0.0007124487315381761
2020-08-27,0.00376503019666877,0.005621950169825808,0.004103683836166429,0.003354028829917786,0.002679020462903114,0.002001014027273936
2020-08-28,0.0021441022101335487,0.0034782312709365952,0.0022873826897371386,0.0017182249677676594,0.00123555677157771,0.0010847863929897977
2020-08-31,0.013835314791478157,0.021107026354799042,0.015497031678250563,0.012311853182611632,0.009192900486331394,0.005943397713077296
2020-09-01,0.0018757787344637928,0.0033879131418977386,0.001912050198733375,0.001275950119410767,0.0007826984372401434,0.0004670892130318176
2020-09-02,0.011193251431603598,0.017186939968770812,0.012719441077048218,0.009953713944174115,0.007111959631877191,0.004428646538723722
2020-09-03,0.019465752355654155,0.030406407299194884,0.02197726589038329,0.016867408955848148,0.012052400978788026,0.007566894921949339
2020-09-04,0.012533849426541378,0.022258167511902703,0.013464623829650177,0.00898031254317225,0.005037679979967134,0.001655463204222701
2020-09-08,0.0036328745964935754,0.006791728824768695,0.0032857627162028655,0.002043807325775667,0.001496469088970754,0.0016274225000655939
2020-09-09,0.012836356229698006,0.020137691225185272,0.014413899117961121,0.01104088017647742,0.007929196398109604,0.005079362167018968
2020-09-10,0.006998644000305265,0.010997297310939591,0.00796939804132927,0.006089618932083635,0.004228453375489144,0.00234306620521603
2020-09-11,0.009835048633644662,0.017922835638975756,0.010338758187766273,0.00662915047617933,0.003372729589406105,0.0004494541187380936
2020-09-14,0.004282086784038159,0.005348393959850138,0.004665989711369537,0.004195836407780758,0.003696183135991182,0.003168240088465417
2020-09-15,0.0017032907344473153,0.002681878764971144,0.001995627288333496,0.0015009950095103797,0.0009611474791282932,0.0003926883638665615
2020-09-16,0.0028156353202155896,0.00408269193991652,0.0030528368490949837,0.002535903900659242,0.002090137754479621,0.0016885912923784584
2020-09-17,0.0042136779317030765,0.0061956727458348125,0.0046191674119893,0.003719324667254818,0.003030189437625782,0.002457013674930268
2020-09-18,0.0021794742654725886,0.004114640128011167,0.0019955972299067586,0.0012028114391432613,0.0008803709802045785,0.0007848950638874321
2020-09-21,0.008028323685474452,0.01256400943846169,0.00906823268746713,0.006892021002252998,0.004955456015794494,0.0031821739314466194
2020-09-22,0.003114864975242335,0.005733012702376695,0.003303195169177526,0.0019814425743019436,0.0008693579445990681,0.00022691008697949152
2020-09-23,0.0105823389974889,0.017396691738322367,0.011801405753911346,0.008562894171529676,0.005777969705703564,0.0033620442545215243
2020-09-24,0.002765067450827371,0.004569493853959341,0.0029645487072967043,0.0021283582863865906,0.0015444717427750309,0.0012821329725723161
2020-09-25,0.007393743340579081,0.011859227223875259,0.008221406784453324,0.006204629296625834,0.004396809847017034,0.0026972284904054167
2020-09-28,0.0034607924071653365,0.004223533397998539,0.0037811274548010675,0.003435978380403609,0.003036958464192435,0.0025925271628616854
2020-09-29,0.002322547195366977,0.0024976114037392897,0.0022957254195887173,0.0022648537667349687,0.0022869095107833424,0.0022590245133897557
2020-09-30,0.0030545394647069355,0.004938688259097196,0.003241690769427357,0.0025262538212303363,0.0019161107444465818,0.0013032333589427215
2020-10-01,0.0034984934629814796,0.005758476185216706,0.0037252339860469235,0.0027428821310876966,0.0020219545626057947,0.0015962968670742836
2020-10-02,0.005161587477073141,0.007772116123503172,0.005774711889356283,0.004591704092552005,0.0035147177006116487,0.0024535388699894146
2020-10-05,0.008462432143263044,0.012776050208970716,0.009435176340240317,0.007463393156191619,0.005739659111709272,0.004143410824498505
2020-10-06,0.004599117116697531,0.007533563383565678,0.004898638457373015,0.0037243270756749146,0.0027610767785293784,0.0018745661182540797
2020-10-07,0.010022033257904754,0.016024772596916995,0.011189948600040942,0.00848584434226666,0.005973816162234873,0.00353573654518078
2020-10-08,0.008951372128359067,0.014520675623707067,0.009859183169172343,0.0074473450549732605,0.005234910349431281,0.0031168199876137324
2020-10-09,0.009674178374814976,0.015532733684327442,0.010796863381622683,0.008177218626236347,0.005716158430447611,0.0032510290502822926
2020-10-12,0.0045726537338820605,0.005650446338453449,0.0051617103738983445,0.0046716320740362825,0.00393574470460416,0.0029429203909028404
2020-10-13,0.0033654939170675406,0.005390032698873904,0.0038620470646279245,0.002863215359849191,0.0018609089364064581,0.00100194921941596
2020-10-14,0.001573364616580863,0.0027343337057187246,0.0015313786891337678,0.0011016562939375305,0.0008674295761720071,0.0007678534496833114
2020-10-15,0.0025063186770082064,0.0043846381425948775,0.00261126876407653,0.0018385803592174258,0.0012134956276477406,0.0007151510177864045
2020-10-16,0.004220142677074883,0.0061599616474032086,0.004744195128530607,0.0038550034578557785,0.0030089514935110096,0.0021634845525008175
2020-10-19,0.009008861905781531,0.012372517610369038,0.009850668463193882,0.008439224878937161,0.007136786733281319,0.005790411173909992
2020-10-20,0.0015048543866630973,0.0019673159609329303,0.0016558667563677226,0.0014553725761235483,0.0012305174499767269,0.001038472094127179
2020-10-21,0.00707524990001116,0.01151042461871271,0.007931194898425056,0.005908707275904498,0.003928042477883199,0.0021353545227401683
2020-10-22,0.0024506893728041997,0.0023279451628694125,0.0021372309765024062,0.0023179287659951505,0.0025980300167232776,0.002814205633852247
2020-10-23,0.0038795058223595772,0.005114497025891372,0.0043879838492477605,0.0037969994568945245,0.0030669843629765802,0.002452905844319803
2020-10-26,0.01776923001106786,0.028670466671148743,0.01950657454504566,0.014888785442439855,0.010672098704728798,0.006376201345144041
2020-10-27,0.0027372320831063855,0.005219436251548583,0.0026279740744555966,0.0012431050273859722,0.0002978904826724069,0.0012959112682453461
2020-10-28,0.03323726716537768,0.05541593037553955,0.03644783380290904,0.026579771973194395,0.017951274147861112,0.00977124317186216
2020-10-29,0.013187173286319215,0.022719785966366295,0.014440426755010545,0.009951476258094836,0.006161217551432866,0.00279295824552153
2020-10-30,0.0029128331356847123,0.005412669875155182,0.003143044046328064,0.001653323266656012,0.0005921807550726743,0.00040386564151819116
2020-11-02,0.012011111221329586,0.019308480969410558,0.01326229624563293,0.009745830834574774,0.007158646390612829,0.00513815025089243
2020-11-03,0.012931689872935364,0.02194492766904871,0.014306822696123878,0.009981686998255053,0.006287091124339508,0.0032735910944874666
2020-11-04,0.020306701141925232,0.03214124158783566,0.023233941830113927,0.017619970439019233,0.011953108168990641,0.005966149461176781
2020-11-05,0.004038119153768191,0.008119641976910145,0.0033112202427737214,0.0017694992825106094,0.0009747630345038626,0.0007469775676358279
2020-11-06,0.008841376571904737,0.015754125862309155,0.009101840113274584,0.006237846725581913,0.0040088954815390735,0.0021981238691848055
2020-11-09,0.0074796625415401675,0.010601284476228412,0.008182680369967884,0.0069356026175076465,0.005751837646028325,0.004381443611341898
2020-11-10,0.0022215411873073372,0.003778324029931374,0.002516165215335763,0.0017599566698358756,0.0008835096652289751,0.0004374580668351464
2020-11-11,0.004839416131664245,0.007818022080640946,0.005565347999679766,0.004136781515595298,0.0026189248590895334,0.001016585530490981
2020-11-12,0.008826528502982703,0.013819101702478648,0.009645277537136966,0.007608144845669849,0.0057444356993118775,0.0038284026619154945
2020-11-13,0.008176129103042743,0.013565437486431967,0.008897941333343908,0.006632386998552979,0.004569599339667305,0.0024861990979257185
2020-11-16,0.0028629914207350675,0.005160545274714115,0.0030616192413259274,0.0019920142520581247,0.0009864186870003134,0.00019420828590865604
2020-11-17,0.002950058545830648,0.0047462355331162704,0.0032081625556375035,0.0024062813141762064,0.001691481286116239,0.0014296397083521152
2020-11-18,0.0068993699678215935,0.011407694043226217,0.007700277650593496,0.005688612054070028,0.003690566928887277,0.0016112663113206122
2020-11-19,0.0036796697462528664,0.005639697191772356,0.003853296163103222,0.003139444011896287,0.002600119272255396,0.0021045290537758813
2020-11-20,0.0036377751669127855,0.005031146430613363,0.003978306588824454,0.0034262835846336544,0.002879024146020782,0.0022359525639821455
2020-11-23,0.00520760352521084,0.006823832404533223,0.0059374527617351725,0.0051685866816805264,0.004230396631688,0.0030277209991188183
2020-11-24,0.004575420387647533,0.00633210469233666,0.005289693092054783,0.00443184841197589,0.0034323743443841776,0.0022745289158284093
2020-11-25,0.0034941488048591427,0.006227972746825324,0.0037162136160561548,0.0025028164107050704,0.0014005767112171218,0.0004709416815640259
2020-11-27,0.003851018896652712,0.006414087983540383,0.004360027793445505,0.0031640160502718136,0.0018461572259814063,0.0007629361849105936
2020-11-30,0.0005414217532357099,0.0005737118401511938,0.0005000048370527707,0.0004976264533379607,0.0005307137500493585,0.0005977025098032818
2020-12-01,0.00129267977693805,0.0017482447804105488,0.0011237516081261832,0.001143922152015887,0.0011817139123857382,0.0011536558754348953
2020-12-02,0.0017871618057996716,0.003064594834575298,0.0019649048489232546,0.0014227839918989108,0.0007273160468499926,0.00040477291844773965
2020-12-03,0.002076817994698189,0.0035272279124342657,0.0023185749987846404,0.0016236380193152785,0.0009303619343486186,0.0004969551263600289
2020-12-04,0.002038882933779719,0.003373030412983364,0.002236010754990607,0.0016757628695570467,0.0011405443276132797,0.0005469161423012562
2020-12-07,0.0030346503482082767,0.00546328365475524,0.0032020357539584644,0.002122972570289988,0.001169994499677064,0.00026289304665717806
2020-12-08,0.005558951551736364,0.008232817739565697,0.006318239429880813,0.005164104399773439,0.0038416310249102872,0.0023203816848182146
2020-12-09,0.006336394094786152,0.009950497289677271,0.007346040128168958,0.005613252769423082,0.0036847890573159492,0.0016390459710787784
2020-12-10,0.0023226639109967693,0.0031480202956018135,0.00273678261092701,0.002309198354274974,0.0017527410313539623,0.001081355267182181
2020-12-11,0.003654454392585067,0.005147099547726928,0.003967967518094249,0.00335395085399478,0.002807661259500547,0.0023250454790062014
2020-12-14,0.004502282516720998,0.006311928232882873,0.004904143234869513,0.004158267011831213,0.0034844847116979245,0.0028335246900172335
2020-12-15,0.006388605931992321,0.008320868018240174,0.007379167560692882,0.006400478665029287,0.005206439300327368,0.0035084659006743356
2020-12-16,0.0032253363366235442,0.005084952086392482,0.0036323962769259865,0.0028019602552738507,0.0019710820581599433,0.001107603826308651
2020-12-17,0.0023732362034648265,0.0031109219210697847,0.0026282042867372345,0.0023274612932074703,0.001962432459666627,0.0015191248089712792
2020-12-18,0.007994141285016035,0.01299441188147367,0.00918174274093901,0.006996857474019631,0.0039630650416001365,0.0013078361832131163
2020-12-21,0.010565284369812683,0.015757502503163275,0.011504140604033207,0.009499109958651093,0.007609108292483722,0.00541760222674109
2020-12-22,0.0017909803729854986,0.0027983011113368304,0.0019614070928814357,0.001545074949716793,0.0011034658909421667,0.0008692255263547479
2020-12-23,0.004664378446535566,0.006309122740232428,0.005339375822088792,0.004537859610336024,0.0036766721549369736,0.002521523262572749
2020-12-24,0.0053364778325486915,0.00796009470252685,0.005885129126943375,0.004847083023532337,0.0038166200095186885,0.0025162121608383486
2020-12-28,0.0016825119539449639,0.0018096396401831717,0.0017631195875383156,0.0016527040638086216,0.0016699859233920663,0.0015001874421877277
2020-12-29,0.00680494476165194,0.009792824520871728,0.007695805158801584,0.006314466729600763,0.004998600393225814,0.00339897645423663
2020-12-30,0.0068653558170824565,0.010870852148494084,0.007775198193926817,0.006218001124500549,0.0038876445513788887,0.001805298020915749
2020-12-31,0.002491994551784528,0.0034324455808250934,0.00293147701203966,0.002550575434594072,0.0018799266451597076,0.0007971103151007416
