,PC1,PC2,PC3,PC4,PC5,PC6,PC7,PC8,PC9,PC10
2010-04-15,2.6470595141129176,0.1547661477812969,-0.17774782933274078,1.9918851449268589,-0.1329759799186801,0.20061828524757905,0.10293459055336718,0.022851024639301675,-0.1642343812709384,-0.03425710714760783
2010-04-16,9.049560391947953,0.3018922427518849,-1.3876620639244164,-1.501510662178065,0.06242269238766976,-0.04802348846052897,0.013534032894576381,-0.011351207202706678,-0.0014383240016698597,-0.04464766419844508
2010-04-19,0.6551543225357074,1.512042055269993,0.4324647255406737,-0.44648850223772163,0.14524328296784017,-0.1750594827945467,0.016977218360136173,0.05754064549095076,-0.028890595970636996,-0.03799558734257289
2010-04-20,-5.26021202425661,-1.2291661521146344,0.2739931052495207,0.46984831368083696,-0.12555822011974094,0.12605448557036072,-0.04837607264451235,-0.03685666611090233,0.06568788687843659,0.05554005485173575
2010-04-21,4.291728235807724,-0.8720495726108061,-0.7648032565240747,-0.060221580397034985,0.3835460903585042,0.060173290020742516,0.08910206713763122,-0.04664543798298694,-0.0163548673654475,-0.03674001082998978
2010-04-22,-0.6170777368455996,1.4577291510078774,-0.8998234652022681,-0.6831944763194301,0.16276298966296002,-0.15877747643848708,0.046189705612362214,0.06032614466212071,0.030411565676123214,-0.027359718562359556
2010-04-23,-0.16584589885306483,-2.640109250545436,1.3992947722197637,1.6581589997528776,0.020214325384185116,0.27563923147398445,0.005254725137346449,-0.10281353247026813,-0.06307464752705692,0.032272296829730575
2010-04-26,1.4751239294764695,1.472791610627405,-0.8644273345713169,0.40358312548790404,0.2138789016814738,-0.1365174515767103,0.14879819854128096,0.04778020859148328,-0.07259238990646052,-0.05221303093138193
2010-04-27,17.499930852083658,-1.1380757349891495,-1.101475513493036,-0.7597326762715235,0.08225428730504769,-0.0007400634538821114,0.15954838793553236,-0.05874426453763763,-0.08182991954574051,-0.07137463451606836
2010-04-28,-3.1442266198222844,0.5375984572490101,1.1727477180630592,-0.9555690535017254,-0.20681699333036774,-0.005669677854629338,-0.2119615715449332,0.03465919202894271,0.06148557502213605,0.01837247172079461
2010-04-29,-8.06084083683037,0.8981909794237336,0.6314628648669766,-0.10590863352506118,-0.005606278382945982,-0.06382580955851809,-0.08722658186998856,0.029953380784865067,0.05492550010283644,0.030644382799390562
2010-04-30,18.427678784323017,-0.6431055226305172,-1.1281937988455002,-0.9079748831912987,-0.12596368235651395,-0.01579839518066788,0.09561844181138227,-0.016886695725139372,-0.07412469172528173,-0.07380024570597112
2010-05-03,-5.5239925011847095,-1.4029787649677405,2.3330373847672843,-0.4313614659604356,-0.21740450512140144,0.1301954683274938,-0.1731891806338767,-0.007541722107119591,0.048570044928583196,0.07171770109176005
2010-05-04,16.978124948736475,2.5928054970054357,-3.4591596083012814,-2.3360154447922445,-0.06874572533969626,-0.28645113623294904,0.05423093337400469,0.043844082332159105,0.016916564475167224,-0.12049064715325623
2010-05-05,12.141885401103577,2.054077523029177,1.4308738185080845,-2.1985544615879684,-0.36007516091210295,-0.2945043549369937,-0.3113239221529401,0.07116721007421452,0.05784009882332099,-0.04662892395650133
2010-05-10,17.108641489849703,-0.049697191562329185,4.975896313056436,-6.117910810158709,-0.5265813013521432,-0.4403821866318415,-0.3113174959850722,0.1478567512946565,0.18523877334917863,0.09217146844089986
2010-05-11,-3.9517483229902943,1.7698879743132183,-4.700325084234833,0.864788850672178,0.3362804120362225,0.13386775519044042,0.031097179413459873,-0.05956420693614234,-0.0020357873023480306,-0.11929579220606562
2010-05-12,-18.80047085313854,0.14970904457487402,1.4117128628889328,3.7246681271103683,-0.6024416343560313,0.24024431228266346,-0.02911548719630197,-0.045890625532854015,-0.13794065783221257,0.134841778545526
2010-05-13,5.949876380045508,-2.9233708982607265,1.2361780852823454,-0.6752014294267652,-0.7314891829614714,0.21771449350592276,0.00677484362646446,0.007940564567091886,-0.0265510034694341,0.0667027294501226
2010-06-21,-4.795490003267982,9.432209949959734,2.414269240526703,1.2840755082697897,-2.097332367235361,-0.4559293679368702,-0.8084153257610115,0.18106751388863007,-0.1253203653906779,0.13066887608642158
2010-06-22,11.779763580466156,1.6749223459084421,-2.3963801755562733,-0.0764286506961278,-0.09273304458809009,-0.3495560032634657,-0.10452811583967118,-0.019800016676781884,-0.076680130696892,-0.0531207613931875
2010-06-23,0.7409242140189999,1.4419554937247452,-0.464836227443489,1.6727340256123615,0.07329627382291706,-0.3547950111010815,-0.0421293971234594,-0.06486967375228399,-0.1348177379671544,0.01506264707904672
2010-06-24,14.191864041058176,0.43973507508901793,-2.266814724470267,-1.8409132366353151,-0.374728834743577,-0.28121520751301604,-0.031388852777440884,-0.10128491016819943,0.052767564260352326,-0.026271612399605054
2010-06-25,-2.8290968055564134,1.2173139829937554,-0.019285151521249325,-1.6047888539000266,0.21582664297146475,0.0751917507671986,-0.168492077020694,0.06741715434288527,0.09711274390641375,-0.032680787910514084
2010-06-28,5.288181526955928,-1.0958078895330994,0.4865583560477975,0.09428503007818177,0.09306502993647738,0.018844598934164507,0.003406870973778285,-0.02653417240733261,0.0560526839400184,-0.03062675796452365
2010-07-12,-4.132517900162727,1.485815773573422,-5.362122289256624,-5.188514569067959,0.9577650276266959,0.03989605042685484,0.22117423121429955,0.0254037698351339,0.23128350795212058,-0.11317310378919386
2010-07-13,-5.255013175417209,1.8185754684344555,-0.9805866860143897,1.5698332838017603,0.08835775318622362,-0.31419912275483974,0.029130267392415678,-0.06018493463245456,-0.13159761786252056,0.03179081627990343
2010-07-14,7.300973386568523,-1.7607645333045698,-0.12013952780211697,-2.3382356183586577,-0.795233844543644,0.3781581397702837,0.02842472976074255,0.09391779904708841,0.09051658267448742,0.015012461605868083
2010-07-15,3.665424421174746,3.4892819667136195,-1.2652027682748064,-1.0496516211287195,1.0105546998804193,-0.5925606057976627,-0.3341881464073524,-0.12525125948098645,0.12713810345958318,-0.11227105899242959
2010-07-19,9.447464324506615,0.7100564901537346,-0.8561907187930518,-1.336386213374137,-0.1954338422042761,-0.16775776514360333,-0.1612623520853345,-0.07649623856691655,0.06494134634678704,-0.044968727040235225
2010-07-20,-18.224583499385368,0.8292100695766088,2.522684865686961,3.740258706178128,0.5498075895204684,-0.046188662567359345,-0.020374135397173934,0.06385192255856761,-0.16822363952191344,0.08928583681999101
2010-07-21,10.042055032457096,-2.738725771439786,0.678557886406083,-1.2974488089421066,-0.3692588117960863,0.37314583290296427,0.09398036542481987,0.0223979470197073,0.09855351683478433,-0.039980077700220544
2010-07-22,-8.687193884966055,-3.062145532382883,1.2428483857824582,-0.41136312185801843,-0.547399581400178,0.5990190574730342,0.3475829779660128,0.17385494531850693,-0.01774575887078939,0.10590404216804677
2010-07-23,-8.299284698590423,1.8011313223522494,0.8128239431801639,0.834974796859217,0.09108848922860809,-0.11406095418897078,-0.08033029119278781,0.07018622859509038,-0.0357783599251948,0.0534857616217943
2010-07-26,-5.624137170278401,-1.9373955421908176,0.15655280200943147,1.3259880675606388,-0.381862614656972,0.2744178466481094,0.23166016239553974,0.013178065772258512,-0.08093323819668971,0.046138660997445444
2010-07-27,-1.8683324024771761,-1.5413753431312027,3.0023769592111407,1.7507483180062364,0.5069312697714264,0.11763534863796143,-0.019154249127396203,-0.05363593836702821,-0.0037187280038239287,-0.007272860454751787
2010-07-28,1.6599339903106405,-0.865011044607646,-2.134658036845615,0.7931221687685591,-0.012202955152816395,0.03713603735120798,0.19716352545967883,-0.04749929285417734,-0.07775962647675182,-0.0338377065553982
2010-07-29,0.3806894551110743,-0.0705130651458056,1.2635366146901796,0.5332273628223623,0.28156395601238976,-0.024782067972513606,-0.07219430808099712,-0.014460920303014954,0.012763076517881786,-0.015031182869738858
2010-07-30,-3.2558680684401136,0.14504661632985075,-0.35147641437482696,-1.3819516748278275,-0.04628686803852875,0.051476848210777436,0.03291143810029773,0.04407694571274868,0.07247092387096116,0.02579087684956156
2010-08-02,-9.819040831244278,-3.8787165825714243,1.496485829400804,0.5990631193189089,-0.015091809175907276,0.36162647478762355,0.25612354014374583,-0.05825331379441678,0.03968516232850198,0.07290781191424506
2010-08-03,3.2648423412026997,1.4103923008412433,-1.154280562771027,0.20291525169487948,-0.4061193549389445,-0.035808832364212985,-0.07630329479413381,0.04664531175511815,-0.0603840267816054,-0.012065696787379865
2010-08-04,-0.21219750363308182,-1.9484443324366219,2.481930313021944,0.32148338197071574,0.3565108658207461,0.07550448097927974,0.03141131376529231,-0.06735992027909483,0.03009761507180277,0.00999871180351655
2010-08-05,2.087325617240718,1.4519944157788858,-1.192920308516118,1.314341587799442,0.18299476765287062,-0.09353945227938533,-0.013432165896742461,0.029202215110734685,-0.08395185925569491,-0.05399979996662321
2010-08-06,1.7251059243372333,-1.0718024241063717,0.1303667134640556,-0.24176924466419572,0.17382251622583403,0.06233879372138486,0.05275539103015987,-0.025843118886633477,0.028107159161697762,-0.015314177229513204
2010-08-09,-3.6055847394523646,2.677863445955123,-1.0941849179102174,1.1946682117531573,-0.26362513535584403,-0.2028474734129789,-0.052321683098332517,0.05154922055376345,-0.12091602927124147,0.020514973437911085
2010-08-10,5.217521229052276,-2.004227221811204,-0.4475543746591235,-1.8252445604622076,-0.3294459952119284,0.21671628543482888,0.029818381899192718,-0.026440216535838088,0.09812714809092743,0.0024292580960837804
2010-08-11,19.716647361099323,2.6264230633924672,-4.158253029248535,-0.23410857607134544,0.3135362855712862,-0.6903076082669023,0.03864893122290214,-0.1865683214889014,-0.0770262099340114,-0.12004845669162326
2010-08-12,5.102220827425538,0.7294153396280227,1.4227489423269801,-0.6450414288523861,0.7019592086284353,-0.17669268452652773,-0.304403798120936,-0.0300819500361432,0.155261478201888,-0.1010561416912739
2010-08-13,8.12813348492979,-0.8396487228738463,-1.986246570159118,-2.0414569165153953,-0.6865892169706053,0.13877973319731238,0.15674070008701216,0.04169077873306935,0.00876203433407282,0.014779421343251659
2010-08-16,-1.7772087284527776,1.1787662307490563,0.9270317322538506,-0.09016995352848407,0.07140518740871526,-0.088830466580145,-0.2003873795031841,0.015838344047783545,0.02886238780894765,-0.0016205963930048773
2010-08-17,-6.310360365878184,-2.969851072845392,0.4899124494567053,-0.8754765188749871,-0.719513340430439,0.5962398683606162,0.2153935734234497,0.13479661836113235,-0.020600289967964213,0.10318167274467566
2010-08-18,-1.120663841689149,1.976775390547346,-1.2978433406938914,0.6243036229638526,-0.023739758468562917,-0.2412483085106981,-0.009683477216090452,-0.040237826589226706,-0.062012812963884854,0.001772432947551097
2010-08-23,16.515134471144933,-2.753933342191805,4.847353721355171,-3.7778059109069257,-0.3193890139236578,0.1627575193007217,-0.29056522177632715,0.14528486777180794,0.22355405407481277,-0.006651032099329142
2010-09-01,-14.306446769608302,4.8915565853926015,-6.605277375078017,-0.5183559964221695,-1.5037176296867292,-0.06504517978979173,-0.007173019198619316,0.0027338431872457217,-0.1422178479322841,0.13225178051846057
2010-09-02,-2.634144203260535,-4.651895613673293,5.049187441334497,-0.18423164509993897,1.4474678074138039,0.18026307966725374,0.1291092787144273,-0.0568923142372632,0.13828794141938544,-0.03903913055943396
2010-09-03,-10.206812075435307,1.9733614251895408,1.4101145857677506,0.6638722783603973,1.1393825915537596,-0.2986690482895677,0.03916397148571605,-0.004077390093062483,0.067044857357914,0.008279228187463976
2010-09-07,8.567584084070043,-1.5150798103912797,-1.8757389212080993,0.1553827785597828,-0.9473340603773239,0.3029530004460518,-0.012096808474363034,0.0037008566403970954,-0.08522698730678832,-0.030477250895652567
2010-09-08,-2.3797801542527726,-0.7822918559318849,1.4247806206477285,-0.5646462992299787,0.1798820001889083,-0.04786128853364853,0.03781063404522904,-0.015474363116150731,0.031965676773605164,0.038152223516127536
2010-09-09,-4.625536716183323,-0.1223183988671326,-1.7756647936096532,1.7907894057044076,-0.7610699089666267,0.2757418599813847,-0.005458100455802113,-0.001857838424767518,-0.08600253257992808,0.03215544478085765
2010-09-10,-6.745589741055444,0.32408047166623993,-2.335450967843701,-0.04330990343572004,-1.0761712944535642,0.18037075359388677,-0.09515035523689566,1.0634235011269604e-06,0.02986864058732965,0.10351639135017039
2010-09-13,-9.628368336233802,0.14452101032542086,0.23425394459842563,2.817327773160186,0.47798532483992845,0.024895813184812262,0.20794096681213017,0.028841956942336863,-0.08354970567350019,-4.283434852033249e-05
2010-09-14,-0.31917917960454034,1.18464870879075,1.1599897936478727,0.2485754724450738,0.6651111778080969,-0.1949102626981372,0.037737824582763424,0.03490213409130292,-0.028950197813386508,-0.056302183239022724
2010-09-15,-1.0387201657092882,0.8510147041139642,0.6377902516613958,0.4467516014825375,0.3861871785414878,-0.11629389047969851,0.009660372467732964,0.02067955999770022,-0.0235674733241712,-0.023402462460705865
2010-09-16,0.1820623682979945,0.5785057779287568,-2.107895475268381,0.192501575305331,-0.33200797110678815,-0.023677532753870197,0.09551898010616147,0.019242091754792152,-0.05011923242777728,0.01693313072814164
2010-09-17,4.635485585262504,-1.908294665417874,-1.0968407018370097,-2.5405395031815265,-0.7720479101123814,0.26067190063593365,-0.17983579879530595,-0.06354715379503373,0.17207508244204148,0.0512066725114455
2010-09-20,-10.471594989413584,5.7579206194558905,3.2719092790615214,4.258931932865196,1.8435541262025885,-0.7560988677057793,0.03511181317551798,0.15170390929615726,-0.28463128055017534,-0.08291106397210563
2010-09-21,3.8675146261327513,-0.9924861731947813,-1.313433497172054,-0.3894547944296027,-0.8999371466411706,0.15319988949632518,0.08760937501223172,-0.019301316440719092,-0.04287834624614894,0.03658533528023816
2010-09-22,3.0825370350139063,2.280117838895018,1.2407753049905592,0.3047193779141503,1.5496243401097622,-0.4536599698254691,-0.3139830733417563,-0.09964776435350076,0.06310686268387716,-0.11203785911696594
2010-09-23,8.635809518695076,-1.6552557069706453,-1.9503514350609397,-1.266113529989304,-0.8303294747890925,0.1783572270064292,0.1679563845972448,-0.05327709743735566,-0.002489155603318037,0.002986173314615527
2010-09-24,-12.742720639877732,1.425262243543548,1.5306935003046795,1.5184817335104661,-0.12491111445049335,-0.01678448625280307,-0.0002097458672045272,0.1656391432493307,-0.10110828376850173,0.0878485093265259
2010-09-27,4.659217950411639,-1.4333274827531544,-2.9575690237005294,-0.7301557041763127,-0.7031396520443544,0.12283711118392926,0.2794051939264247,-0.06231190026681242,-0.0242884399949028,0.02413818385182691
2010-09-28,1.9457706940212691,-1.0951863508610662,0.04334796692143656,-0.15626136142509517,-0.3986134468503363,0.1833635560730064,0.008037846796332205,-0.010327158034898977,0.011285536208938168,0.020745057497809853
2010-09-29,4.82695218065015,-0.12515022414130272,-0.7744691977590382,-1.3679266113597737,-0.06827881114458731,0.02327539004537669,-0.053952244082051216,-0.02139832098794753,0.07551206169134148,-0.02213384036512912
2010-09-30,3.0936194418971366,0.7745932349795897,-0.06287155190814787,0.7262974236716195,0.6808940958825013,-0.2794874145380664,0.01508976704633605,-0.09751947638663284,-0.04852232455854441,-0.05876912603957006
2010-10-01,-4.254102382940366,0.7577700404553952,0.27769572046505897,0.8553996666670305,-0.10446499742568785,-0.08412610374372886,0.02621460197882689,0.034797895381570645,-0.07942588589227094,0.03858462845119606
2010-10-04,4.97325730439548,-0.27409038070671077,-1.7400924595238136,-1.8036178311780162,-0.686431729097899,0.11728528518411738,0.03691044988134595,0.023839198925631747,0.05497768093623297,0.02955557543751875
2010-10-05,-7.64808825595608,-0.9359367655145981,1.223072368513872,1.2815753723141896,0.12789155883694736,0.18875889707883522,0.0528254419237373,0.05161520386516351,-0.00636355311220313,0.01880553082717608
2010-10-06,0.011713350797367565,1.8042321410329114,-0.8640275216622563,0.7906293444360593,0.25703385896634684,-0.4049898924131008,0.10296482808106835,-0.052082428814688046,-0.13390523257009287,0.00756437225346256
2010-10-07,0.21055432482658873,0.1499032822886713,-0.3856011427239973,-0.6080688062001164,-0.43931789288728523,0.06665260596465916,-0.004630323131834547,0.056498486209838675,0.008312767113943168,0.03215151751834584
2010-10-08,-5.1836052217877135,-0.49188037158609244,-0.6999190681837522,0.6668078079386063,0.4239092882398202,0.012369014910739292,0.20657316255535768,0.00340257145344502,0.009360226698061793,-0.006634713163455913
2010-10-11,-1.075357125874382,-0.7883906994413757,1.0339304086541798,-0.4400665684230539,-0.3653129754986918,0.27337303297840915,-0.14826242002606424,0.06875795690927801,0.07936196577729031,0.012206658526033164
2010-10-12,-4.3203422189972,0.6840275932808619,-0.5013582449043688,1.2214214133835233,1.0678661144068244,-0.2908396782935517,0.19270359806987603,-0.05838747896233907,-0.05064899319070607,-0.051152824278789505
2010-10-13,-3.3340041672956082,-1.9155665548469687,-0.30561538108600517,-0.14769533980185456,0.011393626041215191,0.3369750047357746,0.09068372332695987,0.030650809624233277,0.12464293820324905,0.0016047894773089557
2010-10-14,1.9544339055851083,-0.012864876228640413,0.9763945426932199,-0.00428485738524549,-0.2561492043751485,0.05555759017451918,-0.12795754571422926,-0.0012089871066779236,-0.023246547715585236,0.006821617809512989
2010-10-15,-0.6072997090766868,0.6582989005366833,1.0433888765745194,0.26174522658147154,-0.08290231495221352,-0.04553499080838794,-0.10039920062650463,0.033119033005977884,-0.04046173402120985,0.006238536462271939
2010-10-18,-4.5627413686673925,0.2897262205918594,-0.841487083391649,1.2803247399082258,0.746817702092784,-0.20882047444968257,0.24731162441762425,-0.039288085127244216,-0.06590530064262685,-0.020777422453033587
2010-10-19,6.403679736087045,0.5637213613852033,0.3111842343079378,-0.53804420370365,-0.16082429324768793,-0.09020487561831776,-0.16711881088941974,-0.06283932490300309,-0.02114337561432828,-0.01358950295469859
2010-10-20,-4.867595391207008,-3.0337140105596596,0.9774258030989695,0.11596409602160217,-0.016251592107530334,0.5475712063720662,0.02548294275120408,0.03820129170094995,0.15707484383908293,-0.0005489122387637733
2010-10-21,-3.225923728851975,-3.676239435792296,-0.14066056078185799,0.23277949665009337,-0.8726949048543801,0.5914303221359306,-0.07967906888921916,-0.05999837268661506,0.151316366293713,0.10984211495415112
2010-10-22,-5.258568313004701,0.7688672843357925,1.0003069567518945,1.2856098620725536,0.19223133211215832,-0.09376577689420384,0.09228507423791948,0.06522707975584482,-0.088917127457153,-0.007600758586580087
2010-10-25,-0.11234063866261444,-1.966080812897036,-0.014503077598230298,2.308472922608392,0.5053034824135677,0.10622012217360767,0.2860674728991128,-0.11154438198470436,-0.12242792221847361,0.0026862555913604747
2010-10-26,0.5819926692720152,-1.9840092882837956,0.3274733942275786,1.0041608166119773,0.21498591358046767,0.19410270166458385,0.07460961743925372,-0.0801850001969508,-0.002137831569360821,0.012653995449824675
2010-10-27,2.610946353081938,-1.5889271766506432,0.12603703273023195,1.2089722247592818,-0.13282808621207584,0.13040753536878613,0.1402034497378049,-0.05228160132713448,-0.07613548498827158,0.0522450030400775
2010-10-28,0.2642734603711861,-1.1476758778853724,-0.880804277946333,0.5855552075815604,-0.010492608578623363,0.10665941055226594,0.15832843555420714,-0.033006460146228364,-0.004220379763781075,0.05848932821692381
2010-10-29,-1.4436319420262407,2.122688141940543,1.4624536777376758,0.9642172104267311,0.9931595823672595,-0.440390185839919,0.11202343678592426,-0.0021978170116045232,-0.1523263672096585,-0.15188876463534035
2010-11-01,2.9906517778210913,-1.7893674758588587,-0.43902131505950304,-0.47152388220957747,-0.8584436390737386,0.3412318772880376,-0.08645691173339778,0.008164004426834902,0.07031293829814513,0.11010663316838094
2010-11-02,-2.989636004142552,0.4193363214822882,0.36929605829975337,0.19854419343128704,0.6002243520472221,-0.08036530241569463,0.014565745062994899,-0.00781841259263024,0.013206442687374568,-0.07008761849105781
2010-11-03,-9.996074580606711,-1.7467310377432836,0.9824265892236076,0.10981361004236265,0.22698753442372574,0.3586171090775507,-0.27170351322193703,-0.02003866237293382,0.21646303219354918,0.022682816024826465
2010-11-04,-10.632159640212672,-1.7815143157854134,0.9163716267760611,2.3584603378771605,0.2343833411112572,0.22982528965752985,0.026291051584338605,-0.03611986669948098,0.0369300685367757,0.07563331581923927
2010-11-05,3.012742219927199,0.24685136092179438,-1.7129399529797265,-1.0737604409158392,0.1649182586041951,-0.05040676444801787,0.06027699363833332,-0.01497754088756721,0.06065512440496611,-0.005306137844478005
2010-11-08,0.43507390323115636,-0.04209366413843852,0.05382508606240888,0.26015805786307433,-0.023051332521847896,-0.00020547765065725534,0.04453154893921663,0.002221383015171911,-0.032047802327134396,0.0035632111603399273
2010-11-09,4.503596418891228,0.09177491827197755,-0.5945915834272891,-0.3723048674003077,0.04613385582068073,-0.050185215570395916,0.10166384164213133,-0.008823678037238672,-0.04207385622949567,-0.018746401338512398
2010-11-10,-0.9313262345040231,0.2213188478480318,1.1605034495826865,-1.041924439477637,-0.01373262962921795,0.023266713151534398,-0.2765729425062461,0.0027678285494453004,0.08909595984217297,-0.04325821348182552
2010-11-11,2.010338209630799,0.4025295243173176,0.6920940010018239,0.09584486471045643,-0.30710618317871513,-0.026960060232221143,-0.024866525806832834,0.02600356267304958,-0.06666371342440354,-0.0018276873584065294
2010-11-12,11.024194755118364,0.7813081191137928,-1.5050313926760446,-1.0752931331216142,-0.21713738398797647,-0.16062805794692703,0.16143328532630005,0.007522895735509354,-0.08970546392620345,-0.02015312340575312
2010-11-15,-1.6588757453127578,0.3616284651256601,0.7861311651013221,-0.6474375363637639,-0.0755556078417107,0.018226254665272473,-0.18929274641893093,0.01676779033256141,0.05985676532361674,-0.01910565983943808
2010-11-16,12.628343607768784,-0.9912951204221381,-0.24559962343411018,-1.74600212797663,-0.11079365699295571,0.04245544035816497,-0.05585954315237757,-0.025878937483590287,0.024097626341471577,-0.03353954990847494
2010-11-17,-3.121453429236911,1.7811553438475778,0.37162037992754426,0.2015837546556993,0.04255839802784647,-0.1802447888274093,-0.00684752374202151,0.0436074993813698,-0.042800690029533954,-0.031077018851103023
2010-11-18,-11.728717908379998,1.5484063050328831,0.9420977431027071,0.968087217542259,-0.0709070687441242,-0.06754117891021098,-0.06260107005876778,0.07370969031678723,-0.008221954911779152,0.020054177355738903
2010-11-19,-2.5654798042923064,-0.43507956483992544,-0.23155080999199537,0.12357102819062399,-0.057829057781492346,0.07907215494412345,-0.015574830696357272,-0.008130068487565085,0.041937824513298416,0.025970217798019536
2010-11-22,-4.664944321870756,1.5493167568139645,0.07620932575143545,0.4986890125484073,0.4002132790023056,-0.19621921694816655,0.11921925645675388,0.07149333662603813,-0.05145535772067921,-0.039233912729140855
2010-11-23,8.059407410590765,1.212652688810541,-0.6176470208199434,0.1150346415776967,0.38487374926142454,-0.3045688496485811,0.14505700045331418,-0.04521851526810388,-0.14477395499407694,-0.058949555672319416
2010-11-24,-4.257316119763025,-0.5162609576256111,0.99316736464461,-0.11400498703371541,-0.3480244821347955,0.19356842386301704,-0.14346265349407417,0.04606629032607077,0.07048757453393616,0.033308427866838734
2010-11-26,10.988133630354195,-0.23086448459628364,-1.5170405116836645,0.3165077060696736,-0.23316447423427805,-0.1532891719327401,0.22260238405170907,-0.0866233880067143,-0.14901243859984334,0.021829055820267933
2010-11-29,0.2372926319824179,-0.8358249693736544,0.706098988264151,0.055518727114163606,-0.249135130209049,0.15956652215000577,-0.08539827545273995,0.008519812677832495,0.027002038514941845,0.021384560182854638
2010-11-30,11.19913767055249,-0.8032069446184734,0.20909835535723456,-0.8760896538955729,0.06574819268589338,-0.027432442850126137,-0.03276974897469013,-0.037167931844941646,0.022795362771589542,-0.042470979100386844
2010-12-01,-8.581876556881385,0.22777778542649868,0.7505720357054404,-0.010785191241182986,0.5715320090249638,0.06870810412298906,-0.09184192884312098,0.013040747232015652,0.08415290817107983,-0.04629651550613709
2010-12-02,-13.174703991395795,0.7305540309870348,1.520267185854083,0.6928107666270044,0.42684340720233205,0.021922625343531923,-0.07012614360051088,0.05913219218197512,0.05211879591403437,-0.007951043048202305
2010-12-03,-6.001968249243438,-0.054942162369298504,-2.010986213416063,0.7407051910148091,-0.4301501197106882,0.06777381503284734,0.16609718169845716,0.03421287528723913,-0.011050736377415948,0.08059171736326884
2010-12-06,-1.0480709216244586,-0.25353642588450137,-0.5300429610722821,-0.2419120981133593,-0.1421989946778,0.05967756720572367,-0.017718773368290752,0.0011072065409415198,0.05051983728146928,0.024741431941070695
2010-12-07,-1.4908647885660125,0.025942351959525295,-0.02232100907996481,0.5134247068293794,-0.2490085987648195,0.02411396020677246,0.028121114165046982,0.019191770126490353,-0.03241121658070697,0.03342553660552442
2010-12-08,-3.9229339390634643,-1.6310851297665239,1.3073653156730733,0.48354569023941324,-0.2005882976896823,0.25404510197067726,-0.19704527758592227,-0.049806375006450965,0.0993890568860874,0.043177794553945124
2010-12-09,-4.5506564113387915,-1.3424133371753393,0.013397446409355798,0.8449785740474832,0.5180794672808193,0.1100476652400728,0.04915686782460321,-0.055377522328075815,0.0653907577227358,0.006918494069627766
2010-12-10,-2.380192027999024,0.046999380243234544,1.1171167520707255,0.8411555447227338,0.20375417793410452,-0.014264993234208614,0.05695034705209276,0.016041525844228,-0.06219631388854836,-0.028282188133455975
2010-12-13,2.688057226200955,-1.2611320317891948,0.8984345703102871,0.8056369269776849,-0.056967025357749335,0.12799119373421233,-0.006913149860366978,-0.05925806898571269,-0.05868235348249822,0.013614239064447205
2010-12-14,-0.8271789116141142,0.08814059798178715,-0.015100369590639021,0.20465482625715653,-0.2372830929853931,0.024528170001878343,-0.02127452063052797,0.012528543353003635,-0.00553741886215903,0.025951996636366454
2010-12-15,3.0394475866581727,0.14477239947222845,-0.32581421921838194,-0.10002413141418777,-0.1301908330546116,-0.020308740819503113,0.0385344381614278,0.005518691860016316,-0.041379573649638096,0.0049087397681931875
2010-12-16,-0.4303428850999573,1.0653912433767199,0.11888219885532583,-1.518031982878311,0.4348596939656572,-0.14398665502103034,-0.06847932927254172,0.0211310752416318,0.08289496918541982,-0.07727398999891735
2010-12-17,-0.61576211319116,-0.7491175133236743,-0.2796006538198741,-0.40050031833793764,-0.4578487517872219,0.13145337313133518,-0.17357318142444011,-0.04083781042722388,0.09438475044751846,0.0652491260827378
2010-12-20,-1.7027500509453888,-0.10836926977388758,0.6982063285329247,0.005090781593470346,0.11321353850696644,-0.004828644141963698,-0.03200108171116473,-0.009054515708929794,0.017444710348384233,-0.012550688729620414
2010-12-21,-1.8669354717593192,1.1492723110403855,0.5197658089832936,0.2031688190358387,-0.690530373474551,-0.02211460483153244,-0.0760408620447617,0.07522363500461085,-0.03579437120363459,0.03098438058814095
2010-12-22,-0.8612611930346488,-0.4196026655539597,-0.5718599813638469,-0.4965836688553099,-0.14875322954435755,0.050321646941636024,-0.11467537200212499,-0.03453662376343358,0.09781514555611026,0.03837235230141062
2010-12-23,7.654073175158465,-1.346260186711519,0.8554992928720555,-0.39527261300156613,0.04307399577777806,0.08962373338840199,-0.05885481715774822,-0.09273477145763115,-0.04744120898183658,-0.016356391216759324
2010-12-27,4.175127269658751,-0.14311805808139866,-0.01028296608659722,-0.13471172987100324,-0.1916879323553663,0.02750845851802233,-0.004224743200972648,0.0009037290084777168,-0.039738336502088134,0.004099937063845467
2010-12-28,1.040570569791945,0.23634536656811006,0.21435781048028493,-0.07022294553624553,0.1634357977272459,-0.04587456417282488,0.0525114719294757,0.014360335818564442,-0.02668518792851663,-0.0295752981876469
2010-12-29,-0.5704092312655196,-0.5244202689005154,-0.8744113976485036,0.17059128227120832,0.010609382595996676,0.07135199741839629,0.005169191869508262,-0.024037608021990894,0.032457163073591616,0.033059173854937875
2010-12-30,1.0775526307771972,1.5100770746011192,0.11843668595432176,-0.2989890048363483,0.0400502685783016,-0.1533764639483088,0.08141040261194803,0.07350877133616959,-0.06220122131428358,-0.05144187342430687
2010-12-31,1.5070846984230908,-0.5885480069752699,-0.4773879374891383,-0.07851759683968154,-0.11799796668060923,0.07102901663221294,-0.02614681124088042,-0.027444630681598327,0.01978871992578753,0.028080732915007817
2011-01-03,-3.7994886515070214,-0.15625480426440588,-1.9262319087774757,0.8925138583412763,0.26119974346601355,0.02691005397249437,0.18635182105790532,0.003512782354029453,0.014923493706985569,0.04425120735637627
2011-01-04,-1.2177007422809967,-0.30625659923868453,1.7799598397676608,-0.9389907003930745,-0.056630194399623926,0.01621994007674229,-0.2557944648601493,-0.043172574879432817,0.08437766427886748,-0.026150830752185574
2011-01-05,-4.087302393232221,-0.29435255128725074,0.6966687584370801,0.381659947799805,0.24621001033710987,-0.0012986522270825825,-0.004357333758768278,-0.018300220591017227,0.026843570245397682,-0.007849197971467842
2011-01-06,0.7083331461184673,-0.3220012273388856,-0.0327173229854404,1.3575754655018037,-0.13621660180330458,0.08853984417892952,0.10953267884946698,0.020421785309867234,-0.09496839601883382,0.02415947810306642
2011-01-07,0.3995542757037374,-0.12775300431103334,-0.3847988520747222,-0.7867620408886888,0.15311313361350662,-0.015356866873829306,-0.051917465802123655,-0.027246045532971212,0.06521352070175475,-0.007355374901506836
2011-01-10,0.4033108935901703,0.6967807604310574,-0.0012424547116176576,-0.35197861959094795,-0.14236573368211158,-0.05379775060557611,-0.011777649900331066,0.03112553646278886,-0.0073773106214113,-0.010328479757203341
2011-01-11,-2.9090457437797705,0.31449813854854736,0.8473319540092213,-0.20715838449308663,0.3430025721683252,-0.09211442604608347,0.02081084718274975,0.004789611609058581,0.018465688614369494,-0.041748392891480676
2011-01-12,-6.7765279364952535,-0.11729150990645854,1.4524093305439492,1.144948693789004,-0.05715540712621129,0.02107903809553704,-0.016131429660659183,0.00021883253898914395,-0.0031324972382037117,0.014784939866712875
2011-01-13,0.03850260501215098,-0.23616924133785996,-0.7394155145292182,-0.4737864260624365,0.12333550849447748,-0.0027777049293595444,-0.023103326314659754,-0.020648430434205584,0.058402301925288724,0.009802690008602573
2011-01-14,-4.998636024222689,-0.318221012589116,0.11843260637938847,0.48230060430325145,0.044635683831906144,0.017014671184505312,-0.034316315384101084,-0.014451915777297989,0.06058910317373867,0.028164666787387185
2011-01-18,-0.8656412030228191,-0.3491408436301579,0.6917015834127583,0.28982160745602054,-0.059482735097771015,0.02505873622445576,-0.03221496639712541,-0.02730865155757304,-0.008180337802897307,0.007039617876104427
2011-01-19,7.24163035798609,0.5870137633439664,-1.4783224088257079,-0.37190724467935893,0.06915749040276577,0.014447538615365536,0.13357113598565365,0.055225535573412934,-0.0844078882277034,-0.033631443252155405
2011-01-20,-0.30966007694882614,0.2283179621046066,-1.5721619338518968,0.3922002421612282,0.16367442165530927,0.007518419741663309,0.13320014998045823,0.03519932565816389,-0.004717483036294117,0.011956244184171568
2011-01-21,1.281728664737525,-0.42454989763036355,1.8584578038217998,-0.0003405247744538631,-0.3275333903538437,0.047661893447500506,-0.1407059340837769,-0.03861339982695628,-0.0317906725107221,-0.001164903824515297
2011-01-24,-5.036406878513703,-0.21059084188754199,1.579693504719552,0.35228031033366297,0.6535471215725291,-0.10006257247956218,0.09242714684497111,-0.02341786949868004,0.002864184982887329,-0.051566638806590105
2011-01-25,-3.0078608548258683,0.4009665750194829,1.082051365349689,0.05621431994037766,0.3373840630009471,-0.12261921150884356,0.08639724477774106,0.008544122358589739,-0.011190230713087237,-0.029447516165851503
2011-01-26,-5.5362531147130785,-0.09033309145029053,-0.4292208271094561,-0.1172565240401674,0.05178289303525336,-0.05334220209347145,-0.024912173782634356,-0.003161534449016822,0.10342121286139308,0.031629017696530946
2011-01-27,-3.244424088041051,-2.5954634327484887,0.5435891598842946,0.1751793301029537,0.031002152011883017,0.0667842769167673,-0.22793252549035917,-0.19003818832188854,0.11460195731278527,0.0865799319487669
2011-01-28,12.518271844170606,2.1025022782565674,0.8000567232316063,-0.16991519499057256,-0.08112636218662449,0.011625666747754271,0.2316504902818104,0.14609641915100385,-0.2587100839122363,-0.12652234792110034
2011-01-31,-3.600678119679664,-1.2088704347055403,1.9761812295278498,-0.5476264677499627,-0.5188823328969818,-0.09712960042778034,-0.20568732683633792,-0.14834061420828049,0.07451016329545238,0.07521461765053278
2011-02-01,-8.963346910736094,-0.533989751883831,0.8161341569250699,2.1991804105178994,-0.02999447468482784,0.1313871770235498,0.01079244834248223,-0.01829443084843647,0.0017965789933837195,0.02144892890061285
2011-02-02,0.6287570539476038,-1.4572983401346944,-1.1966203702106324,-0.31679153123123954,0.199450218477632,0.08034640810079129,-0.12435382998103085,-0.07461518135926698,0.07918825051536138,0.04681206239213826
2011-02-03,-1.1298797730584174,-0.5770855366047857,0.8594355505606455,0.6523168483899664,-0.12412131609456571,0.05319037292085439,-0.04298100742867264,-0.04265494802915051,-0.020830172769052253,0.015107661910472725
2011-02-04,-3.0570724214422715,0.2500168845803426,0.020612760426949674,0.3742812378970424,0.17586009352318238,-0.03371940495976217,0.06919926364152434,0.018523882136733234,0.008801727595770782,-0.010218869885875876
2011-02-07,-2.2484889868836135,-1.6285153833798764,0.7496020711097893,1.6561919523733193,0.016383622174038298,0.21203412371089125,-0.0833585331055379,-0.07936160005003301,-0.0188426147996745,0.04186403536024857
2011-02-08,-1.817614829749071,-1.5067971103625886,0.17535951038298325,0.2833179990349812,0.25878050555206566,0.014173609218007898,-0.09142839348511385,-0.09928613791450853,0.03611573691906903,0.049535953706086114
2011-02-09,0.17097479188629194,0.5614239885437062,-0.306759921560427,0.6747834009381588,-0.3517317196894222,0.1572269188234249,-0.03063694819100766,0.056424421724345634,-0.00519989432623189,0.00798106699604965
2011-02-10,0.42546743564133427,0.521806502052558,0.5880081615909438,-0.052472172450898275,-0.1443497903593753,-0.042338741623941224,0.0469361082904108,0.02275667261403652,-0.03756657282771376,-0.02947552019241834
2011-02-11,-2.0760026515848073,-1.0227651320823137,0.5774084604045944,-0.21267616717346355,0.06166066720895822,-0.09045972282804038,-0.11952929918718196,-0.10621827588513132,0.04367858150637721,0.042266466697775895
2011-02-14,0.5747708718573921,-1.1915290791864235,-0.6449386825897572,0.7889251457073969,0.3599716651134087,0.18524240355540905,-0.007205959838820351,-0.022810407896486425,0.004271750295596221,0.036126403695024824
2011-02-15,2.510699317973804,0.2564999011055595,0.3511250657513409,0.05824109169515925,-0.3869569002437953,0.06682160433296422,-0.03405384535164246,0.022841913889381414,-0.03287231254142874,-0.0013985001435121555
2011-02-16,-1.238123696926648,0.8395431080539548,-0.0675171238072265,0.5871552153809174,0.4206474342965949,-0.020031326415539157,0.2670696472154245,0.08999509056510398,-0.06554821871981341,-0.07964138550439849
2011-02-17,3.0811317543225494,1.0966723019810722,0.7842153617864583,-1.6628485070257704,-0.4047644693483965,-0.22734974449854323,-0.030935857779994372,-0.0017542464169860781,-0.010842100336837588,-0.03331866724502164
2011-02-18,3.1946635619545853,0.37049827373196587,0.2539799573559419,-0.804620619407643,-0.4528600327724945,-0.03635938646455266,-0.0986876533691008,-0.004239913036598903,0.0006389334765005697,0.008875542711957703
2011-02-22,18.47343959806152,0.03762746364595322,-2.566183928955381,-1.1112531606934781,-0.04638468538014111,0.2408384782286151,0.13535650406347005,0.18459085259038058,-0.10162935993123061,-0.029316074347183557
2011-02-23,8.265655999180874,0.6448371716464238,0.8995134376335626,-0.5105590129094209,-0.4085944699938076,-0.05636414758650817,0.036809767548763216,0.0927784317596505,-0.07659653993849057,-0.03229680401940591
2011-02-24,0.6053926189065517,0.7295740590084552,-1.0752321186588671,-0.4865060668175931,-0.056137608502958423,-0.01400563999864746,-0.0014984780345046217,0.023932497335535746,0.013099579978631388,-0.004157587790631335
2011-02-25,-11.947489325673956,-1.2251122501284009,1.6585487084664157,1.289271727382057,-0.05596388462294011,0.05945713530605412,-0.18908720743072577,-0.16357399463057398,0.07652121166623063,0.06331006001264947
2011-02-28,-5.108929205181312,0.7849422490264485,-0.055225709044327304,0.6023196073740775,-0.2227286093090489,0.018117438889875718,-0.04201373150973229,0.011825247204252553,0.022812076993155773,0.0093902070643158
2011-03-01,12.979755660716938,0.6730073327735724,-0.534014546735514,0.00816487680613096,-0.2520642875917163,0.03592392362070515,0.19727624786692247,0.1897153473612391,-0.15480238537550645,-0.0341560462839361
2011-03-02,-0.7256792798319207,0.5541258582327941,0.11212076031356645,-0.6730650004061329,0.11396189629895509,-0.08092937521334001,-0.01066794987965712,-0.014726617636520365,0.0214577029467621,-0.02827481867522694
2011-03-03,-8.378681943004292,-1.0385858242775168,-0.15384671350835663,0.366569617374565,0.010373748996431831,0.08436850476306895,-0.17617912631848406,-0.13236235432036697,0.11422017288155337,0.06456565044414586
2011-03-04,4.334760294926518,0.7794050150194772,-0.4201067810927533,0.1768714390685179,-0.0494926638850493,-0.0005695768230038014,0.13695112647875382,0.10690700810190733,-0.08181536638851698,-0.030017463266812313
2011-03-07,7.22457097981424,0.3663150916476635,-0.4883578393987461,-0.7843646116142178,-0.12041593384337096,-0.042965336381297715,0.04697431800743811,0.061088169320601814,-0.040081692508397056,-0.015368392161525479
2011-03-08,-3.1605694766075096,0.14753747487390834,0.7171369778529794,-0.06387696897010882,-0.2343849142813137,-0.0014569714152008208,-0.11425314150579395,-0.04114320642317847,0.03522812911846047,0.01135238408830547
2011-03-09,3.0384303651739986,0.832226384656528,-0.943988533477191,-0.20873932892255997,0.012211952518127346,-0.03879877617133123,0.09594146015740565,0.07581444337478166,-0.04394940744624076,-0.01820523062373729
2011-03-10,8.748545699746403,0.8016395497761594,-0.2720694660223319,-0.5063771663046245,-0.06727358090542496,-0.11267166495406594,0.11102084344319103,0.10118776645588978,-0.08315165496728921,-0.03223017934354583
2011-03-11,-4.936256423398655,-0.6298451221110275,0.1220692423509343,-0.22598611516516032,-0.11423380311141032,0.0904841179762879,-0.15168219070057826,-0.09040386816103252,0.08771474024074193,0.03289780287096631
2011-03-14,6.163977823316824,0.750261745009129,-2.2522730083722484,-0.6933635641995364,-0.07897471961343161,-0.04447072527786727,0.11621410861456279,0.07420006690915736,-0.03925480853527993,0.00777224607886719
2011-03-15,8.171807616065069,0.6809425158652218,2.056449801931196,-0.7341933593370104,-0.46941138657746445,-0.12549436520935353,-0.09590441877245628,0.06968125366811778,-0.042701709762897166,-0.031922857029499985
2011-03-16,16.282880391739873,-1.2001016114227205,1.4831324647688269,-1.4439624872140957,0.13901392745499622,-0.15117768457707334,0.04543138917497485,0.09576490783402647,0.028121004007598118,-0.03918251119273416
2011-03-17,-11.696969503769248,1.299092801016289,1.9149790099912338,0.811514149718656,0.11829470034002752,-0.0342466474929492,-0.10917386766339221,-0.08930814415683329,0.010545088940730344,-0.01871805380384007
2011-03-18,-6.276009448313291,0.6557821570963587,-1.4916164817822566,0.19365148851000813,0.30475564682020345,0.02745779023221634,0.06594861790072987,-0.028365862381249347,-0.00905281759571752,-0.013831670631337566
2011-03-21,-13.621107979212539,-0.897072386891303,-0.20248137958242926,0.2522125508232757,0.3880262285620901,0.06859733588534421,-0.017065527064022475,-0.16291188451176966,0.09562624128972207,0.02201028357168682
2011-03-22,-1.7823563136884883,2.3039001888098474,-1.837675746563508,-0.2533233250248553,0.2476483967235011,-0.11001056443264329,0.12990357971014935,0.12273666489063854,-0.03066862738990803,-0.0421133351915792
2011-03-23,-2.989846021504778,0.031972595772979305,-0.210616817986354,-0.5325514976626463,0.06132993074032374,-0.03787273197416467,-0.022222380821337463,-0.033649277027489315,0.06078569872166824,0.00787794857163597
2011-03-24,-6.919281649925009,-0.7856240020190717,1.073764631978213,0.8283304255314742,0.23972438416228778,-7.618806045997026e-05,0.034806788322700045,-0.07185935943555467,0.03175607129813369,0.011781103788724939
2011-03-25,0.6675576063903572,-0.7922046010430261,0.492787740818879,1.2262055511513539,-0.09343118204267462,0.14663704955855283,-0.0007962744428235195,0.00043409039704744525,-0.05464291954660694,0.00613086869501177
2011-03-28,3.7173585058813905,0.6552256282113976,-1.2252450526960585,1.2830673064530014,-0.1857311639013746,0.08579058581217312,0.12405218147790174,0.14003738758271062,-0.13780107359227808,-0.0006562844189648489
2011-03-29,-5.407738906999283,-1.994705330461494,2.1378305398149138,-0.6987377297759196,-0.15140590099261336,0.02907372947618864,-0.2556816965996077,-0.22846792038413813,0.16685596193288443,0.04546368257852107
2011-03-30,-2.2672324193724647,-0.19612101961553596,-0.9781997154960119,0.3851730375059548,0.12463688674954475,0.06711977056625801,0.017387490332081736,0.010320070243752089,0.0201470747523483,0.01270549490088809
2011-03-31,1.3181694915383975,0.5100828977966013,0.29129864355885354,-0.8106982095023539,0.04668518816251156,-0.10976488016005999,0.011261819972140256,-0.004041646182758858,0.006817738032144272,-0.019050868817057205
2011-04-01,-1.6060163307792963,-1.0425994079124226,-0.7523158434235504,0.05233642034217446,0.18948693324306237,0.06356174292496176,-0.04409247365506722,-0.0565035986248189,0.055447301679290566,0.02954470554533699
2011-04-04,-0.9960079725968102,0.3666671209775424,1.3052492721047484,-0.3653965299367799,-0.3872121622383979,-0.09588996751037637,-0.08140789708326739,-0.03994946203891109,0.009284054644014083,0.00669237701988303
2011-04-05,-0.29301955397953,0.3419584745171435,-0.39593616677354765,0.18475038843858793,0.1055307105984606,0.017881661111981022,0.05400478062762265,0.03938843095326099,-0.012112469679635989,-0.012368949912757807
2011-04-06,0.047915716335745324,1.1825060507588998,-0.1133101165575328,0.5250828986070459,-0.6754195451185039,0.09037366204575342,-0.05532799228846839,0.09810318028242529,-0.04052610272576186,0.008849920200036122
2011-04-07,2.7404354967257323,0.5673753772477792,-0.8254130484061256,-0.36767519096261725,-0.4017675367555251,0.04022651620936882,-0.0609188865178917,0.0545923363730014,-0.0073517937409932205,0.017580022856230417
2011-04-08,3.9919224740811763,-0.38691162562659936,0.2653444861487889,-0.3865659963144619,-0.08884501885604663,0.011907376281669744,-0.0463004203447206,-0.02513612087166972,-0.009288014501209349,0.004245996307190293
2011-04-11,-0.6702440038913613,0.8182977585769089,-0.47003858748148447,-0.02057285503920933,0.1371047756789019,-0.04718725013815101,0.08902475189372866,0.059340338813313714,-0.02341327298609803,-0.022501792625992795
2011-04-12,3.2815540163131236,-0.31495583146314654,-0.8381382278221445,-0.5831440397491561,0.3509214171589591,-0.01931517770498245,0.04953778405798728,-0.008761755841306973,0.008263245879769076,-0.011842394595012714
2011-04-13,-1.6768960276307199,0.4897441224321475,-0.2170615945246854,-0.11143366073064537,-0.06265694757089822,-0.024547613104941635,-0.0014606174589773886,0.018630293672176314,0.013498754192417604,-0.0002202558784097447
2011-04-14,-0.39270244997305853,-0.5028166240856207,1.0265571908146263,-0.2924969682443487,-0.41344436524191974,0.015744891449507834,-0.16288079439886133,-0.07697750700374313,0.045736006730642584,0.02968317668291398
2011-04-15,-4.183845517697848,-0.6229058207315109,1.0057561293055066,-0.47741734570336564,-0.3528897639098919,-0.06984064284636918,-0.19496134080665836,-0.13243465953384806,0.09984829500599302,0.04271102706475667
2011-04-18,5.5698798013810755,1.1234125456804545,-1.2129554333738808,0.12666360297537455,0.1423307731043167,0.060403457361045396,0.16783111264885703,0.15877782905000412,-0.10312332463306251,-0.04116776063841015
2011-04-19,-4.661251804876882,0.3059349691629199,-0.0776780978640706,-0.3004371177480155,0.01683178358889914,-0.07534946931797291,-0.023107794422043144,-0.02324850812082232,0.06812430526169752,0.006450146584269991
2011-04-20,-6.792959963513239,0.0331888659274538,1.026473007639662,0.7910447006490209,0.1387443322401177,-0.060652474224815095,0.06862935694302966,-0.022727348750234976,0.017096392995853225,-0.008403698668985729
2011-04-21,-0.10620543789175488,-0.6114609274041825,-0.3949040671916853,-0.31069946537374077,0.4908498072595884,-0.05316534918567855,0.05239314568675547,-0.04217592491763834,0.028873575623115776,-0.0038128985112970307
2011-04-25,0.143556829423555,-0.16546651406857643,-0.17949221574254975,-0.2841816822820154,-0.002432993612116905,-0.016461429506840642,-0.03269804673842663,-0.02023483957341653,0.02463664472104953,0.009362921382077765
2011-04-26,-2.3855544900360584,0.5236788651813153,0.054338693098346,0.5923095808173454,-0.09337489349390309,0.032425938643514854,0.044483535299780275,0.05286932348631852,-0.015940685922918675,-0.007579295117001538
2011-04-27,-2.5098999268150495,-0.6040515013896387,-0.4384355360375745,-0.3417081715213518,0.2940096410028968,-0.07839008725477631,-0.014711224101690479,-0.05305338791286865,0.07698953726869755,0.01862024111449449
2011-04-28,-2.5188575241126285,-0.5485439291952963,-0.5860357968721663,0.175346357376903,0.366731103804077,-0.010865343494083126,0.023511145238822334,-0.017149912994967143,0.049379947189816704,0.011559405731974734
2011-04-29,0.13293058395849877,-0.8516269879282735,0.1426339558889388,0.0922728811292268,0.08336199554977056,0.026707852086521898,-0.06208892971424869,-0.0648728630153788,0.014320950713983756,0.019618013705669953
2011-05-02,4.7369216395874165,0.5651134777464099,0.9136661505494093,-0.11164568087049209,0.21777664403712893,-0.030645437398974476,0.18160023751549037,0.03590390714934978,-0.12527752457820399,-0.06345898647725194
2011-05-03,4.215934740831921,1.1147444766687653,0.07353575489604511,-0.5158583803575932,-0.12495132057570774,-0.026850674274752566,0.052044368856171065,0.0686631892755062,-0.05646802901743197,-0.02985970132339687
2011-05-04,2.361003040535619,1.4041373109044357,-1.2554774689728645,0.22285435331219836,-0.32890029662760506,0.10758456704741282,0.016285846563485508,0.1490143316588829,-0.054714272898215156,-0.014464950679113403
2011-05-05,2.922723781172192,-1.0667071955284302,-0.5828540894323097,-0.6061450774114387,0.2745863788415095,0.017814385308512308,-0.03696934305372376,-0.07133144561425461,0.039849196319061725,0.0077195525058289145
2011-05-06,-0.09090054320325701,-0.1932565465439599,0.614215662232952,-0.15333120283032184,-0.09589702957157738,-0.027143370101289765,-0.03785716286878567,-0.036540862892079286,0.00812226967656472,0.0073732010363779825
2011-05-09,-4.199172930952201,1.3091646326764372,0.16054163607255084,0.45587573215152727,-0.16568269965015875,-0.04430843411469003,0.06816925034648272,0.08561182723199287,-0.014630670722362836,-0.010361465664649147
2011-05-10,-4.102397679000942,-0.5020400883023395,-0.11557503633615251,-0.3485858168269643,-0.05593692660470301,-0.06970352793566506,-0.07583090159823044,-0.06218005348199706,0.10175384188284968,0.033784154394705765
2011-05-11,5.213357088269535,1.1122022390260398,-0.941838969904477,-0.2114969792775903,0.1223346449434495,0.03891381219698041,0.10287690227095654,0.11501236477669531,-0.0859325543951155,-0.040226715511781724
2011-05-12,-3.912916856007577,0.03484027813169068,-0.38050023476791067,0.38006831395117924,0.11091804645534016,-0.0019121090260563764,0.04218011173483845,0.024399179064153637,0.033543839437178424,0.00587692606247295
2011-05-13,4.951154212600758,0.47380453182264237,-0.640276719746263,-0.5449018597762006,0.057838322412004387,-0.0034498880413484107,0.022830374459902582,0.03524884610846598,-0.0435638132432775,-0.01999708398325329
2011-05-16,3.6631282558096494,0.8384224166856761,-0.48186777864805685,0.013931237943372952,0.13111080621449228,-0.020743759001693108,0.08897382012101084,0.07334977463712286,-0.0838039337448289,-0.030812557615046223
2011-05-17,-1.8047568964206169,-0.21903251101310392,0.011682438537023372,-0.6251444730671477,0.0743311717746228,-0.056559499016485736,-0.03155937218268228,-0.03973148094532826,0.0784813334227569,0.010744622351620024
2011-05-18,-5.842941293493215,-1.0688348965991095,0.002963629224706933,-0.004104451352250824,0.03208939016970632,-0.01748639152228529,-0.07392383484217621,-0.07994284752598979,0.1291442090001204,0.04235061692298609
2011-05-19,-1.8748940380657309,1.1564828271897438,0.4452836571369544,-0.053890521357839276,-0.20501926157936104,-0.08612194800283424,0.056210234502211666,0.07352398497348367,-0.01751973461852765,-0.006454319625765335
2011-05-20,6.799580695984021,0.1949816787988302,-0.7594189256442212,-1.3526015830059404,-0.20510293866439486,-0.005173523701742392,-0.1111082428211891,-0.019768565020500548,0.007413651808103424,0.0011531915639516957
2011-05-23,4.2061913797541965,1.9412849439576556,-0.7397068422976076,-0.0029287980434354725,0.18930930879015445,-0.05287835496242061,0.15668315742371247,0.15736228001388933,-0.1300821219472693,-0.05171131796805932
2011-05-24,-1.8678469294223001,0.5019247461514639,-0.19748497618885413,-0.3383198996024354,0.03891469827276058,-0.07387092742777877,0.0322995647453966,0.035163220172036984,0.03350208521093303,0.003853285458678621
2011-05-25,-1.7245259681946856,-0.45501383074390805,-0.3293360613285847,0.10514927536714833,0.1193311203066372,0.01698289949957165,0.011788136102317997,-0.01632091970203444,0.03980767615510782,0.00509306604599004
2011-05-26,-8.4177352224194,-0.9291669435083783,1.5760984649544563,0.067044201022526,0.060998937421749895,-0.16223064672207474,0.017562110342754716,-0.09373434266095897,0.1259991295431679,0.04463641439600094
2011-05-27,-2.739038979402749,-1.3490725021796184,1.0322993115036614,0.5973066460734034,0.027516130434110293,0.011255907343950143,-0.0464888848905844,-0.11733059890394432,0.02228708652115714,0.019511000565051655
2011-05-31,-4.76245529232994,0.07501299358671647,1.0406411652259648,0.5671635580742117,0.18722369111079068,-0.12675332804693729,0.1405679318526614,-4.31006250128942e-05,-0.0038462567598837455,0.00227307913000578
2011-06-01,10.186958644863893,1.4102413812485228,-1.359987410075605,-0.24954354624313121,-0.0865715205012433,0.2441677479195693,-0.04447019840384911,0.12385187547480653,-0.1453140805200903,-0.05456066128159762
2011-06-02,0.07191069598020414,-0.4305183493930295,0.3022565743567096,0.0025721806538780904,-0.05866757746326393,0.014615791565883083,-0.036880515269006965,-0.0443521728357946,0.011163198803854864,0.007221140881210775
2011-06-03,2.7528879181761856,0.6229100224585754,-1.0970928461365015,-0.19926529883907063,0.14077888669034397,0.02509689019528035,0.03505358400737154,0.07150434227677706,-0.031209231634639883,-0.02224408265309998
2011-06-06,2.7442219095627096,0.7836701652655015,-0.5276877060858793,-0.07558682750830105,0.1142753163319313,-0.010623896841638416,0.044012832507311445,0.06271677804140469,-0.057283560687122204,-0.022650241764355497
2011-06-07,-1.663382493685981,0.35674142293915356,-0.7415598343726498,0.15787006805692205,0.10684648548536563,-0.013652467741271568,0.06392630440850591,0.05855915754986265,0.0031424472529389532,-0.004482817779361477
2011-06-08,3.0844014273444937,-0.6214141789247454,0.7911074681307682,0.8072567906960939,0.18217489503796438,0.08916156386252025,0.0008348502371519637,-0.056223485862492616,-0.08885369490304978,-0.02223126932201381
2011-06-09,-5.273394263894552,-1.1828336404153212,0.44082319673041,0.8246268230735865,0.1005242232919897,0.08049572433800652,0.02234552539636258,-0.055108843393412474,0.04877750382996625,0.01615807086767423
2011-06-13,7.280808167988011,-0.08326704400917363,-0.23657914713982006,0.7222159377681051,0.21781528228261185,0.0675408753876961,0.04453968377549243,0.005113625657472248,-0.14552676519225557,-0.039149964795968294
2011-06-14,-7.006544643030601,-1.2643998306042603,0.34849827869145455,0.5958292184949332,-0.04469792075450262,0.10496663595203262,-0.02244153631631667,-0.06046348378563809,0.09389611676893013,0.0337981614935409
2011-06-15,13.507714275826546,1.2173013176286525,0.46807478092983357,-0.4837534159896051,-0.3332491514691632,-0.06704885507305293,-0.07186424139838801,0.04877486628891295,-0.1673630724997695,-0.031080245247902313
2011-06-16,8.85484251943902,0.6369289728049771,0.2491629853476583,-1.3346301040077708,-0.43647354073822286,-0.06900609153683439,-0.15538229526063613,0.004858088749935595,-0.000644091018383065,0.0010853322890413727
2011-06-17,-1.5756246262136873,0.8909637061703973,0.32776586276131037,-0.8568059500854119,-0.07806143231360141,-0.07818555070030395,-0.05113658846681219,0.011303741609832323,0.046879606031289316,0.005874455080909879
2011-06-20,-5.819091250357876,-1.6864249117436438,-0.4029539716624249,-0.14067313961945457,-0.29677826536445456,0.14978057998712102,-0.05825026306713821,-0.09725059997401642,0.11846044818706188,0.04443070622258507
2011-06-21,-5.048457718280658,-0.2490146368674792,-0.6744098931750504,1.4808018213910923,0.36301206741818043,0.0709909381908403,0.15141880569366586,0.04306579285193498,-0.04036128191193609,-0.009065553915339034
2011-06-22,2.3073061809245554,0.6782909308376023,-0.9008468875226902,-0.40583102998616943,0.1530623235496508,-0.06582065659875405,0.05297884897630857,0.043224103487511205,-0.02152989696934617,-0.01761424220064148
2011-06-23,4.110206512232086,-0.5173147940111859,-0.32689419752452764,-0.8283077247916373,-0.16092776085962734,0.032762037845672144,-0.08822119874107275,-0.048442934548628164,0.03947463354210028,0.00837192890583416
2011-06-24,8.184825400255512,0.9653573000405907,-0.3672181471950589,-0.4392814183272844,-0.20376229457936734,-0.07950623606876897,-0.008145033794604111,0.051653442494574854,-0.09018634998418962,-0.017669891941122527
2011-06-27,-4.272054859532165,-1.2870274317798807,2.3743323797695335,-0.010541732388779331,0.03450884904401457,0.056629909482243994,-0.10027896633893457,-0.10972745000985039,0.0871082233755022,0.017189122161585146
2011-06-28,-6.319365998166317,1.3685629387578049,0.20307931487807995,-0.3727359816038465,0.16090356140593512,-0.15746454452467995,0.06601663320844131,0.04159508739319561,0.04198366677022677,0.003618584788175847
2011-06-29,-7.391587100100692,0.3859762838211625,-2.324422218563677,-0.659214799585998,0.3334808056061779,-0.1016220443451714,0.11566084625823991,0.06791494490791754,0.13667237311571467,0.011184793908013477
2011-06-30,-5.604648800369882,-1.2571519117724153,0.8605565947977495,1.461472922809183,0.7191571419139536,0.03352339463311778,0.15559480827125322,-0.057240752992159055,-0.010224952520355294,-0.01389240546981355
2011-07-01,-8.47910435661195,-1.9990346964513723,1.5301993408696828,1.0555063189952427,-0.1782183560382266,0.027724543799777342,-0.07493092029832679,-0.1456409062642018,0.09050851564972583,0.05750114061326275
2011-07-05,-0.021270672935025697,-0.06597069579450537,0.6121220391527278,0.5610791258853214,0.12870243895035818,0.03499422191463883,0.053402703239663174,-0.006410094754137326,-0.05192225283859951,-0.014451469371114372
2011-07-06,1.2885534003105752,0.3898445269656965,-0.016196997365046126,-0.055869877972535606,0.09774162151360634,-0.007526137527616252,0.040450017859584075,0.025646386544998876,-0.02914243238831177,-0.013755207738897305
2011-07-07,-2.988699203959113,-2.997452314239463,0.9500980978431025,0.20003211404392143,0.04463513315011789,-0.010844054671306853,-0.16788205481477972,-0.23192773095051744,0.08673573911990935,0.05911061511101841
2011-07-08,1.9003076710676121,1.5435932166518003,-0.41775977514852997,-0.7781879405885594,-0.07751899496524434,-0.0858383224073706,0.07165935360205979,0.09303341589424198,-0.009393089000383527,-0.019667513644413485
2011-07-11,12.777070439957358,2.126067478848849,-0.08919034051706844,-0.5725459539113529,-0.10704594950541223,0.09915786973628808,0.008675835644491302,0.13216004872985918,-0.16584792800616488,-0.06760095811489962
2011-07-12,6.566470996614474,0.08823866826107742,-1.037912900038448,-0.40017570153584403,-0.42329566925698403,0.12256425422380941,-0.1192030801926201,0.03496524998642599,-0.02883103223472409,-0.0074741413533849785
2011-07-13,0.21458131723720045,-0.2371672933739889,-0.8295571609097135,-0.37589203768104007,0.27438748032539656,-0.01610933655422152,0.037927437189270725,-0.007228117956733696,0.03134913354108906,-0.008883633393585636
2011-07-14,3.846283686129247,1.2411235100405646,1.4642243285109569,-0.21154572803553504,-0.49209191143160796,-0.05754028928599884,-0.08935308108465054,0.03704564344119655,-0.0606773942005448,0.005230561664473948
2011-07-15,-3.910051007857804,-1.4029345692262924,0.08281410039990038,0.00848200790565097,0.2107505964386818,0.010779465107695913,0.022727378130215317,-0.09346158600654386,0.0659818426714024,0.018762675437457806
2011-07-18,7.454724093475131,1.5058848200110688,-1.6389206448637967,-1.3615079759769055,0.2492207179141028,-0.10041327393073124,0.02635058232156706,0.09564980934041885,-0.014477062592316672,-0.04551001087681969
2011-07-19,-8.075159868286416,-1.1096367186056155,1.055887383647766,0.6199134479103017,0.051616304662106434,-0.013512307303539629,0.036266247819643785,-0.0852605980654801,0.05381407936297611,0.040268972363919096
2011-07-20,-0.3573115814726897,0.07300990078962515,-0.38465219180816085,0.4267130923446112,0.11314025268318098,0.050897505436152964,0.032795647226729376,0.027652534060452174,-0.01812822004552376,-0.013256638761426482
2011-07-21,-9.346335676039644,-0.6285872743636556,1.041243974933828,0.5641130768021357,0.24927090717733613,-0.13271017869780102,0.10479517888419301,-0.0634394903861984,0.061217608286186026,0.03552292841469598
2011-07-22,-0.5594139762330201,0.5271921230633143,-0.38568804409283874,0.06758752648114856,-0.07531440585713504,0.018151762360961287,0.006126178539100599,0.04634248354095322,-0.0005978968732760676,-0.0035459803753465605
2011-07-25,5.1454392972274805,-0.29931076055744915,0.41758057322699516,0.5112601973257447,0.2382311506491474,0.10713076076371635,0.010047470932866419,-0.00867493108585565,-0.0847805033380827,-0.03549534178444036
2011-07-26,3.5858344562523405,0.6415843785638409,0.20131787441068574,0.011097563565559273,-0.12274618374725559,0.01926789904530876,-0.03308794676203638,0.03785096380240664,-0.047009939201500484,-0.013438318059476408
2011-07-27,10.54601051701063,1.6814251718092557,0.4942294175220361,-0.33597975147712694,-0.013917493121042655,-0.0788083563771257,-0.10325455737843103,0.08524453478488352,-0.0852690645687264,-0.03699276604857579
2011-07-28,0.31262741925106985,-0.6399132410054805,1.0723019030899876,0.2662142071217992,0.06619202797696254,0.0121395409664991,-0.002422929184607264,-0.046406778400033225,0.006292418236772554,0.00718306005684282
2011-07-29,0.6272033411838006,-0.8821806475088279,-0.22652916015503927,0.3387009289862006,0.15477794472267478,0.06475454817065038,0.03874016702680897,-0.018630979531410966,-0.006200917047030466,-0.013586571203582469
2011-08-01,-4.093544482154959,0.73627696478229,0.01759534163592468,0.14586221320603115,-0.040720677282549966,-0.02999728466035517,0.022260189141025056,0.019837973972489806,-0.0009634526635925212,0.013612876301289543
2011-08-02,11.99478942644243,1.1864149728957865,-1.8298988145583683,-0.3579193557395712,0.21890031091737294,-0.10064199681422938,-0.06699002400386886,0.09751693273453386,-0.06526775398243674,-0.07148521044021644
2011-08-03,-0.9332214288707382,0.035680644886367574,-1.1889597762267423,-1.1506320438799293,0.236511384343045,-0.03226638161718995,0.054342149758111136,-0.017917594222722658,0.062204983638595196,-0.010333498828338781
2011-08-04,35.81366495155139,-0.2748618050954537,1.490519154032801,0.26419421276532595,-0.21972853896916114,-0.45205785182657443,-0.31994114827064385,0.08847902737374633,0.03588913278395258,-0.09703590470770274
2011-08-05,9.304837465987859,0.2409427350120125,-2.0745695353271563,0.3656960176201022,0.1371450997731005,-0.3349709210567901,0.11270515800512831,-0.05290238184390475,-0.021034405450178012,-0.03495111373147271
2011-08-08,56.015424221586784,-0.2590442214892342,-2.0253671923034395,5.5203836365891945,-1.0200335250374246,-3.3744440401431275,0.522529555807737,-0.6808443071502537,0.39129359631034344,0.31904698862675657
2011-08-09,-48.510257835119454,-0.6811982285967405,6.898586996537661,-8.226247387213897,1.2830893199936038,3.4794230586543247,-0.8830092429470418,0.8353876097355157,-0.04774285636975073,-0.3504283543400076
2011-08-10,32.47496360492166,0.4562606151136008,-3.1870658078088816,5.47256599696267,-0.6995401215619614,-1.8255266173981104,0.22931076484481364,-0.19121169951558364,0.06416064158297963,0.07301234608292287
2011-08-11,-15.519660301683853,-4.526252745333935,5.441408784464276,-6.555390410395004,0.2349966659299573,1.8355741656140299,0.04275316661795847,0.4816575735551089,0.07116798151858514,-0.0423579378676141
2011-08-12,-10.340180335006718,1.9073386323311154,-0.9327034960355408,3.6075624891633336,0.16701723005668184,-0.0861976309208283,-0.1028542211848603,-0.13562924994875364,-0.1366366030951709,-0.0016338574409949205
2011-08-15,-17.87320731948096,1.0947134159714378,-0.559442848580472,0.8905695051309517,-0.25645837178436404,0.3296661634831421,0.01511346995331051,-0.14404978332576363,-0.21685159802871876,0.06771949261760664
2011-08-16,1.4216652079375105,-0.07134131978348832,-1.3442480915096953,0.29177396797145627,0.344574687617086,-0.08138601948903564,0.10739697049778248,-0.0273569538514808,-0.021289867571645874,-0.03586697612638237
2011-08-17,-4.276477363215766,-0.5047143348054307,0.713319758313553,1.0454059688863175,-0.0778986635550142,0.09751436001775432,0.053457395444929355,0.006122769546859574,-0.04954440659443616,0.03115632230706538
2011-08-18,38.35253224562546,-2.36047031008248,1.6677199150130266,0.9102791746401587,-0.30349033261267416,-1.0151450693097936,0.09452307864713884,0.3793817592427094,0.40521879477445955,-0.014157917111349614
2011-08-19,10.673357094357893,1.205384196029936,-1.4577272089819913,1.4810245373917919,-0.3697612841888257,-0.8371822401293887,0.03961346339702517,-0.13625598469750075,0.0379276529838983,0.07191872695796152
2011-08-22,1.5375167728165178,0.9251920816382456,-0.5249421836356573,1.1112007250459854,0.2149830921393068,-0.4757134781931105,-0.05949360277094633,-0.1953386257031747,0.036920092651307926,0.011346142207801784
2011-08-23,-20.849702210544955,-1.5861393096851237,0.7594243599330951,-3.4423930116527304,-0.7380147899017323,1.7707744473305695,0.052307668551865416,0.27383700767863134,-0.32423695681661635,0.003785513360583999
2011-08-24,-0.6999744406703651,0.9643697819098853,-3.0083617055501324,-0.16126705735570837,-0.7404536289931654,-0.03356485624420697,0.18201523257771898,-0.11081999114206394,-0.2170836349823862,0.08862085113797687
2011-08-25,13.076925582567423,-2.6636129707688463,3.095959876188724,0.20232836062414505,-0.16270527572124388,-0.10902371650366588,0.06427572145134969,0.33815530264995897,0.24088933764467532,0.013606484123955504
2011-08-26,-14.355677912749936,3.2134039611405485,-1.7483883235376176,-1.2105805237391067,-0.139041643327123,0.28581918621180535,-0.33098897597255106,-0.28129226784168515,-0.18197431135844264,-0.02591377247321284
2011-08-29,-13.015394076560609,-0.4557193791971173,1.5285513146828646,-1.146175425602002,0.1943862286279121,0.528577600469421,-0.1572728924863075,-0.07042094371189878,0.02540384024407662,-0.028211953337746985
2011-08-30,5.133718856966851,-0.7710798978531983,-3.767480427452633,1.543221612303392,0.07140288550877372,-0.22325292139980027,0.5042891652602381,-0.030912127875704843,-0.1723446245985236,0.04391528583813244
2011-08-31,-6.045327561065381,-1.9299629641871647,1.30772038877126,-0.19203615425317005,0.7254653396045572,0.3448578659007102,0.03666878197955018,0.005078340056026666,0.07945904595555171,-0.06148404302629845
2011-09-01,4.837459388427157,2.215255797502575,-2.3548213054733456,2.2250732134536837,-0.34033020915859097,-0.6696416741643824,0.2280136152554661,-0.10903145987316293,-0.18882545461162387,0.09560624989548765
2011-09-02,12.527561615174077,0.428477077088816,-0.1529420739728038,-0.6056461299395016,-0.09954198989447334,-0.4231692907751646,-0.03672256809194437,0.0271426103675782,0.11553746639905431,-0.008993738995549436
2011-09-06,7.522207470205399,-2.149001674510233,2.840393395989595,0.302095545212406,-0.12293603695526528,0.04281769516229369,-0.009815163277826843,0.2794730721753355,0.18108471175435872,0.0033916335175506315
2011-09-07,-15.60123659585589,0.3928712542132131,-1.1683766542490166,-0.6951265321737403,0.040148898295567455,0.6022121936514707,-0.05361200156045067,-0.14834912623278038,-0.16854897227824425,-0.015635560048507174
2011-09-08,6.9246156591169905,-0.690090051245193,-1.028963529266489,0.348664093027353,-0.02990271846852086,-0.21345094824618027,0.25725755380435494,0.02632945780620927,-0.00880785215372261,0.034007797329695146
2011-09-09,21.7224603125574,-1.263696956983447,-0.0015206242183696639,1.0665260690431644,0.009046179759266961,-0.8729174637992834,0.39848229873658497,0.1469069669777924,0.19028860095191852,0.05905249242667835
2011-09-12,4.143299988434369,0.38456336023056925,0.12902320429298586,-0.30698675700665984,-0.1902930506846776,-0.15073869992454847,-0.0662229803457856,0.02366873283349243,0.04961715446969352,0.00666053337468868
2011-09-13,-3.497743200970487,-1.5886806946731198,-3.2151409902118826,0.12237986569594597,-0.2122766739373906,0.3257474411078983,0.6481617967617305,-0.05520403647523779,-0.25884676978652293,0.11427723344460479
2011-09-14,-6.026938869650192,3.616341749783596,-0.7182123303381887,-1.6659315854562575,0.6120822747986852,-0.08060847201931656,-0.62538289700935,-0.30404644251130264,0.06366391773191521,-0.18201673084287504
2011-09-15,-11.629706362676375,-0.8547318980017946,1.6007476000847463,-1.6586275333222662,0.12512221453372735,0.8666522903801732,-0.3366473293072912,0.13710924738884794,0.02455331163710176,-0.09263123448604889
2011-09-16,-5.392555399818697,1.1316319432372994,1.6279780217288269,-1.3651705442884543,0.30088871174640625,0.18377392968639047,-0.4150324353092432,-0.013352986997468941,0.10239306225155824,-0.08830045272239562
2011-09-19,8.203954950281007,0.12103811193713113,-2.74255164166186,1.0383414704048846,-0.1832685296426758,-0.4306475081505444,0.3916478232289982,-0.08074975262401485,-0.09331392072043738,0.06478951759819963
2011-09-20,-0.635038837969536,0.7388777741876501,-0.6534478381402933,0.2630844045306745,-0.03793712342360244,-0.1289289894458374,0.0172921246295079,-0.07536632114164199,-0.042996504805394735,0.01736898879819493
2011-09-21,17.9359857094905,0.5694333835286267,-0.3287677790566121,1.2658468569985863,-0.10151780833541861,-1.0468747748041638,0.15393416092672385,-0.11250488444686438,0.14328802977602123,0.061776385847030185
2011-09-22,21.983564496440124,-3.5462731276048873,-0.19331853575295102,-0.7590278946998664,-0.571546192202962,-0.18130744031772972,0.6109971350983779,0.4069316346294385,0.182244198296835,0.07704006356109724
2011-09-23,-0.34445829554810925,2.885977008250637,0.2640568690035572,-0.570802043392696,0.25962451547692406,-0.3562105420267543,-0.5782463646542898,-0.24905513885814257,0.12690445310739729,-0.09930814948164908
2011-09-26,-9.561902037077996,1.153254838559361,-0.2986249270573568,-1.2027850448588326,-0.07772045392367308,0.4951864385686994,-0.25084008970115906,-0.023488173295604164,-0.13524600049478577,-0.04176051457486973
2011-09-27,-5.946848399226092,-0.03839111712350871,-0.48990326831992,0.5523896762866801,0.275560804423473,0.10880854198148888,0.0899685632129302,-0.08251723688296006,-0.08112523505786759,-0.0007158689186318117
2011-09-28,19.053638755751663,-3.549483340265832,-0.21143339815532836,-0.13361443480888185,-0.8522224701777823,-0.1405376125567448,0.6840640594077162,0.39488886933882106,0.07293090839437728,0.14439427819277983
2011-09-29,-11.046234237258705,2.130760050592285,-0.20685899517895123,-0.4938900069139106,0.2786767111216185,0.20948446444474242,-0.4093530126832198,-0.20919189301391858,-0.0766299073181006,-0.07636348371063682
2011-09-30,25.848830679927552,-5.2554137342641996,-2.241924673148488,0.8071568560046448,-0.6149475633599206,-0.4451010700241571,1.4270993434236985,0.4133512197121802,0.05120238943947832,0.23772869143431838
2011-10-03,22.394774223297066,1.0624401464682343,-4.273154996407644,-0.19023674279720684,-0.24035173440896992,-1.354015644152802,0.7422357486176812,-0.39591136520351283,0.17480045524689636,0.15803438784791526
2011-10-04,-21.38188950629167,2.696578414987132,0.2171155158612907,-1.5204353483211488,0.5055235521406379,0.8872896479598518,-0.8866991256642383,-0.19564209332452748,-0.1946211837790971,-0.22510617080703144
2011-10-05,-14.880745014459002,1.5479616923593575,-1.0122900129129737,0.19205643652087342,0.31122475835782376,0.29985576125775576,-0.14298092858017356,-0.24044937168514097,-0.20107431602702888,-0.02166001595257125
2011-10-06,-9.214527584650194,1.3130704731533238,-0.03922650473232634,-0.33392476283018996,0.21365300982793672,0.22378154623267169,-0.29733844693533257,-0.0988672790150979,-0.06275054451474522,-0.06138980533671686
2011-10-07,3.025505193728038,-0.1075848579502143,-0.14698479700116654,-1.5955908622720378,-0.24363940666571046,0.2608195031298758,-0.133615101336992,0.14154892880562128,0.04174582877351876,-0.04684117022567742
2011-10-10,-20.776295802682746,2.1549568537487978,2.038286826457411,0.01459258342115174,0.18459934445075915,0.5241701674343825,-0.719118109599974,-0.02480211192873124,-0.08747398148096085,-0.08054329224319842
2011-10-11,-2.0735464021916306,0.7114362839549925,-0.3691594638322231,-0.18400235115798957,0.14548609124996909,-0.03280504924608316,-0.06733395412882695,-0.06454033650186636,-0.002889687704996677,-0.022651895334756224
2011-10-12,-14.344436906967632,1.8489013914734136,1.2504122108244342,-1.054558486395177,0.4698056784144033,0.3900110087582261,-0.5550334933488558,0.02185157232912819,0.04721281816115301,-0.11789643766960242
2011-10-13,-2.23494983631441,1.4440456033869113,0.4939799446889823,0.379795089357971,0.06016428519239736,-0.19413650217827366,-0.1948312307056878,-0.06469250717282778,-0.00796087505644844,-0.00345713059115435
2011-10-14,-15.574065998938073,2.0558906189815955,2.130138359550629,-1.1978433900909575,0.1525937013844496,0.41840380432488383,-0.5102671143156515,0.14653013719554223,0.05091519094838052,-0.04361901845646532
2011-10-17,19.201007876742132,-2.5440629442656073,-0.45873772428512044,-0.27156181369700827,-0.08523363657429649,-0.18323213425845092,0.24413168056229023,0.013150568767226232,0.11143967736839834,-0.03127437691695025
2011-10-18,-10.012601477366193,2.1199038860409707,1.1851701894265516,-2.3167393223943717,0.2366427413021395,0.27482951289304863,-0.4452340389105097,0.06870425785993599,0.1023810160216931,-0.05149366613607588
2011-10-19,16.32708418433741,-0.35273786212304536,-0.5385944382534571,1.0211458589650475,-0.13827544323339067,-0.5288698260909382,0.05344728415103889,-0.08099916873020471,0.0519551908398659,-0.017852018667011044
2011-10-20,1.0316721929228874,0.22855806618008467,-0.5458598732587145,-0.2739220973217718,-0.06628312015421767,-0.03409883599897887,0.015706564342429553,-0.01925588959942534,-0.007371889528547948,0.0014472640179764315
2011-10-21,-15.2714572615453,-1.8326138405632184,0.8566782867357662,-0.6111394483914169,0.061414739393929565,0.7569102811657846,0.1599724804168822,0.14315162434005158,-0.06832349478754106,0.03373960767578451
2011-10-24,-12.115405427864907,0.8325423922771756,-0.6950173506587597,-0.47075469831743394,0.44536533123761085,0.14967318115363193,0.009351323703667877,-0.03919469509768324,-0.007009622767593326,-0.00719847620146765
2011-10-25,12.145842746938849,-0.49499834298325907,3.138770057196857,0.330713128914883,0.11746983495780466,-0.21230868844568007,-0.24824166448775953,0.07050149615555229,0.14399108706453329,-0.042917630986073846
2011-10-26,-10.632609157831308,-1.0167627497260427,0.061248961038869454,-0.3389209877776321,0.019903838065502538,0.32993969785361293,0.16176484000504823,-0.0030715996350714823,-0.05632788123715082,0.04995507225212228
2011-10-27,-28.983238833186142,-0.067479164492142,4.119725348505899,0.18526129314696022,-0.3407706239515116,0.18248374975880316,0.037797528130256886,-0.13267007817248896,-0.009568714704161416,0.2271990247950055
2011-10-28,-3.6615982793932136,0.25803737872214233,-1.346784934573533,0.35532943887572094,-0.10013971820236457,0.08369348176250344,0.038220423153466104,0.02198652304165813,-0.029994003861292865,-0.007401279650113937
2011-10-31,23.562161299841442,-2.195931997784691,-0.45624600740592175,0.8710340368739334,0.25696364519924236,0.016169869463486745,0.03178114283368747,0.11174434412698096,-0.015595977066068736,-0.13643191980163247
2011-11-01,25.473795077887644,3.5243099770595383,-0.9460069831041302,-3.3543258156779556,-0.8359696537541771,-0.5296447180836715,-0.5096494858668429,0.1107220245677146,0.17622688581760806,-0.06477982249795103
2011-11-02,-4.26220838965003,-0.5929845725120464,0.02187766236848708,0.013070330175004915,-0.077077930898396,0.14338874001120738,0.08719117112386018,-0.00875410838698103,-0.0401295710067647,0.02871534311412569
2011-11-03,-11.623233883133727,2.1257689105081536,-0.01577142342345033,0.37322001904301,0.06746340655817559,-0.00873357976475699,-0.1153473531743265,-0.05818565627856141,-0.04698214991034824,0.038863921961690785
2011-11-04,0.8012079101589156,1.6401791092257314,-0.10406180303354508,-0.6652450002037283,0.20853273622246013,-0.15917792338523373,-0.15944354072815273,-0.009680885333642178,0.052513926034440744,-0.017492643929005267
2011-11-07,-1.7782689463013248,-0.7871532596219633,0.8522596307648103,-1.0168737416397695,-0.4537929629052664,0.13122157414475746,0.04836769586348913,0.0038137461808539722,0.011180651810644246,0.06482457601564587
2011-11-08,-8.390555052284396,0.36634231099533937,-1.3766786345478692,0.12415775308941226,-0.2880298492980684,0.11699910996672219,0.10790517227277614,-0.005077699097732331,-0.07511486245450102,0.038602796232871814
2011-11-09,38.43560805740896,-1.0358757216186367,-0.6129841420177159,0.6664020179538556,-0.08018155712711676,-0.5662330029409549,-0.17057114013725733,0.09853683236973569,0.13129673664244104,-0.16847360728887575
2011-11-10,-11.86424156878556,1.6796800500279343,1.139831395922015,-0.34785346143298984,0.015033020263819481,0.13453394537595192,-0.19198638179809904,-0.02630866421479816,-0.022139278646742963,0.04876467082482905
2011-11-11,-12.61095519447351,-0.015773591919692607,0.12387412175714291,-1.2359123470138584,0.2096304364371041,0.21721076689296548,0.13592544814410104,-0.04430517927947106,-0.005914842988968512,0.057502016739809245
2011-11-14,7.479890559952472,-0.3418786909732645,0.384455065561919,-0.4738072553070373,-0.5394602347325591,-0.007107977104550463,-0.08298159143617967,0.04511061682512695,0.016133893282782686,0.007763815594832343
2011-11-15,0.3529716829891265,0.6521878801124484,-3.378803227505814,0.5593587308528893,0.8305110804873308,-0.14754064094749675,0.1530947752734461,-0.06878033566964736,-0.037567057513481994,-0.10793439988403462
2011-11-16,15.480053328149411,-3.0629654315418837,-2.6863564807938323,-0.41581701955352496,-0.3628558313402196,0.06608571512671962,0.42214466927262556,0.029278954431332292,-0.03652218874906972,-0.03580712183979494
2011-11-17,9.328822835943953,2.6588304579778965,-0.9605073628542338,-1.430210657312388,0.024099054256433525,-0.42631757986089835,-0.3060150879239929,-0.06215169343756778,0.11318847184698726,-0.06729398949979154
2011-11-18,-2.6763801789525368,1.3279516966633986,-2.4476456599752283,1.1169254986447334,-0.02039267327276076,-0.2669597684609044,0.14047899623367485,-0.17592805869685865,-0.1281606947395851,0.029090411994709454
2011-11-21,12.518993198997453,-12.664874948522764,1.7325930636886882,2.9903549640536,0.510614725638255,0.9558658634979982,1.4851377581710536,0.4935190860101217,-0.054878229980946464,0.05284708138679581
2011-11-22,-10.595307704366578,15.135539239621172,-3.854062250596821,1.1385773989813979,0.040530844645999216,-2.2523056536999655,-1.3947408703364492,-1.1536322147272635,-0.06034226264390855,0.007141815854204069
2011-11-23,13.624579387474792,-2.1953834404995,-1.164566768987337,0.7028293288105347,-0.13648453059338175,-0.337102663250632,0.47157385958637754,-0.13940728022201293,0.0669904096172792,0.04236438945464012
2011-11-25,4.839864274716662,-0.8621010002435863,-1.4460031652568868,-0.9853595355240292,-0.31509317112787605,0.13493358338059466,0.31107468378698094,0.07532731512866592,-0.03416970539068992,0.029272587858782853
2011-11-28,-19.749148267831487,-0.03737256511956819,2.2086477532365243,-1.1785526680891398,0.25119130156352487,1.0711595435276142,-0.3457949065051901,0.4324875799473501,-0.0660521159892041,-0.08093679385472174
2011-11-29,-6.56725995042937,2.904840567794451,0.265899923683451,0.9763782592027047,1.1910535259630888,-0.5549335686692604,-0.4622192926601359,-0.3189676188577124,0.11610307608083602,-0.11364686119641275
2011-11-30,-20.817105323941846,-2.6029256954288225,3.4816244058131005,-2.9348859640835827,0.3157705681768141,1.4483577306568876,0.038648860390585224,0.6468982133752645,0.08439190216600233,-0.004467397842860256
2011-12-01,-2.39070853244949,0.32941707780753066,-0.5581853520444244,1.0120887967070515,-0.030239365976032884,-0.07055476807411767,0.062246450153129324,-0.04471714032652628,-0.07162467597932351,0.01720350820082175
2011-12-02,-3.6125245302193285,3.1775533962383036,-0.29707428293287785,1.8379468289154883,-0.9892670242130639,-0.4391892302451641,-0.1624945171711677,-0.06250498267079974,-0.2487521437666241,0.14169706631240048
2011-12-05,-1.7048853116247007,-1.388451211072928,3.58373267202573,-1.1072396611635844,1.8055015437327198,0.28683252578812346,-0.28075487712427577,0.0751562394136968,0.37263389379512074,-0.16748567645850063
2011-12-06,5.201505908739742,-6.790989285991566,-0.3177288544995172,-0.13481331199501367,-1.6911266137943202,0.8353331811875906,0.6972618597800994,0.15661531724422734,-0.17576311691862626,0.1368018949991019
2011-12-07,-1.0650509675889024,6.686813036263717,0.9746791738745926,1.0033355810472906,1.1657858875516862,-0.8937407541636544,-0.7727948188466062,-0.16014829974620468,0.12342599778697749,-0.10770506484480483
2011-12-08,12.665142930923103,-3.294289531071248,-1.7431925625652223,0.10679064785232541,-0.3184332620039007,0.06686775352908633,0.45411385431890017,-0.029825069884649127,-0.024463518536217557,-0.029309238482064577
2011-12-09,-20.708500940599578,3.6780257098258464,2.383773253873668,-0.20842158222779944,-0.0706295807579202,0.13797979505793223,-0.4056962123691473,0.13290214819559135,-0.04792668283553458,0.1153095173141062
2011-12-12,9.051329342493501,-2.45644505257088,-0.8985433940242611,-2.353942785611046,-0.26911746045648854,0.23345023573523255,0.21811735309935876,0.032253991850461315,0.09021484166362728,-0.02966915480870944
2011-12-13,-0.07326752838095438,6.666953608559686,-4.090344946139747,0.3601128685354552,0.03221690463194454,-0.9511374180506998,-0.4303979848237968,-0.22334103991894727,-0.1209304656589006,-0.01762004212881603
2011-12-14,4.861904822608348,0.7195669154215426,-0.5797700792412923,-0.6350585826497206,0.27133329490104663,-0.20360397563038374,-0.15702576005374952,-0.09540624849838457,0.08860785091490872,-0.059302431496908926
2011-12-15,-8.439134130359973,8.187336434530078,0.21590298804246186,0.03362453096487226,1.5436412518514813,-1.1276885793849145,-1.3285249352406545,-0.23318538202919806,0.16877751712325068,-0.07894288072353248
2011-12-16,2.4554396368665894,-9.756457593227218,-0.5031354940921989,-2.5031221463395013,-1.8572537460804497,1.7302698192030446,1.667041040597353,0.5119151634710815,-0.11995374812101078,0.13119409712288158
2011-12-19,-1.963273528224377,3.047562854095717,-0.9678683531544436,2.6518601712167307,0.812962962748751,-0.7693718033473438,-0.3018047886066542,-0.3090327705895945,-0.08522978246694392,-0.05026527147601543
2011-12-20,-17.91462717477908,-3.4023188217187923,4.103983751418469,-0.55125432638764,-0.3810372756395339,1.0352506897275349,0.45291432405631016,0.47007082316442883,0.03429866372666744,0.17104967300091725
2011-12-21,-7.756106329413459,-1.7917030820206026,-0.303119621076037,0.6018332960027978,0.020485564014871328,0.22707860104517627,0.33054960989074544,0.03280840231146778,-0.024805079219603284,0.031920838219568134
2011-12-22,-4.769181231349164,0.46594539735949986,1.2108528130668619,-0.4923890161706572,0.08042512245572188,-0.024277556482884866,0.008251773647936009,0.05169257449133576,0.05686563048811188,0.0654822761650576
2011-12-23,-1.6643676156371348,2.1619214323531137,0.010510986848112611,-0.7565201564741633,-0.12965974626084176,-0.17049771176443398,-0.10928454086982833,0.09793498449746399,0.0177636998920051,0.0558169614971504
2011-12-27,-0.42770845354646764,-3.1690289488126715,1.9708017851343238,0.5259805410173342,-0.26204981916642733,0.26471637131355114,0.15251791963122988,-0.1284122563858937,0.007472447184501591,0.02698703287143919
2011-12-28,7.509694139223721,2.3691526494916957,-0.22907907552521645,0.31380905358758227,-0.11163318982695097,-0.14602338516930222,-0.36646154045852297,0.032924270773638534,-0.05576247369155215,-0.05096069303976874
2011-12-29,-4.966101615853929,0.2504268926103121,1.7282044387898343,0.9035816757871675,-0.15909160744061954,0.0491802160297685,-0.003792585102364844,0.033640403326351105,-0.03548316187953421,0.07194823444931385
2011-12-30,3.674571858564852,-1.5873470159776168,0.22884417931220102,-1.027071430547651,-0.32046997575651137,0.09959283520225885,0.07008222839353308,-0.07142046529678639,0.054486283682963,0.002452434521915352
2012-01-03,-7.809516921439889,-2.042750594626873,0.5808177511819941,0.7253455255564132,-0.8439098220948718,0.2483253805541389,0.22496122759607032,-0.014576942687520182,-0.051373367717251754,0.07067087593379981
2012-01-04,-5.813396081289837,-0.36856155939602303,1.1271059360063351,-1.1545672670359972,0.42322910703333927,-0.24696877596321273,0.21215485860057554,-0.08200963239386402,0.11319503300147878,0.09224581374603272
2012-01-05,-4.156317084474141,0.38701233947766983,-1.2813170505882867,0.6611148392979965,0.23084853565882624,0.045802107107286834,0.08571599881874715,0.08694877549804386,-0.019058228627443705,-0.026398352402115664
2012-01-06,-2.8437971095951506,1.872571198024041,1.4329231512476228,-0.145742287163046,-0.12398263069997065,-0.17067302551807143,-0.015501547208702296,0.04196726741424101,0.008021093584530441,0.10040167706112378
2012-01-09,-0.3094501114542977,-0.9793362044818978,0.35502800020205527,0.861473868085841,0.19628660293523043,0.1009662631109326,0.01956598484437312,-0.04631624297740653,-0.0266198205717139,-0.03250784680848411
2012-01-10,-3.8781266165984425,-2.5235108926801915,-0.19033521367679193,0.5357176614915048,-0.10216689786146058,0.12037166643451411,0.16224055707483553,-0.08186434521366104,0.0067212178681034015,-0.021988146389249816
2012-01-11,2.0809631480657726,1.26473829256337,1.1655203578688964,0.7465122761256182,0.13509994771308498,0.01652246446195897,-0.12369885591613357,0.020018475814540304,-0.04889484348585129,0.008013459019305686
2012-01-12,-1.138030543678001,1.0148160856720865,0.23579488633668935,0.38557604470383966,-0.2556118983507634,0.02167798388861022,-0.053017363285460375,0.0643405463582819,-0.03745468296616591,0.021480911571648893
2012-01-13,6.159258379893558,-1.5070675710188062,0.5827778383301488,-0.17918009227310455,0.009543794467148129,0.0761589716579821,-0.08732716908794678,-0.11499603643745616,0.014761315147258426,-0.04373555087171253
2012-01-17,0.9809504485950641,-0.8566950382135946,-0.5922208001218939,0.21156096843098146,0.21115527474802437,0.06719563877436126,0.034681447829234824,-0.013126557345787887,-0.005961768349954787,-0.043806688585350854
2012-01-18,-6.6027379549598795,-0.9175705069849359,0.16774541670482324,-0.46783246693204034,-0.33041618863557043,-0.07586321668644937,0.17492781343531846,-0.0498362595131059,0.041584025769359226,0.06389198832360196
2012-01-19,-2.7077053504044164,1.042268572616282,0.4504879615928037,0.528167139562499,0.15530291837576435,-0.0402880254554082,0.02853424702992524,0.042516399055312924,-0.01452510780387752,0.02656694608445019
2012-01-20,-6.184369626510059,-2.412527680199139,-0.18647850086358495,-0.4931936672117285,-0.3224110005905919,-0.10687707036740678,0.17643345856035436,-0.10253391639045459,0.06674090439396568,0.02759692989218705
2012-01-23,-2.1797401713073423,-1.272104115158206,0.12050744705750184,0.44431175920983934,0.020496266097791403,0.03218300256822856,0.033580286423069115,-0.04999809537318919,0.00031198398512685005,-0.00891685061982622
2012-01-24,-0.7548424350031689,-0.5582321840250916,0.12360362546714372,0.016604420233000163,-0.0852370672932242,-0.0108388088449616,-0.0012226555871076334,-0.028717563894818863,0.005375644062067302,0.0030852271242289915
2012-01-25,-5.532509205301558,1.4813853807657489,-0.5275163117308086,0.5938225110229154,0.2353396592581917,-0.03908001758790574,0.1399027008307466,0.1212804516744289,0.01398155953303676,0.016493698036492022
2012-01-26,2.2224509290762198,-0.7162615184820799,0.9116426887994064,-0.3485325366761142,0.009191825410632223,-0.07968333706650943,-0.016334388906175393,-0.09096287430162907,-0.005603251184810957,0.01127989148925259
2012-01-27,-0.5716041584553273,0.9297388213290753,-1.9192148376272695,0.884431690332365,0.12944415963755018,0.2853633451606138,-0.035467709996366406,0.1510920240098572,-0.028434499056190714,-0.06121065593376648
2012-01-30,4.121185292419634,-0.12144205052970768,1.1472242459830957,-1.2435019980859519,0.2595638623250939,-0.24509821607791443,0.02416120308935097,-0.09975588607541877,0.02550493059379702,0.03762237096468553
2012-01-31,0.9243120017767923,0.535351177224056,-1.7409800370180428,0.32179182823747426,-0.1696264019432272,0.22652669480834778,-0.08938969287353006,0.10612717015907616,-0.01735141745254382,-0.05489150130351967
2012-02-01,-3.83877646360913,0.03926890332922847,0.8620942324016707,-0.5530023894834176,-0.1901503476373181,-0.23849290919776686,0.0966920006271488,-0.030313819743397627,0.050927880372727996,0.06719184119454572
2012-02-02,-4.367932829518334,-0.4968653986361623,-0.5011900664710797,-0.3076512962051759,0.18709816735084883,-0.18429601166384826,0.13606103645383286,0.02041585700472766,0.06518399782704996,0.019812358849216997
2012-02-03,-6.649596106226266,-0.6875638083487057,-1.0638069088238007,1.470532097394565,-0.092052466976915,0.2099513006891611,0.021055563030378484,0.07197692985683694,0.026158885051824825,-0.03171147975984385
2012-02-06,0.3552502613183986,-0.6935318357909723,0.17368183570552514,0.0780811800831287,0.23092143299511794,-0.008864155184769374,0.017765709830370745,-0.04988609864139316,-0.005038124582087974,-0.0076178772613860034
2012-02-07,-1.204034913330669,-0.4437859726222347,1.450131704242672,-0.18511448950142276,-0.18609352064032977,-0.199090779633476,0.03202265174263513,-0.07685105364863914,-0.0038293408583795463,0.039030112635719004
2012-02-08,3.143724856463673,-0.2771733154630346,0.6265852288209227,-0.8426009748193958,0.2969441330386879,-0.1972401005242314,0.052439568286434673,-0.055498961143482135,-0.013333272577036087,0.015353395526861293
2012-02-09,5.3258090479610285,1.302124827074954,-1.3160585713014303,-0.11613652206311109,0.10966730542253987,0.29281209949417925,-0.10782923246919603,0.07137802858071864,-0.02469075706249302,-0.0465479499387483
2012-02-10,10.169694719744948,-0.46812369319174124,2.0590454940004754,-2.3584703731848045,-0.1392668307491366,-0.3788437293580612,-0.06726542255487572,-0.15483849824485196,-0.014619459451565908,0.05297793762394214
2012-02-13,-5.223988088888686,0.34802339821353695,-0.6756314199427842,-0.20853454644161254,-0.39141156444585523,-0.12540675419985822,0.03373378407729823,0.06440527797470914,0.05321996870595415,0.026143535325926927
2012-02-14,6.187343276999723,0.9738710950016511,0.22581982577511056,-0.9541299549754648,0.14754172468018903,-0.033764148395361925,-0.04393792654889618,-0.009534220025080739,-0.006781200669724468,0.009529817194227932
2012-02-15,8.287798593727851,0.8585997042989738,-1.6547183492599207,-0.9367992485857891,0.2712508789339461,0.20017176311742618,-0.14171960048922713,0.05134966168014573,0.009814539227585007,-0.06451048420716321
2012-02-16,-10.246315994361598,-2.4430232226042503,2.0280531984621173,1.4925816707516575,-0.6256784294868476,-0.13924498956630854,0.09039284531296023,-0.11036688314735899,-0.03431562345851409,0.04850380143622683
2012-02-17,0.2076741714251412,0.45184518341746227,-3.076262123927019,-1.5358739970763957,-0.4272714453431,0.020598479451293943,-0.13062199083046266,0.12311842267964179,0.11553258516046137,-0.016086417818872312
2012-02-21,-1.939882746509913,2.9800879420063455,1.8825459818050845,0.2588922391481698,0.007720950704130661,-0.19434165052512753,0.16661368447630426,0.056497078031953835,-0.0223278748025165,0.08321459701976894
2012-02-22,0.18115971728370434,0.8446101005650111,-0.9026668725870127,-0.024739251652012743,0.1547334928109552,0.08120273376412664,0.006086874760732634,0.0729376822182153,0.01299655797021055,-0.009057586139433822
2012-02-23,-7.709288537872862,-1.6385781382630136,0.7798256771128563,0.24599934613242228,-0.0997019352636857,-0.3731412084573513,0.1772349118651832,-0.015249818505937207,0.0465972166649825,0.03058345350740998
2012-02-24,1.9845145003443099,-0.04462592915217675,0.3576359372205433,-0.01702945248203424,-0.00740654287141216,0.051349628735144814,-0.03910384310325094,-0.04153702039014713,-0.02577418077335506,-0.003209829043856593
2012-02-27,2.5114062764903426,-0.003027429789364429,-0.4549572346601299,-0.20369860504784923,-0.3705394303105005,0.16967617787353173,-0.14885110527523035,-0.01451473455166413,-0.003953540799921999,-0.021434711395299417
2012-02-28,0.05277457318305265,1.165320361518757,0.06930060878562613,-0.714898431334866,0.08597915914628636,-0.20102119761964854,0.09566231021815313,0.055420779848099136,0.027686862726833128,0.04268753152453858
2012-02-29,1.5539554860583495,-0.7667637641211451,-1.3594555302216547,0.19705580754065086,-0.021593071215526012,0.2743649454480737,-0.1303844978622086,0.0018162195440653728,0.00466246448835106,-0.05990965723033565
2012-03-01,-5.107012322677442,-0.7549998904426146,0.9316498438338003,0.5872071776990608,-0.06616505151847066,-0.18369825228987932,0.0953148131804802,-0.017876972927779972,0.0073714658379987735,0.021314526876637152
2012-03-02,2.3621913981403724,0.7127766224046757,0.07188755913016813,-0.7411388606908335,0.15445785617418717,-0.11850627625986374,0.04728225424902494,0.01570222828396572,0.002783572177169444,0.021575379532442724
2012-03-05,3.143734939750893,1.1073339917439404,0.004451147153589699,-0.24301353440522025,0.04825778573614152,0.09545773580905988,-0.03255285740596732,0.006486647577929075,-0.017134189097057637,0.009542278848717538
2012-03-06,12.445763386589748,0.7165677570744617,0.041515034002906466,-1.934834796310392,0.13479012448415112,0.00021847227136790988,-0.18197331933646133,-0.07026763914055238,-0.01698063987256933,-0.006582298797129156
2012-03-07,-6.022468192818207,0.4583437601937921,-0.624974227643813,0.8345871095567808,-0.09082518820402613,0.057565190361673256,0.07723001519423776,0.08515092120064686,0.01949596275928308,0.005565008124949633
2012-03-08,-5.787591791203315,-1.0928102186069013,0.7291599508288027,0.20058362172303693,-0.27177240511847545,-0.2685385654334884,0.11442583086665288,-0.009502133412734473,0.024693495991167064,0.026298702761166748
2012-03-09,-5.851106831070257,0.07423500234575008,0.10924732101000942,1.474267744699276,0.0824389987221877,0.12499659005786622,0.09551531402154542,0.041357703859948164,-0.006340446335337011,-0.00289102300669969
2012-03-12,-2.8603775717185353,-0.7149586564652082,0.4166883589163581,0.2649409928508406,0.1681398945384312,-0.16004783729183483,0.09937714911086157,-0.00685513483475573,0.007492004456763685,0.0052328277920054974
2012-03-13,-7.270137301476522,-3.6731497660791343,-0.2718254735700449,0.983476957468793,0.13976064652300044,-0.20491292149885768,-0.024079473936018496,-0.02023792190439744,0.0356016625254959,-0.05841853367339275
2012-03-14,5.880422122279889,0.7109954597294481,-0.8883341478966785,-0.3295111607622498,0.20712856906026852,0.3559194150792315,-0.07494117786802583,-0.036774646544490606,-0.025936373448047428,-0.020988996894493815
2012-03-15,-1.4781705879080418,-1.0136678061162017,-0.1995199475473894,0.26627136514489935,0.2516508866019432,-0.034227074548717616,0.02141433257433461,-0.007723448545251606,0.004777473854061631,-0.01296165224029493
2012-03-16,0.32985004889862685,-0.8925181558049573,0.169738314736385,-0.7110409746692954,-0.12906359760474628,-0.2531444391581228,-0.03958155361104721,0.000890478768370261,0.006226099067404022,0.009694443575834677
2012-03-19,-3.4370949748997344,-0.6088354785505121,-0.6404548064911157,0.984817823317223,0.25516288381348823,0.1652966954168926,0.0047917960260746495,0.006174259053311927,0.028754674983507963,-0.017586607361045434
2012-03-20,0.6940616734653585,0.4651705010157873,0.21165579913583077,0.4909579718446954,-0.0042415574173993295,0.19103141604858823,0.004256358456386025,-0.029399712539927403,-0.028569205559200415,-0.010196889333812834
2012-03-21,-5.29796878341332,-0.5395954216234095,0.10841952205643125,1.4737739584998082,-0.09498765686789132,0.16384297092526737,-0.028812627399898223,-0.010545807331234435,0.017967497384928446,-0.009356697951850942
2012-03-22,0.399204011831884,0.2965551740233054,1.471996722637677,0.971771366112769,-0.0986488447749663,0.1605976982787013,0.031519877783070534,-0.07605699703446758,-0.09179914906567671,-0.008001675362878595
2012-03-23,-5.55982908523794,-1.188560196814394,0.23589406963919554,0.7652270759629878,-0.22402759648576576,-0.10008498865070252,-0.06360896979903631,-0.007120614821347582,0.04251812806329059,0.0030647800673299316
2012-03-26,-8.507263095341514,-2.641668248958494,-0.34143559024210685,1.649088819298405,0.03860412504196994,-0.0034720254859314345,-0.21552283196287267,-0.03530587551423187,0.09233897217499568,0.011944776985419266
2012-03-27,4.7312602245356175,1.36372287992857,1.020588204395062,-0.10129334129398522,0.10491901753507095,0.14432718386328697,0.1952371157648495,-0.03653892904948929,-0.12417988131646616,-0.02868091129968017
2012-03-28,1.1609389050865457,-0.010466228511396036,1.5480306664705386,-0.005519599310000382,-0.15992887744742107,-0.1351464041770984,0.040124256631828815,-0.05980796886975348,-0.07386365442508545,-0.00026565565030183886
2012-03-29,0.4239914288715924,-0.8825529560325129,1.1216899577130721,0.5317504031308677,-0.08576997021792483,0.02299493762153398,-0.054297376200193766,-0.09094976399963374,-0.0616656279822987,-0.009694128995891893
2012-03-30,-0.9402072649980702,-0.9856490914876478,-0.9975696356781568,-0.15956802497589243,0.21029933109512736,-0.032237255780540146,-0.07012955441095173,0.02281043714818009,0.039804026547073414,0.004865513493678771
2012-04-02,-1.1547832562493787,-1.4099202209882122,-0.34667266610329966,0.4713940385938299,0.06155022940305407,0.08839493528441994,-0.14934513841264585,-0.04695404461195231,0.009717673166641261,0.007227933340960365
2012-04-03,1.1858536767749661,1.654505252478465,0.2661853023074895,-0.23647058634338544,-0.1041795036076639,0.026536107272614892,0.14370701927888674,0.03822621905653389,-0.007433899764707639,-0.011078107321036272
2012-04-04,6.664608856429439,1.0856980607972988,-0.2774480259654212,-0.6099067069444313,0.14582353996588754,0.24016784760723645,0.04203806549884509,-0.015217294446028772,-0.04586163842482409,-0.011004433124062026
2012-04-05,2.751962572576088,0.8724880368276132,-0.484411612776644,-0.04566607328611497,-0.1413484413985851,0.23591895140220298,-0.04968713446751194,0.011644807872757634,-0.0028953414611278205,-0.009268631788620588
2012-04-09,8.53816173874986,2.7121835245114383,0.41576607252381326,-0.37904776977374927,-0.025414641826336945,0.2558330479608401,0.0069109766569092485,0.04690358888688157,-0.07710198822138097,-0.0067462637621177116
2012-04-10,11.30809025211505,2.536202155952615,-1.3313061071342454,-1.5700771651924605,-0.0702950021051545,0.14801871034458236,-0.17043366885688332,0.1190619610260895,-0.01598047745874686,-0.0203270400930826
2012-04-11,0.07181034945672041,-0.08661373361087026,0.2974953751271903,0.04370488329760816,-0.007386447429814634,-0.01103263082539551,0.002614549887311349,-0.017076003041291744,-0.003590440960299115,0.0047068467164820705
2012-04-12,-13.108608698455363,-1.7181376308965826,0.14496235684755795,0.3288761138259804,-0.33950514426224043,-0.3486314374468588,0.1582533915385698,-0.033686085932016406,0.10008882543139008,0.04450129427889687
2012-04-13,13.498639796353627,0.32065642710232084,-1.4650957666594,-0.7992501238879466,0.48330258617950417,0.37489990122557354,-0.16161176112387549,0.01666100826094135,-0.06560581468775599,-0.07452690639248008
2012-04-16,0.23239663839240168,0.3542595023204684,-0.6029863555203366,-0.7065313749359583,0.12122220978054957,-0.1059348748055764,0.03783808936903766,0.03027934155539641,0.03307466586603502,0.006512299613048141
2012-04-17,-9.098552975567461,-1.0183941683107292,0.4484273008879779,0.28246996122742146,-0.13189240990569068,-0.28519533518268403,0.1167764490327957,-0.018516074968252968,0.06388150556554983,0.04651907180776471
2012-04-18,1.6321597195331148,1.9344264024857605,0.5407202136613779,-0.20720011840616603,0.006204805493628574,-0.033471143784406056,0.05928388777428902,0.052214548473267515,-0.021491909000368577,0.02474454468637119
2012-04-19,1.8977481112665575,0.39882211128325074,-0.9106874274146478,-0.36099208539022243,-0.057192410181985925,0.08446418955749839,-0.05675900011323788,0.04259108422558941,0.01210546730212048,-0.016045959053799224
2012-04-20,-4.583976670242775,0.5359064649574828,0.25392508267487973,0.2060038673643175,-0.01372980492463908,-0.14422990788852394,0.11942576121611356,0.04786359851756712,0.026992106856140834,0.0329103505282577
2012-04-23,6.238231721354956,2.2715571864684603,-1.1080782300154697,-0.8176978454738697,-0.3536946915804045,0.1809890306688411,-0.16473363833973872,0.11815643693628143,-0.024528207652404342,-0.010232650662884805
2012-04-24,-5.235100420702486,-0.46077010649607775,-0.07215239200775295,0.2678048015485474,0.015845888735061972,-0.11177951769219129,0.11777095307922444,0.021042263548895938,0.04595044189485859,0.017130099649355853
2012-04-25,-9.394576500027034,-0.6424042780782413,0.4819773048670587,0.17520456881669164,-0.3386629749019445,-0.3550592382793242,0.17566193559912394,0.042762202101811704,0.10392295240547972,0.04741216353680364
2012-04-26,-5.171165209978349,-1.7220455928304927,0.911014672362814,1.539117310598381,0.0860972884759266,0.046470821339058666,0.02254361696926751,-0.08384967529083734,-0.015166700170947558,-0.02450585223693188
2012-04-27,0.176091686090464,-0.885026521337607,0.043435728203533926,0.4459196485548555,-0.04716464852360127,0.12697045632561033,-0.09514451261474344,-0.06198766832947939,-0.012478826565918814,-0.021307302619593026
2012-04-30,1.7849519143155497,0.1340228846501552,0.9371322502588766,0.4110726222718711,0.08041895011004538,0.09057948415670242,0.013690338938683164,-0.059595188123559836,-0.07111540978024546,-0.002376038561623788
2012-05-01,-1.895484250447635,-1.352782307006438,-0.2660134331908546,0.9584416558223193,0.39593881551131765,0.13575843518146266,-0.0005285240443922222,-0.041193880622630435,-0.007734825911313933,-0.030759564740386304
2012-05-02,0.7355741219026253,-0.3030392111100937,0.22948930479803914,0.3316728200793015,-0.008153546466128384,0.09858489998630454,-0.03875710634190789,-0.03651275549468254,-0.026104487803937097,-0.010279363829719711
2012-05-03,2.5649979472007516,1.560643528416486,-0.10434392881462613,0.14047450446494514,-0.053358327777391426,0.17587061880590807,0.009378777717255916,0.07159342545583929,-0.052529702348584284,-0.003331057842639871
2012-05-04,8.884345590615546,0.6104741160370546,-0.7097503179517362,-1.5697937058585925,0.004082166959631141,0.022724968110231707,-0.13897844315981625,-0.010627202680838154,-0.011307556052989755,-0.009193022233494065
2012-05-07,-1.1113704735980292,0.6754798008528319,0.42031383289776164,-0.3219244708344314,0.14829392083507817,-0.1730703634430448,0.10662092852663294,0.019763024851855333,0.011936934482969373,0.03212552839461457
2012-05-08,2.724551087802132,-1.3470875122655233,-0.32166846679893196,0.317661869205176,0.0629159304805061,0.19423073039087382,-0.11456881313366933,-0.06875326419137091,-0.02346514710393024,-0.045013705659358735
2012-05-09,5.559125151513551,2.015666640582602,0.3544031501507285,-0.45938301142007815,-0.03213843142807159,0.03819963892436415,-0.0622548330587548,0.05727886789329777,-0.048538251309458096,0.011234578419641624
2012-05-10,-4.704979660754535,-0.7001290587963873,0.279812911670586,1.6352150445172289,-0.26819666019860466,0.21557433172224733,-0.005689039522537383,0.00627372422615277,-0.03947681088254768,-0.021821304396088974
2012-05-11,4.689502983026619,0.8541040968861953,0.02878067337547955,0.4658688408201368,0.36027965337972356,0.13073294143263858,-0.059468467595714086,0.049715883582570695,-0.07483861378703748,-0.03053064181866627
2012-05-14,10.438928176788368,-0.05525794945631964,-1.2352540814038342,-1.2286510762669791,0.2928265445224115,0.03797786809784241,-0.1528033676584613,-0.006030291238044031,0.004391984711820358,-0.06209665055728831
2012-05-15,6.640181533473696,1.08294598992962,-0.7252934856575445,0.34658867148070893,-0.03886165819347264,0.10555421657807462,-0.16733128283894072,0.08946144211566821,-0.07349068002196364,-0.05692766401742778
2012-05-16,5.471394333708757,-1.4143055948324563,0.8382163573859126,0.2122497270305538,-0.2518468616697241,0.12064185512522742,-0.09208716396030855,-0.07463006004379727,-0.013190290677063577,-0.018987326605704003
2012-05-17,11.055438258076604,0.4338015632107712,0.08909930675675538,-1.4642798128433265,-0.4807089375241811,-0.04509361251437639,-0.21446000707228657,0.0057321673568519775,0.026076895236815563,-0.009353566552197221
2012-05-18,7.739426527170237,0.5650546737109186,-0.4165013432819321,0.018811250135077198,0.0914333007890108,-0.03678285455617361,-0.12198411055559212,0.05056653235916286,-0.014931972387233625,-0.049040952494694826
2012-05-21,-16.533813266443598,-3.2139692816388776,-2.7244100037119248,-0.26879939511492446,-0.45857506706083123,0.29648560530163365,0.28571425389990057,-0.11211630218328862,0.060198389579533475,0.059928784355797196
2012-05-22,7.4318456927804935,-10.580266873820477,3.521458980159906,2.1211149444960977,0.18350241482275834,0.5159153596358637,0.02477034679687056,-0.30057698494652,-0.09076622602498924,0.08223510498554788
2012-05-23,-3.34067817132016,9.669886385276062,1.2810782040320987,0.6782028936669968,0.2233295282611398,-0.47511316056237274,-0.035408463201014595,0.263228787460592,-0.012493497611770904,-0.09347733182587623
2012-05-24,-1.541907465749804,-1.0534800626628253,-4.732556691065619,0.5064686621195567,-0.07117308262402079,0.27899283079141163,0.13884824608682936,0.05447019305328965,-0.05321982777446149,-0.03959323671128555
2012-05-25,2.491834175382207,5.14277613760663,0.2589196136971874,-3.5757175734602877,-0.035593029621471234,-0.532562071143026,-0.1905136217841632,0.1104211793966468,0.1065807248198809,0.023748547919302476
2012-05-29,-9.06160531645373,-7.109285715758286,-0.8071404951095839,-2.863778120710739,0.8037293723320457,-0.271220460463781,0.2932925332023854,-0.33144277889899904,0.22112626005325292,0.08690160252229255
2012-05-30,11.95847541726768,13.870873772809928,4.476777588338431,2.074317077815222,-0.9159773983290961,-0.21417443826173163,-0.7761543209957562,0.495833569105883,-0.21185658877219646,0.05844895069619186
2012-05-31,-0.5791930093180689,-2.5526163028704527,-2.170837981431381,0.026627056343014616,0.4688704526259439,0.12522517496082508,0.2541919229842779,-0.0629217331345102,0.01209929431874051,-0.09715122557442898
2012-06-01,20.663908228064226,-8.760103246252203,1.7934143602651542,1.045096194625751,-0.8759946200433425,0.5709504700410527,0.07489675431009499,-0.1633512546502565,-0.02142199866882367,-0.0778776385458713
2012-06-04,-2.7882566102612385,7.0683086502086425,-4.291532680611577,0.647433103374362,-1.2742081620161378,-0.2945075386121729,-0.2259591170363516,0.23536441775066716,-0.27224694676807265,0.04309945045515385
2012-06-05,-6.712902240447789,-2.717922504471809,0.40566182742266016,-1.4700746603871704,2.4317558567359643,0.010304872313379796,0.3057399318473984,-0.1866519592649588,0.2857052171307298,-0.11024343614134233
2012-06-06,-20.19400276143059,10.782706011404116,-0.5269088667339806,-0.7051407804632862,0.16480010634474387,-0.7318178240439551,-0.19878379713975064,0.5442234576578737,-0.10043391404784087,0.23351366173273655
2012-06-07,2.398961201236209,-5.054795366246503,1.766424638725639,-1.6907558609634905,-0.835271089439329,0.24922706397947889,0.22492225908452385,-0.3747101679018423,0.20707758876093962,0.020741203790787702
2012-06-08,-5.255512393877021,1.5546579825050637,0.9330624768754957,1.1859141562640316,-0.3501946886411638,0.02407544282559846,0.0007145378503550215,0.12496533845250753,-0.08695983854858809,0.060581256602476936
2012-06-11,12.243692051016842,0.19778234540808873,-0.88561553250682,-0.4183811003747974,0.6684764921780901,-0.040937503829822613,-0.30052855358284664,-0.05516991915838847,0.010400175263332846,-0.11834625364915109
2012-06-12,-4.254954662858856,-2.560281410165283,0.7961622263640087,-0.7435017319171071,-0.5381499698319198,0.08159335553207354,0.2407170477021051,-0.14607885475195348,0.07733695094482441,0.0553048424536656
2012-06-13,10.54637677275298,2.0575861903249995,-0.28268195420206804,-0.4981669764848154,0.3660087301915139,-0.1079899284408341,-0.3364033761748859,0.05612960793952327,-0.0007307697841829566,-0.0560610977792649
2012-06-14,-12.584502497352073,-1.723330518154224,0.913926124666963,-0.14316078453281403,-0.7056388379392206,0.014328504298299254,0.3756731170618222,-0.07931084302198338,0.035446765626388294,0.11833244065496198
2012-06-15,-5.790113173442741,-2.777463771128132,0.6240340457383848,-1.003369111266752,-0.24614662018816788,-0.2284710397431551,0.2326342405435325,-0.18798110570648927,0.09730500820635916,0.05119419623771774
2012-06-18,-8.079671513306307,2.13248476576,-2.0032740733667906,0.41257554204622154,-0.141176525623724,0.010722683029001596,0.13303073469407206,0.25232309960649857,0.017341129360507523,0.01703056884930566
2012-06-19,-3.6411605841250996,-0.540438919177876,0.359763180231909,0.6757231076932063,0.22657480487318488,-0.015838992673283623,0.10557132955051847,-0.01666681961722189,0.0020513229774337073,0.00473832993018721
2012-06-20,-5.396537979993322,-1.3558127381806366,-1.5394616723807955,0.209451843612485,0.32911018447161305,-0.03155696312803247,0.13540539199741597,0.03561511271420498,0.08072297410166625,-0.03116874587392922
2012-06-21,14.858799297695667,2.1060377895689637,-1.2562918659037907,-0.30258910425066604,1.045095560215404,0.19401560456582728,-0.24189422881427797,0.06041550768153099,-0.12918762882505833,-0.113240319224008
2012-06-22,-9.176632147919488,-0.08610830553311609,-0.16475448084478886,-0.13452874151967403,0.02221043106936291,-0.19731753218151837,0.2639848536711908,0.06690992983694048,0.0869183577337804,0.07250733582552879
2012-06-25,9.529229790913115,1.6045066448370797,-1.0138597162515985,1.4138950336970137,0.008384746594182911,0.3092568781451425,-0.34397026657838237,0.09375787832385382,-0.21113034104336645,-0.12657038921516633
2012-06-26,-4.203412819017716,-1.8922353883093277,0.90787287362986,0.1696928388496046,0.21177994392060404,0.014616642169228053,0.16092929396327743,-0.11862880963125952,0.07247532687391758,0.023218382323308376
2012-06-27,-2.3359277111842904,-0.8569053327324546,0.22403523851843185,0.19265245292698496,-0.24857006879497812,0.047882412029597074,0.04010060846169756,-0.033645320843516756,0.016786217180003712,0.01203869271906018
2012-06-28,-1.4961047916264412,0.9121655856564663,0.2736924074777807,0.5273576014233307,0.15977336550284238,-0.02207141527097505,0.023957700014259606,0.06362525665162687,-0.03857643936542008,0.011451586102540916
2012-06-29,-13.788435370626704,-3.68054263632811,1.4080756910810168,-0.2905221964452839,-0.4019895900245829,-0.3380152514871374,0.306696335100723,-0.19397702897440855,0.21118336941986007,0.10033307044855952
2012-07-02,-2.168101054979169,0.2771414286130091,-2.3351238709821325,1.0932891212112326,0.2305852380223459,0.2951078024678571,0.004765817353984366,0.16397392364987012,-0.0006947830581161969,-0.06889777571927704
2012-07-03,-1.6450117817140089,-0.40731085875736434,1.7263665106144999,0.11496423850175187,-0.26768274966116884,-0.10425370643463476,0.013704672528936387,-0.09274738793078742,-0.008269464337206755,0.04193173169604776
2012-07-05,4.958173896856674,0.16043982052555186,-1.4430451053137772,-0.8643921760161303,0.5007981216186052,0.019622959513344113,-0.023590409416818513,0.017293321032976827,0.01186123316379182,-0.03992170677676238
2012-07-06,-1.3193484585938,3.8576899365169766,-0.5305902334381666,0.35355392192063134,0.10451700312827454,-0.06082530152670764,0.11009862498111962,0.3200845614356786,-0.09886952331577394,0.03112969865760549
2012-07-09,3.0006935672603823,-2.3786330608238377,0.10893639376432,0.6364442331904753,0.2513071605790649,0.21659877942418634,-0.09779750404223077,-0.20419675012183586,-0.014327620132620272,-0.07381855567085858
2012-07-10,2.680253937154532,1.3874513388490521,-0.5884187796888907,0.19999960168962633,0.3927964224390166,-0.0014472514011900411,-0.022211231123930607,0.0880203999624964,-0.07096660647453155,-0.03108639070912361
2012-07-11,-2.5870165734752226,-0.8083258241586955,-0.4797640424046296,0.3034228322984194,-0.3654387096632008,0.09397725959552727,0.019688064590835705,0.007822511670733587,0.027133280719344337,-0.003643010533124325
2012-07-12,2.15943288489826,0.18433842388940286,0.17637657212890887,0.10126880465015906,0.2472938151847918,0.006729222889972157,-0.024409165103090612,-0.022419194420829628,-0.03595782188096973,-0.01681893082595093
2012-07-13,-8.865245184031012,-2.906673864110895,0.3790232312441055,0.028721055242590207,0.010551390590530488,-0.09120637760291851,0.1580457489301008,-0.12852389490009267,0.18563900861191537,0.047292485929529345
2012-07-16,1.7655032992636615,0.21112777640285152,-0.10806633621849422,0.7156972699577105,0.32775169283008704,0.12303577513206895,0.00598443536020266,0.008800292412161811,-0.07812540763076997,-0.040435034655266044
2012-07-17,-5.789302422194715,-1.748019643848541,1.5807023592567027,0.6582651476657021,-0.020457549571057075,-0.0769773404521291,0.07824379326702394,-0.12219427431791889,0.045198700152331205,0.04391815566393125
2012-07-18,0.14385813162730543,-0.67237995919499,-0.21288941691147167,0.7122651944209782,0.11230080928627105,0.1566635913540866,-0.029089611287262913,-0.028620896212808545,-0.02759308654145942,-0.03039905724164365
2012-07-19,-2.278000546164273,0.8239280800488225,0.7060357557045637,0.8512109015057457,-0.04313191912058888,0.029991968471388148,0.06429844338889823,0.061813185473455344,-0.06061602260418385,0.008109590216474541
2012-07-20,7.563906584248048,0.0038776540174209123,0.027007371391427067,-1.014567728090051,0.21077883861957497,-0.009621111310553817,-0.09875018459973185,-0.08398537625862974,-0.026798817992626876,-0.02298139204991456
2012-07-23,10.449218311056374,0.17043484286545188,-0.5223855893694643,-0.6371320712920707,-0.18746962056923683,0.16239923104861945,-0.21576257319522427,-0.04057659884123194,-0.0655020602961382,-0.05798025802958072
2012-07-24,7.662852871112297,1.1280211851052881,-0.3262947111790671,-0.04748532252249085,-0.0996901511814409,0.06356679227727921,-0.15199826567558858,0.03819935565362772,-0.0819026973528828,-0.04616874552172511
2012-07-25,-10.17096128121191,5.920908772514196,4.323477649165105,-0.0853284610834042,1.3556825087882889,-0.6925453999559845,0.1125015569770155,0.13952321143001692,0.047387398906506846,0.28323013982830597
2012-07-26,-9.28399744898529,5.962222212262345,0.7959346358610035,-0.5005088500092726,-1.0899288133598741,-0.2561259727145692,0.15087616062059267,0.5412576787571778,-0.1335653766270192,0.35206846961280047
2012-07-27,1.6966146992222255,-13.361911487902358,-4.270663526306617,1.7139766966089953,-0.763283591688288,0.9203139283198025,-0.04184366548022131,-0.6781825251776545,0.20850510655557156,-0.5314974186034888
2012-07-30,3.1129595225053484,1.2870551860327981,3.0257158002262456,-0.0759866608265984,0.4213411040223975,-0.20990985387179645,0.04680163191985881,-0.08092781420423698,-0.07583024232555255,0.055341669526510644
2012-07-31,3.780787928667357,-1.475079772607944,-2.611955179519386,0.18514332468023884,-0.12146056451425737,0.30799173341227143,-0.1193887138461983,0.018061571847390552,-0.004915896463400217,-0.0984262333985719
2012-08-01,-1.4755696768389897,0.23049528375808506,0.6297500349546086,-0.07537983433368248,0.13609138416349786,-0.09231198899457467,0.05364993423498656,-0.009032716911517394,0.010422340855273115,0.02173485087107076
2012-08-02,-1.4268850912227347,0.24542311932991231,-0.7896727060454287,-0.9130157771967325,-0.06975793393802626,-0.1197282164005761,0.036653282871846916,0.031851613031144546,0.07181407258681832,0.020508826546850732
2012-08-03,-11.577748011432226,-1.3497857195867478,-6.484542182555627,2.276102720379172,1.080482141018939,0.2804024073249649,0.29993919802511626,0.24631545088891807,0.16707987036355915,-0.09937618059486479
2012-08-06,2.970649823633943,0.7319290079356442,6.98370451728592,-1.8955597585169675,-0.8593544789243588,-0.4791446404739572,-0.09591400300586689,-0.24523952657214707,-0.08997312255112834,0.1486831559611892
2012-08-07,1.4070932951161914,1.4055549515072208,-1.99159217199367,-0.038531987905940826,0.25487328498210027,0.08934523724572273,0.017438770896710986,0.16646459646341355,-0.011676359644013099,-0.04525218657337038
2012-08-08,-1.6864735445088033,-0.5265266784325469,-0.6535462313851378,-0.28278458394098255,0.2824707448522008,-0.0718842355405262,0.06975880284638132,0.0006850010928474269,0.06671321887103362,-0.0009601880562537658
2012-08-09,-0.9693056883598445,-0.6383643651247262,0.7808394301043465,-0.29276736203400155,-0.20097578121995155,-0.08752057583753094,-0.010950769637718486,-0.0688039406346966,0.03113176924928492,0.032469065338563204
2012-08-10,-1.1987674034891243,0.42994711014083314,-0.3301509993662259,-0.07962642340955109,-0.006287646106368107,-0.037481851834939676,0.03651175581176404,0.05459974644775805,0.020740597807023465,0.0069227354385288506
2012-08-13,0.007146064702718043,-0.725195403309692,0.3469262746034175,-0.8861142316358049,0.12059910447640114,-0.2178872358376232,0.038051979720802404,-0.0658933323365829,0.05712337487512978,0.0298378528319181
2012-08-14,5.468522770311698,0.33090478369307047,-0.5155617364020599,0.21297403018398559,0.09124249400361918,0.25127292123604617,-0.10846186586513898,-0.015492184330265658,-0.07895363991203261,-0.05724332748893887
2012-08-15,0.8136570756271866,0.642064494767964,-0.4352086909614491,-0.17401830429963622,-0.325113422708893,0.04863756582682348,-0.06125043169292814,0.04898305986658985,1.6700362056081346e-05,-0.0007193063494994255
2012-08-16,-0.056803137208241185,-0.5489256566104903,-0.11798077643028505,0.18832517486920133,0.06472945530486596,0.04941394957400946,-0.009838131095759333,-0.029162529618289537,0.003070120586093277,-0.010692917330105222
2012-08-17,-2.4644090853706833,0.19108677865651794,0.5560494181790278,-0.03250340809776123,0.1420487644171328,-0.13918756961558665,0.09750833275219914,0.013220344793402792,0.016743942845059177,0.028683081943869496
2012-08-20,3.3417636830470134,-0.6447390089448846,-0.6362908665772098,-1.0367518099023982,-0.04656037368351461,-0.032949618355808535,-0.08041113146728708,-0.05381061992151382,0.044353265740695445,-0.006846264643810782
2012-08-21,2.770983678424536,1.9099639671685558,-0.7269483665408938,-1.0746115540889345,0.11981457616814022,-0.13177734267007518,0.03967667196601391,0.11080726984005138,0.012465294616918384,0.004264491988164647
2012-08-22,5.154936468493401,0.6250319781641912,-1.7565015153824934,-0.9889173208391001,-0.13193271504671333,0.08105131152158908,-0.11703940250071783,0.04403285537758989,0.02341563341071467,-0.04340642234487465
2012-08-23,3.50754611680683,1.4378700008701093,0.03629995990178525,-0.8496292073738985,0.4111154967837163,-0.1576517100696802,0.03334424153270863,0.038984599308883934,-0.0139363084776976,-0.0007273179336611753
2012-08-24,-5.375976291568843,-2.3001835108658946,0.5423779523311851,0.6577146487843336,-0.18052052270276048,0.028839543546361725,0.04748400191067825,-0.0910899257007742,0.049892547376038515,0.026720848826148714
2012-08-27,3.168186770765589,1.7689696068746308,0.6287455790990082,0.07026412038814307,-0.10571110919854035,0.02945796699533433,-0.053283331428842,0.04561964445875714,-0.08384770899849682,0.0006640205671659858
2012-08-28,-1.1930931870486934,-0.46367742851092153,1.0015948143137394,0.9358094402730688,0.17900639379096728,0.06295390486631698,0.029359376988842084,-0.05055292767382679,-0.051175289097640755,-0.001624306981007349
2012-08-29,5.502670238027123,1.0096989164668844,-1.3248660150376304,-1.1348022432219873,0.022341194129416438,-0.012616875195886189,-0.09452073044919092,0.04593989436188994,0.015470647179904332,-0.035667070999544734
2012-08-30,3.4369071203985753,-1.4157775545185662,-0.31014238890798934,0.9706289439516367,0.3397968601003903,0.24055642715720058,-0.04272278653444813,-0.09346914348840182,-0.06372535094228592,-0.08547458175727142
2012-08-31,-3.1038720461810922,-0.4785923467516656,-0.00938743807596158,-0.1330824688439496,-0.30501528022140145,-0.014881672363372338,0.023028222345604206,0.003069292053056441,0.042372024308816904,0.03599925399912035
2012-09-04,0.965771160581213,-0.1176251751232578,0.41059558850650624,0.7356911857756484,-0.6649075840571466,0.19633265409216166,-0.13357284752386264,-0.013852177655252373,-0.06429097411710823,0.0004081198973311943
2012-09-05,-8.359543640885516,1.6570039071600247,2.096687508497011,0.5662692352555133,0.8500183950891506,-0.3697013976514715,0.2883244458548405,0.07823191639314607,0.007902840389638208,0.09260423276561483
2012-09-06,-6.209501784294633,-3.8015864767090704,1.1730650801273024,1.2881805954360517,-0.33562358823076444,0.12781754089942748,0.03671930346398805,-0.19527101745725578,0.025173109414381507,0.007294851182921872
2012-09-07,-3.4471931727822165,-4.0694071667237,-0.32429699084258584,0.45435301111960447,-0.11983785074098248,0.08549637510184009,-0.15679234625942776,-0.1857138058294877,0.07641201495191334,0.008121577076927618
2012-09-10,0.01234169573726374,2.516652691352185,-0.8300837459706671,0.8771501235569107,0.371927772866297,0.16341975111966756,0.15710197696309341,0.17400364094600546,-0.05826686003016151,-0.0548844070075617
2012-09-11,-1.3371800561792657,-0.9336204306146865,-0.1279072026658509,-0.030486667292559083,-0.0070988566392423775,-0.011474619494448187,-0.02352389188449917,-0.0425681621817375,0.04001796022886115,0.010749869567145543
2012-09-12,-6.257944182256504,-0.1643558509260906,0.886441118121971,0.49392395238083486,0.14286865602721727,-0.20127583781087166,0.1429461778543552,0.018962725580111528,0.032551360242362264,0.03914320527808467
2012-09-13,-9.737377070879992,-1.1976017598975193,0.94352009592903,1.0663335112786128,0.23260103655911257,-0.2663522674493385,0.16390850633589893,0.007694161892700502,0.06774835516131406,0.044219999934781755
2012-09-14,4.244002982674881,0.5663958700304227,-1.0349086388210342,-0.13502678761013703,-0.2074490593417692,0.28552290668719643,-0.13548095648265596,0.010444645865767382,-0.01839167861924838,-0.03313448163242007
2012-09-17,1.3300915908501216,-0.829339137509638,-0.4077610489586103,0.08186966791617656,0.42845520968747003,0.06120942262221959,0.012510363249296828,-0.046461306187094806,-0.008659940972006744,-0.022562193679802372
2012-09-18,-3.806354830829441,0.857919053379331,0.793474185321429,-0.667810782192698,-0.31664004422715636,-0.3726003507128248,0.10171558751015017,0.07759084932418704,0.05778282549528645,0.05858617608228863
2012-09-19,-1.3650185155318888,-0.38180845307976324,-0.6904304411634204,0.47010271719023083,0.16574571901010404,0.11222195255535379,-0.015472076881569182,0.012627672152762249,0.030904665328940404,-0.013403816821432954
2012-09-20,2.2622721787653837,-0.07060511557233208,0.20615643960161395,-1.4452246517378353,-0.41160376880226324,-0.2532154145869664,-0.09701778514838799,-0.022324048651243898,0.03914813423021122,0.036793094482039754
2012-09-21,1.4411367042576246,1.6487603736586758,0.2586471451455116,-0.5534300543235846,0.040349452148131994,-0.10978646720622345,0.14996167328669102,0.08017623095290444,-0.03172317395603876,0.0067719219150790076
2012-09-24,-1.618302152785412,-2.737873675521604,0.20321986914549087,1.0035156087282013,0.3293881632476886,0.1171414403850949,-0.11351417973660978,-0.14968217176862206,-0.012009853205703932,-0.017133185192599466
2012-09-25,5.355159656618273,0.4240415843426152,-0.7485385465599016,0.15172074924609716,0.01602881143395814,0.37679523105407287,-0.0877274073806348,-0.03317025121740671,-0.05979907284550816,-0.05007088899137244
2012-09-26,6.0111236578559115,0.17320836944871734,-0.2847300692505536,-1.0164036285852902,-0.04677151064892116,0.030541570297463027,-0.0623747059176878,-0.030851799908132707,-0.03272462054403263,-0.016733633371451447
2012-09-27,-7.559775314233739,-0.586600339061561,0.37712798468975245,-0.08678513132913032,-0.018215698445149572,-0.4026225602874012,0.07541415221437255,0.05190491895525302,0.10493365287374619,0.06386553003658982
2012-09-28,1.9200336935128879,1.2850952538867084,-0.21580186186274616,0.5570918638794203,0.00410402532506536,0.2687425170371395,0.036682118040257616,0.03405389987524196,-0.05580085671334778,-0.03799667630616348
2012-10-01,0.6021222739562155,-0.6538794662594454,-0.023890820693262867,0.730103326078488,-0.05361002818570249,0.22315014899164134,-0.08706768155669382,-0.05619231291806002,-0.03135558599235752,-0.019910806314616922
2012-10-02,-0.9639096528422698,-0.9989223319659556,0.5483991331296495,-0.18292836615708086,-0.006415630663967649,-0.13547812006943344,-0.025500731413504955,-0.057717691013811696,0.010691075339485764,0.02452040230276017
2012-10-03,-1.4817699625216993,1.380236357262851,-0.30634605729063447,-0.02140528294329253,-0.10513500135202258,-0.026887100999350468,0.07546856982293897,0.09986784885662017,0.025602465014236363,0.0015193133532242899
2012-10-04,-2.867479469888718,-1.2412181377614142,-0.08391487026154175,0.3487436968786421,0.06679750142402982,-0.03467293085806172,-0.057162146558460594,-0.040633494427146984,0.04971853390887712,0.017818981030704607
2012-10-05,-2.9916725766328205,0.20973010829704797,0.35485085068234057,0.5677408138821526,0.48742562974671855,-0.0961071901641401,0.20827699589680182,0.048190615056605754,-0.017875123003082933,-0.008187649171583948
2012-10-08,1.595080190751551,0.47154970116814765,-1.20339090876579,0.4798544174387604,0.09798665037931173,0.30638358830916074,-0.0406765555291329,0.032690135607089506,-0.0030430229221219,-0.0408119774071542
2012-10-09,3.7361639467469026,-0.5381059451805886,0.8717696705670852,-0.03875046992504273,0.21997619223010312,0.03575343775658967,0.020017412888995813,-0.09352984548206136,-0.09804407348653156,-0.020796365133527846
2012-10-10,0.6380776818673839,1.0314639768387526,-0.09647219515226528,0.08748263724237892,0.06433083233361386,0.03272134193336428,0.06263156112942603,0.05687947553214957,-0.026931289486136926,-0.015255476616455994
2012-10-11,-3.4092320161389846,-0.8414048305113926,1.0055131204177878,1.0145588070800329,-0.10188700943875137,0.0403747646204683,-0.004462885374472462,-0.05572281146058507,-0.02236131116723536,0.013730594895967868
2012-10-12,-0.6229272289465018,-0.16559480220876477,-0.3112602517986791,0.35458998763201666,0.3096313646076353,0.047573494354892644,0.054660717429041786,0.009515616871750987,-0.0036245905828109614,-0.016572756006280245
2012-10-15,-4.76610920880767,-0.9202318494975643,0.15118060889598645,0.12790374805653776,-0.3608003853965286,-0.11873618612997401,-0.09305497913005811,-0.018657687098811264,0.09292154712637647,0.04840153129777292
2012-10-16,-1.8671968511054018,-0.6836942309078594,0.8530876557909215,0.9487514640759815,0.17714838040846012,0.05356573244399733,0.046775502120521874,-0.05289493142037789,-0.05111195143099978,-0.006905015667752021
2012-10-17,-1.867012233780617,-0.14168226835843253,-0.004597637930362763,-0.1778261803932019,0.11095683654707911,-0.14966965108143482,0.04983711856612859,0.022024746646535174,0.03557678875667156,0.015408190698208632
2012-10-18,0.11332861837023361,0.5146147824775312,-0.5208343756302535,0.2280289175956697,-0.005571677338282951,0.1248934028955869,0.0038647417005608165,0.03912777652923543,0.005897061739330388,-0.014094912601409718
2012-10-19,9.749138176587326,0.5444145333781558,0.01563584283586062,-1.281447242359319,-0.1477705600306586,0.10608551829181272,-0.09474031838426457,-0.06350625419978952,-0.09682376203428902,-0.031157171040782524
2012-10-22,-1.7403688030952726,0.2119610953109777,1.0177032653175149,0.05260683946763167,-0.19463111572406874,-0.1324352392332601,0.037494998384329646,-0.007130682776859439,-0.013524155760290719,0.024536253947184738
2012-10-23,9.819031956190805,1.6642435642596427,-0.78237765010291,-0.2475483105717218,0.14057525665212467,0.3230578188315265,-0.05948184499177906,0.043868180674764154,-0.1156909586459498,-0.07590708230778233
2012-10-24,-0.28848817648366604,-0.5868104674249,1.0760753742339264,-0.5540529546975457,-0.16687284064961502,-0.1804710031012274,-0.0007147446918199918,-0.07090770022591729,0.011575816541829398,0.04038504802173927
2012-10-25,-4.392181799968466,0.3667309472580474,0.5750159242885637,0.9554226457492533,0.16336925182375572,-0.015605542335457787,0.11346459944401457,0.03091870505145053,-0.015139013502135179,0.00875929472037663
2012-10-26,2.1286331050619207,-1.0003797232599039,-0.31015353783033367,-0.6270396133271696,0.04485062941920659,-0.03561519541426312,-0.05163933883001801,-0.05386117600635009,0.019872427335058736,-0.002676476129039212
2012-10-31,-0.3915678760331579,0.9962710217904777,0.5362118224338008,0.848994525674147,0.318498208763422,0.07553010866451723,0.09639682346737995,0.03588837714895648,-0.05944355568734184,-0.015578641390383815
2012-11-01,-8.386222846354439,-2.7942653503487485,-0.1648035670445692,1.5495807937198591,0.1337313756832091,0.07778614012984508,0.0015993097651586922,-0.07806648409611645,0.055888645778184545,0.004665984444883226
2012-11-02,4.47221584072434,0.8120406853970424,0.452075439931162,0.39890091368544,-0.030456984454610175,0.2004444381311064,-0.02553239300939671,0.00010504827117163914,-0.09241082551373654,-0.03445578551154749
2012-11-05,2.3310356384216333,0.15445119390545964,0.059133044615954033,-0.20571111510612589,-0.004178596392983854,0.023156423636983715,-0.02164946485278511,-0.006589105160762965,-0.018613310405396887,-0.0077917924666376205
2012-11-06,-4.836287869639756,-1.5794424230257054,0.8297008046653696,0.2300171664451101,-0.13470816090128562,-0.15248019469016796,-0.0026589902049609995,-0.08551750223410157,0.036999512256889674,0.04166490009907409
2012-11-07,11.89728625122796,2.014889110590283,-0.7270568490417367,-0.5229243525809498,0.29261230973662955,0.24847084647049164,-0.047469438261645874,0.07944371103193451,-0.09769212349644987,-0.07959745157224336
2012-11-08,0.7285559559975524,1.4429754563168602,-0.2047228580980955,0.2562351206845986,-0.2666789012362034,0.06921890904807958,-0.057735990121375515,0.08103402050653907,-0.02983448609841678,-0.008321225226164587
2012-11-09,1.201380735577618,-0.14992223164909863,0.101666520137108,0.44537967157064606,0.31297604063756196,0.04717941725535292,0.022427640148071047,-0.00700260680581896,-0.03043651529473453,-0.025056356423331438
2012-11-12,-5.192400452911764,0.01823676073682283,0.0620978926626936,0.2173756593103016,-0.06048925550404137,-0.0593722382912685,0.07506946075616847,0.015812165056941125,0.030454467725279835,0.03006786217426463
2012-11-13,-0.352571128368887,0.17642649371337732,0.14180056468197108,0.5891219180059385,0.3301896930304292,0.028195479550709394,0.046834519178015156,0.013731627004103164,-0.03190128926399495,-0.017284645713335826
2012-11-14,4.835763396736118,0.7391195344278486,-1.1817119044193956,1.2382133281170793,-0.04847215310806822,0.23240454425898793,-0.10801302928218134,0.0946732086709981,-0.12260927650610189,-0.08172401555027607
2012-11-15,-1.196393346777097,0.04445902353927916,1.073089703424498,0.13293538000432523,0.12666162425320282,-0.04704506725868357,0.016877157018826073,-0.028092084553154838,0.0028857407905665895,0.021109775023793437
2012-11-16,-5.659614610701559,-2.3905318876187764,0.19789324338675937,0.3810209014176638,-0.19022975938720646,0.10055048044038516,0.06968536221365662,-0.1078440800646117,0.06551797489123841,0.029699476833734233
2012-11-19,-8.657869736218542,-1.4801778608635419,0.5779515383275231,-0.07041401087551007,0.5225689173251818,-0.2573119073043025,0.2070098174438269,-0.08477958461356283,0.09786839926322004,0.05273413719705094
2012-11-20,-2.2727110899509912,-0.32847022663114206,0.7007387483784586,-0.3248240484639842,0.06314461441119873,-0.1984360032177962,0.07187717684991715,-0.03742007386305869,0.025150366419996215,0.03409709941429274
2012-11-21,0.6834316432365602,-0.2924202554530406,0.19147915438960847,0.46186767494894354,0.1297951664203744,0.09085275352809641,5.066034816774429e-05,-0.02017607704145114,-0.030726461478614357,-0.015897010611389328
2012-11-23,-3.0589204629324773,-0.5295979078333372,0.5351603944185235,-0.13784981384507247,-0.4300775163803499,-0.12113369203554647,-0.04399499703919165,-0.03856036876679753,0.03713737977002269,0.03690968116788033
2012-11-26,0.6445427114602291,0.15086164810438052,-1.400112837665844,0.3377224868743133,0.43804327091789513,0.17094672260623667,0.03749059940109681,0.062208731605798984,0.004173532280719254,-0.04078408970828613
2012-11-27,3.0057712609067417,0.34573874366738866,0.20034248944970925,-0.3555786898947827,0.17298970250568907,-0.02567752293799669,0.023350364881610818,-0.004415843232910057,-0.02817271024565796,-0.009610211630595089
2012-11-28,-3.0521546394920205,-0.4043615970282421,-0.5411317123729694,-0.03929246327388283,0.05508003112217006,-0.058771436662045096,0.028721784939034455,0.013498962526482864,0.050852751653293435,0.011501041555484563
2012-11-29,-2.163396516325447,0.0244163637842635,1.31699982854476,-0.07947037615064223,-0.20631526077337545,-0.19606200933378126,0.04287257075737007,-0.035150891629951456,-0.005351118912392905,0.038923240730954024
2012-11-30,1.8171332007990322,0.2341139974274679,-1.1392841651236196,-0.24721701519765268,0.28954801952310766,0.08224765342374532,0.011342079850776798,0.04399512360443615,0.01416380419699682,-0.026416098630658354
2012-12-03,3.4402084918098406,0.8767085376635395,0.10713063993545706,0.1728105855877819,0.25459773066443175,0.09768727857549175,0.018939140009259014,0.02072389534705149,-0.0570850886702829,-0.02928968041358663
2012-12-04,1.5475210557426042,0.44656716238786304,-0.05129564686620095,0.006009410393356255,-0.07224296070635677,0.05414132446570641,-0.03536777334923858,0.0158069279218964,-0.016915611585793158,-0.009293299604049534
2012-12-05,-2.6048206449078433,0.0712196414602181,0.03733450640543997,0.2287731870891967,0.0030495264882814486,-0.03194289824485576,0.04462168571554013,0.016720245723228166,0.01284537852998138,0.011808252212561458
2012-12-06,0.09002679783753453,-0.2356346359149696,-0.09218068744078163,-0.03641131957064815,0.012533609529698977,0.006506105407866429,-0.0035307134463597946,-0.009492651365501167,0.00511094984188007,-0.002050011213345768
2012-12-07,-3.4344814959682384,0.7593341875715434,-1.4197368335829588,0.003840465869525406,-0.03943287773165692,0.0024978359103002314,0.04104885256812567,0.1204534498562614,0.06021459196618197,-0.0027756711553613934
2012-12-10,0.8539960255084014,-1.7527424562538234,0.5455270284343973,-0.39590440104083197,-0.16858524761901986,-0.04740398764010012,-0.08570596840485228,-0.12779552220233711,0.023414550135042376,0.020348842674533643
2012-12-11,-1.5937275371166664,1.2737438513475996,-0.654660261562313,-0.47828795023551374,-0.060536328989568615,-0.10946754876414364,0.05964381422461042,0.10453696327303703,0.04870243074333631,0.013956536997867633
2012-12-12,4.521597760897139,-0.9721345544786801,-0.7668583396761984,-0.9089879251259075,0.8290879153266094,-0.0773183733340719,0.07871130775704968,-0.0500542456895544,0.0014409038646010532,-0.03420146347611253
2012-12-13,3.6551434533545204,1.3100243267388982,-1.131380185300437,-0.5456205379219978,0.5026875096779785,0.01046708140598511,0.0585201485613826,0.07253240169606398,-0.0005990040772937518,-0.046785354995320085
2012-12-14,1.4138933271596292,0.34283163306668973,-0.27501786399599054,-0.39652736626650326,-0.330824188273609,0.02533715687259119,-0.07622420170864998,0.01379305021210795,0.011255967177142397,0.0039946795642465055
2012-12-17,-4.748661931646227,-0.2611307080301111,0.14071479653251656,-0.0007856990002606961,-0.1618143686765289,-0.13826831079257826,0.05038338690020808,0.02572179787455884,0.059178829206868226,0.04604246387700827
2012-12-18,-5.875634921664799,-0.2324086198395339,0.23128617023385833,0.6759595246801595,0.29133517064457753,-0.12402351729012566,0.15022115417934778,0.0420906042440722,0.034823411255439585,0.024222646798698805
2012-12-19,7.0997495782320525,0.4694118557165524,0.1703334333493428,-1.5985857633580094,0.08520055458280873,-0.1350030110015578,-0.0282737238304368,-0.04021838184829725,-0.0277272078538922,1.7318675520070554e-05
2012-12-20,-0.9028268093896105,0.3410939608338571,1.9438560259672955,-0.6381939308812747,-0.17265150468583013,-0.38459027305185634,0.10513525997549442,-0.024727512589142162,-0.019780728880314728,0.08239455551208145
2012-12-21,4.718718554891461,0.6671914252709815,-1.0323091101017112,-0.878375880880102,-0.811781373650983,0.20962012365226124,-0.2575658732072651,0.011276621608271649,0.02481909057813104,-0.020783513370699405
2012-12-24,3.402217747322377,0.5551111060034389,1.5477075521034949,0.4766980317861943,0.26227858741797555,0.06233143688308058,0.004118586321137558,-0.07698594949534739,-0.08910920757658795,0.0011438681600804653
2012-12-26,5.079364098903043,-0.5567962929511083,1.733473288064956,-1.3096625483253463,0.8731310266830251,-0.45372461188130186,0.1802989752375142,-0.08930902396842332,-0.017469153251506993,0.04889548629930146
2012-12-27,0.21095309159589265,1.032991576349837,-1.2747169604391013,-1.0560432430899027,-0.28401961088585237,-0.07403000076499922,-0.029601480072598798,0.0877607663769633,0.06159871528529166,0.011614178919614398
2012-12-28,10.390735060948332,3.4772923698534046,3.154452541313548,0.4308955419834427,0.4474154499580993,0.13381121115243755,-0.3980573415176548,-0.1804318908308987,0.012821674943429388,0.06942949805495634
2012-12-31,-17.31921319898076,-3.1240339210325407,-2.139111212397886,0.959512020276422,-1.280069106566845,-0.04360468088533869,0.36911017364100934,0.18231091448510572,-0.029609063200118378,-0.028512358214910976
2013-01-02,-14.516392254087496,-2.9454850673584136,-0.2524278995672255,0.36046595657517466,0.02659830608917705,-0.7826923925380925,0.2974355757062715,0.19319048360107405,0.10283347337566719,0.0202979391543701
2013-01-03,0.48303170704430765,0.0009723552952322402,-0.8403012185634192,1.0658123586283508,0.0678210772166342,0.5332222913679457,-0.11738179028311228,-0.07176950930638361,-0.005454753537997746,-0.041793336061370895
2013-01-04,-3.048514584869487,0.4152391262780502,-0.7414348222844603,0.340177990981423,-0.19275016263650693,0.07384666954602644,-0.015612123411277717,0.06975466059590194,0.06505021182857797,0.0010262909343318573
2013-01-07,0.7645756232877094,1.3515496223523427,-0.31049454228625945,0.14463831970480728,-0.03303194216687541,0.17120674117109874,0.021989268412504988,0.039630978528588184,-0.006723382575564716,0.00044188675166784575
2013-01-08,0.33019808891157026,0.09136586338468217,-0.06205895172089839,-0.06869514120513,0.06708105946394705,-0.002929491535645496,0.013482997322655666,0.0034773112594129957,-0.001086728678349225,0.00013711948076342785
2013-01-09,1.9514205889995644,-1.0784968786180398,0.03518949631195959,-0.5875089455499034,0.3100946533531407,-0.15225931900404774,0.010433960558863163,-0.046723600646737695,-0.00889227626422176,-0.006664270056445137
2013-01-10,-3.4660910735950154,-2.209196540261556,0.1923562894135907,0.4113844108178214,0.06051107090839065,-0.17650360250439256,-0.04061216519449883,-0.020719326494988234,0.013707462307859308,-0.005078797313020921
2013-01-11,-0.3357618078996782,0.8712669165089205,-0.7907856039790139,0.5332466296834949,0.41089713125432537,0.23946199374139754,0.09089728182539561,0.0276980277844677,0.013763752634644001,-0.02057616425873958
2013-01-14,1.4190078400094808,0.18963991666183108,0.4173811021882499,-0.002295753361938503,-0.05050184409827939,0.04038204984681768,-0.009113456712018204,-0.03431064561884506,-0.03674762569635002,-0.001062263844137347
2013-01-15,-0.9992398620369439,0.7578289687245864,-0.3024555368428892,0.4401067970953236,-0.10228139607583493,0.1544641259553059,-0.005304940396280865,0.03139703329114055,0.011589572500852036,-0.005144256362403166
2013-01-16,-0.42843057574127663,-0.6251866436561349,-0.46712496277888116,-0.7768622592463628,0.41399122895077556,-0.29199081600514315,0.10440918072653649,0.05148149818116064,0.04680669215386145,0.011921897465818359
2013-01-17,-2.218407729705631,0.07560642486229134,0.8497932066287046,1.0913843989429086,-0.3483473105038798,0.17192326204182778,-0.046491549503824184,-0.0455697089105344,-0.03864769228222461,-0.0013842360393711134
2013-01-18,-4.007990970137898,-0.8474787350703931,0.13382611549218273,-0.08981063038763214,0.026699959311247974,-0.33628674697126704,0.06616511705183242,0.0691145418784261,0.056741535405231865,0.022541642575965356
2013-01-22,-6.313469499388801,-3.118588081180655,0.6756653663154624,1.4542495818715353,-0.3407177174049822,-0.08222367235741682,-0.29112623979159297,-0.07496332972235634,0.02788047201551904,0.005290390846311905
2013-01-23,-4.280619671982933,-1.2316721537423962,2.5457910685472207,1.1866979996348241,0.044151646542083,-0.3787009859517305,0.12814360584715373,-0.01646331402899307,-0.138205159871006,-0.017764050471039076
2013-01-24,1.8459165329961735,-2.0850343107519795,0.07602096670750912,-0.23249574781595722,0.18803226804032036,-0.11745563265366304,-0.1757516836829516,-0.04274179384587796,-0.06736632556282421,0.012567623681734006
2013-01-25,-1.3294477732131582,0.37714097655059275,-1.3024214138543118,0.38080842442238005,-0.20225309730308763,0.3618767249273021,-0.17609705607394963,-0.03979474117425087,0.1282911051066999,0.021636877666563487
2013-01-28,0.6691348601801224,-0.12170175186335455,0.7812845401419896,0.0704179333428603,0.2059700756621771,-0.10163974866723631,0.13813815250543476,-0.004724838735974489,-0.08396794205067536,-0.021803594260159907
2013-01-29,-2.580734263467103,-0.004408284750008464,1.0488508598236952,0.8109586788409289,-0.2701709058049796,-0.02291773092957785,-0.0042142534488626045,-0.02540229608369285,-0.028843306033482976,-0.012784369613431197
2013-01-30,4.837822860722841,-0.4612841920498022,0.4024036780352489,-0.10695496139451066,0.34693742707807707,0.20407854764084785,0.06027489784428546,-0.1149076732925089,-0.11683735463619493,-0.020470128156631937
2013-01-31,4.358077497598238,-1.7612102905126126,-0.25964456266977937,-0.6049431974367581,0.320629987365739,-0.004773571431243415,-0.0906973077767757,-0.038045773329349386,-0.08414611055478863,0.011812107114962521
2013-02-01,-6.772798524393191,1.1819520723681347,-0.905489636918046,0.3977887595289298,-0.4754305879810539,-0.07531366459886177,-0.11542218727918702,0.10236355479445383,0.19778833243725408,0.030595281061465487
2013-02-04,6.1110495501035285,0.9731707253678358,0.721400093325086,-0.9601199011025198,0.22200512552349183,-0.026640294479998116,0.24950010696418568,-0.02354983320509266,-0.11836758363523797,-0.03787601499980621
2013-02-05,-2.64007034344254,-0.5082353251156896,-0.42251446959984273,1.1670050945344153,-0.10622372576911293,0.3498144758406486,-0.16166756852033173,-0.08219076077165022,0.04670962205120678,0.004582560995050123
2013-02-06,-0.2755821108455596,-0.4880786469507095,0.19834937492207727,-0.885487018933965,0.18967045956195575,-0.5016887583509727,0.08929337117193191,0.1317586106471906,-0.022822882050443742,0.012481833677238674
2013-02-07,1.36277265918966,-0.8130285282708068,-0.3305323892508596,-0.2977401621715096,0.016667632076210484,-0.0012038909047250549,-0.11281213931629155,-0.01207815828815915,-0.010771257066672497,0.017463917815287618
2013-02-08,-3.569922886336662,0.7647932305002558,-0.10828980710280388,1.2446822797770356,-0.1561114077498573,0.33446500608507546,-0.020129214310133633,-0.0634057483511796,0.07175225048487792,-0.010534696902563792
2013-02-11,-0.029575804707223142,-0.7550820275904366,-0.8360197076553495,-0.0710742826144396,0.24384608839885016,0.0453454808343389,-0.08312486808017895,0.001761493261926942,0.035438566317168706,0.02358680557048215
2013-02-12,-1.4671291210827162,0.6263134001849908,0.18367272956569647,-0.4183961566620741,0.09445451814897929,-0.32957157601427234,0.171845210734127,0.12645713096654781,0.012502810240390008,-0.008354489390321873
2013-02-13,2.085015012190337,-1.4089741130743254,1.67432784532492,0.13820794320681412,0.04365589403489985,-0.18314241614957255,0.01019529783997858,-0.05157141613078989,-0.18035627530750548,-0.01574608716877688
2013-02-14,-2.0471107046492385,1.302034915363181,-0.48068408205797164,-0.12134759384494889,0.12094363353387835,-0.0825106235831256,0.17199215958927336,0.09115964141174124,0.08013830220012337,-0.009214847558683244
2013-02-15,0.09928380763436985,0.971121624149258,-0.8710345190201769,-0.44779199436780337,-0.3128775287729973,0.09059358555076637,-0.07579518410316527,0.023921346699119807,0.10065250221688615,0.014519508666808756
2013-02-19,-1.3242493784034535,-2.329908620885847,0.7355853688795284,-0.08164993509816125,0.05994356744785726,-0.4889005761171167,-0.16610162238988654,0.08532051783165123,-0.0841279086768903,0.03593424767425778
2013-02-20,6.058138533020033,2.7633149248438054,-0.1427268441358079,-0.373266362289689,0.3659191164810296,0.5381642300028309,0.3949399053381241,-0.13527717222743962,-0.032173116960216575,-0.06673105564577658
2013-02-21,2.8533231927344604,-0.04540040453333717,-0.4185663671796191,-0.002456435745775657,-0.23264820890222423,0.3487754846419141,-0.16282378490316887,-0.10809787804355536,0.002175346737277298,-0.002166068843056791
2013-02-22,-4.466544169747544,1.3478722407412072,0.33011160709579124,0.5810837719345036,-0.23987732036494397,-0.06372751074393877,0.10444213152630899,0.06232678493570273,0.06276720436341295,-0.0005671255826426856
2013-02-25,16.090979567356424,-0.5942067245977138,1.7082836575696496,-0.8763182992503591,0.2446019952828279,0.46120407208670433,-0.027881401937580097,-0.27813681462589335,-0.2548212728049324,-0.03696347957290224
2013-02-26,-5.073703828694122,3.2478168212269063,0.14235990467455364,-0.5297421403718152,-0.27620853676280266,-0.3731876982724287,0.21068724802939384,0.14352034906123384,0.11716996909644938,0.05046705748804992
2013-02-27,-8.242832902712193,-2.465795750164018,-0.35163221468723166,0.3650094196044985,-0.005743957185042011,-0.5821788600356884,-0.03541058075952021,0.1878112121533906,0.0382496420728442,-0.013060075943172805
2013-02-28,3.671275285557507,-3.104029153694303,-0.2930883101910232,-0.33374069584643656,0.19288036872725758,-0.007034093228753038,-0.25389236458738434,-0.045286633938400996,-0.10796889098433485,0.007948677480412843
2013-03-01,0.33201228199841765,1.3335715521802003,-0.045568415126690236,0.5202717929534743,-0.42495450428149356,0.4198220547748075,-0.07710391304523477,-0.12078648898424332,0.05470554146395719,-0.010185034042274664
2013-03-04,-3.2545633704046235,-0.5680658846176586,0.0041676441898369,-0.30990819398649927,0.2585202016236296,-0.5002188140095403,0.1014388316861994,0.16669681804970982,0.007341362459954326,0.01112278544089182
2013-03-05,-3.1864178862151604,-1.824364690018641,-1.2201205631703294,0.5429158801480202,0.33319663021513357,0.03762377070652216,-0.18831402886308046,0.031185121990080382,0.05343271928563887,0.0404242285917343
2013-03-06,0.3738851656729473,-0.1610529832338916,0.15821487125576925,0.38719265910902484,0.04339699588337508,0.16474203400821105,-0.0065361288209700675,-0.0645747874335713,-0.023172598079492557,-0.008553128984692515
2013-03-07,-1.71658688865963,-0.3316895666048655,-0.07177866223578312,-0.5000199326092425,0.15228837718363483,-0.437576281635962,0.05860877864787296,0.16259344503713552,0.00813433827800071,0.01740854464466336
2013-03-08,-0.08819927527043699,-2.23227230805633,0.31329759495944726,0.4936435146981527,0.2642353457732658,-0.038318444901429154,-0.14481285624806453,-0.021805336216897144,-0.1037008595348136,0.034949455443626515
2013-03-11,-2.516871343326558,0.9708301917450856,0.4884411823845849,0.3903274562785623,-0.21452069620556258,-0.0641036941909872,0.06953233271311715,0.01937530101890868,0.0406922469971682,-0.02491956985637669
2013-03-12,2.7104826258672556,-3.147384208136927,-0.798022083219642,0.23869771478004914,0.3908949080884277,0.2848570090677073,-0.3484746716565123,-0.11875374659083575,-0.09226335532401657,0.09576277171880627
2013-03-13,-0.100341613019072,0.7788047263962379,1.4930806725770145,-0.7009932679763202,-0.37500386285091813,-0.597954805620773,0.16658354848022036,0.17734836560919187,-0.07677833182826649,-0.04517234421633218
2013-03-14,-3.6630301366620617,-0.8618358563074475,-0.7986327020849386,1.0896475554096663,-0.000411780735636195,0.3043979739719734,-0.31118835079155666,-0.10552387683715155,0.09967639003068034,0.07508159246180499
2013-03-15,3.022417117056588,0.26217805696863256,1.086086376843465,-0.5948216557436635,-0.24862980510534838,-0.18757236581497994,0.11665210826640941,0.02909800483500214,-0.11091706068234641,-0.04822302956790543
2013-03-18,4.995736702669086,1.79919276266816,-0.22896890592622543,-0.25048686214123556,-0.3959147036980006,0.625195349418919,0.03963142135935407,-0.2272724490502085,0.049380362201523136,-0.058870306061513646
2013-03-19,2.4571404065610314,1.429697146989759,0.5868389831521645,-0.6095359593377648,-0.24529675600085232,-0.05392655255133367,0.15372605351882163,0.002931476741026142,-0.010737795189464888,-0.04536221335806362
2013-03-20,-3.5437621108962425,-1.029795037873881,-0.21687672559058593,0.011345632001257258,0.07032832107543177,-0.3752102542789367,-0.10718443574346385,0.13707271055379786,0.011607782051612689,0.042635099540077166
2013-03-21,3.059534466169126,1.6893529595276113,0.21594280742711655,-0.44321656179367375,0.14269591765731765,0.12831610017958364,0.29422084695157114,-0.03338337230745157,-0.003791861643060137,-0.05871310282284977
2013-03-22,-0.848208015023735,-1.4851596685064414,1.0220722854896482,-0.06701394192724612,-0.3578634737470184,-0.4006830122624014,-0.19750947143337616,0.07593784593602863,-0.09020382830373162,0.02665734030403744
2013-03-25,-0.20027507938143568,0.9092679371001005,-0.5428031296752506,-0.0088433094672427,-0.01023667484197706,0.1708530299569016,0.03986219963414548,-0.033148135747563194,0.0705944003043025,-0.008556491468232771
2013-03-26,-1.12415357878714,-1.7295386881314756,-0.5401901334968012,0.25786830347091566,0.3641605457474838,-0.054179587644026216,-0.11319373434936611,0.04436037483444096,-0.03303000446578244,0.0480393810088323
2013-03-27,1.5072888255720316,-0.028478579759285905,-0.40371805920918935,0.01980194615032775,0.2906558238306489,0.2003891427674529,0.0828717286693059,-0.04536955441127156,-0.007294105315246662,-0.00997483692188385
2013-03-28,-0.8533917366285569,-0.449017377518552,-0.8992631015350373,0.15018210716176345,0.11991935493218525,0.14191087789920684,-0.12000455678618614,-0.021799625297718155,0.054053181223277194,0.036052899379174504
2013-04-01,3.2233008734486917,0.05136937670664329,1.162323540625534,-0.1675151704633296,-0.01803624204929296,-0.02862102858250727,0.15806641678478775,-0.02446544646033186,-0.1174116088064102,-0.04630265988238412
2013-04-02,-2.8072330555114196,0.06431214757307191,-0.7462570735747294,-0.07829018414900658,0.2947690478077371,-0.1924830086958981,0.05568105822556249,0.1131100262834151,0.06070353618883691,0.015768943278816318
2013-04-03,4.299697882095451,0.5585830864149702,-0.15148998015796206,-0.5880679142186915,-0.5119020855222411,0.2906479954820054,-0.15373182931200727,-0.1259059155380533,0.015262451264815074,0.0009093698660360707
2013-04-04,-0.1376790390154301,2.455571912463425,-0.49692131961688996,0.004063634433225486,-0.009390675678640251,0.2558080213090559,0.2006005543036256,-0.0443887696529618,0.11605091376811992,-0.05061083920877404
2013-04-05,0.8568425888470158,1.9169120537905298,-1.2463870843595126,-0.09805733521130147,0.0698662268922234,0.38044481148207226,0.08860872915645077,-0.044398286653398046,0.11839862910506678,-0.020023372028513703
2013-04-08,-2.5926095304552077,-2.6640550891566503,-0.3520436850561111,-0.011272314006251827,0.03894904547918734,-0.3168421847127954,-0.297009355649019,0.07126467781998776,-0.014115202748832502,0.07630430698422666
2013-04-09,-1.5370205170819546,-0.3691522628096927,0.4541816238109591,0.7927806477166492,0.14904141235630294,0.08376861536212574,0.03750410369348722,-0.03889817107382086,-0.03162365238861373,-0.01110851614359317
2013-04-10,-4.434356277889046,-0.23759753522619123,0.45397991089798245,0.8076575221987036,0.11898597568807152,-0.16370197771923134,0.04089767405838234,0.052665288568124996,0.00973711186241269,0.0015450982056347587
2013-04-11,-0.9191351838754392,0.5865077105522726,-0.9573336756452291,0.19048187664650088,0.4369992756776639,0.16962257109094306,0.1424199692978303,0.008090968306189165,0.0703270928936383,-0.014665043279445913
2013-04-12,-0.8035079376288893,1.9370146322175201,0.041878643534360854,0.2429809788445653,0.09600236063031256,0.12955827382202095,0.26595253719552453,0.007952878233472268,0.042431585678559786,-0.05108995062559912
2013-04-15,14.047816588258316,2.6978046645029026,1.2326185520699355,-1.1777155303752638,0.1590585263532149,0.49573394338901466,0.28302102386243844,-0.19827160704495667,-0.16575280117084745,-0.06479956376776888
2013-04-16,-10.626106217358972,-0.038811550150287165,-0.4899233069954217,0.5722805712028787,-0.28161510915020493,-0.44125092252855047,-0.0018891877838813863,0.1874648983288778,0.13739824311940899,0.030309763122657367
2013-04-17,11.356097273684307,0.9693231602336894,0.613678201471537,-0.7502424940836581,-0.27433203603187667,0.532160013904199,-0.1116008422209625,-0.21506802060616675,-0.10715026084844996,-0.02127481088655062
2013-04-18,5.376314477047343,-1.3983056629130235,0.35649931783093497,0.3209742396880963,0.12954029697538752,0.32587108903772144,-0.09414944068934933,-0.1166730693838868,-0.09398741682399969,-0.02774944436776467
2013-04-19,-7.682720321321809,0.9053359617036789,-0.669325558111697,0.30706186306356603,-0.5095051630689095,-0.15406144419165305,-0.07591791883573773,0.08230702702521159,0.1271885817300989,0.027458459666189122
2013-04-22,-1.3972913487773075,-2.888962355495927,-0.12810876818408598,-0.6143916780073829,0.3216764960362082,-0.5136361943280147,-0.06852371311864426,0.101282349561519,-0.05413399718445439,0.030169034324998373
2013-04-23,-6.352674211952644,-2.0055773962048282,-0.30033243579103697,0.6421649821998863,-0.06830165988419575,-0.2942053321451237,-0.2650572725189754,0.07868429938639479,0.044428463109533044,0.06450458787200505
2013-04-24,-0.17817503875678295,0.451939459971434,-0.35893893128319726,0.2503533674899812,0.38011695556284986,0.13261186023042948,0.16089882602986003,-0.0046533829063883925,0.013734968244853818,-0.024948603297616133
2013-04-25,-0.5136992633887368,-1.2692111474059378,0.7894388137792704,0.13869143771713965,0.28990862503934445,-0.2733016688550516,0.07137248347113419,0.059346807219512396,-0.10487460939983413,0.0022680097767912564
2013-04-26,-1.0723528762582129,1.3891678314126692,-0.8588560707356031,-0.14631706135871075,-0.12090985914461828,0.12025963478290314,0.013900351191866736,0.008465560404743323,0.12044270812229155,-0.003251091072247944
2013-04-29,-0.04491403659596345,-1.9911353935326228,1.0224920811329863,0.3903580732691499,0.14206962306844192,-0.18805708272736454,-0.06253000711273897,0.004575584464062035,-0.13812700191128097,0.0164776242788911
2013-04-30,-0.4155404352168184,-1.0434886802984187,0.3749931148051248,0.16932656024231504,0.09729126902261699,-0.12754086942563758,-0.038009600091145304,0.026541493257736963,-0.06237116200197752,0.016332073953561056
2013-05-01,3.554339900579748,1.3557392925162661,0.37323615867692805,-0.42508811150885584,-0.28542532542822446,0.1840116727079434,0.084460857119398,-0.07896466338125781,-0.0040988747793730285,-0.041881021974740966
2013-05-02,-4.149478138431906,0.6039180504513941,-0.721163026910881,0.6573765310040752,-0.07219037312134029,0.13312889133902253,-0.07337245780218135,-0.010270062644473436,0.12284484646462454,0.012371594193565939
2013-05-03,-1.655612036613397,-2.2441381518549903,-0.1387245779782291,0.07443898781718093,0.6918474868547921,-0.35868066796462783,0.030681135058660745,0.13701072262070788,-0.08676587051658731,0.040894246934373296
2013-05-06,-0.6602976481911556,-0.24547882794094614,-0.6449036925607684,0.05686903324565269,0.16160566348946098,0.06216338347957729,-0.0432327799800007,0.001935253142783345,0.04063346999924307,0.020282983421187947
2013-05-07,-0.572409905983752,0.18682565308931645,-0.3736411592347911,0.2327687548500201,0.08622317451945721,0.13706584097247193,-0.0007324445018928431,-0.0323999379016321,0.039705868007250386,-0.0013259582931220834
2013-05-08,0.17711466488227548,0.3678699611685616,-1.3586737445190433,-0.06561103938333,0.33826337592396616,0.24281854483092033,0.025207565628570898,-0.027861618842578796,0.09632215093241472,0.00202655572913396
2013-05-09,5.09628381754443,-0.8116545994684242,-0.6528117786872651,-0.3745015869394833,0.8213557447264124,0.22994608285563792,0.2505218689675291,-0.030160971781479282,-0.10934799127274963,-0.049376512105536195
2013-05-10,0.825193260776495,-0.6345760838901822,-0.5365570846254136,-0.24865586295661038,-0.1668987471410068,0.06779071235959061,-0.2090248790892694,-0.0347393982811553,0.02791400632860722,0.04701514565675563
2013-05-13,1.6901376848573832,0.933830656326808,-0.6952176383595117,0.1862022864156293,0.21150460941533555,0.3613905596632548,0.1154485676399571,-0.07911864693795224,0.04584521451075865,-0.056076541147349834
2013-05-14,-0.02024285618071709,-0.5240809181473023,-1.3689393078877463,-0.408284572119307,0.2986002708121486,0.0210803613531204,-0.08959595221274477,0.018261823988270323,0.0809044281179001,0.037075651501415494
2013-05-15,2.304353080494815,0.47798690934044263,-0.7725181608896133,-0.5499243950884908,0.18493268951991776,0.08343070439218743,0.08556017293664765,0.00956696168327961,0.025452326146764143,-0.031258664390709755
2013-05-16,1.6712899813584503,0.7991010386752642,-0.21538492625707134,-0.17796700082716277,-0.3599081610698455,0.17866075838985276,-0.09003628455694697,-0.05774370064519616,0.04153931469756572,-0.009831327070636553
2013-05-17,-0.8095733068947585,-0.38328367243349265,-0.4054710827644871,-0.1503029535036658,0.14146900669450085,-0.0799098346723643,-0.03589391325070112,0.026802214921155088,0.029597595006515917,0.02560773211169366
2013-05-20,1.8466936072645612,-0.8922420157344267,-0.6383902901644899,-0.014411513586512024,0.07655589551433606,0.2074339315526508,-0.1434513342645592,-0.07833233830549158,0.0064558989380259675,0.02752149297429075
2013-05-21,2.26530799912373,0.4940754382522678,-0.9420562833925497,0.14930417813726632,0.1303259708312323,0.3613166339941924,0.013020629614222599,-0.07931492326395664,0.050138084353935165,-0.044462832760230706
2013-05-22,-0.43458427005959316,2.491384226168646,-0.4999265175982733,0.03202556267012691,-0.05946280014690951,0.1031246719314616,0.1830541484265314,0.04872754441122011,0.08827825065903744,-0.08675332376030416
2013-05-23,1.984277689029177,-0.5378644659062254,1.0893070504876134,-0.794201190246661,-0.4094229489406032,-0.2639154831273087,-0.05292424384542958,0.029817319569035796,-0.09909264326864042,0.03539362700966263
2013-05-24,-1.3352617420620787,0.32167095178933447,0.7860793052517975,0.34842157901681947,-0.6396087748431907,0.02055026029122783,-0.1824193740977203,-0.045294791667653524,0.012801237581875813,0.036088702822862355
2013-05-28,-0.552059333569119,-1.0958953496211294,0.7675264048077929,0.13403879036727692,0.21406465114676837,-0.18002239751967863,0.06939224523024427,0.027420554297639718,-0.09529319587618273,0.01168013660971354
2013-05-29,1.9484891616837945,1.0834025971355814,0.44024478050313615,-0.3533276702404105,-0.2343136377542447,-0.009993191677466148,0.09581096107467284,0.01611791659474861,-0.027354430935090535,-0.04000988865350029
2013-05-30,-0.7448083911450446,-0.10863267503831987,0.22411878422058631,-0.22084043392121808,0.014701383609740206,-0.179211230269962,0.02887172144353822,0.04727252805431129,-0.011664303631439213,0.01156664691323741
2013-05-31,6.44973578041731,0.0699514885866361,0.47872298943082026,-0.6985639365795737,-0.2168877503288588,0.1276130074694407,0.03891011649426933,-0.03957941557928137,-0.10578872515138374,-0.03674723027259005
2013-06-03,0.46503355334703683,0.852034372010398,-0.5176744848062373,0.4379937329923789,-0.16927324222096773,0.3172251843077127,-0.07349891844329151,-0.0705357044654236,0.06309989332563483,-0.021421594321885527
2013-06-04,0.9139740434451306,1.3044138262531046,0.7920930840235543,-0.49256805820761956,0.02035766352254875,-0.21849522189869372,0.20688882112935728,0.07078599835040968,-0.03815655956021312,-0.032190981160442333
2013-06-05,3.821904345868214,0.8445404475016884,0.2989728817915437,-0.07330360784562046,-0.3681446473054242,0.22406012282141882,-0.058440962532354174,-0.05664849438570388,-0.020123272353023313,-0.02431548243103402
2013-06-06,-3.105574936771156,0.2561278680973458,1.1924520822582148,-0.004278981611182637,-0.30721002165924466,-0.31090886063108725,0.009976987441114535,0.03245632260716605,-0.013501847783890327,0.03435298311910702
2013-06-07,-2.9316171859087974,-1.0203646191481965,0.7301157099550196,-0.00841856442477147,0.34852217409040975,-0.4076588651813396,0.1423219931539186,0.08753327747759587,-0.05777575908441636,0.01916714404317418
2013-06-10,-0.5101918404515212,-0.15955922779043652,-0.8380172557020171,0.2908780519359685,-0.08286853509764543,0.22989096977679882,-0.13318479544826767,-0.04748467376510194,0.056141784515397336,0.005655740028862301
2013-06-11,7.619648994550298,0.7793823522928165,0.3599225403469533,-0.8109796704615849,-0.21995633270511847,0.18617154214617473,0.021299362815193366,-0.046906816358185256,-0.06227061721529145,-0.0357059782824339
2013-06-12,6.654515037547194,1.4454009437578703,0.09852085215785368,-0.4041911081181709,0.03823648385181609,0.2409777329930786,0.06545312872673578,-0.02903334854098073,-0.018518360656562656,-0.04956011936107906
2013-06-13,-8.008965375305852,-0.240811832188174,0.0975894105807437,0.48646221227498126,-0.42266896573925383,-0.22977662387364148,-0.12181676990181026,0.019790885270323244,0.06772105595966896,0.0573238014505739
2013-06-14,2.802668070397859,0.09651726461243283,0.682026414609681,-0.025133628194324673,0.1466087106014975,0.024728047535796955,0.08925202027756965,-0.01697420207247683,-0.05910260005018511,-0.018242466177051875
2013-06-17,-3.177310383727809,-1.2909224872806873,0.9205333949049025,0.7260350073824795,-0.06801346973542209,-0.11149779393485086,-0.030870329118555147,-0.019976921388944965,-0.051306818723756704,0.020592735212035335
2013-06-18,-1.4337129910118018,-1.4474331402929137,1.6213228954107175,0.5650237357142243,-0.23187088875781545,-0.1786952034254524,-0.05332299081893258,-0.025636165453256875,-0.09819341536147455,0.021369331059067076
2013-06-19,-1.7227462562142088,2.2164645861221657,0.11348867181090692,2.351990124596885,-0.8055852467335919,0.8859148888052221,-0.24693146202108157,-0.19511727910782833,0.10394999618915708,-0.03325392969988891
2013-06-20,14.937742462576056,1.9784054934724267,1.2285782359458641,-2.3043246467164398,0.11937907708534484,-0.14020908460600012,0.14798512201538483,0.03987934317022483,-0.06078681101787173,-0.02050001627114441
2013-06-21,-4.020625031180551,-0.1950969195236768,0.6169164107602639,0.422723763890795,-0.06602366688677197,-0.13719576045714074,0.03007792936184457,-0.016744257448207393,-0.006834339412820357,0.0171728109273999
2013-06-24,9.10278481455943,0.6189788073543991,0.27922835023915815,-0.471970561690311,0.02347153939845474,0.22258322624671573,-0.056878038819643414,-0.0017807955217014526,-0.0059787405258914595,-0.02291507762576112
2013-06-25,-5.36921332000749,-0.052553762275819975,0.6462926480653403,-0.16748433505373883,-0.28657576667170076,-0.3184551157261354,0.026380265450130207,-0.013633141911787154,-0.00022260831906424657,0.039312188546297935
2013-06-26,-4.648019507142262,-0.2861901033296705,0.3155526170796386,0.46693990541796,-0.21257823735583192,-0.1040698948980957,-0.013757952070127366,-0.014387818769286161,-0.0014831453924623135,0.010347531819313251
2013-06-27,-1.9535565442263332,-0.15821839702575655,-0.6691857453109438,0.7956554634324633,0.04137689622436354,0.24126824276224274,-0.04134522537785983,-0.012228040735670654,0.014027869727158578,-0.016490654750729878
2013-06-28,0.39340052199640374,-0.6923348564241492,-0.8021957181168716,0.9288893780589315,-0.02198774647591534,0.39192307988257014,-0.10715869636164314,-0.024173217863975492,-0.0008704621774517667,-0.024825616481462677
2013-07-01,-3.2417928567915117,-0.3255878368996068,-0.35226795332451954,-0.0919677046379237,0.5196087056922536,-0.2078949476866413,0.15308866251786082,0.03711977450243448,0.002331857267395245,0.001732258990474923
2013-07-02,-0.6924819320068194,0.39740280219684,-0.47942059359773564,0.7395859986042735,0.1349118587267259,0.23610816767960613,0.0015699631217685334,-0.0019874624144958016,0.014799314034770732,-0.021254541089639443
2013-07-03,-1.3786983053373407,0.15844071767297083,-0.0606277620972247,-0.05498870341658984,-0.17549907267201548,-0.03772842707858083,-0.03238261404044981,0.0013581749108135131,0.017572170798559137,0.009704968052928377
2013-07-05,-5.40116379378422,-1.0423334892427791,-0.04852468043136348,-0.07294738631501543,-0.2258796044913578,-0.26864118591310954,-0.07454910968074069,0.004454688441718783,0.028023452038716253,0.034909934842497284
2013-07-08,-2.7960904409482965,-0.6931188575814877,-0.15943772841178286,0.34133380606224906,0.4325686634462966,-0.10545167103082616,0.09490164473465397,0.023771996750053724,-0.007197464665783052,-0.0006871206707588165
2013-07-09,-4.909656170415287,0.2917147350238477,-0.5743349199739413,0.905050850364849,-0.06750076643888138,0.13198481580582214,-0.04826391203101542,0.0030405134554228864,0.06864233961320935,0.0033608451592914974
2013-07-10,-0.7625032389805382,0.08241565403168107,0.3542192992122588,-0.6851800301049015,-0.1456462910085886,-0.3171086249064717,0.017419956242640932,0.04564325480304215,0.003092582374286787,0.015493931048031876
2013-07-11,-3.0830656100652427,0.33095649329762383,-2.0820978182010217,1.0710212548773166,0.6878513442390317,0.4121576822217176,0.0805261505985278,0.033313303233859046,0.09371654923067192,-0.022751158316145898
2013-07-12,1.8944530249074767,-0.7942450967605394,0.04994001735668305,-0.22972101215687915,0.2618869158156604,-0.0340780752102456,0.026457925167961197,-0.0173690211013455,-0.04233400511174335,-0.00283032548299301
2013-07-15,-0.5956842036305899,-0.5594565003277795,-1.288868495286301,0.28680578441415905,0.33924256877854175,0.18664554728476887,-0.040385113202798265,-0.002133794458576405,0.05127579186959229,-8.292091558958543e-05
2013-07-16,2.8382419910435535,0.14099769021262715,1.1663180891458125,-0.640513452690204,-0.2824579542424047,-0.17581545817235716,0.02187926495841186,-0.00931837985635609,-0.0730927827807055,0.00023715994443121165
2013-07-17,-2.9452643128639915,-0.6740520540160554,-0.33553026244407325,0.2198958888132833,0.046961803827504485,-0.06976666512405456,-0.06756608169311491,0.008163476551800252,0.038823248277968854,0.02595044203691322
2013-07-18,0.3925480444070954,-0.7868534606516359,0.35533116583734203,-0.07536294134880574,0.21283711378926481,-0.11539832323358068,0.04617884044845302,0.0029292960050836953,-0.05047247080835465,0.002751859353579758
2013-07-19,-1.3430299673144286,-1.2366576811773085,0.6229664897842463,-0.26118574505884057,-0.41988726076277133,-0.2680374065557613,-0.21757208945555567,-0.0011722284436025553,-0.019191595865192132,0.05716707949872481
2013-07-22,-1.9688269817098842,-0.5284830968071982,-0.0641072721535222,-0.11597422051760492,0.17333475632570064,-0.22884685847049702,0.010100670597582498,0.06005375482133615,0.0005369206704182773,0.01947909482930574
2013-07-23,0.8658183837077084,0.8066828380994111,0.10238811725279501,0.0007599691014664678,-0.051191435537269785,0.08786675268759886,0.07852279261556093,-0.011188998111597848,0.003967502429029368,-0.027055928639907724
2013-07-24,1.6656032719693563,0.08349179174011487,0.5259230644617146,-0.43811865821444257,-0.41537374699073126,-0.07869622871287592,-0.08939290160279749,-0.011654591333029178,-0.02359607592633237,0.008450701534861898
2013-07-25,-2.8112816380574395,2.979290985483145,-0.7075275545526882,1.0510454678843282,0.03289727296186622,0.4399845515908498,0.20826086866264304,-0.0005591872313666754,0.11728591559637314,-0.05953779835970748
2013-07-26,-1.1618931164303685,-0.3792649043748559,0.5685011017569633,-0.1695635996739266,-0.16557268872969125,-0.22326448486564812,-0.031793816021803166,0.016036666473616377,-0.013083396844741151,0.014653933041555708
2013-07-29,2.6821986045301927,-1.3120166746801607,0.5205034378120529,-0.6175487113973445,-0.12312280396549898,-0.17841337829272325,-0.11727474894587689,-0.019169730887960548,-0.071780884789921,0.021867380523875626
2013-07-30,-0.12177928883786589,-0.878028779180774,1.0538825238937672,-0.5865489370807669,-0.7304892198065833,-0.37705636043459206,-0.2621518463929178,0.016173340875396194,-0.03860279917949943,0.041259189998657554
2013-07-31,-1.091900864590011,-0.05716648269766796,-2.0181614694973935,0.8360661169452814,0.697139082380151,0.5282037490790548,0.03532425238034849,-0.05164932868261346,0.10248200501436515,0.005848741082692643
2013-08-01,-3.5593289447954883,0.4396574593039814,-0.04623044422582162,0.589520348527749,0.821057135386782,-0.1353872093543637,0.3670098338270789,0.09296528130207993,-0.008828457754623665,-0.04622517550019792
2013-08-02,-2.470918664146197,0.11019474024122619,0.1523133116453561,0.33430044713444157,0.08530375198089869,-0.08929752864938571,0.05687115447516482,0.032398887553695285,0.014153492353800845,-0.002468716256998373
2013-08-05,-0.826439412949908,-0.2102103384429186,-0.6174708585250378,0.013825734864915281,0.13369595823617683,0.02396904080408351,-0.03424171331240661,0.015048629829741821,0.04150765104391934,0.01447805006636305
2013-08-06,3.683965802023496,0.12750562043862776,0.5269763423648588,0.1171138949146573,-0.06385781862064342,0.2414010007584601,0.029620284532035558,-0.0883639169490831,-0.07572424020056319,-0.029945140355088322
2013-08-07,3.133705147852964,-1.4093895191668573,1.1892210246747716,-0.6056863045801263,-0.2492908136491648,-0.2520576552231358,-0.10204642234206049,-0.013349547061110648,-0.12327264088067307,0.02063661275625828
2013-08-08,-3.7722530501282026,2.5865189279668668,-0.2771145458932199,0.7833555394559576,0.03485354538261478,0.19809845454427996,0.2213245435774083,0.0208724328662532,0.10455469325063174,-0.04639766673814769
2013-08-09,1.3356289364114389,0.7519490839064947,-0.6668825140240238,0.3673575133695979,0.3280724358958104,0.31572907578578735,0.10156051487854761,-0.020198120726837045,0.011210868018942829,-0.027741749461362177
2013-08-12,3.253348916448698,-2.6558719964465527,2.108510975642754,-0.3136483135453212,-0.815825380775569,-0.23249999323662626,-0.3589947846320678,-0.11693637290019225,-0.14251383397413167,0.04689062317331897
2013-08-13,-3.098276240901901,1.75292289212416,-0.662996841749828,0.48172174166131015,0.31138740404671034,0.11168152202813059,0.21517004112037186,0.05041109254627769,0.07767590750793642,-0.031813788052774336
2013-08-14,4.5248854737411826,-2.2206598764344085,-0.1865155147873007,-0.5346513968269392,0.2561032529149878,0.005454978455778454,-0.11172484659502623,-0.03505503614774765,-0.0877655454557085,0.023943765879511948
2013-08-15,5.160035564505114,1.457139078870598,-0.3025483424952376,0.13256809730956876,0.2018496199787316,0.4248121567835243,0.14685978817594111,-0.03858711863356733,-0.006812546727806915,-0.057318782784903544
2013-08-16,-0.8679764662681109,0.051407559119337025,0.8363121074548721,0.27282339014086987,-0.12213101227581773,-0.06761718519862493,0.015330464891693664,-0.017381978048324816,-0.024504592471930937,0.0009174334941820315
2013-08-19,1.9157780560954711,1.1088835329253701,0.9051889720310435,-0.027501020469467886,-0.26104945235266147,0.028267634265206468,0.027416416109004457,-0.0223973748760523,-0.01422789930517355,-0.010007260594875316
2013-08-20,-1.242879861704896,-0.29015507674018565,-0.3874159874613572,0.12590367087757598,0.11777128403880235,0.0071268534333203395,0.001992640826065034,0.009554661254253926,0.010730766762133644,0.0008994519741207189
2013-08-21,2.065215520685211,-0.5935340105417778,-0.49975229892746076,0.8153724478168791,0.4562063776673978,0.34683064302822053,0.0424917109799627,-0.02569237848677658,-0.027807208113736107,-0.0312846554675996
2013-08-22,-4.653866773694998,-0.05786815565197422,0.5473734649194444,-0.02741251701322361,-0.4148380769928253,-0.2613912333971459,-0.07859409713643953,-0.002290121060034977,0.026579191290146,0.033135078550329766
2013-08-23,-1.7277297745304958,0.16459964032066768,-0.19704939648299533,-0.2043072997961736,-0.3162434740404334,-0.08035015952715423,-0.09400697150217525,0.010518936848938806,0.04030244844150376,0.01764812024640471
2013-08-26,3.386593354828801,0.5961706320162513,-0.5131649845370608,-0.033570299540960566,0.4850578453596696,0.19243538310066655,0.14811948897034613,0.01698310088042375,-0.017655120154437976,-0.0333242253290193
2013-08-27,9.983574972579143,0.6278487932782698,0.344436936185961,-0.34074875019741724,-0.4371975520362711,0.3766516017531522,-0.13124263146074167,-0.03236210814964718,-0.043421794968032494,-0.027410499949006274
2013-08-28,3.4403110274178412,-1.7453868864589037,-0.6324775835839779,-0.5521171385459952,0.246286092029887,0.020585645428800987,-0.010203208834074544,0.0031812931892339956,-0.03305853963061464,0.004137259384477446
2013-08-29,0.8885548081953113,1.762984732594685,-0.3505114794422334,-1.0784595674676474,0.045583492785684146,-0.19571195819391923,0.08125822100759417,0.05647291072927656,0.04182138855209693,-0.006849083890110051
2013-08-30,1.5344365553247576,0.653007102433728,-0.038448154476379066,0.3069493231077722,0.037652447231745205,0.14131276302991758,0.004039048974786435,0.006902608847036077,0.0015682143050846566,-0.021235561847943927
2013-09-03,-4.172016795734588,2.190011064893673,-1.2179292796904604,0.013923802366006766,-0.03635048915914922,0.00901172116272416,0.01731536750012787,0.07282559708759281,0.08063237112054747,-0.005602135287319966
2013-09-04,-2.449977904064866,0.722787023242091,0.17748381158008036,-0.6310719963448578,-0.1600416118681014,-0.24369229530208258,0.03958236955684522,0.02451898638016243,0.036496548965853096,0.033712647666477545
2013-09-05,0.582185363152425,-1.6064557543506255,-0.6139043864954203,-0.0544427531511503,-0.06461770707347199,0.08254506729595887,-0.10330279521735307,-0.032347697966130504,0.00220664921331155,0.00027176156522092283
2013-09-06,-0.6643523761247712,-0.015107445542263473,1.2264299855852858,-0.47265786988031455,0.05372557343421579,-0.3319935511546278,0.10633271506296779,-0.0018431341341316333,-0.03077612221721479,0.024425146767045977
2013-09-09,-3.334738916927899,-0.544365846875203,0.46420647250110836,-0.007075361021355929,-0.03211373115332198,-0.24727330238601136,0.031104824301820568,0.010778543014849845,-0.0024034414272142385,0.020834225957081915
2013-09-10,-4.589561895162911,-0.8102954859788386,-0.8596682706267327,0.6045815952513699,0.030312905265462483,0.04681127162709645,-0.07734762384978201,0.010524656209169255,0.050292150208358415,0.009440574442399586
2013-09-11,-4.272802956672726,0.325821508205778,0.4056621680461815,0.29891842529522566,0.04422406485188046,-0.21399876527873393,0.09205718561305026,0.043445048569650244,0.01919670096766938,0.007409538814541656
2013-09-12,1.8505017295469184,-0.6388135218842579,0.3409269459405153,0.4837364449517228,-0.1916777643559787,0.23676202970355267,-0.12122567948233066,-0.08190323354703803,-0.03628981287416724,-0.00492199775328676
2013-09-13,-1.4792970829459542,0.5118100959130234,-0.1830321110465723,0.1629888991767561,-0.02902278725657421,0.017704518307784675,0.020110611732688667,0.01764308052071527,0.02828653800703118,-0.0014423102384853942
2013-09-16,-1.0673830260192159,-0.6992217124855693,0.15320837149412725,-0.16094930561748114,0.1308411971974695,-0.19037096513385707,0.019555594605369625,0.019462558197421126,-0.013087314421526592,0.009907175535474226
2013-09-17,-0.06135259587673404,-0.44594865954322754,-0.11344309994492406,0.31548855658958275,-0.2504080080317982,0.1514859039095765,-0.14531168951973447,-0.04574189796957991,0.011733770922086339,0.009821749070294596
2013-09-18,-3.4114241977869035,0.3830733222758549,-0.9460312078212114,0.4179562683405371,0.21805126161133107,0.06562995894651116,0.03841538266291855,0.044891258556969876,0.07403761842885373,0.0005431747371689282
2013-09-19,0.6514207730027468,0.4464654862814849,-1.3646441283795845,0.024162418880827048,0.4462854758092352,0.1974272723750292,0.08001583983109861,0.03621464179644376,0.044763949188476315,-0.019217930773750943
2013-09-20,3.706403859212191,-0.08248624008488599,-0.03670533803167849,-0.847681742441465,-0.2311061423534885,-0.027908928853998517,-0.08182082811759861,-0.015471236486127075,-0.01650111980252945,0.007587720013152125
2013-09-23,2.781237652796037,-0.4171925770510355,1.0284420640201648,0.3105513118871865,-0.14348901150505805,0.11569907208036448,-0.02484355237445658,-0.07120112524721531,-0.0831149966869078,-0.012117471557319546
2013-09-24,-0.9485651909934574,0.07911516604499924,-0.30467302962374126,-0.3148104331535225,-0.14753558174457623,-0.08345849082666175,-0.054361396588499276,0.019841228728432216,0.03786762501010534,0.01683436689553409
2013-09-25,-0.6105927030151347,-0.8317887629539442,0.0331388495092135,0.14405119747743333,0.07526419165867812,-0.02328013698748648,-0.04497783915389048,-0.01883856789503916,-0.009288452359051397,0.013779560132414515
2013-09-26,-2.0624375673938586,0.5731343559711556,0.16282798894239395,0.03925173426243274,-0.09262851214955285,-0.10386092879574071,0.03771525896721232,0.03096553611479367,0.024081592096361164,0.0005250917204188346
2013-09-27,2.808956179473303,-0.2872796709361759,0.6888348543551015,0.005090826018578608,-0.25944948075250274,0.0926669100087669,-0.0713145567769288,-0.05902944536072049,-0.05378156850697499,-0.002427928617459936
2013-09-30,5.402899681402037,0.9252752206990181,0.09062893935783913,-0.24471858392982693,0.27907209943886035,0.1759975378074609,0.15759969675657304,0.004511682901706705,-0.05499176335956919,-0.04546982191293161
2013-10-01,-4.6868535015839266,-1.1771860022238925,0.09137543259615143,0.3084340825603409,-0.2663908061260182,-0.15016151596881797,-0.16259469250790504,-0.02112910445442095,0.034449874378610044,0.04429834995608341
2013-10-02,3.3501205348116008,0.28443956201004256,1.25706005701033,-0.02788620305784091,-0.267062178548136,0.03262086010329586,0.016500926794178902,-0.04385972473333787,-0.0689270716976563,-0.015536281117332712
2013-10-03,5.539101269518329,0.7066042434646098,0.4094935966245487,-0.44766712388097335,0.029339587459222116,0.09581272394321774,0.07119790316896904,-0.002384207727015515,-0.0407642320205889,-0.022463457772106548
2013-10-04,-3.4239560374691465,-0.18803705580707095,-0.5222806325915367,0.13181161234567607,0.03954505125989751,-0.06450781380886472,-0.017739183529480278,0.016864585419017322,0.03583239003015742,0.010881307083667805
2013-10-07,10.29858929112471,0.22731330910735956,1.4428714927512787,0.230258089731682,-0.08593463685275142,0.34970359793399924,0.007717286746143697,-0.0497369316803861,-0.09417673627216076,-0.03667820882664046
2013-10-08,5.525198698259631,1.3750638467738738,-0.05341469420818345,0.4934181980801889,0.10195345503985004,0.3026769323615775,-6.355375749419484e-05,0.05016051783779433,-0.0026649052158408382,-0.04412992136539657
2013-10-09,-2.7894864453151063,0.013302334563161737,0.5320023627248507,-0.09363903867725286,0.01606923589638212,-0.16714792003954257,0.04813204162721725,-0.028946623991813233,0.0021667355924571913,0.02035141187748414
2013-10-10,-11.685344168763475,-0.965164202883085,-0.1772459904013433,-0.2351721527357104,-0.16160704501953704,-0.5129672815458564,0.027752367368579257,-0.014512234050527928,0.0393026770746175,0.04864484357995714
2013-10-11,-5.166498222731556,-0.26378632533568974,-0.3548639978128529,-0.07571378251338855,-0.29745249828642395,-0.21395215243560803,-0.08856681003747276,0.025595070073957647,0.050278100628288476,0.02152243944579254
2013-10-14,0.5212296954865915,-1.9226927943810879,1.0562121581583859,0.18601380617255592,0.028490894791064942,-0.15680757346816973,-0.06401840090752282,-0.041282319933727565,-0.08564110314432054,0.011752347520961482
2013-10-15,7.892481149556912,-0.2230788223685343,1.9081133201151792,-0.5046978649499803,0.03475546326677602,-0.04744893468177402,0.115358251304214,-0.034443299046627865,-0.10574184284770559,-0.013045348561209598
2013-10-16,-10.21568518627862,-0.9147529862831912,-2.749420947782156,0.5849642316370276,-0.2098487257667719,0.05619396274152301,-0.34570138827842883,0.02826862174092921,0.14365969054473487,0.05539171399895388
2013-10-17,-5.660404768816166,0.11423780509473168,-1.1729057936901335,-0.17262672664027504,0.23753881931066106,-0.28317288610863767,2.8588862884237073e-05,0.11103832039566525,0.09374560720424308,0.025296514356722713
2013-10-18,-3.820839302503681,-0.17819001843169355,-0.8732717658822852,0.06814204137656915,0.14158527349272126,-0.13065044779814974,-0.060303927196888714,0.0663983592680109,0.08145178585488573,0.03230333326520309
2013-10-21,1.858667273011668,0.23716681852223287,-0.3165100989407927,-0.23245802782964575,0.2260873862480403,0.08164831609089346,0.10221906739144877,0.0027163870118561808,-0.012201240834730304,-0.01703605516766827
2013-10-22,-0.13062122524138173,0.7096299415314159,-0.874862829914424,0.1208074374445481,0.244636282908749,0.19120476445786422,0.08923702849459925,0.008550121505128471,0.05443848524706519,-0.015041015939962944
2013-10-23,1.3337306504877475,-0.11425918482680439,0.7585856222623577,-0.24552323240846718,-0.18037884476047394,-0.11430421307330306,0.0005141883102756478,-0.007442588769836316,-0.054410131381300846,-0.006056488997951816
2013-10-24,-1.5020054245310395,0.3944554860101838,-0.2688090952488902,0.14257784306862945,-0.07946833104147152,0.025764626725795093,-0.017343185239483947,0.011857551424756321,0.0457286935919936,0.0031222373750205063
2013-10-25,0.2819450493205326,0.5087373995345003,-0.24941774422701368,-1.0541177112682607,0.18951397369539513,-0.3727724630004364,0.15386820568458018,0.12795839133894493,0.006752004842480418,-0.005403131125842952
2013-10-28,0.34450863603946236,0.5297509141318222,-1.0613467531215475,-0.5509179707618843,0.15686160073447208,-0.0034714067158349393,0.03637046259393881,0.056767926079287115,0.06659411812514981,0.006763545421050137
2013-10-29,0.629719932791406,-0.43874799085608845,0.36251754725976904,-0.09315231050261538,0.02614034994132285,-0.0849324570016324,0.0011118163434958538,-0.0006240496647311128,-0.042082385728984845,0.0007889483230065287
2013-10-30,1.4012544698062919,0.33160652484697223,0.09394584747345773,-0.13155281930940213,-0.1397632385784237,0.07674442525492964,-0.009370199555809195,-0.025930643663748525,-0.006892713405641358,-0.006997588442192538
2013-10-31,0.9351759899486846,-1.3613010741405853,-0.8832107011670619,0.24817420137695315,0.3903084763743867,0.21066197938932524,-0.09875764721857502,-0.05032376760552807,-0.0017194147841915178,0.024002518982384712
2013-11-01,0.4582182187565191,0.6448733797502912,1.5085171920888876,-0.3111300829217466,0.3012216168782347,-0.3996153487497652,0.3609655545727211,0.09311895110691379,-0.11313945378195296,-0.051109227038435665
2013-11-04,-1.493693117809959,-0.125866864793258,0.7014470953383241,0.16861145468563027,-0.27024300182208216,-0.14909456537209373,-0.05061808090009509,0.008508104809150409,-0.015425998804353861,0.004468482829493508
2013-11-05,2.619836775445608,0.17138672162203403,-1.3754387753521986,-0.3158381648366382,0.2585904113997242,0.3069029252611572,-0.012176364988310106,-0.03174661327726204,0.047214613337345314,0.0014153489668898285
2013-11-06,-2.286335249265126,0.5091961625883363,-0.8792095915899907,0.48662375220137777,0.17525457251731238,0.18242347444713222,0.01774168340180187,0.0003430278579499622,0.08057331201242753,-0.0028518341020068966
2013-11-07,3.7248701848943537,1.0626296724206012,-0.1537483612584579,-0.08325894608604445,-0.4021820105100914,0.36274639598783903,-0.0814515108283212,-0.08234423115362813,0.009786710904762652,-0.01858156489404051
2013-11-08,-4.471657582000337,-0.0588782751035136,0.31014082954899347,0.40614756604843644,0.17398074887949966,-0.23769480450984515,0.09854278526862921,0.0642695342595207,0.018009223533630905,0.005737344051081613
2013-11-11,1.321957962139478,-0.47134774071889174,0.3790711182690392,-0.34617407492278546,-0.03591906290924262,-0.12320302522682212,-0.015224829177584285,0.0012531471901802286,-0.042627735826080704,0.004889561818832717
2013-11-12,2.6865271360732237,1.2102947969192674,-0.42907322822723937,-1.189189528658139,-0.1179829229174556,-0.1268238074070658,0.06686500947335146,0.06486852303068497,0.03058251926099616,-0.0018174714620872946
2013-11-13,-0.38721602446131814,0.04744423422677417,-0.6693713860007953,0.09241167608318968,-0.009151527759875837,0.12968937432856317,-0.06110138237350851,-0.007235146806259501,0.0456132774713081,0.0049508934475001026
2013-11-14,-0.4989401467774695,-0.8701699108005138,0.6656625813738465,0.451082566855382,0.15933978853074662,-0.03971474407739768,0.023538920445943103,-0.027053593770908935,-0.06250759138030489,-0.0036182917919724356
2013-11-15,0.45575298465903774,-0.12366817004210653,-1.3543765335580196,-0.20403685844322098,0.1274417030259149,0.1658585952283868,-0.08676760301143688,0.00126554192323673,0.07231209854186493,0.012365099482799229
2013-11-18,0.3439836336570345,1.9926536096123995,-0.12692443957613972,-0.04853873937624338,-0.3564355308153676,0.15517533127345182,0.04689578633406638,0.012769191737110922,0.05049160030137947,-0.02029776601133155
2013-11-19,3.193179156652062,-1.3320786948677976,0.29100673431320506,-0.4025745603747063,0.20243957221827963,-0.061422161914144874,-0.023931614584993877,-0.038041710764297805,-0.08133315613146326,0.0019517096866177703
2013-11-20,-1.2624238357744453,0.30554817004315304,-0.40034086333912083,-0.319820566317854,-4.48422450758606e-05,-0.1286241694461501,0.01305299784446841,0.05609611977534845,0.046903178778677994,0.010918980383892243
2013-11-21,-3.720198765834024,-0.1728696373378617,0.21871221453591805,0.07054368416940926,-0.40666913333068666,-0.22492585253573139,-0.13241257984969812,0.04578565939889722,0.0568027810614786,0.036187924656565416
2013-11-22,-3.684615746451359,1.1933912960429403,-0.4321704406554487,-0.2673761347769609,0.15318453462676307,-0.2941668473206572,0.19340041269935515,0.1613803691763952,0.09054171479633291,0.0009659299110149138
2013-11-25,2.5854753870791107,-1.2603315970177504,0.6213226122758966,-0.5666504839060738,0.11140581393907135,-0.23451260454314823,-0.023115249440948483,0.0014306171097781596,-0.10365886062283955,0.0060654825985775
2013-11-26,0.26793959060316475,0.014668891921939974,-0.4458696222154158,-0.27210812039467,0.2732854738889937,-0.05610652766122851,0.0768827845869644,0.04355897344068368,0.011925930731102817,-0.0008647809804664963
2013-11-27,-1.708831170293164,1.6548243442882917,-1.5479617413536875,-0.06537914493600516,-0.5355867961720394,0.2952312967685472,-0.1754914753707418,0.006487909507015967,0.20268116206266093,0.022958491305115444
2013-11-29,3.05140608907313,-0.8648492033425743,1.4071971573753737,-0.2699103434221352,0.18925250332882856,-0.20241350491250415,0.11613198194602986,-0.02897884152654872,-0.17230123644099488,-0.022957611863741893
2013-12-02,1.3464972117372198,-0.3494206934180671,0.19431184549654615,-0.04260829378905902,-0.012842507568264164,0.039150969502066243,-0.029600928377717124,-0.034265728815615355,-0.03735733584586298,-0.002153642972738027
2013-12-03,1.0355755086787848,0.6663272497540392,0.6050717863927116,0.14185496577767945,0.24591031784958883,0.02405101305403712,0.19908420262820611,-0.011463420275688857,-0.05486923458792056,-0.02909444969496311
2013-12-04,0.10407352097823143,0.23920681697190788,-0.17295737543333833,0.03173239713090706,-0.35474995044166757,0.1237677455802426,-0.12728377465672447,-0.03500385164036393,0.0335898957105293,0.007185715313447953
2013-12-05,0.20800396538670882,-0.79922534382518,1.0757725500414586,0.4085450410977785,-0.10928729773422448,-0.03663343892918219,-0.03753779865515298,-0.05316848131666119,-0.08135191599288125,-0.004471000283219298
2013-12-06,-5.79807402171614,-0.9814797706245649,-0.2258582800729052,0.2120543239768936,0.06449385287247036,-0.4258508925826534,-0.060583235837409884,0.1467196712872946,0.05851317404774929,0.03519558858782454
2013-12-09,-1.0485405057865553,0.2543746791733398,-0.3856844051522634,0.39692092422893116,0.034612845719137184,0.17540093291544634,-0.011904657435941525,-0.029376820458256247,0.04328153860252212,-0.0006464662851496026
2013-12-10,2.1377164284273094,-0.22747300880426408,0.7222800115891189,0.0014481683451587572,0.11936131027303441,0.00899959903210078,0.08288503087431602,-0.041295835669648596,-0.09089405235265305,-0.020912109590550086
2013-12-11,4.15630860336726,1.7447925770697803,-0.29442433135066276,0.27419809469281825,-0.017623650508561337,0.6006393645180728,0.07733991611208631,-0.14075859177296957,0.00387461652145443,-0.0380416962671927
2013-12-12,1.1783443994837137,-0.9442438538765516,-0.138275799295057,-0.2628391311614836,0.031769127268454656,-0.04266683031386931,-0.07993711720271522,-0.008417202217047157,-0.022072787793973835,0.009781976834031779
2013-12-13,0.7766066347875723,0.5337988285745269,0.6692704633931226,0.07879421980660217,-0.14055729817146856,0.0163031583134891,0.04295209099300875,-0.02528611636559769,-0.029173205508788446,-0.01057172977112703
2013-12-16,1.9145060284967754,0.05625730485480945,0.1467984035781787,-0.33955695596494223,-0.01834476388430118,-0.016445361615464598,0.009551301656901306,-0.006774589885705332,-0.023032842070499583,-0.0019939312628463237
2013-12-17,0.8024956268429976,0.47006769266599446,-0.23273416253322257,0.10048122632664619,0.13033001689866566,0.13682522136018493,0.04740041400792657,-0.014904039202315969,0.007070182647269381,-0.010006189780425372
2013-12-18,-8.895544101850556,-0.9099130416017619,0.5428919062394962,0.455350819674874,-0.08255856556959429,-0.6338716416645093,0.017841465619260487,0.16691640171766425,0.04376367123127235,0.026785343696031843
2013-12-19,1.3511961691318386,0.5645555724656763,-1.2101359336964004,-0.23763801975744556,0.097178193485162,0.2565518288037748,-0.023844542687161227,-0.015841602203861712,0.06608857654513368,0.003274295305245206
2013-12-20,-1.796179534450388,-0.49888880354998105,0.2188895339591653,0.4002997357069475,-0.20723663634776437,-0.010159577016155077,-0.10931808356873052,-0.015388439334301953,0.008864567509897897,0.01016208899926534
2013-12-23,-1.3780631305074538,-1.8275149059778741,1.3698656436975407,0.02513900234696108,-0.16479488363505207,-0.46935784744402576,-0.11728388896523875,0.05015600603009343,-0.10357694085881843,0.01807509451130982
2013-12-24,-6.488052947379726,5.884513063768032,-2.733720295655211,2.0552206637995543,-0.05565977882866035,1.166188967152767,0.3817017480787811,0.0575571903126374,0.2971963738757648,-0.04743988326529351
2013-12-26,3.2497300869407897,-5.005340334799059,2.1668731222188637,-2.2690402665861518,0.3694706168420981,-1.4510158729036167,-0.16950516046037284,0.10837547763863895,-0.21783684134321202,0.043551477053783906
2013-12-27,-1.6347356405620468,-0.3400788765439435,-0.2707098333360858,0.25997150763775717,-0.14896428636189943,0.024840741814795973,-0.1326962543802004,0.00024288496287343193,0.043490610426817754,0.01967306955947252
2013-12-30,2.3090270157588595,0.5227296901101213,0.25399795293604677,0.529028320625562,-0.0836849614799863,0.46522797420961653,0.008837262639355744,-0.16821333276269215,-0.03521579805954756,-0.027352442617691593
2013-12-31,1.7422629331404713,-1.1992728942685846,-0.18699279491448198,-0.19404963643810771,0.26208972037575046,-0.014552733673702353,-0.05872430591991532,-0.015207431426642269,-0.05046399384647599,0.015343649984372747
2014-01-02,0.7020772612255883,0.8539980746399747,-0.21094435390268756,0.45170275385740805,0.23664238113461797,0.316071355076206,0.14120115104667558,-0.0645335369545472,0.007289341073598793,-0.030508341966397647
2014-01-03,-0.053791606860930354,0.20564419028409964,-0.5086961918264756,-0.15592715189092804,-0.010063211522826965,0.03807802783374428,-0.0244758467909505,0.013399666768792265,0.0399534507150748,0.0069275944642848445
2014-01-06,-1.4527909358642674,-0.6443898847446383,0.1957861579363435,0.26385826242149374,0.09890623859156221,-0.09829279865426131,-0.014415374968361904,0.0162729320541078,-0.014627679186469077,0.007432294907985167
2014-01-07,-2.829916578310686,-0.5676346971802356,0.0913340019376452,0.2461403635185511,0.1718374386092327,-0.2212468508836784,0.020613175799275976,0.07272546562039181,0.006692464178964501,0.011876293190848083
2014-01-08,-0.3148596087060934,0.18895846657194648,-0.02555027288497759,0.3749047194934033,-0.18218772075334413,0.1903327829470722,-0.07281545842069116,-0.060637029114587224,0.021759661912642007,4.228682462450353e-05
2014-01-09,0.6174880951869997,-2.2640030463442073,1.064250624224053,0.2506863325828995,0.04195253128354023,-0.19759843300272745,-0.16101422192578144,-0.028384474318455675,-0.13926399861770478,0.02862888095668526
2014-01-10,-2.099436314357925,0.3164627914459059,0.36132015022546876,0.7604473507964616,-0.05422794060780359,0.11537950960025911,0.027444948255850858,-0.040331308364056614,0.013694349173887904,-0.0173445384277582
2014-01-13,6.063285936527826,0.02471577068258904,0.9159785827910352,-0.4545232272686087,-0.10373909939266204,0.15777079973088518,0.06750451888088793,-0.10108959538072117,-0.12463462056567912,-0.03463955533707535
2014-01-14,-3.698360749902496,0.30273754205395725,0.6815390806648575,0.7271195362603493,-0.09004161093692939,-0.10175448665120757,0.046529250351857065,0.014886688036191554,0.009360204925904982,-0.01661098845049405
2014-01-15,-0.29152378832029446,-0.05366121812212353,0.1561584893671109,-0.0921164590518709,-0.0028374087861567773,-0.1067261107527951,0.01542738641926182,0.027695174287718848,-0.009730862788628806,-0.0011809445762767821
2014-01-16,2.8563162230748707,-0.17855507031092013,-1.268858046003682,-0.4087995611921722,0.054535163134905223,0.30875357600698766,-0.12340766107686373,-0.05654426607204751,0.04586966010196541,0.02853845744905567
2014-01-17,-0.5726905015732124,1.847341818428905,0.7283694558953099,-0.23534322780251216,-0.6674000557524343,-0.0808092178640413,0.029937108733707262,0.009575657024935604,0.04320308580335217,-0.028502221148858548
2014-01-21,-1.123098396616706,-0.5405896632431381,-0.17413687108271828,0.3910088106409529,0.24219063865855936,0.03935698599652583,0.006031324824332237,-0.0032238750567776626,-0.003937124921130824,0.004864699058387014
2014-01-22,-1.0244904042181109,0.2991129827399647,0.2847823574745341,0.1016411748982808,0.3609262224442141,-0.144221391913122,0.20999822003961813,0.055181273249893074,-0.024529307017914104,-0.02287092574291537
2014-01-23,1.3777989769077184,1.5080790553994012,-0.5806263161113194,0.6497658276994229,-0.028605069615881815,0.601623901065611,0.04886482394423414,-0.11595857001222676,0.05047559794762665,-0.019898316569362404
2014-01-24,13.428395887951936,-0.8560554816667629,1.6730827862014905,-0.6708751684757832,0.4208391060478645,0.27167582987476296,0.1045097483484659,-0.16124341831040934,-0.21501146853669748,-0.02906661027256692
2014-01-27,-1.5067308291443653,3.3495010289900664,-1.836709712735801,0.5027515100452628,-0.059318091930514016,0.496059996351828,0.030784834072539242,0.04529847456020246,0.1349694398837869,-0.016767080117698743
2014-01-28,-4.4227027585498835,0.6599890258279599,0.2511618035966219,-0.03777043842989724,-0.13969343448879176,-0.25078238991915197,0.08727369881581963,0.05637907529417736,0.03904275093605257,0.020567656438388402
2014-01-29,5.441879231722959,-1.1407508228906995,1.4846872330625274,0.10543164140355978,0.22775983897199484,0.04809363617254482,-0.00890008237939226,-0.11425490759789413,-0.10711765462063784,-0.010761180494657421
2014-01-30,-0.12889769651617777,-2.6400389790646464,-0.3230836089786327,-0.09687515010862266,-0.02061097356530124,-0.08262967313865771,-0.13638838929348443,-0.0110753074762785,-0.04245810835255631,-7.961334681103204e-05
2014-01-31,7.006606025309706,0.41832834723022316,0.9280507631722893,-0.38561881095785877,0.21152693812094567,0.09809186072488453,0.08625332742691444,-0.0351304483514883,-0.055340885937959106,-0.01178488121945425
2014-02-03,12.649821963879635,0.4502010665586105,0.44614400376027863,-0.4214197894531234,-0.11240611692875171,0.41262392922178454,-0.11261473218377842,-0.022355603803063503,-0.015449151446420057,-0.026315750051954544
2014-02-04,-6.165684754984431,1.3784475093283002,0.0029484643570842546,0.5705530819858775,-0.003395920929681933,-0.061896772919595854,0.04242353246553455,-0.012818494942713428,0.04012973730163187,0.01402791834876488
2014-02-05,3.776548617590756,-2.4190838430557715,1.7679673872842823,-0.4814384316482938,-0.6180308566710807,-0.19268944358194146,-0.12012096757857989,-0.05015967319734062,-0.08512196845604994,0.022147588300832747
2014-02-06,-11.434256411146675,0.28075733132809627,-1.981038304685372,0.03395748726928637,-0.22875097344113984,-0.21986932450797184,-0.07072160258156676,0.05350150468063157,0.07919852484821757,0.012721869684566059
2014-02-07,-6.968594044980152,-3.686675627377401,-1.3965796659908527,0.12025202078693947,-0.10566423847366,-0.2959365039836044,-0.3993739804719177,0.048187938389967724,0.005441243285277134,0.08490144205296868
2014-02-10,-1.875926153085802,2.8831689139230563,1.132430054311131,0.3815415661400693,0.004435943616172605,-0.0556572353987271,0.34109115079041213,0.013187184123217417,0.03156797225409912,-0.07014369118052387
2014-02-11,-2.6199611382989776,-2.195855285254761,-0.5143514568164949,-0.04878717985608888,-0.4174041665374507,-0.16147047942856002,-0.40137548071565937,0.00708249759075729,0.011812104572779952,0.06678804521026498
2014-02-12,-1.300633882592419,0.620325841593992,0.6254183748263468,0.06824116441273825,0.32935775665420397,-0.21906999986716663,0.2585054816234912,0.06190929906775368,-0.03155743627609171,-0.040076616575008474
2014-02-13,-0.7630536155344148,0.5768061213749006,0.17672609187229119,-0.013076570479520374,-0.08140853715790926,-0.05574709282125703,0.0451271662501717,0.013255672623035826,0.015561056658180052,-0.010824335798089703
2014-02-14,0.43560579265051763,-4.137175914714165,-0.1122371009266078,-0.42903173420979346,0.12459181768924457,-0.4178084469967435,-0.3907530492911206,0.09356349351103994,-0.1439785130665045,0.1100036165137806
2014-02-18,-3.170861227040474,4.491547534125257,0.38673938906831296,0.9877784461473521,-0.21004120433339102,0.4166424753713981,0.4096830565768693,-0.09867318894692209,0.16620734384994582,-0.12204333808911354
2014-02-19,7.0081458971523265,-3.3750879017819395,0.6781842693959366,-0.45287957389917816,-0.40075395643781275,0.09610876653725024,-0.44755216436489303,-0.10903179757149956,-0.1553631879628756,0.07735478573485242
2014-02-20,-5.011864880425934,2.6400077570922913,0.904619325591101,0.8480983347871555,-0.11420188605710795,-0.043496687061120885,0.28205390107689593,-0.004528223014453876,0.07800291154006923,-0.08435334435094602
2014-02-21,0.24646622070340382,-1.1289643428993223,-0.23591248847504206,-0.07708780092639103,-0.21441329616987978,-0.0020623743491342884,-0.2271784819656695,-0.013717063429086943,-0.009340179197532331,0.03791407527282047
2014-02-24,-1.8938822933080253,0.30065603189089346,0.5807843034285136,1.184616739967145,-0.12851357779001849,0.28308362564457457,-0.005385409892628148,-0.09907114298461855,0.016085642262416693,-0.021210869173703135
2014-02-25,-0.4958573417511066,0.2436166182246714,-0.23413079541022028,0.25404191617184746,-0.07666617379764545,0.14239053671996044,-0.03149249891118421,-0.025240379252602477,0.02965164398431663,0.002451376687927875
2014-02-26,3.293866589904177,-0.18577851749023344,-0.1699422369295689,0.0321323371244072,0.1740921215470015,0.2520215110585117,0.029657167185275404,-0.045033663708096486,-0.021894049220221423,0.004037579241324578
2014-02-27,-1.9305658004862545,0.7241656147366294,0.2760106913093262,-0.3640006253720068,-0.3131230986701806,-0.25485186051091424,-0.005106889706923246,0.04517556122727346,0.02584489401289326,-0.013366339746659357
2014-02-28,0.9842036086479684,0.38895915591097885,0.011617421070912905,0.3327779709095589,0.12389033584266225,0.20842798794774509,0.0779212888258615,-0.03448035987662947,2.1405110141581777e-05,-0.011887857072268427
2014-03-03,7.856056871368979,-2.1877631514933658,2.9719830381847503,-0.7620195228113769,-0.5627572954904019,-0.3523169688950544,-0.1834547423240139,-0.06926605640514014,-0.18688492861488898,0.009496020751540978
2014-03-04,-7.884645155709782,0.8035359357633883,-1.1270805046166095,1.3234029341934037,0.17485858739867288,0.20508555144118956,0.018176100836172125,-0.009684438513989448,0.10317713029362323,-0.012200879581706207
2014-03-05,1.0550339051718596,-0.2186988744875584,0.391411414351394,0.007997950548932414,0.21624281966528983,-0.04449832735973717,0.09300704918944012,0.003807473913122985,-0.03849995116586006,-0.010180172553277477
2014-03-06,1.080308506886922,0.540255989021359,-1.489848656045941,-0.2112076719734015,0.008809560885077325,0.3101555920789226,-0.05540490142259969,-0.0013620495746949832,0.07144104432375305,0.025539362951445405
2014-03-07,0.42988431173844494,0.28777953646058796,0.18437801890652034,-0.43911600108012194,0.08509093045830587,-0.1785187903492346,0.09061622113472376,0.03911036502315382,-0.01558928449586819,-0.012805791424564056
2014-03-10,0.02113795134516327,0.38199472013619484,0.08374397868238942,0.13113764945957182,-0.1315729485687452,0.07965803171598526,-0.009418639095094196,-0.020173362020397077,0.015631451018366323,-0.005386239958481637
2014-03-11,2.869113884511722,0.1799411923765893,-0.40207875476632654,-0.5876491382803734,0.27679546471838884,0.008115351513567692,0.10106666455280815,0.03211159195547891,-0.01245965538687847,0.0017217478216490368
2014-03-12,-1.235241615630561,-0.38038985579809886,0.4650894700338017,0.07822438435918,-0.21207510900003998,-0.13044141351011493,-0.07812921729101276,-0.0067027399805924025,-0.012530840499794171,0.0013233436682991233
2014-03-13,5.566716718142631,0.5042847585047634,0.16119889918195127,0.364268354780067,0.13982786533974717,0.4755434283961853,0.07982885547138269,-0.06691320861661156,-0.00637610961857843,-0.0069684841555268835
2014-03-14,3.3636853777469935,1.154848477410141,0.5093491152156332,-0.3726453561175882,-0.23881221112489323,0.06360829475338395,0.02804732540224336,-0.012120184871018467,0.014771373152662673,-0.007184658932724768
2014-03-17,-4.8034708966205555,-2.485787720428598,1.891816607876622,0.036610063688133736,-0.09590920630918623,-0.7511729080103724,-0.0755427141905345,0.021333928676567283,-0.12130037120041454,-0.008667675261637836
2014-03-18,-3.4703703086193474,-0.9193291954825341,-1.6813979996778903,0.798449607267903,0.301689074305276,0.30321456628676324,-0.11387804075984845,-0.005309002155118738,0.036544387946376766,0.03644294003610412
2014-03-19,1.5767114699328773,-0.34493478732774446,-0.4438897435002185,0.2994377761239563,0.05653170236540938,0.2816445436864364,-0.05004934260845573,-0.03641709960034646,0.010387112866750842,0.01857692044500866
2014-03-20,-4.6999392267560065,1.637183550437699,0.5186760462753264,0.26910291176740625,-0.13537408101226492,-0.2065496148515529,0.13472050222261628,0.018831737182617714,0.04433457127421259,-0.05135190798599627
2014-03-21,2.203031276622945,-0.6880736945682486,-0.005385922530839548,0.056690443117488165,0.10640671925384554,0.1204062891561257,-0.02931954543927189,-0.020761107504207975,-0.026625449478657873,0.015191785632290783
2014-03-24,1.10174170354425,1.2587438007353078,-0.5938082235688679,0.05659662148841731,-0.08287222440788722,0.2749512763989546,0.037976796951302266,-0.010480873898860356,0.05606455108417386,-0.008283478151019355
2014-03-25,-2.9736594076111422,0.5028258619442699,0.10875792909490226,-0.04358920297010749,-0.3478804467010822,-0.14639416993679819,-0.06213814173308888,0.006398766599475861,0.03307053303310854,-0.007025091930289667
2014-03-26,4.395828393569753,-0.22650357653479225,-0.3815611687177124,-0.14170366573077375,0.1043100921878452,0.26318755926202825,-0.017847297852757772,-0.016715249060272473,-0.01032187128312286,0.01581685241813511
2014-03-27,-1.4109023584470985,-0.08256558326559091,-0.16377440866245987,0.18221958325073112,0.1700703653906056,-0.021588329863858058,0.04091443861609442,0.010573239850683668,0.0006331324330512847,-0.003239323093440389
2014-03-28,-2.6715327718781703,0.3355639917755181,0.23746076278924128,0.33044924947868665,-0.16963965714179033,-0.04433514577134543,-0.01439041785291927,-0.008775952849129314,0.019145052120363222,-0.010221136076296109
2014-03-31,-2.7721990069078783,-0.6672892675061847,-0.4502594245212241,0.14291006094476083,0.03583257934008751,-0.08323184729732518,-0.08841418074836964,0.012971810010612829,0.01576886123047035,0.018039391956494268
2014-04-01,-3.4512208165773766,0.7020620409725123,-0.9023429835063681,0.01833822156501318,0.3535039459384789,-0.08504900683858825,0.15021043315839624,0.07937447669316278,0.045592048994613846,-0.012301637791898384
2014-04-02,-0.33114901946288416,-0.038618354549680295,-0.021272640222901845,0.4408225983090631,-0.040944193314048145,0.15506368461217576,-0.0319926740967604,-0.029164142763306335,0.008414694404949926,0.0016006960083161683
2014-04-03,0.22647882565832878,-0.4282788931392075,0.25737578806469,0.05189908894085287,0.004960741821469958,-0.03300060235684815,-0.028762333699981442,-0.01530444214104037,-0.01914617983548899,0.003781901357928724
2014-04-04,3.2542997044107387,0.6191051912599628,0.5016833479147059,-0.018589950793665495,-0.2889382517848315,0.1898273821229487,-0.007742722071644133,-0.043778261058543544,-0.01040664811228264,-0.01150139724234665
2014-04-07,5.4700770005099,0.7216702484107104,-0.2907249281380377,0.03509311736203802,0.27494539162314585,0.35181916335520735,0.12455008525073677,0.011039621747317603,-0.020590575513370242,-0.01220627251330151
2014-04-08,-2.384441734164359,-0.4108880654507306,0.2920978395594445,0.11157064393382647,0.07260765631676816,-0.16078058471001613,0.015851315773932714,-0.00868043677581885,-0.007997679978194247,-0.0011983388847257503
2014-04-09,-4.777565339147875,-0.4981700383660125,0.012382667441403393,0.11639660366841523,0.12770527281567473,-0.2871486154371178,0.01569351678433391,0.02435573848005993,0.00552163899821022,-0.0014528578110713742
2014-04-10,7.941155030288971,0.10075468821589471,-0.6061733859254904,0.33414665913723735,-0.15934223784185866,0.6752247991831204,-0.1171530741323097,-0.03790793220232975,-0.0008510543182179885,0.015521889783360707
2014-04-11,6.605101064257934,-3.049333725851848,-0.10534337810161695,-0.9154228601300118,0.2836702002734441,-0.07087676772598615,-0.12951553678475095,-0.014582604564587584,-0.08657163388937342,0.06530385522455404
2014-04-14,-6.491724713716386,5.910001357440566,1.257739304143568,1.0713154428769396,-0.1625745149680333,0.01729574596258969,0.4395018964850527,0.06346590344854425,0.07338026665961205,-0.11302309108241244
2014-04-15,-3.05757246538182,0.38132416225900523,-0.019839010239106218,0.28698072352313037,-0.32295176463169334,0.008808100507720542,-0.03940247890129947,-0.0014792733581465872,0.023607529358518207,-0.004740508777368912
2014-04-16,-2.1796530877717566,-2.4874564614514907,0.30308350617815594,0.00950717996506814,0.12145729532828294,-0.25251135035036826,-0.12892062199648965,-0.07272260718512573,-0.02092745034095585,0.01626255080080724
2014-04-17,-0.2819929210728841,0.1778739213436573,-1.405483193626763,-0.6974726010017743,-0.03621168588186685,-0.01314668929081769,-0.07036717265952795,0.0544966025817977,0.05025782507600952,0.021157809538059895
2014-04-21,-1.6771563469298787,0.6048917443363485,-0.14582814973636726,0.30918108360469815,0.2583636973863983,0.016516641806714794,0.14076453576092945,0.031726923839495776,0.0033574088900844286,-0.01737625293603756
2014-04-22,-0.2828867596782616,-1.8142115947603124,0.6895912382048527,0.32855203124702315,0.0357142485641593,-0.09095760288284385,-0.1257451476126289,-0.0666885272782777,-0.042142163385168206,0.017682967297846176
2014-04-23,0.734676262241601,-1.221250271710007,-0.5775755564011288,-0.22996024020904451,0.061039929665386315,0.0012103577264654575,-0.14799069563298037,-0.009054835128431618,-0.0008887980600924623,0.04070765793159929
2014-04-24,-2.0445886547529613,2.8931267065138897,0.14704888058807655,0.9211023740475633,-0.10347178307571542,0.29378048678534535,0.26487281007378327,0.0467428145956818,0.03781733274996348,-0.06787404598329544
2014-04-25,3.642681000560769,-0.8775006331963825,0.6726780478265645,-0.325420898788894,-0.051567582152872056,-0.03849599148091201,-0.07157184257419327,-0.04949374563076529,-0.04059946116607718,0.011382783898301285
2014-04-28,-2.1005829549022788,-0.47013310554127247,0.3906557149201085,0.3539650156414648,-0.21178950211120948,-0.04177842500007909,-0.09032828915219497,-0.03632281153886175,0.005168966898341039,0.004309131832841408
2014-04-29,-0.7914587456317896,-1.2062680151546779,-0.1742662410239012,0.12577357565858793,0.4260536307277646,-0.08479109051831134,0.01666124837542814,-0.0018462997926803064,-0.028820073481436444,0.014037067509495406
2014-04-30,-1.353870107606011,-0.9500261723062691,-0.6517363143611842,-0.014394752795839622,0.25062537789159384,-0.05137955458671827,-0.0582970573748502,0.011339971411067951,0.0033558816925887496,0.02842288013931623
2014-05-01,0.9698518237146153,-0.8341735672480748,0.6481969261770598,0.6610328253829791,0.06561536963899578,0.13414247988461078,-0.022648855850693105,-0.05000449880648051,-0.03958551993946734,0.004921565576123907
2014-05-02,1.3214077863849247,-0.09257592300367506,-0.20994747041092493,0.09207231070251704,0.1331586379936876,0.11549657022001313,0.02964160567396226,0.003010092087432423,-0.005319334546872236,0.0009707220142716484
2014-05-05,0.506333658337151,0.8762896269274066,0.6842476773661663,-0.23546249449385484,-0.28376166275493436,-0.0884459668634367,0.03768665789867089,-0.00322348803744735,0.00026711986793321143,-0.02620425706855098
2014-05-06,1.3442347258806668,-0.029061787202410146,-0.49792511819770846,0.2201826349776407,-0.09780526409898352,0.23559306709679564,-0.07538941845196874,-0.005489391914549237,0.02209828864630441,0.015408251581429565
2014-05-07,-2.8635154500727444,0.16671557536743348,-0.7077566837444409,-0.1768966598533926,0.17967571847932948,-0.11491980047876078,0.027105378170135305,0.030196824551496457,0.027380088907085865,0.0026564328508273008
2014-05-08,-0.6322323328842648,0.22755019304091806,0.010963431586969797,0.24980831003555323,-0.03389318772594613,0.05886724838850507,0.008458231668024155,-0.002564651031455703,0.008930245968267816,-0.006199724800735535
2014-05-09,-1.3591321424966074,-0.6973019585289192,0.08170027312352021,-0.006735744470644329,0.26557433184137474,-0.154944758213448,0.028418851626808423,0.0021789238746417446,-0.022869789686525935,0.006073404308685643
2014-05-12,-2.7236027459690324,-0.6232948032266411,-0.4303597968230111,0.5334866142154557,-0.12862300086304937,0.0954819362984462,-0.18171696284518127,-0.031722455910886495,0.04410077012604986,0.04136896897889234
2014-05-13,0.21495066903469204,0.29383000262765063,0.8054873718933541,0.18320752729652443,-0.0513039531920009,-0.0408433013496895,0.08560035677260408,-0.010919316266119349,-0.03143274352088598,-0.03275942943003903
2014-05-14,2.1122001016501257,0.14087016456182264,-0.029122344086447115,-0.3422584358491822,-0.09090707616043228,0.027808077031421664,-0.009853552287093031,0.0025717627477443543,-0.004191785733144726,0.001466757285915028
2014-05-15,3.7519553553340197,-0.2201963157057158,-0.05623575872704447,-0.4899251565181836,0.16943182371989965,0.0182844189974734,0.058751330000918964,0.016202369836161485,-0.03402410768300003,0.00020402554003499506
2014-05-16,-3.4586940685428544,-0.4917991001302657,0.06900384092691773,0.5584337049208665,0.00415845439141996,-0.03333659757488092,-0.07148967525666225,-0.024600515660153813,0.011860347475588812,0.014154112216118784
2014-05-19,-1.505582986168507,-0.7084151022126122,-0.11533715399566845,-0.23899113684866566,0.05938221329196034,-0.19200528656749216,-0.07885228202573542,0.008429964992920815,-0.007399479773518265,0.026815598992510764
2014-05-20,0.4951469528059092,1.4245418190285992,1.1434785526210571,0.9005302742644923,-0.18487437098815823,0.23412206765171475,0.18244587635798346,-0.03367008538664315,-0.005417785009566477,-0.07264346003232693
2014-05-21,-2.6655109647973285,-1.674997655188295,0.02232497662661121,0.19986306710761167,0.07048514676794926,-0.17063367788121392,-0.18561944031980868,-0.02816452974079868,-0.016851625164890086,0.05160708292041471
2014-05-22,0.07595951231137771,0.6326090864025605,0.6810569256726133,0.41677254473318187,-0.16638650177250378,0.0871876611909922,0.0649063648347553,-0.024746119188772692,-0.0006450733669100548,-0.035605364519909664
2014-05-23,0.07190118932749393,-0.8478172457703463,-0.9720698960328815,-0.0963340332460502,0.2742859144566523,0.062400488733483736,-0.0756416611503114,0.013076253536959924,0.009481816791939657,0.048453437627351686
2014-05-27,0.26700280200513066,-0.2991784470563759,0.5531906230338044,-0.06401094608338012,0.11995344852438379,-0.1368750830227945,0.06520139852569434,0.004799313575674663,-0.04355022121905814,-0.015154592613576304
2014-05-28,2.475945789575768,-0.10711017234008856,-0.6156984503658748,-0.8248156952100797,-0.3897344175867967,0.02161612369242617,-0.2085388243806799,-0.0023635547142795963,0.033253217067855986,0.050789640157144565
2014-05-29,0.5489259630570534,0.013898750494231825,-1.491978471127391,-0.5372539611077899,0.3483226496465733,0.052655284634446686,0.021456352473903168,0.04999638513435443,0.0356859847084918,0.027338624154679893
2014-06-02,2.7727156554945878,0.8323512959750586,-0.9390593853155633,-1.2138056118895137,-0.09932364900169639,-0.052145425526577666,0.013153079278737118,0.055177528915204076,0.03419575602550312,-0.0014145784118333301
2014-06-03,-0.9750183139601671,0.23752202505174472,-0.30942041479445415,-0.016407866012716783,0.02142265808944751,-0.005674849159508886,0.00023302997694319135,0.011267181011185437,0.024039823619677356,0.000757456626696905
2014-06-04,-1.3333879737771068,0.4908290514321254,0.2057556066781056,0.23485569061680275,-0.14877395599758975,0.007808615503999526,0.007149237241395656,-0.004774066645363576,0.018376781737388763,-0.0157210829135026
2014-06-05,0.563743384575238,-2.179145229114268,-0.5611344249525192,-1.759082351341547,-0.049730387726515585,-0.6208738546355673,-0.37310667148676396,0.07443261932323465,-0.039739913702840565,0.13526287112314253
2014-06-06,-7.007534514562246,0.7465236915268454,-0.7211707843497251,1.7342317764400437,0.6048597261887205,0.26382627979893863,0.20634273165550698,-0.004516563645354742,0.09971420752317209,-0.03847917609174263
2014-06-09,0.6821853296548418,0.4561225828056715,0.151999722466518,-0.06120183656528086,-0.04449885924384005,0.02330278253524508,0.07983163991113171,0.004691372377118013,-0.008051005390752942,-0.031014805374247424
2014-06-10,1.152686395771625,-0.8162406737450659,-0.7839924927576898,-0.2928259204483214,0.0018299924083397551,0.07988367211955855,-0.21515415454188613,-0.026812889191599278,0.03432545418673446,0.08151214271809173
2014-06-11,1.0849178044528407,1.3855482316478516,0.33298535286363024,-0.9244439638207612,-0.36120496188729695,-0.23531930269886253,0.1228491025487607,0.0712388456194111,-0.0022023630930123016,-0.06641564518936963
2014-06-12,4.544882885367792,0.36249625620033266,1.0382056250430758,-0.37983702318903995,-0.3650317624889269,0.05372565944355782,0.05344950815807419,-0.04060905075288729,-0.07214790303651879,-0.044353704917497586
2014-06-13,-1.1939190138992044,0.5336989250306303,-0.01216545906094162,-0.16720923298697007,-0.023466882513295394,-0.12117020362979757,0.059450546948525924,0.03718280259217659,0.014760730875450871,-0.02033416550288798
2014-06-16,2.0586865431863317,-1.269747052164808,-0.05233138661440215,0.5764123659656515,0.25431522838966947,0.2804184762203819,-0.06443875803193475,-0.07133503933715234,-0.039032590348927955,0.03782406600758939
2014-06-17,-2.2803500130433485,1.0329156419923837,0.05858489981160586,-0.3460288529960873,-0.07082945667029406,-0.24790409926117943,0.107680422684423,0.06761584144537916,0.024631936673997535,-0.04055717356049812
2014-06-18,-5.313537568178167,-0.1645734228888079,-0.9073028518417048,0.32354708202490756,0.10907524009427548,-0.11718568896631029,-0.12483411673223589,0.04922482706046665,0.0943700803818142,0.04918399589012192
2014-06-19,-0.5144021958245596,-1.2235202345300766,0.3261223109511959,0.21441845058207643,0.06918532672527271,-0.09244163672645421,-0.1410730918670607,-0.020617619938479808,-0.0409348569087988,0.04767531883448946
2014-06-20,2.0147871953132808,-1.1808850351578453,0.2886566904674216,-0.43968242531102025,-0.09102234131774373,-0.1375888358933664,-0.17800472580709556,-0.007206181892267357,-0.06253906520507178,0.05818780410546301
2014-06-23,1.411119982812474,0.6072038819734344,-0.8239724622805606,-0.3596547996658516,-0.007847274648403943,0.16416944241824016,0.014452303921572826,-0.006934264814317058,0.05829427285064942,0.001862338249183595
2014-06-24,2.146351094786488,1.897831913795189,-0.3118670030368687,-1.040392309441066,-0.4016118257185517,-0.045782254848483576,0.12483646688106716,0.054402233748690056,0.052124402423601675,-0.0657220830848087
2014-06-25,-1.9600947138274962,0.2750139495213473,-0.7335076958693244,0.18129388574388985,0.5933786470134422,-0.01678239595145704,0.21718944044718788,0.06660257549189602,0.023571017232189267,-0.02506258512785757
2014-06-26,-0.041716755632155496,-0.16150488377758143,0.7398732910136079,-0.3090316968145116,0.06338844163974174,-0.3086529552472266,0.10565368448987413,0.06135347305368539,-0.07100333508845305,-0.030029114782471944
2014-06-27,-1.078857936126963,0.17399775431827189,0.22214030990073252,0.7305398245896596,-0.02974765149580129,0.19895826105233078,0.013340465234558561,-0.056696359604493235,0.012425345106080562,-0.013976469693986596
2014-06-30,0.7726734241792418,0.029814856408916946,-0.1880665527155987,0.00746237269825391,-0.0016960863446803852,0.10400029180113253,-0.014455624070876614,-0.020635038522738795,0.00826333968910682,0.0050859340888926964
2014-07-01,-0.8899153974209087,-0.4783675044732719,-0.5363374868560312,-0.05361664460683965,0.28867966249190524,-0.06040431281001388,-0.009768659029013319,0.03240601687492175,0.012016541589841381,0.026888527798037954
2014-07-02,-2.6019893922132717,0.3790977860251279,-0.8179091763266032,0.1561792144633785,0.4156490951560066,-0.029665591592049,0.13332086581426034,0.06703552477992634,0.057771619696516105,-0.007666197202193021
2014-07-03,-1.3284160443620883,-0.9115399743690252,-0.5344528569000583,0.2591150391085006,-0.010958803064979369,0.06484511784860642,-0.25386793448417894,-0.03605519157799667,0.05315782661644901,0.08440220335407893
2014-07-07,2.59380792185055,1.6734169561736565,1.372789890695748,-0.07877813625196485,-0.5454529356581761,0.07805922669609641,0.22225509836781585,-0.031061658468844216,-0.06631319507190121,-0.11929099996853602
2014-07-08,2.2383453537155114,0.5271777849800167,-0.6080968173164846,-0.6251129009442892,-0.32858211424809763,0.11066309263682285,-0.11508418551694298,-0.011264987001774189,0.05182779078600272,0.02137124941822847
2014-07-09,-2.015894000995658,0.8884251166034843,1.4149968127499024,0.4113687362112065,-0.3273109202747443,-0.16042387089429785,0.14310042491100747,0.012400995023391837,-0.04052567367802239,-0.07241435509875428
2014-07-10,3.5905863861276814,-0.027687017609373022,0.5941089670564026,-0.6100935223068207,-0.04943589606845546,-0.08548228933900816,0.054341164113267074,-0.011813202506997859,-0.07061375289440514,-0.019444689501475848
2014-07-11,-1.9350494029693557,0.3421855943371998,-0.20144976429512806,-0.4476453117783745,-0.4143304334227589,-0.2246238845772476,-0.13690794496869646,0.05834549659993267,0.059693492934055827,0.017207555778127204
2014-07-14,-2.1598661338773453,-0.33932516005521585,-0.3780919985927516,0.49238983810489234,0.5330124199164267,0.003541434116402463,0.12697344852293158,0.03338260098407515,0.0008614395214393124,-0.002030748115359703
2014-07-15,0.6831822358842959,1.0616952949005571,0.7469127543579858,-0.37327407823599107,-0.43990529807104295,-0.12414962164182251,0.06457395766344058,0.014440743575831095,-0.00953816090028089,-0.0455212829463712
2014-07-16,-2.492645685203904,-0.23957679312233518,-0.6347637068084826,0.2167911842295246,0.1454166214230435,-0.029381161614072355,-0.040803771178492834,0.043639177186734476,0.05070027509946421,0.024232016512934246
2014-07-17,13.005043267445341,3.7707164761364957,1.9277897359325662,-2.4167846827641344,-2.002291844289887,0.19729110661104649,-0.08150952070486144,-0.14481366048432867,-0.03373792691117619,-0.07158194661748155
2014-07-18,-11.995602962154374,-1.245966066765852,0.2432273702277139,1.9990450489464267,1.148423814867465,-0.44008948568867085,0.3445342210482326,0.15059518067671,-0.01629410676459563,-0.05278171838569348
2014-07-21,1.0843601438315313,1.9000065082405924,-0.07575974784745798,-0.027688719550021054,0.020148006746107557,0.23407446206417032,0.25386103687578215,-0.001074333732909374,0.017090980895395326,-0.01906711340732372
2014-07-22,12.003619680254674,-8.899283176833192,-1.4181504888730954,-1.6607374368422743,0.1524655446819404,-0.035388883731826595,-1.3524090699279125,-0.1827892525171876,-0.1917889950917926,0.36072721640983324
2014-07-23,-10.962945234817132,7.682084813687077,-1.848340248521822,1.6817514307186745,0.5355456383187315,0.5561801980095905,1.1428173706176814,0.2038492957666674,0.3035252306272622,-0.2663163915550728
2014-07-24,1.6269276809581914,-0.25667906743575397,-1.3409133829054503,-0.7983421033088158,0.6408631669677338,-0.07547844626332208,0.08996011262636877,0.07157542146863899,0.023289113202208857,0.023252955630477364
2014-07-25,2.3578328020811417,1.0575991545136487,1.3805734490760568,-0.5754669403355435,-0.3589752059003026,-0.19217844952996685,0.1243056292363042,-0.0070816575027616725,-0.06994281931785465,-0.036252273209478214
2014-07-28,-0.2498001039540526,-0.7259043718618775,-0.7262671996402271,-0.13721716236399448,-0.3146089097631683,0.06544682356691432,-0.2685437688809413,-0.01506722888948189,0.06047930227001542,0.037751556360131555
2014-07-29,2.1474093477583915,0.15033872882076438,0.009850397878593698,-0.4931881605683852,0.3432055307012259,-0.08673252186891156,0.14752078195777887,0.02211054384195213,-0.04228580670299473,-0.0110530132024373
2014-07-30,-0.8205558104217486,0.1782303036229222,-0.25749536955104035,0.5559963638851345,-0.15133121598865312,0.24290650090175273,-0.0671297152719798,-0.03350245428977642,0.030858618165787645,0.003153655406428799
2014-07-31,13.44678469289622,1.4541270598541869,-0.08051384445638744,-0.7984682940957354,-0.518112120363192,0.7009619031824542,-0.12276527028556175,-0.11173285346472266,-0.0806356585100636,-0.01338065759381096
2014-08-01,3.4798109141619396,0.5194735241515994,1.7362795002939857,-0.5860386625123686,-0.03925021100853797,-0.23342490247678693,0.12373624806066984,-0.038479580337031534,-0.0730989189573383,-0.009903726522496922
2014-08-04,-5.696700828131851,0.30095352214285764,-1.7641800334192828,-0.3361934627044141,0.18985135350362747,-0.18658949879290504,0.053514589017218187,0.12462388154323244,0.10119138728244786,0.011532369724215893
2014-08-05,7.9868614295105065,3.422877634176551,1.8770215586027668,-0.7521849883787186,-0.5204356707210583,0.11851330782453076,0.11520019895151117,-0.021122184758518216,-0.06878058603103368,0.010654300410270538
2014-08-06,2.5446829004927363,-3.9631163297910263,-0.7849331307634325,-0.295988264386483,0.2328034824614911,-0.014371676381581756,-0.25933672456433005,-0.08624969012524596,-0.0256088726790317,-0.004915730725760778
2014-08-07,5.176964572089699,0.945193883524278,0.6197097629814359,-0.8764177610530126,-0.03577140753637357,-0.0668596147955971,0.06110999122166479,0.0029081319508443906,-0.023176712267803195,0.0029515833226695944
2014-08-08,-9.18775293960496,0.2661172988681804,-0.8463883239566347,2.8728432129077164,0.26529117266529045,0.5097219489936674,0.06231998562977175,0.030400957390699757,0.024191252289339726,-0.03506485615066544
2014-08-11,-4.467110269554625,-1.4176052073364687,0.1400588364086732,0.1455228615684389,0.22647516467613804,-0.26505206349253324,0.016940382832254,-0.027330667840818196,0.012871662854806858,0.008428363961690475
2014-08-12,1.1305161815506164,-1.1369123668479861,0.04471919595270311,0.028975402133315717,0.19673868100854075,-0.0018251916360546383,-0.04085610024587015,-0.03395621027417115,-0.026486064427339927,0.005593663062438283
2014-08-13,-6.433622075437437,2.983230343379521,0.5931377454041088,-1.5913497017803773,-0.4612153756236607,-0.8720880683387292,0.30670747369606005,0.19956492766197997,0.08707145770916698,-0.0012724410941150103
2014-08-14,-4.765824940992027,1.0382266565448022,0.2817571362569213,-0.29354072889857635,-0.4503988974918855,-0.4038095733015904,0.10128225787415522,0.12744102597692866,0.059412949492895106,-0.014059985833466038
2014-08-15,0.8875083582485516,-1.9877672616316815,0.14312758868388867,0.4157512345807822,-0.008916933531047454,0.09121328843454445,-0.252172716528359,-0.09671544769595959,-0.03715958194353572,-0.003433071921182049
2014-08-18,-3.564490850115476,-2.050724627084918,-1.332692671226498,-0.27109259520774753,0.23470390971761612,-0.3457509594499446,-0.23050182785262394,0.12574546009387372,0.06353406735205902,0.04260580553002361
2014-08-19,0.43357795953031825,-1.7042984882888719,0.04603336835609787,-0.27074523750784407,0.4024111190206684,-0.2905719400908629,-0.06777393223175911,0.047027675470379914,-0.06472656359339007,0.02656308998041014
2014-08-20,-2.0480617118095243,2.3936894160406754,0.2807684326438333,0.41094374914244564,-0.3720312311536788,0.18163255990381683,0.2238381102277806,0.0015798297113006725,0.06764360021498654,-0.05332279997800667
2014-08-21,-0.02563353102905977,-2.40095651639734,-0.5371930384385354,-0.17607565089803837,0.4513507292701121,-0.22942799614146228,-0.21217643881135678,0.04041243474935769,-0.03487093643200861,0.05679447957378523
2014-08-22,-0.0661925865003932,0.713100973666218,0.10801259300765084,-0.16689307781054863,-0.20799239786063992,-0.02526459006001344,0.03923135836518282,0.015937303204906484,0.02011600919314499,-0.01583321666618424
2014-08-25,-1.2622180254617574,0.18210625176676723,0.17316691549471194,1.082192507993615,0.1780610467962791,0.3493982190343466,0.08451730895948371,-0.09402053292879477,-0.005764255973224668,-0.019296955278189237
2014-08-26,1.0164428278401918,0.6710301202858545,-0.7024592738451814,-0.8903190111857476,0.2606553558097852,-0.17644558820429374,0.15639427353244822,0.10673205319550728,0.02755889731975488,0.003675424353250543
2014-08-27,2.180532676181913,-1.132322940026799,0.7997906773864298,-0.6866731999597524,0.15114148530073077,-0.41237310380100894,-0.007231104952677314,0.0508581087355504,-0.10547572835390646,-0.0006744494346236959
2014-08-28,2.369304043947542,0.11933295772855819,0.2801510201035841,-0.97420031489393,-0.21074011111621652,-0.272526291283934,-0.017908532029288722,0.05828975531747559,-0.02831998891500051,0.0003164357007620348
2014-08-29,-0.4070458319421429,1.4816654169573193,0.01071009287788107,0.39742845778339697,-0.3175866882556843,0.3284668086257562,0.05155475318991199,-0.08473479468628163,0.05848316854197607,-0.020086892904585634
2014-09-02,0.6549689978470744,0.7011016344230516,0.09766075960331588,-0.7028128972045691,0.15421489848011222,-0.2764468478074675,0.1789572717883159,0.09510095040287438,-0.004342201105335163,-0.008267686643374995
2014-09-03,-0.26239176108341056,-0.3098857050387671,0.5141477252179198,0.43705564916694994,0.14479936056867374,0.027263904167292508,0.041419758736108224,-0.03823592702949443,-0.040207550025465735,-0.012030327474841776
2014-09-04,1.3906150191178255,-1.6334983876094555,-0.7659704176087292,-1.2677390468374996,-0.08719390536440338,-0.46049992996708455,-0.251861002687791,0.16061795695590184,-0.01237728198880104,0.046700828926722705
2014-09-05,-4.046683240952418,0.6409269583211001,-0.7135387779240809,1.1045322665809123,-0.6597211974678028,0.47646599057865646,-0.26560977218623016,-0.10728035646752959,0.1477050597210955,0.015513714034077725
2014-09-08,2.6838271880574895,0.5567028107745048,1.3360484393198815,-0.38412625564595493,0.017538645193015602,-0.1811651566358724,0.2046926480999916,-0.017166828854914842,-0.1010487662192282,-0.04895366070916873
2014-09-09,2.7859199576828155,-0.43983896528443567,-0.5402746212737791,-0.9276270767558961,-0.08747060752359928,-0.08845811833041224,-0.1316977351505343,0.029776688384969614,-0.002841600951221752,0.033252957554411086
2014-09-10,-1.0636197399200684,-0.21618742479638425,0.6120566682047505,0.14334210326689095,-0.05799338355806769,-0.1926356404312779,0.011201741039070229,0.034731501548552805,-0.02940100560441684,-0.016753239792448457
2014-09-11,-0.30291584024723817,0.7515109875068088,0.26855915708692446,-0.06804767742910929,0.08877549193951338,-0.08201871563765897,0.16704405961433952,0.03004682605152129,0.002206471629903927,-0.023674425303873724
2014-09-12,1.3458055462586174,1.3919523122415127,-0.4143143031542792,0.15925907032394152,-0.03344451059625498,0.44575161627720833,0.0980412148373363,-0.1100069702945446,0.04861035410920866,0.0012400392521099927
2014-09-15,2.4096032339417013,-1.148702435870244,0.2018061411246316,-0.4342110341367471,-0.06274718374128721,-0.11031648148905936,-0.15771519153828822,-0.013027968619375887,-0.057174857544727696,0.013725761659194799
2014-09-16,-3.822087395219275,-0.7498627941965015,0.5133203293744039,0.379658589643273,-0.14817197935096674,-0.36993457452398987,-0.07961906881858885,0.10451063625529904,-0.009117897684928657,-0.014620110384069792
2014-09-17,-1.017766527903823,-1.1719680359945732,-0.5803772903650072,0.3844132155038532,0.16938250592917234,0.09665912013302203,-0.1574018147669018,-0.00899578351927993,0.0034786743938692204,0.03916415654408455
2014-09-18,-2.414654594975344,0.5060009281658907,-0.7003429152745217,-0.06727933081815363,-0.07992190627603633,-0.07951440406136012,-0.006423245057170994,0.08872382978659235,0.08756506930284683,0.010362758578763323
2014-09-19,1.8489163082875089,-1.0820132762358197,1.3782663002731421,-0.1664808964720952,0.07205369745189562,-0.33523144505959485,0.00556221098323977,0.02133360387639505,-0.14484224540169438,-0.019860024624632863
2014-09-22,5.330709442107834,0.750421144967444,-0.22737425156662586,0.01458427165946808,0.033491634057787774,0.7054119232279756,0.05098328763639263,-0.25369589314925456,-0.007259402943491676,-0.0013204031242859725
2014-09-23,3.747489826301472,1.0399497459399198,1.3130169517659507,-0.03661120400368261,-0.14628476176298166,0.16562142567258326,0.1441878133835204,-0.13009206170237161,-0.05035698789924081,-0.03726322369553081
2014-09-24,-4.164567144595213,-0.6978178875773194,0.047771829780225365,0.5461705640174256,-0.18136567134658688,-0.183163975230287,-0.12961405928382433,0.05945160313615993,0.013131231669074026,-0.006693685943607764
2014-09-25,7.559176221572774,0.7946198546580603,0.5323015510275239,-0.34136963058078995,0.1449391437903074,0.4833311105809377,0.12505514991244462,-0.19008385742324027,-0.04487462128241733,0.007179344286686504
2014-09-26,-3.3055673646579646,1.1628282053461707,-0.9263797612008923,0.12846413881222343,-0.6396072702703599,0.15433993040849897,-0.14764075217194775,0.01145470597677248,0.11900229224968503,0.0013213661461870289
2014-09-29,5.961309610035804,-0.37184241706403126,1.6799098588589054,-0.23870389165462919,0.1848879742395749,0.0015570506200129554,0.09005833118696638,-0.10782752464748528,-0.11238165770606892,-0.007278870567672003
2014-09-30,0.8956087339082781,-0.3168947272111536,-0.5324183166708509,0.461299095174319,0.34588138620133174,0.31249238892407233,0.025471167207055164,-0.04663563225156263,-0.0013701022116599662,0.014806932474611094
2014-10-01,4.863720944035683,1.8293279807765914,-0.31104571591377594,0.4426232680633006,0.26522911256805565,0.6712650945055719,0.12005212636870946,-0.10749406909984185,0.04132545278769825,0.022376240932830135
2014-10-02,-1.7440015434898646,1.72849022045287,-0.8549476999111747,0.16083417170247197,-0.10892676892027928,0.2040019740622276,0.0521355691483613,0.036472394027573914,0.06212026870532065,0.00846301582385116
2014-10-03,-6.454200370950398,-1.4061798198773696,-0.15655316802687239,0.07447848587835149,0.0758763020631955,-0.4828156690744654,0.01839847313583743,0.08986158390877298,0.0017759217642652602,-0.025838011793859028
2014-10-06,1.8708097529874967,0.08795066576039723,-0.17365362053977568,0.2407210332830414,0.11034938568851842,0.2534638670437379,-0.00993961869028628,-0.044043310414917596,-0.005464858494631523,0.007040414312138955
2014-10-07,7.217736179160515,-0.3296955877569741,-0.22648038488122754,0.4209420324207963,0.09399355724268725,0.6131483103338746,-0.12985324987026556,-0.09682625284419387,-0.0324411515558639,0.008511628041959547
2014-10-08,-8.082536803553793,0.16211360850004938,-0.3519368483102664,-0.35218461203967205,-0.3072318534631611,-0.5210230546400371,0.025101243435773725,0.10270815325083793,0.06065243809630549,-0.007661830772729768
2014-10-09,11.000061774030103,0.9246257218825867,-1.0036246176266899,-0.31393112451733607,0.16771804617787126,0.7239009564336536,-0.08344630649226156,-0.046853060703814335,-0.017766721084827946,0.014670594261587075
2014-10-10,18.242431120686145,-1.9183774917318102,-2.4119722213712,1.6151278918397654,-1.6224271780447406,1.477328712883855,-0.7789401417669203,0.07236918630589913,-0.024512960574252503,0.007984141052788404
2014-10-13,9.488773814591127,0.3547259613742273,2.921759505184607,0.15634125000442484,1.066601686381582,-0.2414614128641015,0.3640894097469651,0.08467305109996874,-0.08619016437993607,-0.0680312293241686
2014-10-14,-6.997659133452368,2.3088059475445646,2.0577838903585075,-1.5281800866055955,1.0299596921289875,-0.770001114694097,0.3424768059923533,-0.15829704245122767,0.05396331644962044,0.052414841896514956
2014-10-15,17.20696378971753,-4.234396341787111,2.479503561826002,4.044645005165909,-1.0004323311067755,0.8176702317894221,-0.2998350524112588,0.30603363743809214,-0.03189196526403275,-0.04380591003020804
2014-10-16,-5.651727663001371,0.437525113854507,0.823670236746922,0.20477860793117375,0.9036617539424451,-0.19937106296116905,0.17279730084583683,-0.11951601708705961,0.010079185734834756,-0.007953911142271454
2014-10-17,-13.331730296929127,1.8361640023418933,-1.4850412787997247,0.3950170629756609,-0.9565437161996335,0.17015062213204343,-0.1496022457735252,-0.1265643602840204,-0.047380770334777715,0.0046456055495189795
2014-10-20,-7.1727826683260165,-0.3937414420658602,-1.6228147986953085,-0.6626843988537017,0.28829826737621816,-0.11033990332378264,0.08995806709321132,-0.08612837147244988,-0.00036167882493904214,0.0017653869515241527
2014-10-21,-10.886200657378522,-0.8057296125867762,-0.1999422089294005,-0.5859238789434202,-0.021444881051825473,-0.4227961739305839,0.047102815208461844,-0.1462598080011632,0.031644473398936925,0.021479496293759615
2014-10-22,6.851027082215272,1.4821658962249065,1.1972125847587234,-1.1756050106548717,0.20550190567830434,-0.2080355825230256,0.12539928747838316,0.0209287131167748,-0.0010145258784750252,0.013826542281149372
2014-10-23,-6.62202754528897,0.120559815535343,-1.8426540498449742,0.7632880768132662,-0.12205353295331033,0.21035585812670063,-0.03954319264955587,0.048787288975072514,0.018982542668929393,-0.019255750891493867
2014-10-24,-2.4827728470232695,-0.3058127274609072,-0.9200099407900486,-0.04268783558992994,-0.3501561133497256,0.05689367731120224,-0.12493709751178754,0.0034924791508693736,0.03515761624408452,0.0055800830584412054
2014-10-27,-0.008121962866726173,-0.15172786481424896,0.3250478351803922,0.45965681648766665,0.11168245576463273,0.060011560061657275,0.028229442629939233,-0.00733781502580739,-0.017001359257438644,-0.006484464689611431
2014-10-28,-7.1211273541688636,-1.0328094814213113,-1.6980519355854056,-0.06448164853949662,-0.489409361964278,-0.034751729510661016,-0.27808921352028776,-0.020595592235445374,0.11408005260412873,0.04174913759980391
2014-10-29,3.650687143943424,0.46865018178438805,-0.315639438626671,-1.154124576358564,0.5064067308278289,-0.18727113211212162,0.18706555627798827,0.049296271426987226,-0.029606876140421165,-0.011451961042959645
2014-10-30,-0.9941515124748194,-1.8535947637836818,0.0343271610545306,-0.552571800713783,0.38345502929697145,-0.3271167871399558,-0.02067373451115556,-0.031603930285079955,-0.019475661566470955,0.026107883593981435
2014-10-31,-3.1047131930481626,0.252407451658952,-0.2747640859090886,-0.4767005853863835,0.11549466387445337,-0.30332347097645024,0.06966056002881618,0.057119674691540084,0.02734064276174929,0.0010959548323522328
2014-11-03,1.6880731573346128,0.09421286749422826,-0.15099124263964006,-0.35310958665310344,0.12202803840555888,-0.013111854186799495,0.04344870465815304,0.013554938757439884,-0.010537751114735603,-0.0016688326663216475
2014-11-04,2.9054892334561573,0.7279494649701013,-0.0939258184630757,-1.21795724824344,0.06964697946530647,-0.2211586825246382,0.10468575312133203,0.05623625688854873,-0.007696399161141393,-0.00275939671801717
2014-11-05,-2.917184150971932,-0.3126850697561543,-0.4934791499829619,0.05883615055427646,-0.16359963372913647,-0.06724600796769177,-0.10686817484200896,0.017493782862174703,0.04410629016676785,0.015519933635377708
2014-11-06,-1.8705108504731798,-0.9367044267258022,0.32887219415050367,-0.20859063092628496,0.09683406848503856,-0.32768822562512206,-0.016714212441738794,0.03600627830105857,-0.02511303572070785,0.009655185106225948
2014-11-07,-2.058267542748799,-0.37757631264595154,0.47990243219792433,0.6163623608925995,-0.0035396887799240013,-0.011606769527176772,-0.01267463959532962,-0.021595486773118837,-0.013663086422543965,-0.0053884112690285
2014-11-10,-4.112762205056695,0.6175930248351237,-1.0989526208253526,-0.21179138341920592,0.06769688933256786,-0.17120186600530712,0.028338897312724484,0.11069996482158771,0.09553872716103365,0.010319781433220517
2014-11-11,0.31408296984956957,-1.087929729006655,1.0908935846233183,0.6059354510087964,-0.21657886650916758,0.04227375494998326,-0.14251844424956403,-0.09159151668663004,-0.06515570366073449,0.003402304447412167
2014-11-12,2.0497072886534826,-0.8849147372246009,-0.0008271893095099594,-0.6429800445220647,0.014971946919629876,-0.16699708672646382,-0.08953263027567607,0.01877895321743566,-0.04060450769995325,0.025163163494971923
2014-11-13,2.596942984457808,0.1347808156182787,0.7577213118611029,-0.15843679591153753,0.036279166756725705,-0.011212688524723817,0.10710143619775227,-0.02189616709454913,-0.05995713174819124,-0.02565294246709208
2014-11-14,-0.486393436416284,-0.9312491765825611,-0.31526271897636005,-0.24917160715024872,0.14938091480780835,-0.1661020417663155,-0.06829008721876174,0.04723406604781799,-0.018562154134159584,0.027192244286391984
2014-11-17,0.44627801345691953,0.08198557790678368,-0.15607328626117398,-0.09181510927879719,-0.07530173789906736,0.045418932262561364,-0.03424564771006558,-0.009350906755306445,0.012099483576788271,0.0056741168596546815
2014-11-18,-0.07498082937603424,-1.096223842219296,-0.727049760042949,-0.15427791801882476,0.292447102771445,-0.039351261417275435,-0.07938173381946853,0.03204132568256882,-0.009059361030356053,0.04332517086708281
2014-11-19,0.8696343131274276,0.5643540306547715,0.8861368152895251,-0.2055032643433547,-0.35806651220058827,-0.1115345141256055,0.01616972062531284,-0.0068006629492571085,-0.02254004689788385,-0.02868698388240626
2014-11-20,-0.4835254736657992,0.679960643717568,0.2905288497691132,0.016938957268795324,-0.2818432143656832,-0.0054126985154057195,-0.009753371305710922,-0.012950288356873516,0.024272517335629573,-0.01671695304299397
2014-11-21,0.11370638342275083,-1.2089586407745343,-0.25560860173558164,-0.5493684245583462,0.497154831710062,-0.35326983709879456,0.06360499955616135,0.12406208904037978,-0.06876662859199063,0.02243795753256466
2014-11-24,-2.001799032240188,0.04603846820064478,-0.8421563073109879,-0.18336609511328314,-0.4993580303349597,0.0048915690679739955,-0.3194191839526958,-0.0011319704061327539,0.10110023025462109,0.06022569779705836
2014-11-25,0.7279370347417619,0.7899611982944031,-0.8286054798710882,-0.4503349490540927,0.1136930970982415,0.06919069785063592,0.0878509878193991,0.02696270322520079,0.055680589133923306,-0.0069332729611667485
2014-11-26,-0.5428802079136599,0.9730159946740281,0.1868065453727386,-0.45318281645612196,-0.11709525552973832,-0.22252897579599804,0.12242459676015922,0.07788342540019014,0.017642955137736012,-0.03397221708236948
2014-11-28,3.1623847910431375,0.33999351268951217,-0.6036165087433413,0.42196461577823624,0.46221876945283563,0.547482279063344,0.16425930288348445,-0.11794643921962085,-0.0025527522301382415,-0.01934122130094255
2014-12-01,2.1234511122097257,0.7477740007482123,0.9730090593857073,0.724096070391331,-0.0745238924965417,0.3397011448028014,0.12039313639645711,-0.11427134027901233,-0.038387918350259294,-0.04467950399269988
2014-12-02,-4.797093905555609,1.0356687416517336,-0.7102307688059216,-0.23493967940270868,-0.549179830833078,-0.19165560758926053,-0.14015277121746297,0.08203087942020515,0.12891002025407425,0.015610448163479378
2014-12-03,-2.0375227061469428,-0.2048430668533161,0.47676045087941316,0.1605958702028379,0.03918361882062188,-0.21847523408576683,0.041086895632468305,0.04318233100423937,-0.01805086434584711,-0.01124369103336502
2014-12-04,0.4977766640725735,-0.5815131017321957,0.7271878469449713,-0.09275620122045519,0.23002007872234656,-0.2302366286360342,0.09320357661181494,0.03096624463865202,-0.07679549856838813,-0.015109916984960097
2014-12-05,0.09579665337138323,0.18648627068466117,-0.11406146236340471,-0.7387468894469313,-0.1160961839283024,-0.2849022041098094,-0.004565388478337197,0.08944738665285663,0.009107339788395376,0.003909192975044168
2014-12-08,7.338506118161225,0.3710196850285527,1.2426964615740892,-0.30746153688212724,-0.06959326666742696,0.28356339127891655,0.10037962661785173,-0.1505730192973871,-0.09931084284800225,-0.0260387540868738
2014-12-09,0.5599339143488425,1.461498708021153,-0.5355416115474828,-0.35915727118926316,-0.5388868150224728,0.1821717704339898,-0.08623462770544535,-0.026289127987583063,0.0868382876423794,0.003399619972217208
2014-12-10,11.964154979714335,1.0716168761122893,1.2754739762696703,0.26346387227206436,-0.003079678578039322,0.7819961934430538,0.06941170570677356,-0.20932961903324643,-0.06458288323354901,-0.004660804825911205
2014-12-11,8.812795468882868,0.09674297398020022,1.8616070988272677,-1.1527568959434993,0.10965455193756428,-0.21865307758618757,0.1053855054935565,-0.017272373542972754,-0.059394583660354834,0.013909423080400366
2014-12-12,9.936597582787213,1.8598468858405488,-0.5361264830568772,0.6499524681168093,0.007395371536481582,0.8295821925132415,-0.11314105906696112,-0.0006970597063576827,0.06702055699704047,0.0012336389001886634
2014-12-15,-3.005014824039228,0.6012327855075221,-0.8365218281177096,0.5239891103066202,0.07656744440946654,0.14153002823098523,0.012698315180352296,0.022031411447156566,0.011372881405566634,-0.011765494948629161
2014-12-16,11.699617755001778,2.95391398444814,2.0825657010594267,1.812932402749191,0.01864140090626468,0.4776812552885128,-0.23913568806454905,0.1423089297081933,0.04976111497025837,-0.0065750288532089715
2014-12-17,-18.3949211081493,-4.018582827719653,-1.4648862633439703,-0.2877532507948631,0.29654895038029777,-0.47583165917591874,0.34307764635026466,-0.19590581532253948,-0.08107878864916504,-0.008126005807689837
2014-12-18,-6.52066926312978,-1.6759199435995953,0.6870989114329235,-1.5714481865402647,-1.180609188257277,-0.8246320633023378,-0.24790890881431732,-0.03496728292057264,-0.017201810784385888,0.007725896968347503
2014-12-19,-5.360698518627898,-1.2062460372453827,0.7350444690960942,-0.42785014781680886,0.32043562970580286,-0.8058208792870419,0.1288712892918607,0.12349931969571834,-0.07305111847460717,-0.02596345523453663
2014-12-22,-4.141015855924264,-0.1567212012631664,0.019501588444861023,0.683689153531722,-0.24513628289120387,-0.007065109313980394,-0.09301163372687289,-0.011980327636667362,0.01919907741499862,-0.01509453403570918
2014-12-23,-0.4310393631076281,2.987356127900772,0.7237159414427095,-1.1510135176411684,-0.4894151291852192,-0.39931066853593455,0.19155759336690967,0.06342378578496714,0.07339085108553525,-0.026694624472188327
2014-12-24,0.07917680108966146,0.06311642702424555,1.020446770910704,1.406257550212388,-0.6497112258188096,0.5285805617383772,-0.20475706914077477,-0.19285638729163246,0.015268638667869977,-0.014682046474823324
2014-12-26,-4.1294691848632565,-1.7992743058722065,-1.035093671597023,-1.9600182378099857,0.8986219084338598,-1.3583762273259505,0.21104138245894924,0.43605600816516854,-0.08668057150026488,-0.01924210200781206
2014-12-29,0.04513548107098157,0.6536800575335507,-0.11235250156485685,-0.6030823910078904,-0.015156790104685772,-0.21661241090227573,0.07956192127007611,0.07508176407246667,0.018933071833290453,-0.0033734550645066696
2014-12-30,3.0647735502963163,0.21217565807785202,0.2830763707275907,-0.10166660129324183,0.40369030800758016,0.13895855191894071,0.13844700959747602,-0.058921337004795085,-0.02100247652033772,0.02026510642998436
2014-12-31,10.779450023976183,-1.3038779603922261,0.951826145363999,0.6090838947140743,0.34451158049802993,0.8622726429188137,-0.08584116946904376,-0.2781121031918995,-0.06714546677985189,0.05541973676892485
2015-01-02,-1.374029938707752,0.7566001493841977,0.8411436598129332,-0.0904390031539383,-0.5304509715234299,-0.18465055943761788,-0.06252746768325458,-0.022934981818001278,0.022888117059686325,-0.02141830623397512
2015-01-05,8.119477390384972,1.4787511196338237,-0.6186482698842145,-0.8480793087332535,0.6375042708269025,0.39026907189851984,0.1616413953963909,-0.04036650060896206,0.06281413484763915,0.07601259012314455
2015-01-06,3.444585454555034,2.2657607694981734,-1.4992415717409986,-0.9962601226787512,-0.004559144111151359,0.2694057861000546,-0.0028858520982572846,0.013030424814524828,0.09479501071003973,0.04962693238174905
2015-01-07,-6.79274711137085,-0.28994868585206923,-2.49525641496215,0.40505864636233585,-0.10940722326937302,0.15637701177939345,-0.049000240186235194,0.0956539534255709,0.023405980794906193,-0.03396190134684454
2015-01-08,-9.82858325408932,0.9482488144304849,0.6241664830283364,0.10466116530902572,-0.9016427042635284,-0.6053931086599373,0.009860304104297276,0.11002241295738595,0.0517738816985962,-0.04639410867747292
2015-01-09,4.679228145534048,-0.602465100535629,1.835341044676951,-0.06220359346171988,0.29596977107902517,-0.1096237360179819,0.05209853561479185,-0.09571249603235917,-0.07182195160986059,0.008853426403844435
2015-01-12,3.401197215091625,2.3925425781203216,-0.2772635516469294,1.1371115570873223,-0.1508361487691352,0.9510537354519909,-0.0703767027310776,-0.16110091584305258,0.0747545724714184,0.06312456352897501
2015-01-13,3.4666415309134417,-2.425594251349446,1.578208276244307,-0.7034548318745943,-0.1372198446105575,-0.46367643505333606,-0.10185264683839149,-0.027097647006625765,-0.0791354919577822,-0.03798645121848567
2015-01-14,4.624729223535075,0.0386820586381158,-0.7358258820222375,-0.17130320901756055,-0.14828312167947186,0.39742942031226164,-0.13880097772729535,-0.026092525307488592,0.01568469300162066,0.018449452723213078
2015-01-15,-0.7018196652050113,2.8001826152591494,-0.36993471997974925,0.6416439756479814,0.29618041847557863,0.35848156158149735,0.11893130707221657,-0.007187507605414435,0.07337262817906275,0.0532223298093899
2015-01-16,-3.558433127097984,-0.21334032251783447,0.08465277226748552,-1.4617245538024595,-0.09827190034683816,-0.7654376541778981,0.14539600863942467,0.09298025509659294,-0.00589133752126731,-0.01422428375135379
2015-01-20,-3.8693130892122616,-2.026828524652954,0.6072970581308473,-0.13181591667874426,-0.1325991690685206,-0.5931017954614572,-0.005994369427292986,0.08974767088021461,-0.07394743921437352,-0.07501489102060564
2015-01-21,-3.933168176032587,0.7632253890777976,0.20703085972656513,0.19741273978824514,-0.48837437441161297,-0.14067463570187796,-0.010199871874876722,0.022543689867951938,0.02981264055911472,-0.030446572127739418
2015-01-22,-7.3848133274018934,-3.0859759329450838,-0.831077329114981,1.2560562278649452,-0.26407212997589197,-0.11640078529054192,-0.30078711474292597,0.08868906541987147,-0.05572341707144163,-0.08093148246366393
2015-01-23,1.929781713557539,0.06765485810142621,-0.678794201722294,0.421488200718689,0.2634488713933929,0.4826095184825368,0.0061078948404115095,-0.08694089813197424,0.015846613847306477,0.03515158219097566
2015-01-26,-3.1618594360353742,-0.5227924272518905,0.15629665863139253,0.3389166030838337,-0.0018834632367116912,-0.19974889867702503,-0.009255739083904174,0.04783861074760187,-0.011487870358863289,-0.02524880481384242
2015-01-27,5.823289922921641,1.488286994580662,0.27037261915389116,-0.9612472873974155,0.1349713494828745,0.10708949552255882,0.14559425968554987,-0.04685123692983426,0.015146905254748513,0.04016405380172033
2015-01-28,11.844025382576575,1.7109267941696737,0.8718894906586095,-0.9951578040899137,0.04533992968910854,0.43914096979777545,-0.002328540647275723,-0.15586315935124045,0.03269998194464803,0.0891391576611923
2015-01-29,-7.921968467067399,-0.9490443565614769,-0.151087419097285,-0.25378447336942106,-0.16156360485894938,-0.7488010636984674,0.05597812383236372,0.18036909030162557,-0.03607641044998132,-0.07420282237543126
2015-01-30,11.51079199134808,-1.3400837019927818,-0.3074281404259391,-0.3249672312558491,0.7796975217514153,0.5985708434008735,-0.026874708183737786,-0.10223342659659101,-0.049279478531498264,0.06893868266114338
2015-02-02,-7.485360575894981,1.5879444214057923,1.1900796131206468,0.32129395694869967,-0.6168361255695902,-0.4551306601338669,0.058833834635337576,0.010019492612766478,0.04357147032868446,-0.04076034666971235
2015-02-03,-7.599923538510624,-0.7439647292822733,-0.7269950771841587,-0.11027933387125491,-0.6132975080429658,-0.5313903281163618,-0.12981311096652412,0.18646175424984227,-0.005940819304816902,-0.08145182103005169
2015-02-04,5.063227694371351,-1.1056062496008983,-0.04269158409506353,0.2152877792189568,0.25394025222164435,0.4327888271216897,-0.09547467936553522,-0.11837346703587276,-0.041908822128556206,0.03870217643319882
2015-02-05,-5.285717236282587,0.4232214485690104,-0.5426663606775326,-0.02851916933440043,-0.2547637783685601,-0.2953051905108259,-0.0010512261634263488,0.11501318008234344,0.03604566445625466,-0.033615263505189015
2015-02-06,5.471828708162961,-1.3949229455127012,1.0066534229859003,-1.3122969116655707,0.5466714322245906,-0.5735849057558,0.1160846603719479,0.11670481361917182,-0.12144371847162326,0.01237701717463288
2015-02-09,4.2857346436400166,0.5200554055500576,-0.759160431981395,0.18860015121472543,-0.40675287309913943,0.7649366330141701,-0.20107031597280262,-0.19161298084012088,0.059638303436743964,0.04245777005385207
2015-02-10,-5.3192326959154395,-0.9480030156835078,-0.47844633632655303,-0.3730301579152671,-0.42214265605837437,-0.5723096609766015,-0.1777960854089748,0.18225577085709588,-0.02088562484727981,-0.03434480909404198
2015-02-11,-1.490434051879647,-1.2514058528515697,0.17686559950728156,0.12212540240490721,0.5049883769020103,-0.32934325911898504,0.09066248439065312,0.11841309828848737,-0.0743113598988416,-0.005813620092809579
2015-02-12,-8.162824993357036,0.9800357454092384,-1.1186996729999645,0.758033867415313,-0.5085993811302896,-0.013773848740571687,-0.1318767487140859,0.07033371543924666,0.13386305947663724,-0.02627466881832288
2015-02-13,-1.0853197251314164,-1.1602931516675083,0.3501385375351511,0.3228331493299768,0.5746809802876862,-0.24426238591533228,0.11132090948340796,0.08321700400139896,-0.07584996632770497,-0.0032697857447827354
2015-02-17,0.9202972129095084,-0.14801845583790982,0.8956928250420761,0.30088814801263947,-0.21719444140870298,0.061903262865191974,-0.05661612701968717,-0.08528578954924108,-0.030483122835779895,-0.019048888863297583
2015-02-18,0.9776386059274755,-0.7933508229272371,-0.671840414235935,-0.3499834504669727,0.09248993835143386,-0.008513630005443322,-0.09676123960964295,0.044310616294168347,-0.01930872933062387,0.038468401102144424
2015-02-19,0.0953533223072662,0.2174150512014833,0.1452077572092002,0.10297052214163398,-0.1215331488841991,0.06925915945748112,-0.0175107829389533,-0.03730096890677541,0.010155646363334502,-0.007170602581115517
2015-02-20,-5.489264558057591,2.3249890689967745,-0.5833661126343476,0.6283593110348706,-0.9607372869142159,0.26557116625852645,-0.11366085079247192,-0.055594664214570474,0.1855466433146902,-0.0456642592781752
2015-02-23,0.26998551094964107,-2.0862670249912396,0.7021688856627173,0.6987090968832466,0.3654867355078071,-0.03170961698717569,-0.11063317752108953,-0.03804329345020129,-0.11082486133132818,0.01880120554453826
2015-02-24,-5.123583753179408,-0.15032956494633998,-0.5800357725617242,0.9585397712758228,-0.14030355350396417,0.10162132380082482,-0.13328576520688032,0.014593760048161526,0.0691716882450096,0.0055122968244188915
2015-02-25,1.1593067192051985,-1.3114104664272532,0.530541711688527,0.5837281240560049,0.48766723705982146,0.10510781295674666,0.033915507017120906,-0.06587312940683154,-0.09232498956182923,0.014672298066171924
2015-02-26,-0.858715527773798,-0.39995584614261753,-0.2956494286139246,0.2789139048794467,-0.06004452477704786,0.1009209567140558,-0.12018921216213957,-0.021789327325231082,0.01419106962314052,0.02543250534224175
2015-02-27,0.6241177095125642,1.411965807991342,-0.31494276790925496,0.3154000958094032,-0.029941039672626235,0.44551465604124335,0.15707549852139338,-0.11649570218554094,0.06919733675495565,-0.025510548532627617
2015-03-02,-3.4348727559875503,-2.344653353295794,-1.052307742452042,-0.17622783571870224,-0.03263265733894386,-0.42039622987360814,-0.4799987924926005,0.1736573061159211,-0.0003946960420927663,0.12602364677700276
2015-03-03,2.159824508911368,2.83625439733126,1.9763110532667818,0.47771616926638666,-0.5621534112717752,0.3613664537425868,0.38333151265283644,-0.2156046771896484,0.013795836956965514,-0.17279910208955696
2015-03-04,1.1290549488152153,-0.5636514939887252,-0.03712429980730696,-0.20156185436621224,0.22595037776900675,-0.06938072044987555,0.005750077511987058,0.020094677305145938,-0.036434575893405284,0.018050069871300495
2015-03-05,-2.09421168625974,-0.64074667404995,0.15345071034936747,0.6801946767017691,-0.22059356952007833,0.07462167667058343,-0.19175723368436934,-0.0415843330358153,0.007314427534333658,0.012288916563110926
2015-03-06,5.186885497909343,1.3633700644007778,0.4025490296469953,-0.882849367065324,0.8590923080631366,-0.035858517294034116,0.5805894348711995,0.017810553518543618,-0.05354579841240104,-0.04126527278199351
2015-03-09,-1.8923798388622826,1.9879177955746896,-0.9529862443219481,0.7526791550782987,-0.6226173070672293,0.6899724040631289,-0.05488251153026942,-0.1308729592701973,0.14537772642076077,0.0014980655120117874
2015-03-10,6.704996684766006,1.4929217429032668,0.14306516462031263,-0.22961960191293382,0.5537580475041219,0.4884374337660417,0.299145868304188,-0.11249661237904349,-0.012624165531212837,0.04340644544728627
2015-03-11,1.2675521862930548,1.4966847927058673,-0.25128895019647757,0.6906408593966922,0.13039983707122865,0.5255465426067072,0.12420237107763604,-0.0578979380371711,0.031375616281084893,0.02887803145959596
2015-03-12,-5.141545922986971,-2.1904411991833013,-0.8192920420309695,0.20287667037859416,0.24257844955493094,-0.3457940774138602,-0.11733779875156777,0.08960313128974078,-0.01281229333534916,-0.024373335997572645
2015-03-13,2.003752895430659,2.9465132678594674,1.3512564079640947,0.4402254834176698,0.09924359606595193,0.2815275104713666,0.3492133364195109,-0.0768924408358933,0.009331634323112918,0.015466290607201016
2015-03-16,-4.3237676610363165,-1.530815586786853,-0.9433508663527118,0.18113933005516308,-0.4909125892467743,-0.11423218477473854,-0.27419564654280987,0.052955950099594994,0.028912586251073343,-0.04197907036154303
2015-03-17,2.3838327150206293,0.1603714216234292,0.2689040174950726,-0.3441625526894398,0.23368657690593436,-0.036662997892409496,0.07792850390101573,-0.012138775101659616,-0.022565666138737592,0.01361247466979713
2015-03-18,-6.718390532470582,-1.489083117012334,1.4991417172760506,-0.05916068086760772,-0.4124260408150754,-1.0059567186084541,-0.09977210095599119,0.14191426829664844,-0.04499664504668762,-0.11449671570469298
2015-03-19,3.966017910258092,2.999011175706691,-0.03763571415684901,0.4599250775830255,-0.023031867841266932,0.8558670502017557,0.2526346667424034,-0.1633075081745425,0.056154653247086274,0.06831256984067884
2015-03-20,-2.197419889258091,-2.2033378996853545,0.12404422478436891,-0.4098692514748736,-0.10124386571253743,-0.5887842422995154,-0.21913758385338705,0.08866714363779624,-0.03842356207405678,-0.05496460956067229
2015-03-23,-0.1563262349644688,3.970714095142467,0.9198714362181343,-0.02878388083377681,-0.15631737289337758,0.16556843801003807,0.4690650693127685,-0.0244347971559303,0.057894077294993185,0.021073950742677084
2015-03-24,2.4039456101757923,-1.3458701672257745,-0.5116600746558478,-0.5131584892150567,0.11926971635578432,-0.06479589822739605,-0.1779294097790133,0.0057094292649993664,-0.020094735639028413,0.007142410612541864
2015-03-25,6.085612973673233,2.6842582970023847,0.3880234296145308,-0.2658751483155147,0.5234675043649294,0.4628773202496285,0.24957845877111764,-0.10128772064926693,0.02231831600072782,0.14961096319835898
2015-03-26,0.07955874150392138,-0.023058718455616797,-1.946717210137536,-0.9482505956894149,0.39754409030915216,-0.09705872707077878,0.0614754744809906,0.14974750453789992,0.020314220110564878,0.024496716858272864
2015-03-27,-1.0133664298418932,-0.14809911888776064,-0.40305399716606677,0.1528114117345137,-0.2735899596354067,0.09041715295647028,-0.0735168025595763,0.015281741708775906,0.009553203633122719,-0.022186630208796514
2015-03-30,-2.7444511856310077,-2.5554653337658477,-1.044728015286033,0.13194401019541746,-0.22746491394483848,-0.1338305954617941,-0.2946541251441638,0.05155764826068282,0.002233409064045279,-0.06897375938726476
2015-03-31,5.027407263371692,1.817452775470338,0.5530137259259997,0.9483138282766277,-0.16667017313174484,0.8248111529836762,-0.001952415834244987,-0.15069973790016156,-0.013595454293214744,0.059068104576386
2015-04-01,1.229005864833589,-0.40201306881542437,0.5222587910864912,-1.9470513369854563,1.1363982568766713,-1.0027210179249415,0.3478655350117297,0.11362880155098097,-0.023803228686771573,0.028538610214247064
2015-04-02,-2.0223082857833874,-0.06838964000597149,-0.3896693119345552,0.7049328552549045,-0.7556147511455851,0.3291709958438682,-0.2032024498241041,-0.03158109287799946,0.02222161988592802,-0.03888632447726568
2015-04-06,-2.9171714393916193,1.5184049555900232,0.4409860084505921,0.6037091454660499,-0.42648506149027915,0.131833908375923,0.09926875714414493,0.003024782215499809,0.024036458484816735,-0.004395886275161157
2015-04-07,1.5251633956110051,-2.0446081665322824,-0.706534886385509,0.052196673421430896,0.4953283272688158,0.036452331056922374,-0.13444742676970078,-0.01773946013246067,-0.028546691093681173,-0.008330751166409018
2015-04-08,-2.788591561229032,-0.03513209080918901,-0.25124677667907996,-0.3754165946030619,-0.12565605311604153,-0.321922640721201,0.035176491623804845,0.09245504308103979,0.021043306239531108,-0.027248333624337522
2015-04-09,-3.263129129007402,-0.5512161596239373,-0.7320763678742378,0.46143685805162266,-0.7049633671580265,0.1392045858633102,-0.2564465516703819,0.02067874412938988,0.05261607173897454,-0.036151142820204124
2015-04-10,-2.999116043876043,0.533115924433519,0.6263796067915808,0.39561262426088767,-0.13531440374071058,-0.14253220697713015,0.12323882806652155,0.03146449989627154,0.002954875430355879,-0.03817528591039675
2015-04-13,4.033669861852808,0.2253430451698292,-0.810125368812896,0.35454655747714436,0.504190210928394,0.5865932176769111,0.015082741879480369,-0.0791328167953756,-0.01946649336849003,0.0711043438174674
2015-04-14,-0.7005171736066583,-0.11510117470305983,0.05085019545557836,-0.6253439839992384,0.14120201535839655,-0.3649365581357551,0.0747472036173282,0.06373161928600497,0.003426922713081596,-0.009255411853937683
2015-04-15,-1.8879294031328266,-0.1425358619360707,-0.8717668523618118,0.39305110055737297,-0.22298914426618768,0.20520665292185453,-0.10459473592089001,0.02712916508903847,0.04193582393044905,-0.0035409026973964946
2015-04-16,0.17007416566980038,0.4448760983539939,-0.7712123350424499,-0.22008157657945682,0.26175509846732686,0.053790815889536284,0.09062155130065196,0.05720455198013754,0.018059788531375055,0.023161010640656524
2015-04-17,6.605191448303073,-1.260951105312498,-0.7948991954842181,-1.050922892454559,0.8738611451400148,-0.004966334173606259,-0.03969321719527594,-0.039286747561873836,-0.04747222901508017,0.04995738470564825
2015-04-20,-2.649003649110167,0.13764735639242717,-0.24154862618776854,0.3894386828809763,-0.5380654554673904,0.0941139844597836,-0.12497049205688128,0.012106755322853012,0.04590396947651423,-0.015339762029632121
2015-04-21,-0.50921009155177,-0.13866637967538947,0.24962859557509393,-0.30414540828721376,0.14772533498852994,-0.24772296614752545,0.07061920198683364,0.03407438550900598,-0.009702740995308,-0.006768086983903785
2015-04-22,-1.5231190039071016,0.12673774141835267,-0.35445398955318175,0.6172893813962926,-0.6819739083646525,0.3197416374869453,-0.2172688184419614,-0.03411865976610163,0.05134849946682722,-0.006640575236768938
2015-04-23,0.36214059461691794,0.36942464842669903,-0.17080619574099012,-0.46425449007534825,0.24192850239900301,-0.14936552720286364,0.12359485129041348,0.05216498841499421,-0.0009604187488807708,0.005516129989036715
2015-04-24,-0.4961153658440901,0.5031165917790493,-0.5776638086312407,0.06278528609989996,-0.24473603594781485,0.16134118638382075,-0.043432735811065305,0.026442691234302564,0.039112384004758104,0.006112014660688956
2015-04-27,2.894443033063606,0.7795540362463194,0.16054576820917535,-1.337557127161653,0.7865016054083204,-0.43344926761105323,0.3324971692526584,0.08152189939846818,-0.04083966972915628,0.027312420541261446
2015-04-28,-2.4833400807459145,-0.5626728826216335,-0.9223109347565605,0.8219080054028506,-0.6575842316151091,0.378942404757114,-0.3064002785733726,-0.02115393262044464,0.07173560741635716,-0.011779349997283348
2015-04-29,2.7350127504625696,-0.3617498911267817,1.7622559513066522,-0.2520683695825649,0.5948525681955227,-0.32674561152631865,0.20931608003946559,-0.0742842064482486,-0.1154605406505625,-0.009355583981254452
2015-05-01,-2.7872938216596603,2.554267679164816,-0.08649704057249041,-0.3929212093291788,-0.13677202452402792,-0.17280224131951338,0.3324002173603662,0.15411719218346717,0.04990917648904174,0.019056420744166882
2015-05-04,1.8447115981144941,-3.772810970294955,0.24412213745455918,0.69618566686414,0.5500708045599755,0.043911313044888635,-0.32064240997827087,-0.15932191614435304,-0.08182305845588504,-0.029686515665140727
2015-05-05,3.692533885429079,3.4743758213650398,0.09785079646632111,0.18536177397711012,-0.23029630151838545,0.6072829337076541,0.18675497548990774,-0.033383364233350026,0.0024270542506305785,0.059469857212638096
2015-05-06,2.0876780322704547,0.9407596327644047,0.7824954695737812,-0.36220878222260805,-0.06340260850199966,-0.05670715459962294,0.059120223622526835,-0.029803052567110282,-0.014912273469541359,0.028842057070036193
2015-05-07,-1.4246559850791491,-0.3127072601647272,-0.09021598674224561,-0.115973188953331,-0.4040493845509945,-0.08932748947212787,-0.07824387707196434,0.016240805822059997,0.021604350470007506,-0.030691390480503233
2015-05-08,-5.900742737806832,-2.5451093500058506,-0.6695759589192073,0.41897262780970557,0.08290757604864077,-0.35050097547030346,-0.13682889528392267,0.0694592378126158,0.03565838090818528,-0.06906451294308968
2015-05-11,3.6367682132080046,-0.3713815696041757,0.09966715665881139,0.13700978863116858,0.35296044993978726,0.2468975359226638,-0.022534845325608507,-0.09174718032646356,-0.04593004454308254,0.02272475058223008
2015-05-12,-0.5158941211230591,1.0084480944726033,-0.18800505132689202,0.13089042170684345,-0.6737735436651819,0.2158274491221757,-0.09072987585538021,0.00658833252025099,0.03787263952838432,-0.004269466917977642
2015-05-13,0.12275789754687008,-1.1994731880039873,-0.49309265864358326,0.05308581851296495,0.3860430081527477,-0.01870307469397391,-0.055055455706424956,-0.008361443725729886,-0.005164362310762867,0.0033346665852399086
2015-05-14,-3.6417213094306846,1.0928012748663583,0.17238871431897715,0.02733951811923726,-0.7102699600115053,-0.11798718646588773,0.011638271278708088,0.07414442310653334,0.0550835399804653,-0.027199271137079966
2015-05-15,-1.5691932846229255,0.25832675897960705,0.3129236110241603,-0.2358844322904653,-0.26274754323057475,-0.22913317212257767,0.02435464223786598,0.04546046009658693,0.017397629264884827,-0.021693219741832064
2015-05-18,-0.8776135450035142,-1.1920954964726909,-0.8651261741731342,-0.04029498940078105,0.24554197910930867,-0.055638272329145096,-0.1255219538825392,0.028880948126310375,0.03033292509158771,0.012116633942675786
2015-05-19,-1.399939904538961,-1.7650865827582456,0.5546728161821591,0.18206640383688238,0.43686282919473163,-0.3587003199597772,-0.040491893339544206,0.004595028188398188,-0.04923651640663443,-0.015316849178514285
2015-05-20,-1.3028630240807115,0.06365679426503257,-1.2751112322177032,0.9994074446958782,0.09939608115243449,0.5850074873130154,-0.06881472067888775,-0.0431053974503871,0.061788693628162444,0.032988196031682404
2015-05-21,-2.996822286806176,1.115887270965143,2.1035751495417214,-0.4456244382600898,-0.09489937452998393,-0.8055349481120276,0.382092237763438,0.13542733258704995,-0.0605373432852214,-0.08949839842628313
2015-05-22,1.4083049382725847,-1.853485808468154,-0.4164341117552049,0.10281175642080351,0.25858429649577236,0.07335698856253149,-0.25340482103834727,-0.06774579860647244,-0.023043641523732387,0.03171876620162558
2015-05-26,5.197535239242936,0.9179421796913733,0.08983261161045936,0.26196448246426923,-0.021792244945937036,0.6466304920934519,0.0169205897087064,-0.17602825431029806,-0.034835107746733145,0.030160414062747817
2015-05-27,-4.72497574651249,0.7867675815064439,-0.07529142780830057,0.08302548762939997,-0.5660283746696433,-0.21032128642600395,0.0156193145218432,0.1157363072388227,0.07196264599494194,-0.03725274361687667
2015-05-28,1.274763198597782,-1.3735998015821942,-0.3567107203793698,-0.07999467059525257,0.14406468772521447,0.01832754552743049,-0.20913341520977252,-0.047311452707312414,-0.007362902908755948,0.027563497891887435
2015-05-29,2.884616510704899,1.110445217890605,1.3545408139866033,0.19493561078428978,0.40266832652476187,0.09255978048046028,0.3246100514348771,-0.08147624255329956,-0.0930582833178267,-0.01461911805516897
2015-06-01,0.09925570546029906,-0.9097782543493346,-0.6636483219778381,-0.15812836231170843,0.08913830341748133,-0.016253232107210688,-0.12942510002886595,0.0141964632528257,0.013971417787813726,0.013761510939271322
2015-06-02,1.8143448490656762,-0.20056129830430408,0.6961058743140969,0.0023117824208963218,0.2622625372969029,-0.03955504548352162,0.07539847555039281,-0.04739655132182335,-0.053179317871743924,-0.0021998174488601346
2015-06-03,-1.0604029460646567,0.1873355763287026,-0.43767736969597026,-0.16609968819186496,-0.10834886380702669,-0.04829177817122516,-0.014666406603300508,0.04771102913801117,0.03085831684267191,-7.864065477631285e-05
2015-06-04,4.882760116422229,1.0235074508995132,0.30183907552127154,0.028871605611925033,0.2314115253846435,0.3869951198767999,0.1093043183296346,-0.09624385061809443,-0.03738876563621031,0.03299509814856024
2015-06-05,-0.3723503092286535,2.3717708981236902,-1.1754978579076114,-0.1556804569054123,-0.05981674797563927,0.2763460489988554,0.17260345238027977,0.11083124354151573,0.0508908729443456,0.03686079561941058
2015-06-08,3.3321433983142996,0.5942414122470187,-0.09015616331837539,0.5688169542761193,0.36627177480636963,0.41206367756125195,0.02594552499120685,-0.03166812495137013,-0.047725942184817634,0.02883393309427208
2015-06-09,-1.7451791028261994,0.24003314176379137,0.09737682341762721,-0.4516120791342698,0.0015839619387305326,-0.26883822864363355,0.09750569381067073,0.0364485342952554,0.022292209007847744,0.002740934032903293
2015-06-10,-6.647524926462458,-1.1063433825839122,1.193248326307282,0.7704945852913855,-0.307036202953758,-0.38872262657837015,0.03572493298266688,-0.009353802001843853,0.00808892969320798,-0.07318123667180933
2015-06-11,-1.6106331512569312,-0.7683808133727109,0.9337343318696126,-0.05108692131516751,0.22040396413992214,-0.419512209323108,0.07828635013619334,0.003955558994432168,-0.026102677774317316,-0.03262410433001517
2015-06-12,2.930832063295184,0.07077504223574681,-0.5204752600407313,-0.24799139978599122,0.2364324943277891,0.19872927445409952,-0.025463438996248366,-0.02701491388170805,-0.005576602823103059,0.03631239537586298
2015-06-15,5.486639996465543,-0.8224636361847327,-0.2280351209151677,0.612156396360769,0.01616883753450745,0.6256202330410829,-0.2511905397362423,-0.1439992340059299,-0.037848273600386756,0.01951835148157689
2015-06-16,-1.0464055367346936,-1.0911428636430107,-0.5917465102777484,-0.00519165276068056,-0.3016929266636416,0.008031942313080829,-0.19822916512525296,-0.00185405604813627,0.024388981455773263,-0.015928455177508537
2015-06-17,0.32120893852984295,-1.0784713313481067,-0.19447365482143547,-0.19399070477740105,0.2692785454641385,-0.12500279754874843,-0.03866672773597273,-0.0011198946882338687,-0.01409969898369008,0.002586801989138285
2015-06-18,-4.801602779632512,-0.19408700685627822,0.42128361800122166,0.12689134148370634,-0.5359952535217195,-0.31895083180267764,-0.08835499344913769,0.04358694777545168,0.03410141500138119,-0.035881642385215934
2015-06-19,2.826934992712967,0.8471949657801551,-0.634804213227327,0.02323468553160382,0.2484179242451585,0.3577378296012255,0.08645577926496305,-0.013543962700885126,0.0009201231264481373,0.027895078474960443
2015-06-22,-5.256865590105755,-0.6169335177417816,1.4893421076985065,0.15476716987805314,0.40196421272397226,-0.7363029171097862,0.25067538248499627,0.07909980360396579,-0.04690212428499491,-0.05630075522072863
2015-06-23,-3.4990778420599096,1.278492191728802,0.16385235732870104,0.0033640569267948998,-0.46693271211361315,-0.1654912008955325,0.09877265977711436,0.08547362664821032,0.04884026858281102,-0.03361874429484247
2015-06-24,3.145655575718248,-0.4900603831472511,-0.9233451589140301,0.6494753838879831,0.5660011396145457,0.6133661145774225,-0.043496941552308314,-0.10436754249561193,-0.020661394541175136,0.05516549433950077
2015-06-25,0.8520916691308652,0.03893798423145427,-0.0017018136900370463,0.14740260894638801,-0.0011116972330005967,0.13034874046083722,-0.020207979799894703,-0.028286507310294536,-0.006106868839468725,0.00548039122960354
2015-06-26,-1.5932309547016628,1.490270358765568,1.0660905087804549,-0.34888456348737434,0.16686253741632695,-0.3886450285635541,0.32316392159783286,0.06139970541108681,-0.011075943893643397,-0.0020345137387955776
2015-06-29,15.810840720487075,0.49565281703644004,1.0213047934909696,-0.0812557541434912,0.5255903583190322,0.8247108654852771,-0.20560246543106636,-0.24714320128172768,-0.07327725994285159,0.11073850397065396
2015-06-30,-1.9970129818923146,-1.9947185020175318,1.8021874622375167,0.04202660448636604,0.18551159360489253,-0.5542936972450905,0.06087977878314685,-0.07374521665338657,-0.04414278483579693,-0.046118977606484486
2015-07-01,-7.649618868960929,-1.1366507425321013,-1.8892631869935823,0.41112719357972166,-0.07173909175032438,-0.10271053209925872,-0.03575790009229666,0.13618785787439863,0.013408920177283555,-0.05743989178999689
2015-07-02,4.296602374018531,-0.9758067935448669,2.4941004697484117,0.2738815702160901,0.3815658038803557,-0.17102697065634753,0.05764733540625705,-0.13271811656196414,-0.07748974153484338,0.0010859696956074113
2015-07-06,1.6728766323385962,1.1804313106047717,0.16873604008428805,0.7030141748096492,-0.5672292755540596,0.5365561664199852,-0.13612528801410514,-0.09357670883658255,0.04336622586550605,0.01804078163829623
2015-07-07,-6.693067600704456,1.3792068552510601,-1.0934259085648446,0.45134123396029063,-0.29609732464615546,0.059363019224873685,0.10673433713660721,0.09433130927618996,0.0410646520430073,-0.0202310344887071
2015-07-08,11.967373912613906,0.15970622262133335,3.6088443886198207,1.3663476152475496,0.43625054048800876,0.5316217719456662,-0.12424037039028075,-0.24221542518078243,-0.0034834852740158644,0.09204900085895969
2015-07-09,3.8967967638125227,-2.3238948595323037,1.0397162449759252,0.8176018383385529,-0.20802149913951365,0.1854609179243641,-0.20299231664196912,-0.05419295086958871,-0.015228710511396248,-0.03801728127811405
2015-07-10,-11.077445719682393,-0.8037081378167851,-1.8247245746060332,-1.1849090559752011,-0.37568463253514117,-0.694791996015195,0.04975215182990876,0.07031705306429796,-0.052894572854500194,-0.09403633773769261
2015-07-13,-11.179329156353177,1.0894098441003737,-1.4503331320221584,0.13892949456010456,-0.29216816736029066,-0.35659058462660115,0.1568736182807212,0.17277614658023915,0.04323645120639869,-0.07622408523261334
2015-07-14,0.10353750058096924,-1.4635489713398948,-0.3109932670186904,0.6062571407747253,-0.40561023145866015,0.2777679892573157,-0.3224809183281489,-0.06665918238553234,0.0022109548891470743,-0.003582803799483556
2015-07-15,0.7784674562989663,-0.4784126056638848,0.21566657013443066,-0.5544621702095579,0.2583011054394426,-0.300133301596564,0.04521700628500894,0.03386523124909507,-0.03012729757985657,-0.0033859349424526872
2015-07-16,-4.140204634190805,1.1947751447273356,-1.0076512670512112,0.16885106987984266,-0.16461418113271573,0.057162433174714485,0.09854537188913673,0.09125489169857295,0.060454753146215234,-0.014436756380986486
2015-07-17,-0.46332984493294727,-0.40751372317267187,-0.8033883646343298,-0.05033308074214741,-0.13252966112773049,0.08703278056453007,-0.13457472841654244,0.021715317453390833,0.026774202292837956,0.015127098005391726
2015-07-20,0.2358161668384744,-0.30352176216664817,-0.3048873020627699,-0.1328771501999833,0.08409334227875358,-0.016265026991259507,-0.03200397176063665,0.012863745238200329,0.0012060949416974299,0.010837478907246007
2015-07-21,1.0186372343133732,-0.1137327343613375,0.029141065106363526,-0.6473622732986233,0.23962934439310293,-0.2601223286541656,0.07173130869786697,0.04808637572150251,-0.021322099062163747,0.0014490655773397466
2015-07-22,0.3843529797589768,-0.5281304708628088,-0.22419302415975714,-0.15743837993823045,0.09828906054929568,-0.051767898673303295,-0.05039527264081475,0.01223370403393484,-0.008057127288060222,0.010736043500710047
2015-07-23,1.820765273636295,2.271401356169661,0.1494687613855623,0.09807131953637152,0.05494012675288473,0.33484268648774607,0.2687435292779236,-0.030364839755269504,0.02077578115468414,0.01508220605434972
2015-07-24,2.7061960128214864,0.07627159836666778,-0.7237005873387018,-0.5330576396908031,0.6552205241347704,0.025056146879769214,0.12708015811012954,0.03603974841284662,-0.012917673137310416,0.04473480553065939
2015-07-27,7.178132024171626,0.40073118243188627,0.5468947371035012,0.5954941472101015,0.14188711741287344,0.6232477148970653,-0.07244579788845242,-0.12546049319217295,-0.03154092278082226,0.047769234339866205
2015-07-28,-7.879920718704622,0.526543900436328,0.05317826691329157,-0.021234685317845475,-0.6809625809476904,-0.40165389915481775,0.03746246597662994,0.07419325930947543,0.04670075124249975,-0.06197490534062807
2015-07-29,-2.0853700512931,-0.9174680747984425,1.1160858270079874,0.11523152434742004,-0.18528475312529313,-0.3648804073464286,-0.04918680287118386,-0.025267592540008602,-0.02282725004610309,-0.05475382810391003
2015-07-30,-1.386113227218801,-0.11548663530600616,-0.9853701200385803,-0.09549202851266951,-0.11950816578420544,0.04652201030529554,-0.07144766055142222,0.05738480841361421,0.03255124033698094,0.0029994352944425397
2015-07-31,1.518686984932098,-0.24403382094176732,0.41193670607750815,0.05733624551661769,0.700625614574008,-0.06006210548375586,0.1747105616527001,-0.01940795694577362,-0.04607804238419669,0.019338241295166987
2015-08-03,-0.7474122824219829,1.6500171542284034,-1.2196982288323788,0.017041140983589043,0.11356271464450428,0.28715989451278817,0.15602188637721867,0.07634286199407497,0.04537586971945288,0.03925755056403589
2015-08-04,0.940873296505216,0.9411741429576481,0.22051245490774327,0.6631054229544014,-0.4477660796442456,0.4244908137203833,-0.06426634948800614,-0.0460827202380814,0.0006686451033830175,0.008507495734667364
2015-08-05,-1.694514953345957,-0.6502655174499166,0.9128548043335742,0.29898031745106946,0.11123902349381505,-0.21802759079233755,0.042388434473754635,-0.04504922407377028,-0.01795214188125209,-0.03041666620039671
2015-08-06,3.2170224123328253,1.8128450608428368,0.6754718861047931,-0.46419030667699723,0.10157397548781384,0.039477593248302155,0.15252001932599366,-0.017073394520403053,-0.004959242098055305,0.06550635159113559
2015-08-07,-0.4258239090934652,-1.3276791285313931,-2.5555224216139982,0.1014438302808739,0.22784140156600546,0.3072842872144478,-0.16820626159968421,0.10194982782827218,0.02101686702727595,-0.011269083199264996
2015-08-10,-3.3533594580199666,-0.9682481564204936,2.4060299503955345,0.6136824690445032,-0.7024736454529481,-0.3618316765721422,-0.10297966029689189,-0.13324115554660446,-0.01578445348760846,-0.08905132369799715
2015-08-11,5.42859296484688,1.9510976729266196,-1.4323871660061387,0.014200464354730555,-0.5587101119905358,0.7916760024460394,-0.15052000100242288,0.07036054103756967,0.013675380274330679,0.06783674308647757
2015-08-12,-1.8804812985263837,2.7547065458226268,2.3247195844701207,-0.4996457258013292,-0.236378893843469,-0.4330293879229249,0.3864303651079911,-0.028448563981610137,-0.0038550503249760544,0.03276761901551523
2015-08-13,0.8222120356398829,-0.35564667745044826,-0.06903908248343359,-0.09286539766717093,0.21538474329083507,-0.02781547866002238,-0.012892160918982277,-0.014954564818605487,-0.0016474792689008502,0.006264706497538234
2015-08-14,-1.679566542578756,-0.744652347737053,0.8464323751076845,-0.26293506005415074,-0.4742490657098879,-0.3450598656468405,-0.07403761377675162,-0.056627681354465956,0.020082881262215087,-0.08099794326487765
2015-08-17,-1.0439045461299246,-1.3156691971524435,-0.09358463661749468,-0.21402818294706363,-0.10434869005595744,-0.2469947612599749,-0.1299746027448498,0.0003458292983603754,0.004703758580519819,-0.05952913960804437
2015-08-18,2.194386843945643,0.09151256606223655,0.81863176689118,0.12616254268804455,-0.17824433070207607,0.10271296836848977,-0.06835459317354985,-0.08586362290931436,-0.006928621906701235,0.006267174927598321
2015-08-19,5.8117668519425365,-1.71144842617502,-1.0546983566221981,-0.005632028880310323,0.33991440358714564,0.412856941260773,-0.27976408917607026,-0.0421264107728921,-0.018976094149490495,0.058268376492242126
2015-08-20,10.052655066617081,4.100269659573647,0.6525405065896717,2.037750233849155,0.903058862218833,1.0688293261846857,0.1168608501888996,0.20224207696920649,-0.08152603415212531,0.17781061698889963
2015-08-21,18.114165279769356,3.5142465616075684,4.9878368944787015,0.7658789193479962,0.7758973447462146,0.016465584142480977,-0.5320298424421098,0.09053940841937205,0.18747068602774314,0.23492665146969835
2015-08-24,41.71830342233349,-11.654446803313183,7.897890909570618,8.732020438178965,0.3104470373536533,-0.3332049467489937,-0.470675468130158,1.3884149359253464,0.6990161124388481,-0.21168082462347235
2015-08-25,-0.591905762950031,-4.913806358498896,-7.507311671739677,-6.079736294955852,-0.32876058652001405,0.5895016606729664,0.6112633025045562,-0.4685718140411391,-0.5414545179821411,-0.018297713791768325
2015-08-26,-23.05546699756215,4.737455665322013,0.5574269009371692,-1.2308988851754228,0.3635629145149987,-0.16144314036392707,-0.10292107888547335,-0.7880488281973518,-0.06563988238736021,-0.01077808213538514
2015-08-27,-8.25376694979522,0.4988724593330426,-1.012749818665017,-0.1943799630077365,-0.20992769938189668,0.04516282489233862,0.04651286217964962,-0.17186944269302903,-0.09271481545619988,-0.016159932283752253
2015-08-28,4.552288957083942,3.6974542630386225,-0.46369603439134055,-1.4144728332949934,0.14753489895157798,-0.12077066541402376,-0.13145462962845633,0.07900121086351901,0.07023462377563379,0.049040109729300674
2015-08-31,10.432150177464948,-0.7706526620574804,-0.3173656523504968,1.1341131399199917,-0.0066884356725716064,0.161346340022475,-0.17285668329671952,0.37738019618759916,0.029495683606364814,-0.04930808555497048
2015-09-01,21.267801957844362,-0.6808604126831165,-1.4729894237249241,1.7418322659944567,-0.7164457840101586,-0.09237692013110999,-0.19881887394571862,0.7403353377874754,0.0086849805813313,-0.04084166945016826
2015-09-02,-15.664067772935626,-0.7405432010205639,-2.2516414638412683,-3.1680221318376094,0.8278216849553967,0.22198823132802567,0.3114653255444321,-0.6055673050397359,-0.12838220230920885,-0.016007638034608754
2015-09-03,1.6224828826398154,0.5735584366754374,0.2535130845548674,0.2109570383465508,-0.012372939315167239,-0.026321028635381744,-0.05889720734685832,0.0550094477873476,0.02238640076823851,-0.0015188986170086162
2015-09-04,10.061757649914568,0.5525437029571624,-0.6138502033484206,-0.7581819168024078,0.05962883398379711,-0.13189259416476895,-0.10739013019128338,0.18264669984893434,0.06656608646520434,-0.020357738895354475
2015-09-08,-14.025832860133283,0.49662329892089585,0.10607325673831865,-0.6107470824676541,-0.22821822937761338,0.0912387060363183,0.1018621393071394,-0.3497638684491212,-0.08540727762415838,0.04185770509650341
2015-09-09,3.016806785343119,1.8173640916307818,-0.4236883812116801,-0.517764920434642,-0.16543002198531445,-0.04258095987347566,-0.1490896567485111,0.08125667621908428,0.015294953354428872,0.0009142968544316725
2015-09-10,-2.213128279831567,0.1126618348660783,-0.9618630572571061,-0.7849898531599933,0.05330080402322403,0.00023578989912850237,0.0634164977403589,-0.0695602167487963,-0.03150580845922048,-5.976227975845032e-05
2015-09-11,-5.343127973431273,1.826780575175493,-0.8220753944058026,0.696014814370667,-0.13100010726941988,0.09665238251580462,-0.038241969479479866,0.057624042203173145,-0.084375338363997,-0.006897405822354642
2015-09-14,3.2536228864758168,0.3386999099544108,-2.067449518851069,0.10087950343744637,-0.1586963824212072,0.08671370981216908,-0.04717524877086542,0.1691719480239061,-0.08800949562337401,-0.04458156586471251
2015-09-15,-12.240116838417645,1.1361818086680873,1.0822034921161365,-0.9468409399019192,0.13653231682742886,-0.12342427705476496,0.1906574612772433,-0.28341021073111095,0.042632057296496974,0.07851963822647758
2015-09-16,-9.979565156951605,0.12974172758288371,0.1662042513111663,-1.0271707693050809,-0.31414536102234386,-0.20016729985922582,0.2435112892922722,-0.23559658230801606,0.023766584009069742,0.05324631063253664
2015-09-17,3.3105431453802328,-0.8119647471944015,2.625765021775631,0.8282326199009591,0.7127579328492455,-0.12977863416950722,0.006910466412399854,-0.11856921443536288,0.08367255340485535,0.038214404785551465
2015-09-18,5.83046833414492,1.2020553495047697,-1.509198235300522,0.5318227548776889,-0.3760897302329434,0.28284726903396795,-0.2610167319949317,0.31121688245439333,-0.0749499468555939,-0.05812920496974916
2015-09-21,-7.610089723635807,-2.330893799247958,-1.2319254760019271,-0.4207628296170561,0.16535065371652563,-0.03133641523454322,0.2757425840762865,-0.18622742227760444,-0.024347736032237284,-0.027606490024985397
2015-09-22,10.874184276191206,-2.110186925387499,-1.1976050102953277,0.3960182824142087,0.0008597055666121998,0.25135327164533067,-0.14899445516377555,0.19189316831369077,-0.025583938959727142,-0.06754149309130796
2015-09-23,-0.9167230604394493,-1.7572490375537202,-0.7341300958292184,-0.06876648344085878,0.4849633441536144,0.015125759722606965,0.13301425634363273,-0.05056490760647093,-0.01042990762483957,-0.01529198624911523
2015-09-24,1.803231303682258,4.7714976700393645,1.7021299086241344,1.8838517477135737,0.08478073163681604,-0.06480598873955652,-0.2660798820422021,0.26480476465734476,-0.017511592723331162,0.008969574342750041
2015-09-25,2.101209681648091,1.1980180034431729,0.12924442132403757,-0.5646633708757415,0.4421897765236096,-0.13972984754858989,-0.07730142308411021,0.004016323039275552,0.052054118984651454,0.014872326768730957
2015-09-28,15.70521519317607,-0.7945796263946723,-2.0064219763979607,2.0326963743620508,-0.4002789373475911,-0.11698251382391141,-0.1796762362167684,0.3868659307561849,-0.12117357071944092,-0.09547150137731908
2015-09-29,-1.7818375722670214,-3.654290425465284,-0.47481439841460776,-1.0668000418257815,0.5937082428202215,0.2373143742177279,0.3617553183235005,-0.17068564012422066,0.07886814944417476,-0.02442629828454479
2015-09-30,-9.299593423904643,6.454610949581279,1.4818652144164732,0.3639192813441513,-0.4509269267604544,-0.16626789588218316,-0.4523330805346496,0.07924350132131582,-0.08832868750897281,0.0782048783396738
2015-10-01,-2.770016237987853,-4.189616035784547,-2.952140068443499,-1.7940910016451312,-0.2261479658555489,0.3065651339495904,0.43911813351056456,-0.2114425776114096,-0.004248592562916244,-0.04016256952913586
2015-10-02,-6.273941750337605,-1.588204573497174,0.29421833572788453,0.9094050739297709,-0.37227422678586614,0.19304318992937206,0.09187108611074203,-0.07806908075147426,-0.029135604986053207,0.012362754450691505
2015-10-05,-7.701797834066115,-0.9226883164720283,1.0332631646778587,-2.4340306801395357,0.07295274563194712,-0.3197440024617823,0.13224345202796547,-0.374426393568162,0.12733449034541572,0.06431066107860561
2015-10-06,2.5257041901530233,-0.9106559457878021,-0.3701901980324247,-0.9676313948887477,0.0710155810694936,-0.0848821137460631,0.004475503173546274,-0.03926609829902309,0.018194773180702287,0.006267410223550327
2015-10-07,-5.614925017924878,1.2380380504366668,0.05314954579038105,-0.5700839285929804,-0.08328935142726629,-0.20006310091720872,0.07587603517164931,-0.06594591654184995,0.020857249315420344,0.024726367753099002
2015-10-08,-4.260815959394609,-0.7839999796100967,0.1291517683725293,-0.7431230172931048,-0.1035636076096548,-0.27947831015570895,0.0597023875797469,-0.10583049116637043,0.017856400388954214,0.015580041926741542
2015-10-09,-1.5622769849555533,0.9341701859234282,1.256830439265894,0.43241125315646406,-0.4617132001136116,-0.010209509235849712,-0.03163236940272967,-0.040732991275690314,0.01097085274292829,0.010456018346860088
2015-10-12,-4.0216470212494215,0.3232580398783637,-0.7204923714412961,-1.4502260329598942,0.04450190140809071,-0.4403799274188678,0.12831054178157855,-0.009868462937900885,0.029415485823515112,0.014283244767338634
2015-10-13,5.5354302168412195,2.6008833401290135,1.3329264874078075,0.104240654923852,0.39637416648603485,0.09738308803487687,0.049536753926678986,0.022891546962687657,0.022428669654631257,0.06995641069267627
2015-10-14,3.920779580215,-0.5036927063960311,-1.7637023900035287,0.05394949495374646,0.23391851497443059,0.2837582776902057,-0.09651903839687369,0.12072240359699686,-0.027304317739218473,-0.04662936781379278
2015-10-15,-10.69019790731828,1.2261728692844298,-0.27699675974942495,-0.2783167520870728,-1.1000260841858658,-0.20290044693483564,0.08203418479749179,-0.009776355133564578,0.02743804448295943,0.009893863768002801
2015-10-16,-2.0209967902649857,-0.85122304935618,0.08273654432901273,-0.17134937361473018,0.2579828853890435,-0.20275050987575294,0.08308836974292094,-0.042502209405871655,0.00938965302273164,-0.006186676337080647
2015-10-19,-4.111133377876741,-1.8815667200894333,0.18336609934991127,0.006731032119185831,-0.3368545955672119,-0.2518027924236214,-0.07374231621193002,-0.061966534139263035,0.009056926100544921,-0.0452648881955783
2015-10-20,1.729544559006476,2.170550501442203,1.1605598818371359,-0.24325517206085,0.10135285879638445,-0.06995336729090462,0.16171684443971612,-0.006247026507716557,0.00634173004725389,0.055201454586596865
2015-10-21,5.694761980160164,-1.8903380638391938,-0.5282031776285584,0.8475176756795928,-0.21496128322653904,0.5415091568214985,-0.32183328942279593,-0.019954248332104293,-0.03583487205956066,-0.042489058578959446
2015-10-22,-10.760982702144158,-1.1457110284491219,0.05386832894468056,-0.3464979762324058,0.0704058697066258,-0.718871902185828,0.18179908405815973,-0.008363204741630223,0.021415815631581504,-0.040255994099910236
2015-10-23,-2.089884898492727,1.922943739266638,2.6558547689467575,0.3271092992669242,-0.6098156066850076,-0.2444964099856441,0.13971381424087587,-0.08909182174741104,0.009803438166354537,-0.008930499616994887
2015-10-26,4.118706663293935,-1.1809164467800082,0.5712110864699664,-0.47154504073554493,0.1688040313681288,-0.11668320276646406,-0.09471095434853719,-0.05416190664101352,-0.02283352241045279,0.002821356649966416
2015-10-27,-0.18312221424759548,1.9727776142427553,-0.7486320322891895,-0.5615474344811172,-0.299815744617182,0.08100735406286137,0.058996164326061966,0.06735826982648263,0.04102838099293157,0.03408567079933929
2015-10-28,-4.638827653510437,-1.4649833798631808,-1.2586715024376065,0.16402485443524586,-0.39904511455540215,-0.06978375211441644,-0.16341427281503146,0.06497560433570464,0.011422074367393667,-0.07022617012393094
2015-10-29,0.8297986484775866,1.672216112295135,0.9530505530457203,-0.3189626585205761,0.06221424633555982,-0.1286698736573718,0.19829483849432852,-0.007347614251239287,0.005703560044397547,0.03211743802638748
2015-10-30,2.486189859110719,-1.2910635814667084,0.05707763356167331,0.04835866645269166,-0.012548660388863786,0.08991952167481308,-0.16886583906968444,-0.05421457870640466,-0.019897891156525682,-0.011836693358503209
2015-11-02,-5.488126908922228,-1.5845565807111435,-0.9472821099618856,0.6873636486563914,-0.068637205732468,-0.04412180945985251,-0.11487716019510431,0.048853394313121024,0.003319555304220005,-0.05330476896356686
2015-11-03,-0.17656571239542848,0.5002452364652699,1.2941756657854513,-0.6960951281713258,-0.15047618817291047,-0.500845750527134,0.10514442338354667,0.01446478039526148,-0.012920794283439984,-0.03165257474604298
2015-11-04,4.9344981837834405,0.5474426920254671,-0.8655424775743311,-1.3528654224026677,-0.019471696745673815,0.020431144164917817,-0.04811449780610546,0.03552814079228953,0.018204881662607125,0.053234853146471514
2015-11-05,-0.3695379754129842,-0.1685028941073617,0.16839329099685815,0.2834571052287408,0.16319383758007439,0.021138718710785567,0.0362304745222978,-0.013076180140821037,-0.009968549162679785,-0.0012772819781070926
2015-11-06,-1.474877582080833,-0.4687988765482542,-0.8670403257757057,0.5242939275272429,0.2592617175301229,0.19918537788368224,-0.002295734879364949,0.019852017656007862,0.0029238747848852106,0.0050362246193423965
2015-11-09,4.675667348704383,1.0014202438772244,0.6384431293160114,1.2095008881897005,0.3395501784522287,0.6919283966671145,0.048043920780184914,-0.11288614510745165,-0.017194891511971053,0.05797685161863511
2015-11-10,-2.5751557502750617,-0.5220805929754607,-0.08506117983406476,-0.18956724983525983,-0.004011295866144069,-0.25045715456419104,0.02536556977879698,0.023444775394258415,-0.0003011466108848499,-0.026228577770479353
2015-11-11,2.7115230641528147,0.7118101569300334,0.4915199435367373,0.014528660456411543,0.039562005234237516,0.13448965762073128,0.019761945935858043,-0.03493984710481483,0.0010272211061837634,0.029413230535543154
2015-11-12,8.843665209458027,2.274424447982502,0.7511467388037876,0.13043838409442476,0.30595911121023484,0.4748938285131019,-0.03294014847827098,-0.011152400787803744,0.016851915338764706,0.1089758745428852
2015-11-13,7.188705776301762,0.9321085876799453,-0.5883675757040333,0.8751585996138037,-0.17603135940574965,0.6100390215091107,-0.2687735907129201,0.15898872713388199,-0.0318176491789485,0.0003905260655962538
2015-11-16,-8.081217423062478,0.1614912561628606,-1.0587309110205834,-0.6941684255853706,0.27598156301617666,-0.35116043774012357,0.2899556251833913,-0.015326897035643989,0.011836030333745511,0.0069976275907941525
2015-11-17,1.498378250453227,-2.113239976734957,1.1759026420584526,0.36672020999276383,0.3553670240264431,-0.11661601729642072,-0.018168510692834115,-0.12656954763687778,-0.003012510826020793,-0.0274085012674409
2015-11-18,-7.071231467758346,-0.2533811472930526,-0.45506474990388496,-0.3351402397566758,-0.9313823038763949,-0.25091022525422174,-0.022545329066139184,-0.0012261986404607688,0.013177744744397951,-0.0637549900122744
2015-11-19,5.488851432869139,-1.7367730213765014,0.4654922037396041,-1.1318993864160938,0.4203081073474407,-0.3148306756915702,-0.04934208397209444,-0.044680986843863034,-0.020328482678049375,0.006493610189399205
2015-11-20,-3.439369006801115,0.35540938347644263,-0.21968887589666808,-0.8658078780661088,-0.17653398590965538,-0.44258982231994326,0.08257557554348531,0.05871189913847225,0.010624122722494708,-0.01935304453146916
2015-11-23,-0.00490410247295681,-0.9037513805425129,0.33790440930770044,0.6063388614785047,0.027479438691029676,0.10805242671208705,-0.06072244251411739,-0.042707403821167327,-0.021023151419999497,-0.016530502255810726
2015-11-24,0.3978147671006285,0.9447535261121073,-0.316924896493613,0.7345551666114115,-0.42464358187134765,0.4671832766245148,-0.10235748394284302,-0.018548067147256313,0.02482256561411849,0.008609008490505912
2015-11-25,-0.8476321819827394,0.19416263441997114,-0.4627608045554099,-1.2638785090592055,0.026246466922782777,-0.4275668693556827,0.07420884230035114,0.06599284718684725,0.011103415025073435,-0.0020052212306769014
2015-11-27,-0.7290637349971091,-0.44397930110337663,-1.7897687746166253,-0.5750791377589067,-0.07793275089976123,0.02667867470635881,-0.09486199039823455,0.08823068626334343,0.019833834636009764,-0.004249057272341865
2015-11-30,2.8807542038820078,1.6628012014512346,1.1945551486480106,0.6758327462493343,0.2775221456661196,0.2843981060864498,0.14241312284466529,-0.062208722142154664,-0.004443158464714241,0.04752723930266361
2015-12-01,-5.7875676950332755,-2.732250293736739,0.9869862109621794,-0.0036026950646206126,-0.24639069909775677,-0.6981403997876072,-0.08154758131580014,-0.007879789880703387,-0.047098949110600294,-0.10138330990280627
2015-12-02,4.192739577293789,-0.007017525138411372,-0.44990895827630845,-0.24444424548044077,0.044870633637234585,0.2758892931909945,-0.07593806655586557,-0.025241092248545424,0.0032758276839718542,0.034960152625313906
2015-12-03,6.602098684773757,1.1951324563207555,1.1233736845877558,0.4562135588178442,0.26114594809235425,0.4140708275726601,0.039405532533821515,-0.08316079527372254,0.015803258907406716,0.060436065030786405
2015-12-04,-9.859354527606724,0.2895698328331102,-0.7892179286864134,0.39573657546524776,-0.6313845863682472,-0.20702152234323945,0.017382332304983966,0.06113102277554888,0.018103977756679147,-0.07083157694175271
2015-12-07,1.8953707319152766,0.697968084885391,-0.6066874617371766,-0.8277628280796173,0.3701256246593416,-0.09707423205057679,0.11457756798613238,0.058937055442906505,0.009623899227946304,0.03815477814317101
2015-12-08,7.0354192925119525,1.6139305689471994,0.5110066055309127,0.5959845619256557,0.2181652793084071,0.5896069659194247,-0.04452557389630824,-0.04077231190764297,0.005498225766233202,0.07901887593259936
2015-12-09,5.177600554280905,0.6656855739826351,0.581054149148215,0.5055616346948253,0.6557666599062074,0.23442322966647341,-0.004431734745612037,0.006525268934997885,0.004896192395963263,0.054990761105745994
2015-12-10,-0.09298869792419698,-0.4560032936038341,-0.1647446029401498,0.016508203155397038,-0.04114362529635957,0.010637327484297195,-0.01574859826036546,-0.0014727076172000588,-0.0069754570094906826,-0.016715749011603328
2015-12-11,17.197700063798138,0.15370132002489603,1.7610907720898397,1.076685413051546,0.17847318667511808,0.5100226567443551,-0.4268277619765195,0.1414847829678501,0.0603434943612738,0.013194423890300344
2015-12-14,-6.5769625438361,1.4800017227444882,-1.9152780573795865,-1.1113760849086578,0.015186471925103192,-0.14346202456794901,0.17540065033730873,0.004287237953096993,-0.03753562717536002,0.023759355039702106
2015-12-15,-8.053905434109836,-0.32787387801192575,0.9890952577077796,-0.3537361889782238,-0.2823842862853631,-0.414933745437991,0.23054049850820915,-0.16796532803603942,0.013520330372966195,0.015577924654146
2015-12-16,-9.743745422066572,-2.315582382895588,-1.0847880806262946,0.33422309223030633,-0.828300625614122,-0.17059384500667807,-0.017286375145291806,-0.016051178690486653,-0.04266327203144193,-0.1333664067514617
2015-12-17,10.238791483864528,-3.566241335521462,-0.3983758592514145,-0.35798970039178324,-0.06916457839753166,0.28458580681415996,-0.3746896066793028,-0.029846974656823434,-0.042075530844996975,-0.011929989346135693
2015-12-18,6.405287857729621,6.842226061730573,0.7837754863251815,0.7469832121251263,0.609854189202307,0.4161852802748893,0.09965325155484271,0.23165147242179537,0.05768548915165738,0.12680474217360713
2015-12-21,-9.358523056236491,2.152572617800659,-0.7034518120573034,1.7891520889813957,0.2720409506348969,0.21802774219550522,0.19957216733807362,0.18373156322384965,-0.10502779894380392,0.027291061624697462
2015-12-22,-6.7614089357694125,-2.172584243360315,-0.6324744689124182,-1.2788918905875142,-0.3657599070503798,-0.4217206410380461,0.21116813883942787,-0.19820997378015157,0.06484808362539128,-0.0585616466549988
2015-12-23,-4.069083684624976,-1.844979566532177,1.9468953233519852,0.6954034049812845,-0.7274495491587164,-0.19444887771789307,-0.06308623220569398,-0.1999702277910101,0.01774301267981359,-0.08109379040970247
2015-12-24,0.938327534620296,-2.026822242714338,-1.5648363667540053,-0.8654704878222432,-0.11899420265089387,-0.08668699070997267,-0.18635722476412844,0.019062284222278073,0.0026856811458232065,-0.045437452167130084
2015-12-28,-1.978434987039942,3.296295961674328,2.304294583913489,-1.2252978176663039,0.38868258623045326,-0.7505449029549535,0.4737208740972691,-0.03610909480052747,0.04908023077072391,0.09970931739278499
2015-12-29,-3.724330276173517,-0.6378287877006832,-0.056714857941938215,0.8835864224834515,-0.5545635412452712,0.14202660638437006,-0.08090630217366601,-0.004664428493504542,-0.014970828792364249,-0.08028327968619242
2015-12-30,5.032589213138469,-0.8241545543896949,0.6999277513435241,-0.8061793945777515,0.39315472859521045,-0.2223276160750884,-0.051148977264823495,-0.06144843234858415,0.0012503197761840992,0.02557378208619267
2015-12-31,1.5963678226477835,3.0271570836184223,0.3090766676022988,0.3036917242303365,-0.39254998145674597,0.4196123678025273,0.02012736527957905,0.015594074772700459,0.03218824334740253,0.10548949218708228
2016-01-04,9.18255167984473,1.642803316168943,-1.1931258410942194,1.0028927108087966,1.009668641106946,0.750169288226699,-0.23645328562707815,0.229003183814969,-0.04644166525579775,0.11160593167686485
2016-01-05,-4.2868517881936725,0.4801596629671881,0.7591406529131501,-1.329682314771255,0.22133982545417938,-0.6003530286547677,0.31376050269947003,-0.15503843289635724,0.07128167327215479,0.07801299453354192
2016-01-06,5.908443965952803,0.8848045734444038,-0.20085935202857066,0.9039797778477211,0.4285740735596427,0.4538906806735927,-0.2665112463986093,0.1290830239310732,-0.021808568080566765,0.03472931241414484
2016-01-07,15.661902157672314,-0.35150638457341626,-1.6559103744436554,0.9765930962233185,0.1044756828250184,0.5497671613311923,-0.6622079629391635,0.42006488153434385,-0.06952811280369965,-0.1691996096896577
2016-01-08,9.2795088403997,-1.765828829230945,1.0262591651310655,0.6264865293761881,0.25552531190705513,0.027427753472589113,-0.2101976577741211,0.04093511932761088,0.0857280912345981,-0.06765407770591556
2016-01-11,-8.683464798208822,0.39435054402770986,-0.5635705086619045,-2.7511229185055406,-0.0794117307273569,-0.41376708112716726,0.41952550268366606,-0.3342346840671731,0.03434597953167773,0.11702935982434547
2016-01-12,-5.979252495754787,2.905810531321239,-0.9138706461537127,1.5352165071535298,0.2601099644130917,0.23866838318472958,-0.013526849556340993,0.2569144160691537,-0.1210510047496242,0.04461861756228437
2016-01-13,14.270555404173848,-1.0632834172734833,-1.520214669358731,-1.291324637835239,0.38481608946885293,-0.014133369113763268,-0.34106768806343957,0.10402731267759131,0.07512304329092208,-0.12851097819908716
2016-01-14,-12.742899587740531,4.556067202751652,-0.6752594001961905,2.1425912346980946,-1.1057635936030483,0.2868185242986781,0.01880189642269517,0.4813324452519974,-0.3476598573800123,0.08382498681236437
2016-01-15,16.547638503546235,-4.0188108339317665,2.7849432717928813,-0.7128404713972419,0.4016915577783696,-0.16238317749930514,-0.30081133758192646,-0.3732494215211064,0.35512858453822077,-0.0815971147656595
2016-01-19,-2.785196119867112,1.6883433019861371,-0.10374667208685233,0.3146508501548167,0.24714986944880507,-0.015588297844682457,-0.047853116076463066,0.07224317219443178,-0.037752350795781084,0.04266604382706489
2016-01-20,7.787097473223351,-1.7954185953047068,-1.5102225698854055,-0.03769946600211566,0.14033256113380924,0.03678702911122876,-0.08682082435165979,0.09429723731824963,0.000630227423108774,-0.13694612031186162
2016-01-21,1.682929823708917,-1.3767006063870644,0.671440801120188,-1.2897429328947134,0.9072539175243522,-0.20340010329663752,0.16464344094350766,-0.23673527424590346,0.1674605917610672,0.030945286316059684
2016-01-22,-15.557435370408319,-0.6617543560124268,-1.8054178926155793,-1.7533936791623939,-0.5169525783483538,-0.1269720366444851,0.6177922797275496,-0.23938417448689187,-0.12026451970806973,0.08576322589922374
2016-01-25,7.074305399391066,-0.49897570375476336,0.5864213210675754,0.5944404519673163,0.8126093848851635,0.024710012207671425,-0.16648420959380703,0.044524166220482095,0.0678244843379842,-0.044136204090494846
2016-01-26,-6.577872024636522,0.18145802071640482,-1.111547400993588,2.1071893272674713,-0.28422937376410645,0.3284698797669326,0.024585095085792815,0.173245278801524,-0.1645911169249093,-0.06537789112736432
2016-01-27,3.1576593594522544,0.4314580970060567,0.6628184680888642,-1.4585142833853348,0.04551684256522135,-0.20613197291208657,-0.020494684482737065,-0.10873642537654488,0.09853297078673219,0.05995107764674378
2016-01-28,-3.1094996643601163,-0.29968837448644636,0.5093000708132779,0.3575415088242332,-0.3786769350835466,0.04057619418073084,0.06986492125129844,-0.041733409444357356,-0.025649846150267993,0.015137881836474272
2016-01-29,-12.143897439370717,-0.18975765627122548,0.2339935481255766,-0.432460270191426,-0.8384840747395269,-0.17516842504947489,0.356469343792873,-0.17502853559696668,-0.03480342399834934,0.057791335242079016
2016-02-01,0.4790501118390499,1.4835146064406022,1.5581273619085818,0.6065245630512299,0.3804928587762091,-0.029260381632434895,-0.038262187017090145,-0.025744426696236968,0.03887205723721137,0.08988441351535273
2016-02-02,7.61357700748385,2.79848636095059,-1.0791696803334685,0.009817140054865371,0.11401897769820016,0.1913095700959631,-0.43063272316593837,0.32367803240543586,-0.04033006449393466,-0.003891478756566506
2016-02-03,-1.0619846345321755,1.5574336991455344,1.6505055945036426,0.2268787578739673,0.22070435619564197,-0.09290871926630961,-0.04924367872896404,-0.05847370134649962,0.057971146380782636,0.12761476411057407
2016-02-04,3.984050192663014,0.004714728752461454,-2.1505028907849693,0.9844876552291767,-0.19148840380595575,0.24225721887417376,-0.26962288764542364,0.3547520267019629,-0.16316033596276722,-0.17958720806470316
2016-02-05,7.274772321974572,1.8192082173598874,-1.472075548990559,-0.9683543917863513,0.6978562860483383,-0.1777609905584377,-0.37906111850354407,0.1349437538881047,0.04435060276421217,-0.04464706076514974
2016-02-08,10.67076784214917,0.73644200924529,-0.2897627644223092,0.8348856529528097,0.7362747474656905,-0.20479847027968143,-0.6162331995929412,0.1218109998235212,0.08561720629267414,-0.15645714910127703
2016-02-09,4.164477903984857,-1.9967417781437995,0.743979168615449,0.27189748187963203,0.09913418004586116,0.011713961181710517,0.05959875129951083,-0.09072018156633496,0.10950409870958219,-0.05263396401475058
2016-02-10,0.4909297061112647,0.1824426749808327,-1.1679660072317202,0.20596670257366184,-0.40809911408662963,0.023414426763027966,0.012690542648318212,0.09448531177868537,-0.12062008230179481,-0.03388782946900373
2016-02-11,9.737292078620344,1.0701061417037332,-0.1254904972197736,-0.22810021707256764,0.0956276988695385,-0.27733894184193764,-0.4424206083817836,0.048052400054100816,0.11192788296408573,-0.07198014637258482
2016-02-12,-6.255457333911739,-0.41719531532153964,-0.2874091721256722,-2.67011119570872,-0.1674672255126206,0.2058884233044153,0.46777936234318684,-0.17747071810609086,0.03450055321115808,0.1298677099262526
2016-02-16,-10.018835521616024,0.044293910837225725,0.386318125136925,-1.285876631419461,-0.15132973578096415,0.031630216475029886,0.47629283495894986,-0.18479221119501937,-0.0133033735559479,0.1775521684836761
2016-02-17,-10.058643678716766,-1.679640356673813,1.1706454916444435,-0.4788386294290165,-0.5567807380686285,-0.046773792820308566,0.5965650272724018,-0.2736291952627846,-0.01008261807548552,0.1360494334139749
2016-02-18,-2.804946369497368,0.2069412855438286,0.3077423304551792,-0.6107277872353142,-0.3196275654027243,-0.10189842486707586,0.15526548468571175,-0.08084955639239377,0.009781073003538403,0.06525664100562521
2016-02-19,-3.633418889276511,0.5562494052417957,-0.3802906827537302,0.3671466591978977,-0.41555148426620164,0.0933330916641348,0.07013143006213729,0.08095083505149506,-0.07273954118069847,0.007989205133889432
2016-02-22,-6.675085080799408,-2.67979674481191,0.27371165080039,-0.4186457423587043,-0.1326472334198151,-0.26417616163078944,0.4199244251840875,-0.23598924118472236,0.02882550490695509,-0.023667166063863074
2016-02-23,7.45715127330945,0.6886018806414007,0.5684757443258855,0.24925710769413972,0.25989395745852434,0.15109172280131386,-0.3137006778041106,0.050708992772708,0.03375987701029844,-0.003952587576027802
2016-02-24,-3.0871629525281956,0.10679384173376771,-0.29236527474140694,0.6134849132496544,-0.29581952667567285,0.12116436601836902,0.044426067959296295,0.060744650153881516,-0.060311414131456575,-0.01753979652000761
2016-02-25,-6.853891060026378,-0.8399513323179177,0.008754158005315898,-1.0418154241621773,-0.34784232793766884,-0.36082412053734764,0.3626604731214496,-0.15219754615107428,0.027339367036620363,0.03042118311463584
2016-02-26,2.9526470016511857,-0.8189279059349418,0.28043032974696985,-0.22757415007885884,0.11287651332738524,-0.03321451404840778,-0.062303150520404624,-0.05149544012614927,0.022240019388214655,-0.024925933209694943
2016-02-29,2.161011848495637,1.2105037135452055,-0.019288026429732787,-0.20832599719916928,-0.1297042120179753,0.07155951201353225,-0.10487615978177091,0.05027718817444771,0.007284021763070864,0.03463163109300096
2016-03-01,-13.641582987460799,-1.2223508468650874,0.2230153525215559,0.4944395101735878,-0.7797849250145197,-0.32186979530116433,0.43220248243452214,-0.07100262810737525,-0.03788289623205749,-0.05312070659549701
2016-03-02,-1.7834791363705527,-2.0371556818924508,-0.24275657238040524,0.03521697825250593,0.2819144501129585,-0.18939289744193324,0.06228532985705608,-0.0386792409536524,-0.00629404634042614,-0.0787990190669706
2016-03-03,-3.9026141482515353,-0.5027312826343205,0.042201381151152406,0.5829090261955155,-0.21579117322267097,-0.01435394576760189,0.054173354694199156,0.003376918031252805,-0.015956496586011483,-0.04465730785174293
2016-03-04,1.2753448670488756,-0.4427850966082798,2.321086616797024,0.07214253137913118,-0.15474369975699412,-0.2609422838594771,-0.01875867000780784,-0.16204719322785285,0.019067315622148796,0.0018531663218789348
2016-03-07,-0.6811288933678475,0.47087727513209404,-0.545905538442613,0.3870999283949214,-0.11731322767196983,0.22942947578738065,-0.02008116875741121,0.04141137123271383,-0.011242121113721448,0.0036080359806895646
2016-03-08,6.700808525816206,2.00771445964067,1.0567872978574915,0.05485348116909409,0.45146850226583723,0.25117054648643455,-0.12377268411976862,-0.039622495878584844,0.04482572484910708,0.1492343041226447
2016-03-09,-0.43413865210357966,-0.9218394875952454,-0.8857346121548241,-0.30697577027699896,-0.09871924013791862,-0.03189030352447565,-0.0020273206089398074,0.035838903157721154,-0.020180745011607083,-0.06367314242272185
2016-03-10,-0.3936442566192766,0.8822204414298178,0.4432049561243887,0.19199285712197905,0.016748385037504216,0.029235407654903775,0.02632293029745076,-0.00773834636288476,0.009591573562168918,0.04762288455048157
2016-03-11,-6.735677910468719,-1.5677447682623817,0.09647845511033294,0.0151513009994853,-0.6772722145764971,-0.34884214433321015,0.12528066715803124,-0.0257629882634329,-0.022039780105984324,-0.13322974255544157
2016-03-14,-0.6865219570158476,-0.34204792113505084,0.3624005487197607,-0.017972207878913776,0.2968991521765885,-0.1707707178575683,0.0757224726583079,-0.024278299738479982,0.004405693096608408,0.0025229684050878903
2016-03-15,-0.1062818231112174,0.14188213637060956,-0.5467713875981349,0.454485021184241,-0.12510668593765126,0.2697499960978548,-0.05603950235667637,0.0331062413389954,-0.016577582270917227,-0.007773939199812962
2016-03-16,-5.822060411744143,-1.825973695223426,1.3530746679157017,0.5995438671986256,-0.009368803889038645,-0.4959622260934483,0.12833072960470254,-0.07131299091524644,-0.018069715933145256,-0.1155145172671078
2016-03-17,-4.142219806889334,-1.6656945910993486,0.30400045526072433,1.788891749735907,-0.7958609477152279,0.357666851214082,-0.2185415996944159,-0.06468369836069374,-0.036962137415383275,-0.14273778187662972
2016-03-18,1.185921515410896,-0.44880309642167504,0.5706313579760346,-0.6028471080035352,0.1918984072266842,-0.3321173567107075,0.023065350218146326,-0.017362434447096314,-0.0008195485895635949,-0.006946930676032623
2016-03-21,-2.4964518169515824,0.7139227238703956,-1.0405987764691227,0.14560924306745712,-0.250968635183643,0.1685633441242489,0.03305931293849254,0.07604045819150133,0.006987375691099624,-0.005120959040174698
2016-03-22,0.42501006342674225,-0.3781990705334846,0.49809070685682005,-0.6088337843837969,0.031095165045288944,-0.35802584703925877,0.011019947477758757,4.7182374452165906e-05,-0.0010280491423878286,-0.024492055233858084
2016-03-23,4.717083752560803,-3.6517052325819175,0.6515921536069285,-0.3188014740531551,0.06214013161144605,-0.23168927558630587,-0.35670952004173406,-0.061320622977352274,-0.07511654716310878,-0.06423867590353209
2016-03-24,-0.7761460004971004,4.091765907720192,0.4459141488377214,0.8968389730383812,0.30703625076735597,0.5395527110756515,0.3561052175705401,-0.06399978081044215,0.08781620057991722,0.14802308466570194
2016-03-28,-0.254580750157256,-0.6963800152611856,-1.0464419773282847,0.24888640389646524,0.1314753424052147,0.1916848464052749,-0.05232554736956293,0.04566084068123378,-0.02078675718827739,-0.013462136966119953
2016-03-29,-5.373075472232086,-1.5736017530175141,-1.4443110896960814,0.031920925962843724,-0.04154474142565186,-0.22496074594506096,-0.02625999030891287,0.11694952591435216,-0.026699336716542062,-0.09584853234541946
2016-03-30,-0.7207269665444733,-4.385053475873098,0.5655900286630995,-0.15273441472483376,-0.4810820024944185,-0.5424202307250784,-0.5128769207338668,-0.005211931191363391,-0.08894064761169813,-0.11483000569370456
2016-03-31,0.8721202158387232,1.5971711570679046,-0.11859964969385967,0.43451126124855843,0.27222053544597014,0.38682286584533626,0.21096612875856732,-0.04638165649946448,0.038776993411107206,0.043323424646131724
2016-04-01,-4.305233428335603,1.5857602654575966,-0.8526126323041069,0.6951602597726921,0.06015536654493918,0.2521769748308793,0.20433938930480433,0.05931553844681119,0.03923388182627762,0.007425592601312837
2016-04-04,3.852454305748789,0.7403895556493121,0.5213428961940249,-0.12283197871014559,0.2715331364346301,0.15576611599585866,0.06946625785145065,-0.055268591828412726,-0.001185864928005216,0.06075917459698988
2016-04-05,6.65733311692366,1.6267498426910665,0.28806410986419506,-0.5772036351309977,-0.11678826182061136,0.3028282247157808,-0.05015133416752608,-0.037340598724078244,0.027642341536755904,0.09373723238106607
2016-04-06,-5.307024186559596,-1.5230783881145262,-0.5872852585745447,-0.06068079665130326,-0.23196642212200105,-0.35303020838531074,-0.04725201671793744,0.054225541093697587,-0.015053477984229239,-0.09945951576834049
2016-04-07,10.169807446497567,1.426423484861768,0.4516534921742175,-0.7623149606855363,0.3342142522481338,0.34388978725519753,-0.032220060181367645,-0.057075193182019375,0.02310310165868956,0.1326345527837042
2016-04-08,-2.7908684261888475,-0.5759069527836704,0.02125238762995727,0.5811449871871501,-0.18623775114291163,0.03032878606839296,-0.02747566224882242,-0.01099438257220504,-0.011720959421149096,-0.043961125977255607
2016-04-11,2.2586349741770637,1.770799179965842,0.21747655957656067,0.04446292028787253,0.221875279248206,0.1920992503367046,0.09063694941607077,0.013988380762078315,0.01956177471379551,0.0809369377717831
2016-04-12,-5.1436927603115565,-1.9952773084759414,0.7960000692350461,0.7926667759508964,-0.18899450749426547,-0.25104006969707643,-0.021980778336633033,-0.0720375698181857,-0.0259161911605092,-0.11083492464883182
2016-04-13,-5.110738672553771,-0.49214822861116425,0.13981180003833402,0.8335919137761304,-0.28354214240965125,-0.031387902591743184,0.0015991961702209831,-0.006832808566921833,-0.010169339309847371,-0.07254755024117586
2016-04-14,0.23105792181865947,-0.8790135385366488,-0.7677476098264293,-0.014443438443986208,0.11932450594768125,0.06238253916167577,-0.07814584174978885,0.026510489403750753,-0.011989914727429246,-0.004646374157915524
2016-04-15,0.9585323644168205,-2.297953987176639,0.9295872546496705,-1.2682331545489849,0.13744708084788132,-0.8451149008914102,-0.09954528640551198,0.028055653476392047,-0.06160820214045798,-0.06393542161848936
2016-04-18,-4.361401741046877,-1.2983918627272522,-2.6986432668245697,0.843608465221996,0.2351398819592492,0.42630047364430634,-0.14287320371768802,0.08364387378938072,0.010511732488055401,0.021490587981513216
2016-04-19,-1.6288807441413051,1.3609155487008837,0.14941757577690568,0.15253345797433926,-0.28361587800094273,0.057290140872510505,0.09267329465453081,0.00575573356782936,0.03410309534890042,-0.01823536950764647
2016-04-20,2.2168753154727487,-2.309184661379432,-0.954745795947686,-0.04087760218899671,0.322620306417938,0.11729946653709512,-0.24195014211481364,-0.009896443917930299,-0.03409322721957683,0.045717041459786764
2016-04-21,4.3646409014971566,2.301319961293318,-0.4298887558336408,-0.7101592673933146,-0.14013722654719674,0.28732399478994913,0.13289604117333567,0.013939324197632445,0.04372133237251437,0.03739535322896859
2016-04-22,-1.8681720900718868,1.0679773049162555,-0.43025937763636096,0.11347323650236042,0.0370417243873928,0.05786478501723771,0.12427003751221825,0.04856415545956911,0.021791168838647044,0.0006239501481727552
2016-04-25,2.328006007100801,-0.37012188508258953,-0.23650939947507826,-0.2589018381726098,0.1025692465062226,0.05725187560630327,-0.05238406402026647,-0.007779436969699443,-0.007425885858836869,0.01740949111662404
2016-04-26,-1.586800932939991,-0.3680414130594469,0.10287585439377923,0.28983348587455915,-0.012546083349039443,-0.03396529426017867,-0.014288192164286805,-0.0072874330592040525,-0.0027694132100945608,-0.014516048288415405
2016-04-27,-2.3800477074404633,1.0044813429682793,-0.966899411233267,-0.5559533483743089,0.35859428398958554,-0.20015193373120796,0.2194517447844669,0.12136071748640695,0.024067146740267227,0.007868479729205506
2016-04-28,5.633872665320514,0.2550692012255151,1.3430468114348268,0.5093235092703159,-0.3676082223181087,0.40476335231376726,-0.14591366899695465,-0.13796930123573814,-0.021691781105460904,0.019988642321822896
2016-04-29,4.440811136601176,0.3983141295827326,0.8174595675683879,0.2008306214309822,-0.12962562519973495,0.23327250757223444,-0.06291976533030368,-0.051527137939866685,-0.005193420311691641,0.023874631578726508
2016-05-02,-4.3445394310305385,-0.9807689765971161,-0.3176664922517127,-0.15973463572427438,-0.09316073369579135,-0.2986425779936719,-0.02722154991482505,0.00856534680086892,0.0008403941622417905,-0.041221570484487664
2016-05-03,4.747686947997726,1.9146348404816316,0.2767375000140608,-0.17112379954677312,0.007064952680327573,0.2781844913265967,0.07538195156247682,0.013418787858889086,0.01109429906727619,0.05409795723586596
2016-05-04,2.784401859396387,0.5405946772882504,-0.4525767946538898,-0.061497273972258945,0.2420877747263106,0.17842688512998903,0.015302517232101121,0.04488019944484265,-0.004489051789083374,0.0311027178108947
2016-05-05,0.9667117085228254,0.05410865877194518,-0.303882602466915,-0.35369509171450586,-0.009260079262524678,-0.016379592322728728,-0.016685154292521313,0.014726650561083052,0.004074433655424593,0.005166807717937576
2016-05-06,-3.140735372826666,-0.4730964625777784,-0.384444487422876,0.07433910407922995,0.14405515301801614,-0.11845159839974401,0.05888030389391773,0.009209351256953238,-0.0012148854980261713,-0.018611740824815592
2016-05-09,-1.7128937672998894,-0.6244485995368795,-0.718192153033079,-0.18220467908631316,0.0804130163466668,-0.08633775150294119,-0.008169950543110135,0.025497324080864553,0.003667875344979643,-0.01411991162540947
2016-05-10,-5.306760954973192,-0.5525761810877003,0.29838101857937227,0.2693511117714868,-0.0957455218750303,-0.28483854247050294,0.045609239527972516,-0.002095741097071494,0.005148444910374649,-0.04289187886422761
2016-05-11,5.696366692025628,1.0630449095881964,0.7538195991049506,-0.3261155671570721,-0.07029610302970199,0.17521589840887242,-0.010255416598059536,-0.04279628574364414,-0.003196124208586416,0.043404654436755306
2016-05-12,-2.7424404978102874,0.3339396136045112,0.0037401304343558615,0.32840199379254087,-0.012748476916566194,-0.021956075003546075,0.07302213976079083,0.015133943210238768,0.00342159039656632,-0.011110119456501944
2016-05-13,2.573218792662088,0.9399231384211605,0.45798447610809545,0.21569197102933188,-0.142404758193274,0.2179954842706767,-0.020693609362895184,-0.01199648082911639,-0.0006042234671904497,0.02757549256510547
2016-05-16,-3.7347088689167465,-0.0994038919432161,0.18037108087647855,0.16454305778661327,0.06291112292430004,-0.19036012085627987,0.1061241889396157,-0.0019866223494951047,0.0021906748781789186,-0.022995327799509947
2016-05-17,3.3780940415101623,1.206870967990975,0.29626272154200506,0.3969183473285557,-0.0074557971183169605,0.33467712264088006,-0.02007090615390102,0.014842026863431624,-0.009578500794166537,0.04895496608063339
2016-05-18,1.5091137251275912,-0.5832568702302683,0.2563807239602195,0.24545315678663993,0.04886481738764079,0.07582541621884503,-0.06665016962122895,-0.02971233005702963,-0.00550442188696084,-0.006328199355407859
2016-05-19,1.449716944879447,1.93042956336808,0.46281924957868015,-0.024432907546970462,-0.10279677783806886,0.10013653913596368,0.05325976836524164,0.043877719519566837,0.0019949422320192684,0.057734504298820315
2016-05-20,-1.5586665841172587,-1.7711223582781501,-1.2619293422600524,-0.4943957639577326,0.25988057150121974,-0.16798673907795275,-0.009673292523460372,0.0017114685546292382,0.0020385637390240223,-0.04981380919116778
2016-05-23,0.7402034765820081,-0.4543620470203174,-0.1443779099845808,0.12153069196166444,0.08271689810631523,0.05901528090105632,-0.03674117148283977,-0.002732111755091059,-0.005867907194188385,-0.006184388928817476
2016-05-24,-7.77830900421539,-1.4430884041940621,-0.26654924993205664,-0.07138689389717189,-0.15034733335669426,-0.456996388293058,0.053914640523693845,-0.01129192671220174,0.013744375094983472,-0.07900105968991247
2016-05-25,-2.194032810909732,-1.4531706144138532,-0.10272096018397323,0.3145036962197742,-0.06716474030648818,-0.08768854365545331,-0.11438438550887878,-0.020931834730956413,-0.005463299516601924,-0.038678958030125055
2016-05-26,-1.32960119196751,0.14411489071535827,0.1570527369002766,0.16128915587246673,0.07687109279745348,-0.05604497573681468,0.06665052844472018,0.006281332857987816,-0.0015723948079611211,-0.008574916547254816
2016-05-27,-1.1859261568726822,-1.5574492095952284,-0.3089035976528091,0.2504309574647128,-0.08635960315885582,-0.02067920709774363,-0.18506904237849336,-0.01923808761870377,-0.004518635743495414,-0.019015250020181312
2016-05-31,-0.7353075629392296,7.388627879636304,2.8000040587177932,1.396691363406586,-0.5288054259908721,0.5833969575080487,0.6456654640491448,0.04293370680913649,-0.01487277719017045,0.12610152940400987
2016-06-01,2.7054214837571773,-6.176632644880354,-1.7605943023213237,-1.4109613460525936,0.37285837014641143,-0.5350686795072144,-0.5489278363091502,-0.08714744272744891,0.012784343761553789,-0.12255227095695044
2016-06-02,-1.1947719955879403,0.625249065278994,0.4102426484083405,-0.20509577713780655,-0.24502185090792525,-0.15645871824035576,0.04718285631770731,0.006599917348668446,0.01112557948342214,-0.020286125615021685
2016-06-03,0.9714341791123104,0.20233255051057175,0.11052813135413268,-0.6704555579453029,-0.0015133775987925203,-0.20913240319648832,0.027375637406837988,0.018272112948137575,0.0016094378603628613,0.0017773145280998337
2016-06-06,-0.09829466176542294,-0.0037843482639136057,-0.12756648669074716,-0.3971113332505366,-0.051763332771240435,-0.1429165102897811,-0.0033574522423976513,0.026837042794386555,0.0035414197386140103,-0.00708286043396041
2016-06-07,2.402149615944713,-0.09311894650002328,-0.8765703070810925,-0.614164784865567,0.2167092780430302,0.04772777349155027,-0.020213957285274586,0.03789148589506757,0.0027499458351384503,0.036955484415766106
2016-06-08,-0.3124043481507071,-0.19059152397409754,-0.5330418391643696,-0.08997717195132425,-0.088717443173256,0.037718933779970674,-0.059906936927992704,0.02193258832348929,0.00950618098133202,-0.000868603827906075
2016-06-09,3.9065051714082233,0.4657274033012698,0.2900201370383686,-0.5365019520853544,-0.0650013320352227,0.05326759751761939,-0.020643712864895303,-0.031460166497118976,-0.0010144272939353505,0.02843026039667657
2016-06-10,7.920220604587047,2.281898071889638,1.1836218379682,-0.42599597794705457,-0.15828423096997535,0.32114912717870325,0.02282228646595972,-0.07494916238929082,0.022739802634380746,0.0882318864181716
2016-06-13,15.416936891474831,0.7704916099761497,1.2505050881808109,-0.3017304247589581,-0.08992004088152579,0.518135974322721,-0.3022452315951154,-0.024015161298439735,0.036914588699078994,0.09703657586346394
2016-06-14,-3.3343783072073143,1.9573464521509059,0.2848788719328781,0.41278664707181323,0.13815779712328402,0.015119564467915963,0.1507757675683489,0.019754100283047256,0.009429181466487734,0.04727945765751564
2016-06-15,-3.060935904762546,0.036075088833502016,-0.17764932990389376,-0.13987993151411357,0.078612826457678,-0.14963459822224662,0.10925629714368183,-0.012908729638880224,-0.0034169842191852325,-0.006094970515908343
2016-06-16,-4.241311999151193,-0.26150818808978693,-0.22121924474412474,0.1267960486622171,-0.5084209047841274,-0.06573811555350398,0.009840510526049536,-0.006914477518792793,-0.010543759837655558,-0.05695263638708075
2016-06-17,2.2558453631189903,-0.5312590337049443,0.3391530989445983,0.4443571792141736,0.341860507195286,0.11806697722566127,-0.03336950208482704,-0.017797583911790378,-0.004243190432852569,0.012047295396772014
2016-06-20,-8.707131642770177,-1.6521243091280318,-0.7126226862045604,0.22440334121723926,-0.3430239372478244,-0.3082371072119813,0.042813333073568875,-0.006993477566152999,-0.02322428928328968,-0.11836387319050895
2016-06-21,-0.6318576845493334,0.7460902110617649,0.669426060924976,0.24540298041583222,0.09126108233335688,-0.021280981835202616,0.10207203887909393,-0.021535241409086435,0.006056238169354127,0.018471191892319154
2016-06-22,3.1691897498471606,-0.29521570310944995,1.3064451623363915,0.18581195178006193,-0.07869861530764058,0.02642655878965779,-0.08743762615280697,-0.09094973768712661,0.01253766257547128,0.009321850641911903
2016-06-23,-13.529274091541248,-3.0385128290755397,-1.8553822944563478,0.7084316351916115,-0.24457985027192486,-0.46583962577102567,-0.07463566014500607,0.11243053034986746,-0.044500712684526114,-0.19102415787843205
2016-06-24,30.356062369214513,10.166733127129005,1.8853343023665503,-2.3776925929619783,1.1333807783245062,0.9213684716456264,-0.07669484266132919,0.1290389431288804,0.15052070949242657,0.5897036896390526
2016-06-27,3.758747835512329,-0.9974429454842122,-1.1005708821154236,2.1939151261248857,0.5974677307585252,0.5225735713115082,-0.25624046318354754,0.292524300513207,-0.1005262087547137,-0.11067981458290904
2016-06-28,-18.233917773688503,-4.202376160034136,-3.338779889088372,-0.6245204230077545,-0.47635570841523567,-0.3230702279486647,0.5069543303576575,-0.17076107425596435,-0.062015876197629174,-0.19734657526682808
2016-06-29,-7.287139389795214,-1.8193201446626495,0.04709276703306262,-0.30075615299193637,-0.6939225591077085,-0.4268507690198118,-0.01706069836616316,-0.08962643678687006,0.034187672198168484,-0.10489757283538893
2016-06-30,-0.9375344022357618,-6.429329140777748,-1.551681062691173,-0.07029645380192227,0.1803544332785816,-0.22088092193137093,-0.5820635659828106,-0.0773794787019049,-0.032573413697324034,-0.04168159039590899
2016-07-01,-3.1423986452227166,4.995027760699286,2.5279515044369916,-0.04213825016685691,-0.27066087692617163,-0.3104717684635578,0.5957945633252016,0.019044877445636776,0.03208557337095659,-0.03406974975483041
2016-07-05,2.7036676613721053,2.2000784344828728,-0.007509434358805687,-1.1135628714456682,0.035559781337837895,-0.09711226109277055,0.1672019407209062,0.049547274775381595,0.027043071345254893,0.07405422072125527
2016-07-06,-0.4805216951889661,0.5970112319713723,-1.9203283826698887,-1.4348838753195794,0.06925187648230328,-0.23563643839117177,0.07147055704481314,0.17043231401693232,0.034741518048281836,0.01801755063600658
2016-07-07,-1.7740045635369608,-0.6991646087671386,0.749968950104891,0.7389658594928098,-0.07739179675429307,-0.002523501781377712,-0.026993523732696895,-0.05719088499899351,-0.01647481453388735,-0.04074293074527814
2016-07-08,-6.057012197009884,-3.437160746832236,-0.23973444321481321,0.08136097947354298,-0.40587935635472583,-0.6372376366605672,-0.33121854830262776,0.08056124510917313,-0.01334705779474232,-0.14607575592609925
2016-07-11,-1.1611188559672605,-1.1344229057873916,-0.4655918227219676,0.31608187480069555,0.15074105001193933,0.017803216020988676,-0.108679841860364,0.010381083543013932,-0.007231117355062309,0.0006009584709259452
2016-07-12,-2.6511244643632086,-3.0402517945544814,-1.1528044311668961,0.607691044318301,0.5253674159390536,-0.051824260666520267,-0.2878304252364047,0.04046014876918098,-0.025112250755695894,0.04096541125743018
2016-07-13,-1.1913020294300916,-0.3425577835514293,0.2799090919476199,0.1310936084202936,0.06139134807428686,-0.15409577770416769,0.005669153867146839,0.0256497981448202,-0.016971648195754415,-0.015310447820978774
2016-07-14,1.4430681846093067,-1.9166490762978345,-2.119348638394595,0.18087137917201843,0.9898794832449327,0.3739953650215014,-0.08804040684836269,-0.004901571716966246,-0.0009477347926848161,0.11452058639958994
2016-07-15,0.4614321390124643,0.9202589979164171,0.37782109871849173,-0.08506069354328387,-0.3658052074763937,0.04944645311342815,0.02012768090835617,-0.025048397091651776,0.018851425139612406,-0.02508433740331855
2016-07-18,-0.18164268036576553,-0.8726465572245703,0.8575245367656158,-0.2196004136833183,-0.4101130541195906,-0.31600971443259274,-0.21273954921851165,0.006275664090769749,-0.03872275750149633,-0.006664016253821385
2016-07-19,-1.154865916072588,1.1205525725601313,-0.14893373088298165,0.48708625105819076,-0.07425228441450286,0.26187411372849184,0.12374793790944817,-0.033084565401246636,0.047574556040552024,-0.023440259485086972
2016-07-20,-0.7907568493270266,-0.31113515362976646,-0.05799880168338479,0.20899909243867415,0.07890293086991926,-0.00019951326327958846,-0.019699985947985665,0.0019612700716809517,-0.0018259787219462662,0.003972187278434871
2016-07-21,4.346558034533736,-0.010979157942781254,0.5973143626250447,0.015160538791945977,0.16765510027792727,0.24138978120521118,0.0756180022897129,-0.10337813909691779,-0.052665522378715746,0.00489666173548912
2016-07-22,-2.136505859911935,0.2675514278994053,0.04501884948016048,0.30866214571803724,-0.019810595757012533,-0.03238728986028189,0.04412998171090244,0.018801935589455455,0.01526381835409942,-0.01903499771719516
2016-07-25,3.0074308769366924,0.38737562120912905,-0.03935533521688503,-0.22964039818071913,0.07829815728467213,0.17818146860138956,0.05655932982114633,-0.03857717666141025,-0.007471094701621981,0.013170144729033027
2016-07-26,-0.13587724308349597,0.468158722231101,-0.35506645450756436,-0.4491002880912355,0.05408978668819589,-0.11513405639962081,0.06975504553613103,0.05667687907694811,0.014803137358943019,-0.001844928135720596
2016-07-27,0.9058447227547033,1.0951482126897838,-0.843365209826974,-0.8791814605723318,0.14409565165065866,-0.08840393810322926,0.14775791225495818,0.09044588146151457,0.034598449413979576,0.01067961619844551
2016-07-28,-0.6611633260719796,-0.6401695967374842,0.05016102331471707,0.39867638928153193,0.2064170941085721,0.0312191151785915,-0.007681665815075306,-0.0156384635639154,-0.018629426695987866,0.0014577522687297798
2016-07-29,-4.961113098300016,2.6179146544757828,1.2274243521373844,0.1674065442038458,-0.5710736527803014,-0.31851760452163247,0.302706832701826,0.08418375392904591,0.045769122960929234,-0.08760562657534841
2016-08-01,2.121367258512945,-2.2638269884536912,-0.9745501870615513,-0.41428148131222425,0.38874876259857005,-0.048698108754384434,-0.25620487242866014,0.00920097804245398,-0.030833927433940752,0.05305282457715483
2016-08-02,3.7095637430574455,2.1304534278603926,0.006149817364291298,-0.6589827422624736,-0.04090633942269999,0.20109619997552988,0.217778038563428,-0.023321996947579776,0.021824427172519263,0.01579517179482386
2016-08-03,-2.0575126341298438,0.18862077551961995,0.26068265720127776,0.29461069867442446,-0.08976540581744646,-0.06974183620439967,0.03903655237294462,0.016522722861087545,0.0066745322754384415,-0.021881914175231592
2016-08-04,-3.053145412601893,-0.41307503417574126,0.9567965560661563,0.894133041786159,-0.1352642158949407,-0.0704139113945917,-0.006962201872280391,-0.03378488518522506,-0.020061528568265992,-0.047565306892921023
2016-08-05,-2.9855410765364967,-2.7825859408783704,-0.6250405297141824,0.29860069679598195,0.06314017520389721,-0.2576711971552173,-0.37040783522280607,0.06044766675712227,-0.015511488052192627,0.015210619292220676
2016-08-08,-0.4434981436502191,-0.20778918814905817,0.35477818678210093,0.14117103843749498,0.18201738088215835,-0.10422135129266377,0.06774707239818545,0.011442600127275201,-0.027423943242670026,-0.014627640096916318
2016-08-09,-0.5518839753743794,-1.0658141892684854,-0.32246021992184193,0.09744497491387419,-0.055192069239520504,-0.020134009388189385,-0.2065198916009052,0.0032607208000987615,-0.0016899607690234603,0.030897540208745133
2016-08-10,1.0588810149795556,0.13388240804187707,0.2746490844286423,0.3809523058050508,0.00878189055040583,0.2440273679731835,0.02523455081746918,-0.08763864357249827,-0.009564692875940313,-0.0024103559365466
2016-08-11,0.07334198395847721,-0.10012360425883733,-0.04860478106365599,0.03170716866293323,-0.1278010481966143,0.04467223586499915,-0.07130267957610689,-0.01636114042221788,0.007841560548727951,0.006756160312546297
2016-08-12,1.4065502531308385,-0.9108384630634246,0.28005188076029264,-0.08387208062604426,0.5639982190261222,-0.140426030960304,0.10242376756029413,0.01767766327344013,-0.07426367585002965,0.008071395357934412
2016-08-15,0.6623746907873819,0.15642518669272032,0.0916410554271228,-0.08680639249912178,-0.01752856338577944,0.015217077212414781,0.020285521984591024,-0.009875888376932335,-0.002817033228859773,-0.003261444887867093
2016-08-16,4.354645451840757,0.936536899840495,0.0893730217884047,-0.6330239669534632,0.020420730693217665,0.15782736527648247,0.12061286786983016,-0.04785572992511963,-0.0020043475897087194,0.007065280144714995
2016-08-17,-2.9670812228483214,1.892623933522771,0.15438371262144937,0.36487681905933855,-0.5393769558115492,0.11115141077271654,0.08451191857576437,-0.0049391778078968565,0.07676994576655859,-0.04452924272478772
2016-08-18,0.01951649496227487,-1.9823877653827946,-0.5982756383270189,0.36161942635545313,0.42582115581420565,0.07011879370522243,-0.16611367924773357,-0.01233959756345787,-0.03610015300305206,0.04600998529227076
2016-08-19,-1.154131804591186,1.5960970924062057,0.34872792340743186,-0.4139062192869199,-0.563670648683777,-0.16086051720730812,0.06404333062061772,0.04407558902280903,0.04761977048652273,-0.04676691418042893
2016-08-22,1.5264045101913901,0.18024145425431848,0.6049958783516612,-0.16879635430005088,0.17202831927763798,-0.08516496261651353,0.11431355190994938,-0.01438927392767315,-0.03461484943478116,-0.011098630198613733
2016-08-23,0.10572906754042677,-1.99469747822216,-0.017383319273642766,0.20356099903913477,0.08831424072645308,-0.07521900998982228,-0.24508234536057424,-0.011902139012262608,-0.04970829474283921,0.028096096662062465
2016-08-24,2.383686111009033,0.5378540760051899,0.7708261290928609,0.4444610952659622,-0.03377477734857897,0.3143652190887249,0.07815880408119322,-0.12477828104698951,-0.009345525770701654,-0.008602381391989765
2016-08-25,-0.06826700585243187,0.4032332513704583,0.3022396108402943,0.17930856945329227,-0.1735111326103476,0.07228861612079093,0.004226143187505989,-0.03302093820259437,0.01125812401353591,-0.012735464220268104
2016-08-26,0.7231937238826546,-0.3155734595584103,0.7880750743482757,0.1674454042077567,-0.1167801183266063,-0.03726212545975066,-0.042259988269053035,-0.046065536075698854,-0.025012066110510593,-0.014260014912925998
2016-08-29,-2.176121984289306,-0.3248549819138688,-0.2720941896050436,0.46417168036275314,-0.12691506514853768,0.07515304669167837,-0.09750403243950002,-0.005744499819202026,0.016698945354685385,-0.0011871540697191384
2016-08-30,0.4419382549197538,1.0267841883039712,0.3396808847526747,-0.3653564112893617,-0.04142154083757023,-0.11570687939112657,0.14795179592676722,0.021725222346138766,0.00843608629333585,-0.02606892416679672
2016-08-31,1.879680354975348,1.3691583782814183,0.19256825606617084,-0.20585945911209547,-0.06787697296113339,0.15504219404612393,0.13858688874150854,-0.03273197539648299,0.02563640153734256,0.00447217605197665
2016-09-01,0.5918481988734451,1.115027912486726,-0.3898003959030441,-0.04849870990912295,0.00816195954498121,0.19944849500280237,0.10327263527263433,0.0010505773438125462,0.03087333371469149,0.019109061507378435
2016-09-02,-2.199446407526249,-1.412303516685024,-0.2704276947998238,-0.26220596597364204,-0.03875575342331262,-0.36937546299411045,-0.15546498527000246,0.07685698975231016,-0.02137790876614044,-0.02335002992933084
2016-09-06,-1.7794318450626756,0.6662656131576372,-0.03736545356682065,0.08423270241976462,0.09613697488728805,-0.07307575032652926,0.14175004572768984,0.04251389590003427,0.014153148369393716,-0.018924957542301866
2016-09-07,-0.47729389313050197,-0.3520359487180794,0.48567223033595097,-0.18145726768742537,-0.2834433078465647,-0.23058399155730808,-0.09960366385499135,0.01492524478014162,-0.012228011472653323,-0.030269316684967375
2016-09-08,2.0627887808744325,0.5745754123977623,-0.09155219482019046,-0.17840731808960755,0.0008658242875922234,0.17954618991869334,0.04236719540626197,-0.038770209038134586,0.011509249023599203,0.023243110455780605
2016-09-09,14.681751871906881,3.9202635086457183,1.6956609402565386,-0.30776331116700806,0.4341527136781695,0.9346459542835198,0.2902886567661819,-0.2453509792392388,0.04553900674805827,0.1927332708544146
2016-09-12,-7.988183648217124,-0.5876348655673723,-0.9967454991669472,0.1734261262768989,-0.322006017077795,-0.3069507500873407,0.017516773495067493,0.10873643084745062,-0.0033586915999098085,-0.09454873578504272
2016-09-13,5.709303079539046,4.724742494862273,0.7741986620249882,0.8463606472904599,0.06714849421583453,0.8948037884537061,0.20151257577405218,-0.019783782219543654,0.02524831846796595,0.20361116824035197
2016-09-14,4.052318548375025,-1.2666848715540775,0.12490416794222937,0.30470600513733676,0.006554410930207745,0.20743315672593476,-0.21091654293909198,-0.04127604637567104,-0.007275911171959971,-0.021896425982629305
2016-09-15,-7.058020773755589,-0.3493397500304661,0.3874991887010886,-0.5122441063001822,-0.3790421374783163,-0.5985917157650184,0.15388805159305682,-0.025785219712368093,0.015887705972812582,-0.09026754455370099
2016-09-16,-0.6599187559492883,-2.135990719229908,-0.48735046761069173,0.11114278075642774,0.056994319445558446,-0.08598520134593558,-0.16386770065069012,-0.0076389169103023786,-0.021440178491270927,-0.06305835240150012
2016-09-19,-1.8964789934279431,2.668613031674504,-0.02874763901362302,0.18862451770818356,-0.09088032200587734,0.16727002728685875,0.2519264864271809,0.06432244536036479,0.01873630642746674,0.05972099025357356
2016-09-20,2.632074295746222,-1.789402811938854,0.38746593056263023,0.17642302743187957,0.1074190209781961,0.021251441291619478,-0.1937850123979148,-0.08414962905351708,-0.012743221705361603,-0.029075933531006647
2016-09-21,-7.936371808306694,-0.14762654729245456,0.5240104315995058,0.5360892081584162,-0.5776928440886747,-0.35821596446420556,0.07286403658063872,0.021573055575501994,0.006075674124699008,-0.12961318054467538
2016-09-22,-2.0045388592845166,-4.023071041851402,-1.599198812265175,-0.17546241735688095,0.23777838314989228,-0.3074251262921893,-0.42160068792130895,0.07178149574865343,-0.03479546695057814,-0.04885414649769116
2016-09-23,-0.7795758299909028,2.802402799961922,0.4778074440321,-0.14440030811170723,-0.13352170673491298,0.03731511063195107,0.3539747619705243,0.03165931064557083,0.03303046274987194,0.0012599820415241905
2016-09-26,5.790280031615017,1.826867856338715,0.5086017700905052,0.5381866406316715,0.3626558463114987,0.662178649338204,0.12228918681674984,-0.09218462787453857,-0.006346116371253568,0.13984297203069787
2016-09-27,-4.285746710280355,-1.4173680020746058,-1.085931013435665,-0.07495667223600333,0.1622567640761206,-0.2751324783596905,-0.015341306719671056,0.08418722142465371,-0.0024509770649049053,-0.0665002552574687
2016-09-28,-2.0512270654472284,-0.2724129623883582,0.2722855034048777,-0.3418385303475828,-0.13210869769317232,-0.367334533515388,0.016462081036252737,0.0367535798152847,0.0028871023550301636,-0.05269163123633002
2016-09-29,4.019608022348445,1.1781740960964386,0.47756902304731136,0.2628125798255662,0.07303238661119298,0.4231376573333761,0.04126909773330941,-0.08339676839748209,-0.0010364594341913677,0.08190436188062139
2016-09-30,-1.9297569673490935,-2.7951999221110726,-0.3738119509827709,-0.11137330351725455,-0.10575874279070362,-0.34364636393442805,-0.2896695784983667,0.009819315550918944,-0.019921729628415513,-0.08654127676653696
2016-10-03,-1.334334013400081,2.600024892857269,0.5532809837093214,0.419981820346276,0.020804245988241883,0.19091069596166443,0.3437801091864769,0.008356563675345279,0.01969286704508284,0.03448070782342635
2016-10-04,1.1183331505333267,-0.39483664898098414,-0.89122629512618,0.5337467545052674,0.03027196163675519,0.4275375896702946,-0.1226378650418877,0.0012571317897338197,-0.004000686842010937,0.028645577301960427
2016-10-05,-0.5735895447670059,-1.1286288424871136,0.15512938916055982,-0.05956720126429581,0.24223027149793036,-0.21791905239466428,-0.033747059601059434,-0.017745413097298567,-0.011878668250685509,-0.025358336615730247
2016-10-06,-1.4095267816780244,-0.422722004751499,0.4001342282401713,0.31893630521416944,-0.006205715840887161,-0.0812973451083924,-0.004276350451921387,-0.020900497146182175,-0.007289350108744934,-0.03023740529180441
2016-10-07,2.516308585389611,0.9419902857794415,0.225445340253081,-0.03857616458021307,0.030731700595184746,0.19856031485909378,0.05430714651199153,-0.02535051550863211,0.0032796923875948723,0.047618414466840384
2016-10-10,-2.2571072458643817,-1.408924746356953,-0.18763157383035994,0.10322615348910859,-0.045127018833164424,-0.19670479284562262,-0.11642866314255942,0.007989679541131894,-0.007617424670556773,-0.055105978139712436
2016-10-11,5.287685655062027,2.2117721604703235,-0.25955316796449723,-0.036789810348250365,0.2033586771370203,0.5351114644457998,0.1287620103839032,0.010850050896875746,0.004862660047459812,0.12108782635323125
2016-10-12,0.8873664108962923,0.024849711565490835,0.285338855636652,0.17603468548893828,0.0033950528688778325,0.0728914285805942,-0.01743252216139419,-0.023263641012369777,-0.002735779474063119,0.007375117962199677
2016-10-13,2.38466583322071,1.0228162820484723,0.21416005854938197,0.3687690691002018,0.18891275113314016,0.26552927204601023,0.04451908979400775,0.01898302559800153,-0.011275642459773047,0.0601587179706163
2016-10-14,-1.1400406963471879,0.794328833983201,0.19270999162186497,0.484967765198106,0.04171262407476067,0.11468142466705553,0.08749385596408649,0.02741869838052495,-0.012439634629674302,0.02049544266825528
2016-10-17,0.7933513437289512,0.6218940292138337,-0.5954038015743015,-0.17392845314189645,0.16656393118851465,0.07656153896423021,0.03678843930222305,0.06973594706441935,-0.011450529669466311,0.0347484406766037
2016-10-18,-2.0501256711564424,-0.7336860608584929,-0.8834999387673489,-0.8047168513732728,-0.07208923442188676,-0.27217331830295444,0.013950582903910226,0.013731045245505884,0.024450748072291296,-0.045351901890990594
2016-10-19,-3.165786222899675,-0.2586660966213745,1.2715854756965812,0.029972799284494738,-0.23896748912556373,-0.3578169788766155,0.07911668357541887,-0.08337818044684615,0.0173983445533353,-0.05707075889272439
2016-10-20,-0.8148978025789059,-0.5720369265326724,-0.4037629518488207,0.0934646599353425,0.14587921420922842,-0.014483297728456053,-0.009777155284874484,0.016322226093228188,-0.004541657021765214,-0.016167981206726002
2016-10-21,-1.072122473441209,0.43211489570365924,0.031192414192714398,-0.22123896285355157,0.07820286213334086,-0.1406842583779085,0.10467059450683752,0.02486178561621733,0.0047868352128517,0.005127313220067364
2016-10-24,-1.8012562755778925,-1.1771373088252592,-0.5504902150216897,0.13774083687284883,0.050003893473760413,-0.07726821078520593,-0.06880830965791046,0.02178608830213558,-0.0021488586504229785,-0.05057246205554747
2016-10-25,0.290605284792322,0.10327456698942286,-0.2914781998607035,0.0455398696788493,0.08192923209037323,0.08588802395081702,0.00832460981890621,0.014644834492368489,-0.0014688356789703194,0.014586345225605184
2016-10-26,2.607542914133721,1.4621832048104446,0.2496530580207684,-0.37084197012798426,0.06369832993598977,0.09176813140985081,0.09057384906463203,0.004628008255472529,0.0018921827835213874,0.07437170395591433
2016-10-27,4.290641575211607,-0.8970202369746598,0.12716394625583397,0.07909944749232113,0.24873528904160813,0.17434970366536456,-0.1604150765895686,-0.06459246747206451,-0.010905878303314697,0.019867949430588817
2016-10-28,0.9301035817936283,-0.23790513157863713,0.6154606646838024,-0.1206625010516559,-0.1881196934878569,-0.07648841379056993,-0.058855848001062715,-0.05218990497587951,0.007007224988848466,-0.014820594562522157
2016-10-31,1.6284742618691177,1.154149209685704,0.5946451271632771,0.23613327983671784,0.13382064560147794,0.14534180570712354,0.0653272080661632,-0.01440649554214455,0.003156501602588851,0.06244708101661153
2016-11-01,4.6093104479187055,0.814448532882939,-0.27197841330578226,0.2913564246081145,0.03483815782498571,0.40225265243347996,-0.12533915722286695,0.06350743758028914,-0.01486578491541279,0.05845951945395795
2016-11-02,0.8452257292726795,1.2688361003817006,0.3124009720560115,0.14871732922051487,0.3698181096356359,0.05496213453839234,0.0838302294725602,0.03419638280563383,-0.0033248978862610895,0.07970322049524159
2016-11-03,5.174469366637698,-2.0472188107911533,1.3361950112889582,-0.09692082166342333,-0.28687990157757376,-0.05692113027840165,-0.25366674428075386,-0.15326570778447343,0.045850224398666435,-0.06162245698741006
2016-11-04,2.9153130184441745,-1.6164034553675788,0.340053093811127,0.34498331288433914,-0.17181400688585394,0.10996904657849692,-0.17472446592365878,-0.030422879919246245,0.0017983140512594423,-0.04572895406825511
2016-11-07,-15.843459831470406,-2.629273989975617,-0.5961978577625308,-0.6615209142044988,-0.3384570632891705,-1.0951283216154306,0.1686105460138608,-0.047351458651672666,-0.057193823073492786,-0.2207141707747141
2016-11-08,0.5479050197454048,-2.187728744748132,-0.06356675265689708,0.6638299584339478,-0.029714069731542794,0.15320735456618595,-0.2414546126168021,-0.04596070806267141,-0.031204805987826614,-0.018914143645922685
2016-11-09,-9.026264326551015,-0.9379092829362756,-1.8622184870825764,0.3663916496195022,0.09059317460310302,-0.2497977821904656,-0.021089410458892868,0.1487211381981147,-0.004206766923814253,-0.06008782829049638
2016-11-10,5.183570333975191,-0.514129812153638,-0.09177663763512793,-1.2926477856450769,0.2196083377293181,-0.20943236588292885,-0.03839316717647238,0.02413338306144374,-0.031147439026296325,0.04343874044890364
2016-11-11,-0.6461162767159585,1.3920624638094574,-0.2748939131567555,0.6589817182753833,0.23957466791711607,0.36025780471644314,0.20310922513525403,-0.012746029879371353,0.030138838618743623,0.021227740903477642
2016-11-14,3.181470890034599,0.8284053615096062,-1.741492593855168,-0.649322231143778,0.7430082851010011,0.23200487533689526,0.17207617276100154,0.09525012825258675,0.008710007892004998,0.08122849715054463
2016-11-15,-4.280278980507626,-1.8227573119349327,-0.9362637344300833,0.1469401661442106,0.2866156003351305,-0.24441296127863257,-0.06535886448067496,0.06789488273461926,-0.015517913670845113,-0.02790954914962159
2016-11-16,2.3544543955926858,-0.5450766980610504,0.13175960168401724,-0.13485919113128006,0.024707320946035942,0.05107689512830593,-0.07201163318332092,-0.03199959212766181,-0.017410656807557958,0.013593387041908102
2016-11-17,-2.343843163290698,0.43096591202203877,-0.6590637825603899,0.2863221136722431,0.0747199302581811,0.08739919437153494,0.05729793589391008,0.03833646788241385,0.02492468900247744,-0.0018498677537607882
2016-11-18,0.7125892740309412,1.7593475094894777,-0.15491845707391846,-0.32225677180023804,-0.0194084027736813,0.07135914788399512,0.16331948813603978,0.03657240536499691,0.025484404519936273,0.014582213805146137
2016-11-21,-1.175688732780624,-0.6428150237918646,-0.37115807608760876,0.15860276512089874,0.059732432128027924,-0.0060047458486408726,-0.04898277199864987,0.011694653672637022,0.0010949364817783333,-0.006400242468622116
2016-11-22,0.7759560888459998,-1.677631473011283,-0.7914709860330466,-0.04382803929520522,0.4772831527697795,-0.0010932609701739947,-0.08278100059424716,0.010362593143948553,-0.023759837309162802,0.019971691668927323
2016-11-23,1.0047289734263054,-0.8700625042565531,-0.543035787991735,0.08420470449919103,0.30653909441642585,0.10261859107275356,-0.03944237264147095,-0.003176011048842685,-0.013831844285758817,0.01880844869163592
2016-11-25,-0.7173373220927017,0.8428775070459416,1.002944739259001,-0.208203838072216,-0.44818681886463546,-0.19922039992820156,0.020273912648783032,-0.010689613151239521,0.005370921034042784,-0.028372796519454353
2016-11-28,3.6553309871024258,-1.6283861804522,-0.765659216218087,-0.1862372521200606,0.6432858056509068,0.126309354546568,-0.03595730193372645,-0.0025833351343175675,-0.045984626885523294,0.040006401579744194
2016-11-29,-0.6329573383359237,0.4646129673692966,0.1087300897417171,-0.28227381711642385,-0.6290772839568751,-0.051702496170286,-0.1445239907732584,-0.008135190930685347,0.034256250325781626,-0.006391727505818782
2016-11-30,0.875231542680181,0.5642931493101768,0.4493678285752894,-0.25605566823829357,0.011347852303794904,-0.09184315556045987,0.0898367195142864,0.003765358220318888,-0.007671195109218015,-0.009491861870501656
2016-12-01,2.183286585332645,1.6946218006824356,0.32246750286320847,-0.040234234930935316,-0.0199639870444472,0.18577819128901535,0.14107514068665863,-0.017230794025977544,0.01906481013768692,0.008090962095140637
2016-12-02,1.4637998739171272,-1.6101092415650495,-0.5290705800543106,-0.060898808102168696,0.21102114589272297,0.03952211489796346,-0.1208859003086286,-0.0049353282750763975,-0.027398806959833245,0.01350385394669387
2016-12-05,-4.825677173530984,0.2998626930309946,-0.6854763827632326,0.06249959207088871,-0.09942669015599764,-0.1509706579408453,0.010270777904322402,0.06558385732934019,0.039832617964749295,-0.014786335497618104
2016-12-06,-0.5983438875253851,-1.0202093861317825,0.41876583047041177,-0.08183857526046096,-0.03170541739487809,-0.2204512651044235,-0.0813742668847443,-0.0005084973961435774,-0.03008540767941975,-0.0066741747555146705
2016-12-07,-1.243208976211538,-1.0795154564424718,-0.5411176403443845,0.27800805629239234,0.2967666814967475,0.007988379711196794,-0.04969982760939919,0.016443760170962003,-0.011915659143714712,0.016273939673394463
2016-12-08,1.5685239953945294,0.833487667982033,-2.6173791111206874,-0.19074842212110152,0.33920342889093985,0.5251119048314835,0.01521443322209902,0.04502522094639527,0.09188352363208858,0.047197885529801004
2016-12-09,-2.1653712097739435,0.028344589784588835,-3.153644235075754,-1.2284200232282327,0.3921570346530848,-0.12962358084795447,-0.06529738756016704,0.17106481668574483,0.14309024990867192,0.05985506200135958
2016-12-12,1.9519418486007274,0.891570554464853,-0.0778808860993862,-0.5277035060344141,-0.31740375265483284,0.03922197190881079,-0.009641519244322801,0.007387772496619306,0.015748682896179922,-0.0049398724882397166
2016-12-13,-0.5681580116970848,-1.0977050682956797,-0.43277782879742566,0.11858281403971561,0.21486263233566544,-0.004012007740355137,-0.10152630354184058,-0.012618505696320436,0.00654103568782266,0.028498082760177044
2016-12-14,0.07962637641508426,-0.3583564650575072,0.9804092600446306,-0.5600431119504566,-0.48054694005779425,-0.34777990307684975,-0.13142614965016408,0.005727931257169194,-0.030269146170243698,0.0033998587317111114
2016-12-15,-0.234042527693077,-1.3714379563610286,1.312719855208393,0.0074302912295316804,-0.07528167771988155,-0.35069537375061993,-0.09261985783160984,-0.004976238067177375,-0.09452127082328067,0.0005805703629569569
2016-12-16,-1.1743668646158523,1.0710259091202183,0.9657892412641069,-0.14163449296488628,-0.7861280639210857,-0.16892221628290913,-0.07203644711449717,0.0014392288145821806,0.02431196181662474,-0.038333852501702355
2016-12-19,-1.030983999941249,-0.49340957617512515,-1.5120788148986222,0.5830712687250428,0.5920977299041686,0.3573964559073243,0.00895323297240945,-0.015469538366145228,0.05487077184353958,0.04610114795829777
2016-12-20,0.040666566365317666,-0.5151067479023989,0.7026675904214595,0.17706463422593582,0.1497367424897803,-0.12021606282398253,0.05505623539152078,-0.004696910813627918,-0.0616046614192509,-0.016094872599817147
2016-12-21,0.29253002364211306,0.3301015830652705,-0.30771649071535684,-0.21365924265036507,0.0756658604698277,0.0003867019127367886,0.05519994327098347,0.023756227677086676,0.014069338127574988,-0.0031757330045083165
2016-12-22,1.059337374092119,-0.07858610886197462,2.2373949450788104,-0.2771370116020131,-0.47725780791853034,-0.436793952069639,0.012760013989153189,-0.002577598282103631,-0.10818202803939055,-0.05821047186951032
2016-12-23,-0.3343981299505139,-0.2369778956649634,-0.4605701393711698,0.23026030632737743,0.05894074860704088,0.1493512228645263,-0.05871373984716405,-0.022466217719250954,0.02149658716751064,0.021217283581836097
2016-12-27,-0.05782530535538553,1.9287711626562187,-1.4375201977502599,-0.6185788084622628,0.21741952025569264,0.11122036455839933,0.2446531534629052,0.0898053567252503,0.09682314883774831,-0.01143096116457209
2016-12-28,2.982869887536448,-0.04079487473195621,1.5513846044213497,0.06440038563756612,0.1529351055403328,-0.06409268575496131,0.16349119181293553,-0.06140019587332833,-0.1052475835261398,-0.03741636262565093
2016-12-29,0.41101916124089105,1.822317528164552,0.5677913783854228,0.32029368586825063,-0.5296198722573304,0.2704115106543203,0.04828533245660435,-0.07105482720812048,0.041184392100532284,-0.025210783518170115
2016-12-30,2.703815420895395,1.2669308071439298,0.3034643435779646,-0.590088888823875,0.06343273975238706,-0.023045004784244764,0.1632851394425549,0.007815840344727161,-0.004919084736310102,0.0012533806162453723
2017-01-03,-5.582137554651612,0.5129355494234965,0.11322424277126819,0.12486583984612801,-0.17388309550010955,-0.36053588679504567,0.09595990004354825,0.10840607279829137,0.03677392924875477,-0.03634004709696616
2017-01-04,-3.760109256234521,-2.958066629570936,-1.061122788481072,0.708211920780142,0.3254974791051413,-0.0675745258569336,-0.30940471453829094,0.035647916642393446,-0.0004087976061450641,0.03032354492607932
2017-01-05,-1.6838296889618654,-0.13369554085288682,-0.20884060605302943,0.3677682832119336,-0.10961647077718238,0.07000199469868795,-0.07414048056086933,-0.005101139478576793,0.02844504254378241,0.004735198872024747
2017-01-06,-0.8646535085984317,-0.9980775730311297,0.0233194119606346,0.6179673928901617,0.42185673344201363,0.0620672596796016,0.011098482015988776,-0.025628703369301755,-0.034954250001387556,0.009858422762051953
2017-01-09,-0.19082409041045195,0.03201281186065531,0.5675930294882003,0.2553946405154577,-0.007819531556187193,-0.016265284620611085,0.04595578173037762,-0.022354632845495048,-0.025966068099446356,-0.02037522528463494
2017-01-10,0.937651451136701,0.38898435893079286,-0.6429755749734644,-0.03851315276087785,-0.11247770925408263,0.248292004606908,-0.05267979675832245,-0.030945216028360496,0.04190604407402341,0.019951730407792002
2017-01-11,-0.9829317025146559,0.15901638037163948,0.7521471472234823,-0.036362720545760015,-0.2690908706770368,-0.2099188373136674,-0.004744895821517342,0.017039095994387632,-0.014551692653909215,-0.028831247434453297
2017-01-12,1.7341195826700113,0.9763886102068804,0.37127264697215767,-0.640388063543348,0.001138467375072268,-0.14905901173092406,0.17161673365628077,0.03400281401256295,-0.015928159011099792,-0.024047170815424523
2017-01-13,0.2401716527253434,-0.7134159147960424,0.3894430886732075,-0.1816940189436472,-0.5240453707150476,-0.1232081550367324,-0.2646782069778607,-0.022048360724840965,-0.005676574099664688,0.005200635438034506
2017-01-17,2.2857362428690564,-0.03294985390050933,0.7943813950019573,-0.5873314806135922,-0.005612281295026229,-0.24909685704317278,0.056108021408176285,0.013832886523382878,-0.05679690161533155,-0.018789039693766715
2017-01-18,-1.5038708670424477,-0.39936331758645016,0.5495290196694241,0.23197616150423858,-0.20594053736352647,-0.160616490366706,-0.08489259273885,0.009398864412648623,-0.015546860008996202,-0.019181075554758564
2017-01-19,-0.3152723537667055,0.19160016662667917,-0.0471254948789543,0.09628117650240604,0.07680953665758214,0.030241540444894143,0.053935523698837216,0.0012723487160605544,0.005260287465707835,-0.005120058242808396
2017-01-20,-1.4872376675709846,-0.48853408342032206,0.38125528568430916,0.576479329028562,-0.04924693701599597,0.017406104021485392,-0.06357593356139743,-0.029434975066387137,-0.013318092851842139,-0.01000785829244618
2017-01-23,-0.8655010733714563,0.49653535158538936,-0.8608241830044707,0.28821262968223593,0.14744860957387035,0.27323186699799507,0.060001949515617894,-0.010741628121564154,0.05243391723005956,0.017189665488986653
2017-01-24,-3.399287116856363,-2.9168322269429146,-1.3094554186407943,0.03704555395712899,0.2297792307249601,-0.3136466519845504,-0.48198027991882564,0.12320647242938769,0.011889646972056663,0.12909051516681613
2017-01-25,-3.1451824310421324,0.5984468287384901,-0.8767961849568732,0.6499548200955335,0.6454116160800145,0.1543167152510085,0.2944972301509245,0.053117190548368616,0.05562228605371466,-0.02028130630280853
2017-01-26,1.1078046672948643,0.7094613347628502,-0.7021866321674715,0.062460335242426564,-0.032402920930876565,0.36957721333752475,0.025634799949743766,-0.0673876741296045,0.054445631847557435,0.011134143976259333
2017-01-27,1.6206621233068035,-0.02771547376175262,0.38747796241031673,-0.3163621112520413,-0.07648643663828034,-0.07509215707626843,0.0031891529102251906,-0.010202823649794657,-0.0366559135669675,-0.010156203571631345
2017-01-30,2.4826167835821678,1.630750070813459,1.383385878921854,-0.4517869417775926,-0.33882504161364047,-0.10323652543328667,0.24695036653338664,-0.024898327680421117,-0.04875016165593239,-0.0862015604746692
2017-01-31,-0.39763568350899214,0.3515268796453096,0.43639264561186825,0.25013501336134186,0.36903581785293393,-0.04511980484969198,0.22761689539842903,0.009706098383283918,-0.032304655359105545,-0.0289140745209867
2017-02-01,-0.6432768854139599,-1.2975895927311962,0.1391438325591329,0.33774311443636024,-0.09360581686207813,-0.023552723257072822,-0.21864240824524242,-0.028143044582880323,-0.02287869097441094,0.01956185750480557
2017-02-02,-0.3231303910730949,0.7192279442272662,0.5869963751222832,0.36326153087176216,-0.32290154326914494,0.12938551116360436,0.021932926921087736,-0.06155296788361831,0.011346916342397123,-0.03268231266040265
2017-02-03,-2.186150713280409,-2.2788632095180104,-1.3266786483240476,0.004074371730937914,0.5481772442697098,-0.20074514470711272,-0.23764535740959764,0.10908623301341898,-0.0005893012070990235,0.093349435000885
2017-02-06,0.5951819132556232,0.46759265588344395,1.26387024425276,-0.08494541841588109,0.0645047550966715,-0.2534597463603803,0.2222744722871017,0.02143396819709522,-0.07089261618224378,-0.0721034506267708
2017-02-07,-0.1209310639837124,-0.02666972262327697,-0.3201416233159822,0.452135578620914,0.010795648990889353,0.29105218665628646,-0.04278136087280844,-0.07219025586660628,0.02419709166970952,0.016637332705267998
2017-02-08,0.6129781483748583,0.46287896622769353,0.2981404880432156,-0.015538939482959134,-0.09864280521296086,0.039659257051664995,0.052977307635463364,-0.025075551569343775,-0.001925701586556207,-0.01965502965982519
2017-02-09,-1.245391574595847,-0.08865871470161568,-1.3836386864187602,0.35928384222298926,0.44100944002894904,0.28906936993029925,0.040236266658251814,0.008802778128808352,0.05659302083541961,0.042792738535504006
2017-02-10,-1.5031787185945575,-0.6771752690938395,0.06779520837632914,0.2943705416066349,0.28489435874815405,-0.12197979828338547,0.021115315352959185,0.03422273936888951,-0.024614759126820058,0.002037756260390811
2017-02-13,-1.159605286864161,-0.8895898583046267,0.27164958018033375,0.3722929353343302,0.33241958703668417,-0.12372440654610908,0.022652748119032423,0.022318820908142127,-0.04697925141041569,0.0015078780663766455
2017-02-14,-4.849630820899653,0.7275484416809306,-0.6247401895436165,0.44885816425128133,-0.10249371109135336,-0.05110370531056055,0.03286270917290042,0.09308851661329111,0.10000154269146531,-0.012244815948285838
2017-02-15,-1.0447759588452368,-0.16006607728918576,0.18805593259951917,0.6993181121737618,-0.06037564819432572,0.20420180580885805,-0.04885373344818489,-0.07279331794851891,0.00510991782488386,-0.0018943351833926524
2017-02-16,1.652244504724009,0.21729552131117605,1.2549310391887725,-0.34340959728180603,-0.4879748038112333,-0.20150274667498308,-0.04905782011309544,-0.027929084678753276,-0.05506666826552396,-0.04606893141244344
2017-02-17,1.6632358435384438,-0.6176217448611959,-0.8972212762479146,-0.18071379232989687,0.1603990244037984,0.2100485637858137,-0.13280918568113792,-0.03779653255173779,0.018265136939285265,0.06780249825809682
2017-02-21,0.5975399410527481,-0.7817874911947466,1.7387718874659028,0.8821618184573778,-0.09230018582824757,0.05294519070512629,-0.028847425115896375,-0.131163581663487,-0.10207429053588248,-0.04138024958756476
2017-02-22,2.1575460400331283,-0.4024590111144855,0.32575718637471424,0.026461646972783318,-0.0033262446409097327,0.11885720167791339,-0.044320381496902574,-0.06835122517178624,-0.035023432934649025,0.011760482750391777
2017-02-23,1.7306458466693118,-0.6637976134843673,1.6940732621838508,0.6146541728414975,0.02984066548712113,0.01935768213968493,0.0429613187881149,-0.1047739050378044,-0.09442210613246858,-0.03920696420950026
2017-02-24,1.2337460818991,-0.9276372514361175,-0.5761327328662224,-0.3726464319597517,-0.12503522965242497,0.012763120691868968,-0.23890722481576968,0.004479390077580913,-0.0028028515870149946,0.07066724937285435
2017-02-27,-0.7821673094127811,0.9945844936457992,-0.7375898132941169,-0.16191911547455332,0.31647242320270247,0.041201633979032794,0.22802094294205016,0.05371697121027471,0.041352030124093976,-0.02489437465723016
2017-02-28,2.930347315960439,-0.21601027037708898,0.6135259449515608,-0.3634074592395374,0.18345940059730811,-0.0897551104717459,0.10884554525242653,-0.0025097262421421413,-0.06414194613466136,-0.014112153618896225
2017-03-01,-2.2646026303907094,1.162887398912274,-0.45834021202872516,0.060005580370848174,-0.022651024479389475,0.01580401654618208,0.11818022684220617,0.03538164674153719,0.06261689735715398,-0.02858197943226079
2017-03-02,0.32808940195510017,0.024166068513272635,-1.017237467151711,-0.23383192573376527,0.2940887471935743,0.09943326532686309,0.04340071311327861,0.034478013146224486,0.02547653933268655,0.030716878687497298
2017-03-03,-2.270092059289262,-0.05052049159507164,-1.29270681369147,0.48657677953903644,0.5440977791263444,0.2140883188056148,0.09715622849115446,0.029492521832512324,0.048382290945260156,0.026333599838659696
2017-03-06,1.2604103198181675,0.033475027898384115,-0.8009239242576751,-0.15318814832442026,-0.001268064168947066,0.21688509116878568,-0.07103784252883028,-0.024658185386377585,0.03671676247350393,0.03359972967226202
2017-03-07,0.6113599180015696,-0.5242265670348496,0.6710625681808043,-0.21102006781630572,-0.012510413474364894,-0.22672517589377406,-0.012090827934839569,0.018610510836609983,-0.05594799255327633,-0.008785010218253082
2017-03-08,-0.299985396268471,-0.17596458627211325,1.4440033043683058,0.5248953887778895,-0.35993515147361926,-0.053260865901742095,-0.05919326515335086,-0.0698528541200233,-0.044617109403968035,-0.03656843344357765
2017-03-09,0.8751837689291123,1.0789634381741697,0.24226495932443967,0.07381017047734227,-0.42860679874326557,0.21279521034632196,-0.008009745994222056,-0.06784758601545753,0.04282790767884901,-0.021540789566766194
2017-03-10,-2.2132970662966454,-0.5928921808657309,0.1309024004860379,-0.0956295317210468,-0.37550578368031906,-0.264573421301696,-0.22378898071592082,0.04283221215657175,0.007903292398074987,0.011649589479850156
2017-03-13,-0.4719906197093954,0.7570940632821148,0.5081845073448522,0.01322368132236339,0.12793332202988428,-0.11587467875070054,0.21674323851887828,0.027002766058958686,-0.014831018458786567,-0.05514186315929165
2017-03-14,0.9811967015717517,-0.5523690927657147,-1.1263097880960309,0.34326312717072965,0.22635699925848476,0.42607309872338733,-0.10161212589723634,-0.06317452920372525,0.034027984721252916,0.06731091393386923
2017-03-15,-2.537143433446985,0.3391020868935636,-0.39823204475176327,-0.2698435579998782,-0.10815200865631133,-0.23431863550672774,-0.013385229292487663,0.09384612741670657,0.04006592282169676,-0.006463586428001362
2017-03-16,-1.028528076281437,-1.8194511856121,0.13558572150859205,-0.4441723669220747,0.2617914004014925,-0.5561200797624364,-0.15743011187638803,0.13684231902205427,-0.07816018806334067,0.04598977112378087
2017-03-17,0.2997545977706027,-0.34285644121855663,-1.7849249862709997,0.5605952651862948,0.2131097202027747,0.667770058176114,-0.1742476228045232,-0.12650245887194442,0.10664986071200126,0.10382988112557667
2017-03-20,0.27540785022739506,1.0091842707612262,0.7210394703846724,-0.36457075895989466,-0.17922311860533605,-0.21247770338080338,0.18416360541895518,0.0490384448647323,-0.023122782715349458,-0.07829242097286084
2017-03-21,4.286603097652505,0.8234798093488563,2.251268515877716,-0.3233955203899504,-0.24341543230994464,-0.15419883312618482,0.23986259912387617,-0.07088235398530116,-0.11310231776156128,-0.10680753003451897
2017-03-22,-0.7012225988039457,0.22963376463075547,-0.41858354731125724,0.3079320354939335,-0.23994176479335566,0.23583974373839164,-0.10912960230553506,-0.04819798553847783,0.05199643143720899,0.01758436248405296
2017-03-23,1.4340395444110452,-0.738288219688724,0.4602278055339651,-0.3010072981522609,0.12697057476683724,-0.19758577789150206,-0.01167403373343994,0.0214224962935525,-0.06271571891303002,0.004049205731833667
2017-03-24,-2.553270789197945,0.5690721762937985,-0.3833889723469849,0.6200933361533731,-0.6722640117022408,0.3031406072958145,-0.24670219455913947,-0.07627479047795699,0.1040073418926232,0.016771893011118845
2017-03-27,-1.1842533937531425,-0.4805048581828831,-0.9280427011843772,0.07759720740669118,0.4589830962119244,0.019437813809655057,0.030643217587259873,0.05030050815869226,0.014119145473269458,0.038105897524987005
2017-03-28,-2.776222828380891,-2.2939361773977462,-0.7246402155166225,0.5130632477136943,0.9636954391276548,-0.19316953429785774,-0.0462542113506949,0.08741732888368849,-0.05917011281929709,0.0855029326663577
2017-03-29,-1.6611339680114974,-0.0839278208669983,0.5371844783753288,0.17727412032422568,0.0894805326451786,-0.23144226353585318,0.07921964452215871,0.05684270249375179,-0.034183506482585425,-0.03457583382525337
2017-03-30,-1.1882234294189478,0.04357488184274551,0.11768720552456598,-0.13773827736885763,-0.1610384072668953,-0.1980556246035147,-0.05613855194004265,0.05683541390970167,0.007291270611086134,-0.0022738138594164486
2017-03-31,0.45223649019384204,0.8257159015990783,1.4170787857866392,-0.12087175611796408,-0.05126125480037239,-0.28780618050276663,0.27613895866677063,0.035898991992062396,-0.06835872974271665,-0.11774693505647411
2017-04-03,-0.018813140338941263,-1.5211223346546345,-0.5528570851252977,0.7820030247250599,0.2713920171116589,0.36899318005115345,-0.2145538342838994,-0.10674915382575982,-0.009344744083614616,0.09626941115638116
2017-04-04,-1.7283004482858744,0.8920775590201201,-0.4947701672752202,-0.017982761561897716,-0.25891863719568936,0.04650976433341539,-0.023419385690370224,0.018295371936192715,0.08425482311102704,-0.008657171279402924
2017-04-05,4.243590141874371,-1.068350563852812,2.210804232029221,0.38568339760013104,0.3874190115606334,-0.05377857479922394,0.22883819681308298,-0.09787613820861997,-0.19487002249985155,-0.07075309696470423
2017-04-06,-2.9518242485847894,0.04249112975239843,-1.0355951807639792,0.06752644662205327,-0.2478393349622892,0.024884119413347464,-0.22657935498050685,0.03487670816434028,0.08725031720800347,0.0565870532200617
2017-04-07,2.405238723296824,-0.227114554664206,0.6054441100423394,-0.3131567481122571,-0.2800053231970736,-0.0329753852554014,-0.09196277433201386,-0.038723039873205196,-0.038379528763459896,0.0013931054231658708
2017-04-10,1.9711564475147445,0.12738332916955278,0.9698335534372539,-0.20908741940747427,-0.07480056427689308,-0.12097974263923769,0.0970383471822633,-0.011605415339071633,-0.0552828724878914,-0.04993771108572728
2017-04-11,1.842961427045882,-0.2522738054203095,2.0828722759443417,0.12050284174592166,-0.45149401413132856,-0.21103472499453232,-0.05483821434614243,-0.062278181569897756,-0.07711762763911209,-0.06422337377144312
2017-04-12,0.2491374169982661,1.552757145711519,-0.3795627795125123,0.1879380145771087,0.028592935725172592,0.35016517391068774,0.21101426490399527,-0.07862003885837834,0.08276690141490499,-0.04222010795707052
2017-04-13,2.7287698928576356,-0.14061357041376565,-0.39017868713967946,-0.5419198370098868,0.5376486224184056,-0.014107789878525135,0.19575573140073876,0.048503104393054844,-0.037444202360477956,0.017817442773509554
2017-04-17,-4.830096510391712,1.1689716849774188,-1.0592701202108084,0.4218061954384501,-0.6040192668718244,0.18840813860002859,-0.1850324976061092,-0.012508209236228177,0.13550701447308838,-0.0016242860817547642
2017-04-18,1.6050430030567269,-1.3606386121935201,-0.08670445294772178,-0.34079860073565393,0.3596439143416701,-0.1720786446069769,-0.051316273481390215,0.05427372902723735,-0.07619836430620516,0.04919386785567133
2017-04-19,2.1450037308883565,-2.0581949317043606,0.5496834545174843,0.14152688308987796,0.802770221551847,-0.16139274999466804,0.11823672381014773,0.05403904483887049,-0.15312356929338874,0.03417096730139166
2017-04-20,-4.328265459475241,-0.17200882803665224,0.17911350269682544,0.47596534706451193,-0.4512945205286377,-0.18810523880917843,-0.2622974958196338,0.023342342445240714,0.029194082868605913,0.007736698056109485
2017-04-21,1.668547639346389,-0.3741205878437422,0.6328183856268035,-0.2019398251136243,0.20582625900195556,-0.16199902994406243,0.11592085347474437,0.03396249532368429,-0.06967114802490547,-0.02191590390660107
2017-04-24,-7.013007430325065,-1.194252156768221,-3.0309289591109216,0.5903584295326278,0.4817661398918713,0.1338267774169418,-0.36008916539718044,0.1146153248052483,0.12145488263096878,0.2035154509941186
2017-04-25,-0.5489477144152886,-0.7516820527422032,-0.5922442900512223,0.17761920448718457,0.5221501603586094,0.028689473186994566,0.053474329021157646,0.03786691891246701,-0.023126981869158916,0.04534381529706395
2017-04-26,1.3334219162581877,-0.7071423509869826,0.48150495321126513,-0.21841328446971386,0.17471846751355782,-0.19189608886863815,0.0512139866695852,0.05787239116132413,-0.09152510130625216,0.00044932826009243915
2017-04-27,-0.7866785593003479,1.016243040968175,-1.1079686850475756,0.06223835614570417,0.031955595187859835,0.3158035685021352,0.047181310691397006,-0.06109924814060398,0.1216021059471827,-0.0038591438626062982
2017-04-28,1.4467487075126906,-1.220897541384626,-0.3304660255375501,-0.2872925179389274,0.19317319826020685,-0.0496263795198182,-0.13570909492657568,0.030678483981849743,-0.056086555121933064,0.0882470865507831
2017-05-01,-3.191243293029654,1.5553403274748248,-0.5409805863114815,0.19339521080591357,-0.20336135370073802,0.05291251467651779,0.05794044592465624,0.007984289180006193,0.1382139547497822,-0.0501356078301598
2017-05-02,1.5724470108628499,-0.8715395003877264,0.5263860809595844,-0.008998494044367618,0.26421950459584226,-0.08815105622556631,0.07049379311535381,0.01667867780079049,-0.10403911382792319,-0.0014771037243567254
2017-05-03,1.8514015057642323,0.5405030631991166,-0.05331618742083499,-0.17974149861935013,-0.12861926651863942,0.18861610185327465,0.050603875518124244,-0.06801742031274567,0.021443352966243636,-0.027994249948576286
2017-05-04,-0.7373663382462692,0.4109480138894808,0.16579874098090766,-0.28695867348210474,-0.09738577957438149,-0.23069109421938608,0.0432816461853197,0.07691002598874234,0.0022502468672791114,-0.02875355610667448
2017-05-05,-0.8811285221350618,0.8977000850877354,0.6873685636899122,-0.09074854030507432,-0.5759811563843519,-0.15045172808618124,-0.06075808059426543,0.003910450821362274,0.03233974122157239,-0.05302718795275489
2017-05-08,0.65443723373271,-1.4589206261315695,-1.0425999077900567,0.11606757115179221,0.6231405122381372,0.16949484864775782,-0.0679995139912137,-0.0001131301620966882,-0.029756019308988933,0.11170699474052782
2017-05-09,1.1445059262426498,-0.6743015811801683,0.7630529917225731,-0.24081521766417568,0.06092146469584616,-0.27584662400293164,0.03430900934134096,0.07307292422006699,-0.10358899263705362,-0.009016012314916756
2017-05-10,0.5590084522251794,0.5630387607816264,-0.254138208920071,0.31574028051870034,-0.04897026343376788,0.35943521001814976,0.037713314117363415,-0.12298313791100111,0.05662924779157785,-0.0214743935344832
2017-05-11,1.7034761848732345,0.35784188902404845,0.10887769642927178,-0.6751130576286805,0.08341226924239119,-0.19304282099057016,0.16225760255610425,0.0774875217138141,-0.0338099955992961,-0.04212374984253268
2017-05-12,0.7428463996312015,1.4181732534490497,0.38157658208428485,0.15695183064183477,-0.3726257697831119,0.25433480082169013,0.08947415476971124,-0.11872771429651893,0.06496539552407944,-0.0777213952776974
2017-05-15,-0.9028944479186817,0.45086382988176615,-0.49306165527541373,-0.3948175239954332,-0.03466824544426215,-0.14250388618351187,0.006241633821133802,0.07477853359100113,0.039112902029016156,0.0019414126442615796
2017-05-16,0.5579512912158439,-0.006400033522695378,-0.38603308935561675,-0.4695839025001683,-0.012666757821905246,-0.09504835283729442,-0.03329512434361738,0.0507242569854182,0.007854429042028764,0.021820017277472147
2017-05-17,11.3046025296302,2.4086142078452766,2.106033997346748,-0.7634232903972232,-0.8734408979908698,0.6041222011498865,0.23459456821417243,-0.31922647222659395,-0.008312882315947533,-0.13339558274200475
2017-05-18,-1.4700777774348204,0.7263504823100123,-0.9449691786994586,-0.03523725939733738,0.3716930741128404,0.056946467209891154,0.17073490822744497,0.0473800129991837,0.045668883525004665,-0.007524383121671416
2017-05-19,-5.284826006724595,-0.5954451434580896,-1.2426334388193572,0.10525181866116365,0.22530446536627205,-0.26193714071615865,-0.10428826358451913,0.14653327286085358,0.04090849646695512,0.04143835165608367
2017-05-22,-3.3759950071655442,-0.17237712107069766,0.010974850022095965,-0.014303170027465457,-0.31730971890099274,-0.33061988964637196,-0.17815656467866386,0.09984857060795492,0.02711265977627374,0.013757400438982874
2017-05-23,-0.9074075546331483,-0.07124846233304936,0.5950027031997017,0.2873836394415053,-0.22872997048883034,-0.06379893056574312,-0.06833677216613618,-0.01645062374050046,-0.011304220131824276,-0.016401669233209175
2017-05-24,-0.7423586314873155,-1.1473273832012154,-0.07491063208806853,0.14490543039229134,0.42389655484823485,-0.16641257622998257,-0.003889999458491488,0.07227434134973872,-0.06027166190488807,0.03728679470455839
2017-05-25,-0.9374245317597034,-0.6372105143034791,0.9035403549555401,0.12307695917588893,-0.31806770234348053,-0.2831140901417165,-0.1771217204920244,0.03993215454432679,-0.0509977065946168,0.006186412731042258
2017-05-26,0.8078515873941516,1.1902001385249619,-0.7129723952146424,-0.13547531240355876,-0.2129696648489802,0.3514720272770432,0.03201214855181096,-0.09299220980152774,0.09802792961178652,-0.014130409215251874
2017-05-30,1.5844287540826723,1.0696879393074703,-0.0603503729130234,-0.5447005341976822,0.08510385491140299,-0.02331084599241617,0.2366888030250766,0.02388999971812721,0.011657653988099325,-0.055546800035833906
2017-05-31,-0.04660971250467978,0.2052458063752879,0.1347371080861493,-0.15977164453383397,-0.17506546992858216,-0.08051056000448543,-0.02920160886288478,0.016322554424764414,0.006633155491926168,-0.00911448188355804
2017-06-01,-0.28536315737912077,-2.1087501048596846,0.2005587234120544,0.07157923242842824,0.1142754275260776,-0.266603460084835,-0.28621228207907273,0.07243034962657727,-0.09444687583381002,0.09569240034193369
2017-06-02,0.4836257956850286,-2.4537388002824834,-1.050768001846371,-0.08888338742980355,0.5022386800876887,-0.032490231282487514,-0.2987807855602566,0.06823366453633024,-0.06985078330462871,0.18908390687155255
2017-06-05,1.0281463843542142,0.39935350128412456,0.5673681483206248,0.17050433355339556,0.0652606958664628,0.08808487291325613,0.18695449446319803,-0.050955678431420647,-0.027759351561601288,-0.07420688534635661
2017-06-06,1.8847488321475783,0.5832714379186451,1.1584086740183708,0.02806522681980501,-0.4281752088547279,0.05433918075222287,0.03022910528445022,-0.09439475379578732,-0.02179328715289979,-0.07334666885250982
2017-06-07,-1.057210025836125,0.7006732701207218,-0.49180049437334544,0.03607335190972567,-0.06068127080909244,0.10031887250371979,0.01984575329565462,-0.013695443627435912,0.06799547859150985,-0.01070109812173694
2017-06-08,0.7495373387740839,-2.9162735926901973,-0.6455146412660291,-0.12221917820226208,0.5573226343787542,-0.17492307040901497,-0.2762469665471177,0.11261566481102223,-0.13211958260711784,0.18908764701867486
2017-06-09,-0.9716215473722773,2.0155842618599165,0.43057405302745466,0.0005332083218623412,-0.40705208486379274,0.02409105768381588,0.17455483507078617,-0.04309241383594143,0.0926971297039819,-0.1307583619984545
2017-06-12,1.3459453208875267,-0.03807477311760951,0.8304035203314896,0.07461047985718516,-0.27405976481732175,0.02068929716484312,-0.041363162503673716,-0.06156599355951154,-0.03447357289756085,-0.02588275487816494
2017-06-13,-2.7363475651610845,1.0678517505392158,-0.7152053566411269,0.4305351427628008,0.007919042569193591,0.20689758743216757,0.06764018399611263,-0.03510468977371095,0.11154927624707357,-0.02648430659983347
2017-06-14,0.13478551464474414,0.1457187361357908,0.043107557564710804,-0.20359038554040795,0.001126866252538481,-0.09878371408877391,0.038076920091587245,0.035915026508870705,-0.0057343527129186745,-0.012575943154327815
2017-06-15,1.1271756165970046,-0.21129321895108447,0.0009948673356710834,-0.09826643768899933,-0.028847724297971993,0.058310974265176195,-0.03999663808504789,-0.02573466719738012,-0.0130214868812891,0.015487616424258274
2017-06-16,0.2202090895730063,0.23733273483662237,0.09427671083470145,-0.2558785098408022,-0.19209813232457068,-0.08868377108328791,-0.03729380378195076,0.019650818061017206,0.007588561619779504,-0.006535711605844965
2017-06-19,-3.525602366505479,-0.39910558981737704,-0.9695838615223229,0.10829293844782698,0.2980974613217929,-0.19142853966299525,-0.06814671094589765,0.13657991799370847,0.04343996805737745,0.06574872035001975
2017-06-20,1.7017679093713616,-0.13563187183358286,0.944862791185831,0.06458126470936824,0.0691016908009543,-0.039940823323149764,0.13887381213421204,-0.0294673883453179,-0.08113626706193183,-0.058025312956847305
2017-06-21,-0.9191885303426843,1.8746649950367933,0.2532450857571815,0.3681783921883101,-0.3741295533759261,0.27430299398495356,0.1525640508648761,-0.1170385199126571,0.09952077535309242,-0.10537590826237399
2017-06-22,-1.1789744808623486,0.3190975334560379,0.23011279741151822,-0.030944170446634528,-0.14478829833981138,-0.1642218458853359,0.006423326136840182,0.04801008149039762,0.010305240653037399,-0.02626521953520971
2017-06-23,-0.9147557618584201,0.16669556991340506,-0.02373935619398641,0.062183461552347434,0.07080719494798021,-0.066975686253377,0.057236435897758745,0.03437408468698858,0.007052679196749651,-0.01518631614703874
2017-06-26,-0.36232145379090736,-0.815198248820642,-0.39385706690078404,0.02790455893395119,0.21079174862218084,-0.042886918757162565,-0.08857196067335173,0.0406161462279244,-0.01816673155314365,0.058243156919502576
2017-06-27,2.58240767560169,1.113168645635725,1.374661775812172,0.09346217967080578,-0.3664234550795114,0.16850636947092046,0.16341702300037858,-0.1533185532299061,-0.020522588864172516,-0.11393433029278227
2017-06-28,-1.6145461177098996,-2.200941460602475,-0.8229569941195771,0.030206690086275544,0.4125837301794862,-0.24787905029768945,-0.27650532905997927,0.1449812598954561,-0.06043139783013571,0.14779095558525643
2017-06-29,1.211088150317645,3.419168710175153,1.3204352361159608,0.34646612060289983,-0.24861995791366817,0.36970239659251775,0.5826311220989158,-0.20074504785789674,0.0803618426512422,-0.2359967254072136
2017-06-30,1.0689974217362432,-1.5117709932905896,-1.5683689055497883,-0.03836808744536737,0.023768537917497487,0.3517465196796188,-0.38122591367958764,-0.04734176457257481,0.026531803017572065,0.156711059240564
2017-07-03,0.798844727910611,-0.4455616954053417,1.5875844763590867,0.01509985768285893,0.22312270527264275,-0.39466608824485105,0.1863189777755177,0.05684569961070024,-0.12156343590107994,-0.07287187512355994
2017-07-05,-1.5370471085527926,1.3043277384063479,0.230600815098937,-0.07220644066923403,-0.29786501653166925,-0.1016290238651064,0.09125535365228868,0.018998007093158787,0.057210422439931054,-0.06858093662654839
2017-07-06,4.17652697707461,-2.092584967429653,0.492940393520425,0.8952802647560875,0.40359238772711775,0.5582777527753342,-0.11063620151387583,-0.21151949617651228,-0.10008154766345072,0.08277921358778927
2017-07-07,-2.789269432543813,-0.21786227759967666,0.3600719056843026,-0.20053970654289374,-0.23313022082274446,-0.49430263934224145,-0.1204224111872011,0.1373631976898363,-0.023792616854704296,-0.01404671591327029
2017-07-10,-1.0461435039572382,0.7180014964795634,-0.5797798501590525,-0.034156236083915485,-0.11445572421346091,0.10032377484976146,0.00486453535277187,-0.005016246911778406,0.0653048512441941,-0.004924376594685785
2017-07-11,-1.4288857492072367,-0.34856516379142194,0.24985021875868768,0.23824971281833238,-0.14500279010530087,-0.1101016188788475,-0.11719887548816849,0.019136119116129415,-0.008459468092362653,0.006927815205147683
2017-07-12,-2.2169736207990804,0.5515790700475636,-0.5608096477827307,0.1837043643343802,-0.14559413456919007,0.06837127414811055,-0.040929719251914666,0.010351357929148288,0.07078746262358275,0.0009598465674386918
2017-07-13,-0.8282972635319247,-0.9967930254161036,-0.8608561711746373,0.04094813334652502,0.3125031449452089,-0.0010471599375686106,-0.1239889969103661,0.05585131451412017,-0.005495983438437976,0.09352926546196455
2017-07-14,-2.8772176549174575,1.2348058820775847,-0.2474841167155153,0.14553878033679954,-0.056440124300038336,-0.07068484727984789,0.1649432210795142,0.06285370443843472,0.07612512894124221,-0.06888224966484491
2017-07-17,-0.2132321354436462,0.22933739981651652,-0.32323247388543846,-0.04001428745382899,0.1868187890646622,0.025038537923087644,0.10197498223893381,0.02131358394424289,0.013281045539501832,-0.007132061045474894
2017-07-18,1.8923922004022273,-2.9668039298776776,0.6120822777767196,-0.17583465820031755,0.3167438587313259,-0.39232318935214355,-0.3261766899164237,0.09530909187419577,-0.18580359694381654,0.14474161474334082
2017-07-19,-1.1709317732073983,-0.28208692814688535,-1.4979977570255831,0.1789293223349932,0.13805390077364463,0.31762727817693587,-0.1824845226999698,-0.041523655442526015,0.09333277651543831,0.11436630086846948
2017-07-20,-0.17070215302944056,-0.354057185635174,-0.04898036607607637,-0.14877311335786397,0.2574104174520861,-0.18003766787330677,0.06545992709808095,0.08549892232602375,-0.03713855237581626,0.00856177880991471
2017-07-21,-0.35559324768819206,0.23189808033520837,1.1503296009922297,-0.17259916753603274,-0.19772877385948204,-0.4177337795728931,0.0827478876826502,0.10427244550031099,-0.061192957083534665,-0.07683906956320476
2017-07-24,-1.3882344821797965,0.7447525094326011,-0.3968105747331826,0.3560573291980266,-0.26397582872305697,0.26754858355047967,-0.06456056729793047,-0.08981507517200328,0.09638506841708724,-0.008843322285179004
2017-07-25,-0.8953108820679225,-1.1603850152039694,0.3338762898225511,0.4726525415139042,0.06571376599004386,-0.0578162610241144,-0.18915112791607785,0.0005429985137700834,-0.0532149779578027,0.07085367202202955
2017-07-26,-0.3758345469521877,-1.0719804359871221,0.6146563671712706,0.92325834789608,0.2748515966202196,0.17549706050179706,-0.023719653611518596,-0.09753457707801631,-0.0744250188116767,0.018465759317138074
2017-07-27,-1.9170940037745825,1.9127001866795081,1.5296586647980221,0.5406071812727861,-0.6557422831566688,-0.04550583208242801,0.1860277403856131,-0.07816730851449125,0.05239461854732167,-0.2150846546977857
2017-07-28,1.4403074096011645,-0.20923004363967682,0.10998079057000106,0.032976927450469304,-0.06373659519860395,0.16214392712328343,-0.05290275032398275,-0.0793170196496222,-0.011839650535405252,0.01510659985186762
2017-07-31,-0.3697037642709663,-0.29898406491652724,-0.427784667970914,0.3085569156492298,0.2365695451193589,0.18080014786988335,0.00627368627212545,-0.03543520968323497,0.009703391338262611,0.03424345429346977
2017-08-01,-2.003823927112085,0.14507157346760335,-0.5386094297025373,-0.018038412515837297,-0.11353544094999485,-0.08403396475079702,-0.11481039812003437,0.0657661749633715,0.05469484149120802,0.03994209179470051
2017-08-02,1.0474695295310452,-0.09059190070101573,1.2448531934418794,0.8560158647417367,-0.039618495816741324,0.28935354055665075,0.09507698346726268,-0.18715651010100082,-0.04920256557774261,-0.08091894611459596
2017-08-03,2.805593683027149,-0.799653184594681,0.528888101808515,0.4340201492504696,0.1483172914920931,0.3364304043339309,-0.0019374238094650642,-0.15451542251592806,-0.05289610690389634,0.021350917146299202
2017-08-04,1.4293850507651829,-0.8162899351555756,2.1574483524514467,-0.9257184690226337,-0.22939459741009324,-1.0065820344114627,-0.029622429074916464,0.23887571800021326,-0.18574492573274076,-0.0690630103086134
2017-08-07,-1.388352940296399,0.478823842645747,-0.9798899243230157,0.011390809840827913,0.2158495485783057,0.11657643833029281,0.09102664476035713,0.024314046160313497,0.056893282508230864,0.00834690604277047
2017-08-08,4.52099179825838,-0.4242725597136698,1.4520344983299667,-0.31962118263803885,-0.15136646396191136,-0.052104390691579267,0.044710338301669345,-0.07178550366757833,-0.08925139762898561,-0.04536221770524883
2017-08-09,-0.3523154993720661,2.9379130382731407,1.359915277231308,-0.16674538114673013,-0.7947875404775545,-0.07827830556858084,0.21925824065693125,-0.11382317513248956,0.12759583218187423,-0.2378165432685332
2017-08-10,12.963356126982948,2.063880500563063,3.747676830725583,0.39265342752865406,0.06820539508778045,0.8710629732002592,0.5705580072113821,-0.5181502822664446,0.13107417841160762,-0.10895865246228907
2017-08-11,1.7944829178897017,-1.9894334814337054,-0.522694813569701,-0.2121390772093841,-0.08880826150337338,0.02158060741909328,-0.27573347114419416,0.06480020267943258,-0.08773457648430245,0.09798765440683185
2017-08-14,-11.2092541046918,-1.6756471286128818,-3.9636143877244137,-0.09313374846117028,0.11836342387581951,-0.4008891549401117,-0.5446741464105513,0.3420247579025711,-0.07498501397904195,0.1783053879795896
2017-08-15,-1.5652840092156095,-0.33837650848374673,0.7685362760682272,0.9962282337954261,0.004828116199412583,0.13275608822098336,-0.025916584234308215,-0.09194979746449572,-0.001335231740975607,-0.025017148889080045
2017-08-16,-1.7314247064134043,1.4050151084906128,0.4803691116269892,0.08265666616734567,-0.2570042053936041,-0.10264047602878958,0.1323554442260309,-0.01588545957352113,0.05778928551468314,-0.11948602470620212
2017-08-17,9.222678024435465,2.738031865297069,3.536873984769378,0.1743739602497519,-0.17040791105092468,0.4795884546917152,0.5726157838424504,-0.385021934843041,0.14159950000903934,-0.18473157118463202
2017-08-18,0.19742981530871687,0.5622213795890072,-0.3137303682148903,-0.206459801530513,0.406717656488627,-0.01990526020035235,0.21290751925736723,0.0334805835981072,0.0052966708532533845,-0.00032269962296381754
2017-08-21,-2.360857638316595,-0.907495568349952,-1.969146697047752,-0.23598767961873646,0.20855771652824223,0.006430460207279671,-0.1151822109817624,0.1387411884307667,-0.05697033563758124,0.07164300909342304
2017-08-22,-5.12313755651865,-1.9189212809345106,-2.0625139553693996,0.12691148751220188,-0.006018280036609778,-0.14208208207497167,-0.42776807667238886,0.17631706546862186,-0.06200244983505942,0.12856403215986575
2017-08-23,4.235116561905154,0.3136780052500701,0.8519974005737839,0.07616822754558458,0.09667327083993002,0.2892236950424962,0.17369188612119077,-0.12886706756831087,0.014805925778947127,-0.019285672478969267
2017-08-24,0.16835966803302704,1.9373366914731025,1.146160248787602,0.10483675504679282,-0.3607983250064289,0.028259528021469537,0.18025857032144396,-0.10685377465378464,0.08609907131850646,-0.11720255443695712
2017-08-25,-0.21060429608087508,-1.6151346481405464,-1.2759362255855557,-0.08966399209620038,0.10422325221707733,0.07875209810302351,-0.2555737123184291,0.06995438883214183,-0.0526606993870735,0.11863978090977363
2017-08-28,-0.5024980034481054,1.2860692306863821,0.22503015356650735,0.07321473394776419,-0.39327839979249773,0.11735959436954335,0.030488504703638657,-0.06881397312029756,0.07200444956320586,-0.05676807023512955
2017-08-29,0.4558370670808194,0.4382157825692716,-0.4255798681852162,-0.48629135728862377,-0.33881149130507204,-0.0017452289487437155,-0.09728576095020117,0.013094327848652011,0.027288649514450935,0.009706497928724613
2017-08-30,1.3150494717545111,-1.1341887745251724,-0.7669618415551157,-0.011747760641857913,0.3782110276250371,0.1473970395695312,-0.05320127221376294,0.023269420033628977,-0.036646760987779796,0.09332928919853067
2017-08-31,-0.3123688069385516,-2.61395612227253,-0.687162415112731,0.7457054568907294,0.3351863855537018,0.2274006692053512,-0.3161121818362754,-0.011344960061599515,-0.06564164584302612,0.16982697434571686
2017-09-01,0.02625697664809275,-1.726904211712777,-0.6442385832339588,-1.7638572988462695,0.477396250279854,-1.0012187680514049,-0.07910478392515616,0.37966296474429695,-0.19867875434727453,0.08262459452733453
2017-09-05,4.170808049948846,2.1740267017347996,2.170050707543896,-0.1867322774331857,-0.5268629180163908,0.07229267600090221,0.30656382148244105,-0.1712468093305454,0.07694965454367718,-0.19992341522858478
2017-09-06,0.009566114217080245,-0.2600384539035016,0.2519575619721296,0.1715762981441046,-0.26632892779626643,0.045833894056222145,-0.14805423728678016,-0.04012958574847586,0.005115694779647573,0.015769346342737117
2017-09-07,-0.021981786537255327,0.38274427363646807,0.49637237930419653,-0.1417560289049279,0.16765019517255503,-0.2043869530550977,0.16753168879388197,0.04005758928313459,-0.015720472131942064,-0.060252356935120766
2017-09-08,3.685162297256221,0.1468643351559058,0.7648291839119992,-0.36192921865836536,0.018457007527926065,0.006449260977306906,0.11629191697090553,-0.030510239387940695,-0.003123107468034347,-0.017599924168283182
2017-09-11,-3.937729184705752,-1.6831622131828556,-2.0363206808181724,0.03368855380943133,0.39794776844820806,-0.09864122784713887,-0.22920316126233942,0.17256372971470113,-0.08483446057657548,0.14055844312627744
2017-09-12,-1.1354872426280147,-0.3032056361301671,-0.6032822471817303,-0.03617935609022292,-0.01913491930667603,-0.011502404832822763,-0.12015348110816539,0.03386382678556234,-0.0022889311242826173,0.0477045379347152
2017-09-13,-2.0483304159639366,0.6316429562641526,-0.44475866277866166,-0.12916349210890826,0.07678082002040329,-0.1395067780471653,0.07298415845824803,0.06433335441012321,0.025199418449003856,-0.031123237718282775
2017-09-14,0.7845542349353772,-0.5930457477090181,-0.7032943596438462,-0.20445409917804822,0.06734056040944006,0.09552375721568665,-0.10758928982997566,0.015891734659991177,-0.0119714759078427,0.07816738690437244
2017-09-15,-0.8590882009365658,0.8019836431344216,-0.24330567088733152,-0.2692637995783663,-0.11765307652160323,-0.08839679101981597,0.04069362871483022,0.030115742062393227,0.039948858665511296,-0.035802348167496764
2017-09-18,-2.4336077481783405,1.1146345161724465,0.07749017381044804,0.24209660955221393,-0.2143408125158235,-0.024319487302383914,0.05122144142395614,-0.016435562561005184,0.06745358033556453,-0.07247806378243271
2017-09-19,0.9244230328508051,-1.2018722109591053,-1.280075165701548,-0.29523367834845343,0.4465381036261078,0.0910685317074322,-0.07821112129535872,0.0683482082823522,-0.03926933298885061,0.13001142766029694
2017-09-20,-2.0623449924007256,0.7478690588634967,-0.20213451199977142,-0.04861912271049419,-0.17182438040053613,-0.11677371253793614,-0.0035481382487912725,0.04102453118039474,0.04949522470923984,-0.032518474534782835
2017-09-21,1.380620636895577,-0.5426764700329598,0.2395989344271451,0.306530021203826,0.07432504023098944,0.20456652669325381,-0.02346356507006102,-0.08168100149469547,-0.0237785248570968,0.02284316197357385
2017-09-22,1.856974826832054,0.26294556175225664,0.21023509516574357,-0.1893119255474694,-0.3328287509256965,0.13339857040709308,-0.07873766433736419,-0.07439117895407499,0.022666016939105128,-0.0009211955591073914
2017-09-25,0.11043719174385559,1.0514693032249902,-0.9060270196601923,-0.7032083332276038,-0.013175181781281468,-0.03655458149024291,0.10294979109272237,0.060467095257220695,0.058084509145966,-0.01866802474224895
2017-09-26,0.38353771587633073,0.2784128051009977,0.40586310676437415,0.22147255965053847,-0.09126583512403645,0.09878015035990066,0.039138321145418944,-0.060354182817697014,0.010390810396647071,-0.03301686039920165
2017-09-27,-1.1414516873284286,0.41987660566026275,-0.5733273925362994,-0.3235280291633824,-0.18474683266665543,-0.08803825005651578,-0.07833894990120344,0.05263537382234647,0.04109345876388507,0.012804259849808276
2017-09-28,-0.6601311738558006,-0.8555643225549392,-1.0709086845085072,-0.12669104682001142,0.2496608713150228,0.010985112640925762,-0.1411328528463247,0.06266059028985956,-0.0028129258388080993,0.10679721118768118
2017-09-29,-2.0448202902022077,-0.028273989551331802,0.06087974617785382,0.41317105740522203,-0.20259704870125606,0.00744707741113501,-0.13973301000802868,-0.016487244485397446,0.02910451926996002,0.01500275804675773
2017-10-02,-1.6439300217239525,-0.7547030671121048,1.2835800845957903,-0.20190625658183584,0.017395001024035597,-0.7617509820246737,-0.021440556843427175,0.21835517707194718,-0.12227385604556447,-0.03234367915267474
2017-10-03,-0.7300539081012409,-0.46089431096260425,-0.21014559858435541,-0.14653458569375555,0.04816611868505563,-0.1835752976408267,-0.09707090112685472,0.08883270041458392,-0.01961450642521068,0.052450174548637415
2017-10-04,-1.220552930061799,0.0958753211855435,0.3267173644959085,0.28384127852062635,-0.2928637348290609,-0.022317075063367567,-0.13220340655049073,-0.023054918061818058,0.020451504298814937,-0.0017962252959392829
2017-10-05,-2.420743412904906,-0.2609227577203394,-0.58270684830593,0.3184461080824823,-0.0751736142125463,0.02475947175248157,-0.21019969193263088,0.02500602136021951,0.04798610342073626,0.08583726734717542
2017-10-06,2.337858442963111,-0.2989033738040212,0.41219690845219514,-0.11904418496202104,0.21386119085099423,0.046179150726957385,0.1442874685453863,-0.03728338130270383,-0.06540651872755017,-0.03491162373489556
2017-10-09,1.7888010592693198,-0.6271037426391263,0.46509663734824996,0.5150772819160403,-0.07840603653338837,0.3580710520423311,-0.10155608506066753,-0.1763242617457156,-0.02351823118278743,0.027225999902234753
2017-10-10,-0.5891150389694956,0.7887118452693663,-0.3182336281179118,-0.379169299035119,-0.27533262548849385,-0.08543916523721676,-0.03204475748485841,0.03815759807796226,0.05708750443833634,-0.019257865678775108
2017-10-11,-0.8531555094619079,0.885586100044751,-0.8008526385186905,-0.6649796815768756,-0.13404444248541583,-0.17343661986515835,0.020189156143722048,0.11361928792412514,0.06786979659176544,-0.005428829775238461
2017-10-12,1.4868111644366577,-0.5122001048630197,0.23048221919214215,0.24616403954500266,0.2232070327102193,0.18155190026722035,0.05996932280451665,-0.07905912181926704,-0.04450033348191494,0.0025742601977057234
2017-10-13,-0.4572860175337262,0.3865262446746672,0.1621816073480803,0.09762330051018345,-0.09726348959990719,0.007284488500816242,0.035864741520220664,-0.01434649115450716,0.0186605101877699,-0.03789497935477076
2017-10-16,-1.9908296899150766,1.2109114387923234,-0.39807048589300187,-0.21308757759362457,-0.2852097695565733,-0.10206689383231905,0.03483094071116922,0.06260496832426986,0.08887424549700663,-0.05125147168722282
2017-10-17,-0.35907150697481904,0.02354665915997534,0.028537321137276805,0.14437622014972848,-0.11647294709351257,0.0529710648437553,-0.06326534182463502,-0.02650922040635679,0.014809933106073729,0.007303968228722015
2017-10-18,0.3244967883878503,-0.4472135566447352,-0.26538956415366177,0.0530946617454049,-0.010673507410459223,0.1038018223300168,-0.13440194046969225,-0.03152421247240036,0.0027183772260107944,0.06544097563254588
2017-10-19,0.0002277312573754776,0.34011744407673233,-0.8878216828380611,-0.6332091143406429,-0.0672898096199683,-0.08803069453749147,-0.05679881829231561,0.08609995396939456,0.05150865339900992,0.04705826788330334
2017-10-20,-0.9859624703763925,-0.1909559368562186,-0.024948858071375618,0.331039645201968,0.06415387475780152,0.04458629277863188,-0.03152706681555145,-0.011381422264142413,0.005232861185716398,0.016359248352653653
2017-10-23,2.8377249122722974,0.1927685709423599,0.28144015215036294,-0.0494238440537957,0.0791779594178819,0.2625156948057402,0.16133667089285667,-0.12288597765010197,-0.026735675454855626,-0.05783417172630226
2017-10-24,-0.7228048686739938,-0.8223733827032673,-0.07941577672374384,0.46503392113414754,-0.06920398604409542,0.13579229438955942,-0.2548383098727936,-0.06040473182477611,0.003623226485567198,0.09842839820776471
2017-10-25,0.8799394913264543,1.7642290829530949,1.1740869911244352,-0.09377893940445567,-0.6701199328546902,0.019297764507767393,0.1783506080401619,-0.08542528057495748,0.039062422263513794,-0.19529855344429028
2017-10-26,-1.4278540475485624,0.7605954238549442,-0.651169329848733,-0.39090780490021315,0.053010756185794546,-0.1674332529354224,0.11827727931088708,0.11956159490530481,0.04609767216968669,-0.02833792185779467
2017-10-27,-3.111958904271041,-0.404207875074333,-1.3319480539726727,-0.12695420067120913,0.0632365713005344,-0.16620399051955478,-0.24761503577913063,0.15754029985056467,0.07608666626009981,0.14522235300552672
2017-10-30,0.8861219302088471,1.185921872895014,-0.13449044736633084,-0.4805414806890071,-0.3230392584924826,0.04067778172815066,0.11156260337113598,-0.005040859141414133,0.05268212978467739,-0.07662679658526991
2017-10-31,-0.9571629745640423,-0.26262893739591614,-0.7268804202779476,-0.10806180757952376,0.1000965794581381,-0.03713795589049714,-0.10744395507175679,0.06400192343327224,0.0382926712356561,0.08010465138744599
2017-11-01,0.9689387654184224,0.16110054672244647,0.2532129700510767,0.06370536761777024,-0.025267963274450633,0.11576421335649344,0.06451445883129396,-0.06536590275588569,-0.015241469494097916,-0.038028394706102295
2017-11-02,0.7418671213288514,0.7143342819903404,0.09745302714173573,-0.2895416700781597,-0.2884178454188987,0.01688829401660775,0.04003420862060512,-0.014105409950335998,0.024603789617137443,-0.050143057088837185
2017-11-03,1.0840272202420815,-1.96301682316813,1.011599273898702,-0.9162500110522207,0.06903956372666692,-0.9473550903048662,-0.29925886760715675,0.2866674713707245,-0.17753947806546808,0.11897805201070447
2017-11-06,0.7028311610183381,-0.6245422626002113,0.20168674462005326,0.5248369567379668,0.22714802794282768,0.2613373313953298,0.0021869339935995094,-0.12392744057555323,-0.040907650738639605,0.015292286507669851
2017-11-07,2.235886455544084,0.3986489560885945,1.2455077936689802,0.30353864351249704,-0.16000608527725738,0.19939099371635824,0.17261999999075647,-0.16981860741486762,-0.04851382041573621,-0.13489915103832897
2017-11-08,1.043293192991482,0.7097964900857796,-0.46629847283833814,-0.7261720227555676,-0.33991424282234456,-0.0399572364539445,-0.055240837791838485,0.031095846348924865,0.05207373096585613,0.0030776546873701426
2017-11-09,1.0819616438696047,0.8325695257707555,0.8012639106603664,0.06465026987810464,-0.07608357836331915,0.05290879128499269,0.24009414292625364,-0.07067129347418753,-0.010994206944666744,-0.1331510822439246
2017-11-10,4.253038693515619,-0.19685029391805334,1.040382702326627,0.17896212239722648,-0.12128363513993234,0.3571518806718931,0.03326927283951642,-0.21989770034092884,-0.044258301229378016,-0.035915241739783055
2017-11-13,0.013404608662862399,0.7507751244181474,-1.5045261978845457,-0.27740296176225615,-0.24582271742203768,0.3724742256187464,-0.1140880081452987,-0.048874827618004796,0.11761069396617033,0.06876262378523025
2017-11-14,1.1880616165737483,0.5292268883799907,1.2983195368305416,-0.2065177435993097,-0.07743308909379153,-0.26662883065041576,0.2051843167157236,0.015137603832176542,-0.053888887694163605,-0.12636091138314912
2017-11-15,3.769093394020649,0.0997177459879114,1.2442126732681875,0.4700622200267795,-0.2367442110853554,0.4258122791645307,0.03174383237710057,-0.2357517396716483,-0.0018061778839434136,-0.04092360342586586
2017-11-16,-4.336959299304508,-1.081208822338202,-1.2750462789281334,0.10462767976636252,0.04349194205399731,-0.22461440782298026,-0.34862655165240003,0.15090638619861424,0.006750348789693515,0.1379831241336499
2017-11-17,-0.278518991531207,0.5320979668135006,0.3711574208300112,0.1636565794455798,-0.07388507786843886,0.022768925354057716,0.10431912546147777,-0.02741979459689075,0.012543300125276319,-0.06496319706182921
2017-11-20,-2.4026679475269574,-0.5911961837824652,-0.2902730796534265,0.7035517467160289,0.12481303637892112,0.11036134009813113,-0.11935132063005695,-0.015171047470387385,0.012865040917721974,0.05554585641397038
2017-11-21,-3.554907676711057,0.1479643139815993,-0.5728989443189506,0.17935918000663342,-0.05151043786424469,-0.15668574193391258,-0.08936383805386564,0.10325584328658205,0.04415659241432606,0.023311253083680043
2017-11-22,1.0684339242629628,-0.6560301423856896,-0.6442910351877029,-0.01574547358973639,0.3811981302035135,0.167362652054023,-0.005591839099172503,-0.01944853059296755,-0.013707443495617573,0.07981466041650902
2017-11-24,-0.8924942909488741,-0.1836152786340185,-0.19018516543907382,0.2067549539279977,0.23932961156256552,-0.0008560121118315871,0.05337652857090004,0.02328175940154366,-0.005857252587148239,0.007421687092509161
2017-11-27,0.49495518620948775,0.048261092279350416,-0.135299936477959,0.09169596673796869,-0.08501500629759005,0.16942618203481,-0.04618836212437868,-0.05853505536826161,0.022621657762108574,0.01769378949118002
2017-11-28,-1.6877308585165194,-0.287363062280319,-0.07024874847363748,0.45462440159336387,0.10029463698029457,0.027488422335557344,-0.04584400206099344,0.0002801041913863553,0.007176594451086189,0.023481445429501407
2017-11-29,3.8179449802681926,0.6113259130949041,1.1493755192231285,0.12063836349904047,-0.08242209579950169,0.285088813114746,0.25927168646316584,-0.1674921094067923,-0.030208681750274836,-0.12487755891483919
2017-11-30,-0.8625600597043018,-0.9335722292610866,-1.1178801509117275,-0.03880931782950541,0.4996334701021735,-0.0019105565551835145,-0.06828366506909442,0.07404730281511993,-0.011584955730969834,0.11588422839843533
2017-12-01,1.2003541892436165,-0.13866334471874178,3.441819897073443,-0.35044728864680996,-0.5222930682150863,-0.9333182078021008,0.05077836846546888,0.10286999916024954,-0.17380796006704444,-0.20754044287061243
2017-12-04,-0.4935748530313411,-0.1404676872254655,0.31932640138312895,-0.07114831086774234,-0.4314866775294333,-0.13738740092253732,-0.23771288130353163,0.010451816073792945,0.00375188350682266,0.024672838837857286
2017-12-05,0.8008062888383586,0.10893926383227856,-0.5133119972859345,-0.3868281185769698,0.25130216619914736,-0.019126456452346598,0.12302517046754156,0.050426401905561434,-0.006445020327629229,0.006081417863307097
2017-12-06,-0.5581376838783614,0.3155391398139572,0.4116777018108866,0.2792372662078754,-0.2049257457753802,0.045143205962493035,-0.01432032926860512,-0.05011891871127985,0.020466364415314693,-0.0420682162326675
2017-12-07,-1.5194940401771435,-0.8286744234306775,-0.9651903751519585,0.1309412173555587,0.4808950135690691,-0.016772940799925834,-0.034563389612116885,0.08968567101043265,-0.020022060439934753,0.10267490170803036
2017-12-08,-2.0109192565834184,0.1424671853652394,-0.9057828611900333,-0.20468775811928955,0.0757472958496835,-0.12916735480934924,-0.04545770897525101,0.11672897970799959,0.03635958163223986,0.04820948499579325
2017-12-11,-1.2948483528943884,-0.5680432419339285,-0.7038944544258406,0.2778543350710604,0.2156013098828314,0.10076204852320579,-0.10993761848665999,0.013841390755485761,0.015281702655475468,0.09458520437297155
2017-12-12,2.008834680172024,-1.3941534461060852,-0.3003090664401159,0.17088445470779806,0.10995760883110521,0.289442515439591,-0.2702879307433853,-0.1105906456898373,-0.03389091993235655,0.1614216656589923
2017-12-13,1.040286578702952,-0.5678596200223667,-0.290746748315258,0.03200632049502323,0.45071294575534915,0.09383595808451205,0.11697558722257373,-0.0012716008083784671,-0.0416887526515547,0.02471088053518853
2017-12-14,0.904719128152881,1.4744668870852524,0.16339090571699783,-0.6156549639671806,-0.31717306256561767,-0.0982332256474384,0.19556180777387444,0.0233575525269177,0.04452447976273658,-0.13425481624177307
2017-12-15,-2.261596056515923,-0.5952401256120798,-0.8325406856243704,0.17679795838646487,-0.10668308505344669,0.010819189753608007,-0.34727290964525703,0.032352859278612756,0.04981807573102462,0.1565454550034226
2017-12-18,-0.8166917435145591,0.650870420209376,-1.0156019455867562,-0.5266389210030739,0.30169956259447867,-0.12839021036733853,0.1976276333644472,0.13346051312236326,0.04309228076507543,-0.020823906015262718
2017-12-19,0.9396787567997786,2.2851200769652724,1.250030010906623,-0.2991594242971231,-0.5998784087485115,-0.0765398276272564,0.36713671260241887,-0.04457887583871878,0.034512680928910945,-0.27736939722839465
2017-12-20,-2.0955190914547672,1.5353775736950759,0.07775829466522155,0.5937530832163246,-0.4293989409690221,0.3001760900480471,0.11375705038047841,-0.10241827525359862,0.10727152128098501,-0.11393176575834231
2017-12-21,1.4985863684021155,0.3891857752792563,0.38485726836346035,0.2786678808499684,0.2878981234699706,0.2384903408235896,0.28085060962287955,-0.10238841276470277,-0.022126724284942393,-0.07893846869509456
2017-12-22,1.532294691910253,1.1970919573088656,-0.3723108516068793,-0.5645807418521748,-0.07366581790653119,0.09676701178771088,0.20163788357490986,-0.0018886670548534247,0.040980244041502294,-0.054377717942759224
2017-12-26,0.7564955764534715,0.24903674603232084,-1.3820130558055277,-0.2801918736478878,0.07613383385612742,0.31079699102894076,-0.03448342637728375,-0.014571459145247692,0.06903871275443536,0.0810478965756545
2017-12-27,0.4025531228318057,0.20001178848243784,0.6096216907259095,-0.34808391325987204,-0.0849098506561894,-0.28214350397925264,0.0637413949237001,0.05529150420564934,-0.03656371195387038,-0.056039290841485886
2017-12-28,-0.08491041074105186,-0.504231268198372,0.4774939118421782,-0.2174005924751715,-0.2978857052157849,-0.2724551814161775,-0.20952575006517457,0.04546135061238461,-0.028062897282173503,0.01775925153173484
2017-12-29,-0.13594528285263055,0.64197240730113,0.1845480413700218,0.40021547720550055,-0.6062260068500075,0.3372908421952343,-0.1422292770745862,-0.13782807821340973,0.06990510229188338,-0.016216825955706945
2018-01-02,-1.7926523371752348,-1.6185528501944009,0.18835214514323556,0.7021378457228358,0.6761083408539859,-0.15188261618443147,-0.026160156721892133,0.0464735585635979,-0.08326268942061388,0.0599477199881714
2018-01-03,-3.0960131211610262,-1.0706207098719642,-1.136354177597438,0.62668204414162,0.2411817480453577,0.13919914845187928,-0.274839221238178,0.02729122019488702,0.04808057342232591,0.16210757631427583
2018-01-04,0.5430619800815712,-2.1380146046543134,-0.46887786568270245,0.3731740691966046,0.7775591427771309,0.06481010801598555,-0.1505922834374328,-0.00803499393025268,-0.08436108295176413,0.17503171929813696
2018-01-05,-0.6381066419715905,0.1102694879252003,-0.9466703223219032,-0.1865746916504426,0.63960534133311,-0.034397194512775724,0.262466508304839,0.10047546171119864,0.004238142765420322,-0.007587408444193527
2018-01-08,-0.6553042671930713,1.9197760312135834,0.22155755844414957,0.5092636145521532,-0.20575295223094522,0.3767831383210114,0.35640145522060507,-0.11426328056354045,0.08040577682259661,-0.17615249725510868
2018-01-09,1.3844368320660152,-1.2358989762925594,-0.36038712697171654,-0.22926929294157034,0.39309793680726196,-0.058617003321925536,-0.10616087714096398,0.025027775854358687,-0.05646948000335071,0.10186125150951279
2018-01-10,-1.6821637367190636,1.3862959623990254,-0.7079642677825775,-0.6805660257905396,0.0675154744454895,-0.290418207951477,0.26968717962053396,0.18583395025500699,0.059791565337504404,-0.08262688121895068
2018-01-11,-1.4779267719625928,-0.8427501352491955,-1.5402607263587917,-0.1150841196765395,0.4557355935163939,-0.0007898752339098681,-0.15742474129900963,0.09447113502253898,0.0564484894428223,0.15648323145492574
2018-01-12,0.04257396757564693,-1.3953502725267002,-0.6166784362172917,-0.06642381347225197,0.4335228947257771,-0.08056013844985078,-0.18472731063106249,0.048363543254874186,-0.03008874031072385,0.14398442716751497
2018-01-16,6.998484815423597,-0.31429496849158556,1.6997285663007773,-0.9039415521135928,0.03038377279739685,-0.15949783946908766,0.2839602012096389,-0.05173499670176043,-0.21568667624848903,-0.13612919383151573
2018-01-17,-1.542230941378465,-0.060992923523210736,-0.9537942357861771,0.4152512988200452,0.17279164253514148,0.27375704281395763,-0.0720602252573465,-0.04700439033962718,0.07599894706583714,0.06457653873929262
2018-01-18,3.0049736139463605,-0.7034701910153813,0.903613780807198,-0.3261831593739661,0.33855613387621825,-0.1991804707965438,0.205588479223957,0.0385648335260286,-0.1467797336348205,-0.051679122354357065
2018-01-19,-1.719782582879462,-0.15292103169082685,-0.3480462324754274,-0.51348207425896,-0.3497458782357557,-0.37525837701493137,-0.2895429850373122,0.1457974154140447,0.03359665779593901,0.08714267735660643
2018-01-22,0.3668676354147449,1.1352253198612485,0.21155566510320217,-0.4309852327237515,0.10667120321566353,-0.18160378378962405,0.34621984314778625,0.08114344550791046,-9.923350572218524e-05,-0.131047290320588
2018-01-23,1.4652226551275425,-0.08764452554761631,-1.311139429632805,-0.22102487280480657,0.29113389430909004,0.35626489527012545,-0.002983877570270748,-0.06623237605262387,0.05244464333819848,0.06875035385828174
2018-01-24,2.840662677819011,-1.004851253489224,0.28011797449562953,-0.3300809194976698,0.30980711302629466,-0.07281595133387712,0.052361611133682096,0.01944390731802239,-0.11152031251744991,0.023398082174453414
2018-01-25,0.4751522636525612,0.16899022468405875,-0.1755258078706167,-0.013806997138777205,-0.12549369956115844,0.13442506346565183,-0.05389878394883502,-0.0517913401262207,0.028138613924657635,0.009524751909072229
2018-01-26,-1.6449756391188803,-0.20339790318800452,0.30447918470123997,0.5220219946018393,0.11165767470095647,-0.023925389159833693,0.02334432412261701,0.0022612855063708637,-0.013587005890838489,-0.01157406549794336
2018-01-29,6.255842632611502,1.2518877729369375,0.9710020687531458,-0.5456514237928703,-0.6990345675045286,0.40631904973678656,0.07385449981851269,-0.22972977585661047,0.008083605148702239,-0.10576137871960008
2018-01-30,4.754481628249032,0.31727714353487435,0.6181185748170384,-0.2179351427289492,-0.16126528060519393,0.29677975099824,0.10122160205372654,-0.1318824817129165,-0.01938693631315913,-0.04025821361431428
2018-01-31,-3.2959663886714083,1.4471496441693712,-0.890859035769985,0.501948286232193,-0.08572478936244707,0.27758247966568755,0.06402830878190735,-0.047986461224219,0.13461988365773717,-0.03264020245092595
2018-02-01,-2.1448896103264627,0.1786128857821177,-0.24145716582646162,0.34110713294773987,0.15198304460102155,2.4010144910113167e-05,0.056414629756852026,0.02207770568157958,0.023127605402760893,-0.011361989825508461
2018-02-02,9.83833146876457,3.149032958418408,2.9560996645586806,-0.35348034642909615,-0.824814414487106,0.4818412875314866,0.42118283209406193,-0.28728742608233654,0.021322880618640173,-0.18960841583791288
2018-02-05,60.370004828028,17.73080890536923,23.053817631217054,2.5801452200643835,1.6620435929388353,0.6770723114557682,-0.5456772377016602,-0.6647196054218854,2.11770880484617,1.0037347623859203
2018-02-06,-31.957224110721363,-25.83863747692955,-21.91909001027171,-3.1788723744299356,-0.5308705742009321,0.2170800514523892,0.5608594825350969,0.7758302255859397,-2.423010552418338,-0.6659240752118832
2018-02-07,7.88697771089137e-05,3.0884195768565,5.146742690071464,-0.05648888964240653,-0.5979050351004592,-0.8141178278695946,0.2502894701869151,-0.11261315619118968,0.10993238171414564,-0.20617069476819494
2018-02-08,25.074982080752708,2.9830894951677296,1.9316864486537737,1.0372195341453745,0.7292376970643836,1.17088218419838,0.4343503987606284,0.24618684791548556,0.5070658688653605,0.12536502669222876
2018-02-09,-13.729659294492103,8.406748752765688,-0.8675274034400009,0.755575793391828,-0.7539628294988248,0.3418524492909992,-0.2479609215391793,-0.3686704640313822,0.1657802028444755,-0.027578157280981497
2018-02-12,-11.464608016098978,-5.262501244972684,-0.06866024987130366,-0.9832887474422464,-0.6411091991683815,-0.9111806640339746,-0.09905404467572664,-0.16404176068308512,-0.30539596335414104,-0.1551378600642676
2018-02-13,-0.4675902462727656,-2.4076501714395624,0.635694655109766,-0.1874677444534744,0.14543360562497304,-0.40440652635643143,-0.03490815128580894,0.06363922191511799,-0.12360615023824066,-0.016141963694863672
2018-02-14,-12.11319546939417,-1.8443347583650875,-5.145698527371546,0.6889546534032883,0.9936162519541999,0.2474249336965658,-0.03954482444646915,0.12923595545712047,-0.18123472818110983,0.03605736684047268
2018-02-15,0.8698962450665736,-5.862491893076378,-0.5890642068389023,0.07265177672448302,0.7613575825844372,-0.29130366491742765,-0.20706092961743383,0.22734283759867532,-0.30998931741879066,0.1747487998554605
2018-02-16,0.028189872104037606,0.19598535059690947,-0.40006815465448553,-0.310697208370932,-0.14140470472341773,-0.0040504509840040585,-0.07512243263787195,-0.0023164275099482458,0.011398424197271047,0.012170800959854355
2018-02-20,2.883688279519796,2.5178399925796984,0.6264981068815682,-0.6287440153071578,-0.6774136997734375,0.0873127089756666,0.023194273659040834,-0.09713696148765764,0.14082657738672633,-0.07598883195070541
2018-02-21,-0.26781238858081113,1.1991008460401942,0.4444540532053638,-0.0913094531276149,-0.4678073097736324,0.0019049749024390233,-0.06941999392014732,-0.0680772765749231,0.06807952840948829,-0.036292577802972896
2018-02-22,-6.265945996901152,-0.5787006583557922,-1.4073132854851202,-0.11589017808374338,-0.09382015416280251,-0.2443438406468624,-0.2811233868266972,0.04443916708967559,-0.03952116507925384,0.03947191608869489
2018-02-23,-11.094485233824754,-0.3353420001485995,-1.3661532453466012,0.635672485231048,0.3587947953709602,-0.44982558931184646,-0.16000620981299407,0.12365532459354331,-0.017455428373984474,0.014159370298012746
2018-02-26,-2.4777172179983724,-1.3079542650060754,-0.3322470213789864,0.8412369953133361,-0.20005870166310333,0.1924778964609467,-0.39747995963174815,-0.0755383404753521,0.013945258133311048,0.12384945705795186
2018-02-27,11.618973157318614,0.29336156630022237,1.4540392592356834,-0.2624664500963569,-0.18222440781136454,0.6009227458264516,0.31322430995664424,-0.1350245574583134,0.013824258847975907,-0.05029366044543324
2018-02-28,3.0577256499996364,4.340215602486108,2.4448314529738244,-0.07387997355139107,-0.7730777768128473,0.08582544216048753,0.36957623964649905,-0.1514508177533278,0.18586950607534353,-0.21858128730337947
2018-03-01,6.985147414834692,1.4165513757943426,-0.033475112178233096,-0.922060315693186,0.05713360542782481,0.2039434568585893,0.20364044728084352,0.02205583200872269,0.06395710837858219,0.012705293391850085
2018-03-02,-6.15602659717591,-1.8445102699366194,-0.25418672027859407,-0.9259345034698794,0.45936172647822543,-1.0032946542399659,-0.016980498281040896,0.19965139613340807,-0.20178353968051757,-0.03747340067278071
2018-03-05,-4.187546509109565,-0.6727005751679156,-0.27749905322984464,0.8705092901878632,-0.04919474869703663,0.06266369581551144,-0.15846726338290587,-0.028404491737637937,-0.008295186454128013,0.011645791264397095
2018-03-06,6.560726536213287,-1.2365660048417069,0.8194434146611028,1.4456233059363657,-0.33156946390283853,0.9192434036474805,-0.16688773122363054,-0.17815331198747986,0.08676593678464507,0.10814833992533143
2018-03-07,-0.2091834840467498,0.07390849628769094,0.5698314960915429,-0.44481348772113793,0.14160166116953427,-0.3408991690921157,0.10497886525325408,0.04865843557047745,-0.04699814128689652,-0.04324316985402669
2018-03-08,-3.5839891150217706,-0.34978483319214143,-0.8159978203471577,0.5414269415114876,0.08795614731920294,0.10202490489245639,-0.10161549346283637,-0.017216003487261655,-0.0026262694366619875,0.023655589873352385
2018-03-09,-9.621617594002707,-0.5751343164774759,-0.9268343516090595,0.243394425453641,0.020634838419692533,-0.5177357399182485,-0.2707154790574389,0.08108108385316116,-0.0646074298097778,0.0030570710693638295
2018-03-12,5.36378654381385,-0.571619691798865,1.1233321383901576,-0.28505282941415516,-0.1527884728149276,0.048868945406775194,0.024598835982744656,-0.021787363392304075,-0.028907709061940397,0.01135248038254252
2018-03-13,-0.9496705367388144,1.4203838497560906,1.3394749024293264,-0.7102473968146702,-0.09808261684644465,-0.6173244996269032,0.21756755658074053,0.07233885196492432,-0.018599288983821915,-0.15002119532968597
2018-03-14,5.594780139625673,2.193174107000354,1.6810058263999623,1.143551375042556,-0.08706957890410688,0.7963027149598185,0.3249070295145816,-0.2517189798130181,0.2162635937975743,-0.046715077708660395
2018-03-15,-0.2693991246862419,-0.1611658490461768,-0.9085240019251004,-0.5076158416126765,0.32025269951968655,-0.10417528506047326,0.07133144431836015,0.07812300500158094,-0.0461653432160522,0.014894154038262004
2018-03-16,-2.348836535811881,-0.9247741143123701,-0.6475521435040968,-0.3597195863726501,-0.14306517336280597,-0.25492076154080123,-0.1979208361366738,0.06997129663586318,-0.07424348168634129,0.01866103042897657
2018-03-19,5.99998053672065,1.28308532474496,0.48785992804489753,-0.053152095589591185,0.15089579674754652,0.4143034135335047,0.2519116019289777,-0.06619665898079155,0.10592463890135896,0.010328446535414208
2018-03-20,-1.7950697320342899,-0.6708192289501513,-0.466454152745689,-0.002172725728541345,0.014627391101114745,-0.08677846232191776,-0.08763452611946054,0.030718140584389434,-0.04607072490393625,0.01024530490678501
2018-03-21,-1.2187600686524347,0.6021817630801443,0.5428979767588966,0.5882116968520491,-0.2298124245736158,0.12151001568290067,-0.024388549877727976,-0.07916320649511892,0.054999945547368374,-0.02926667679176374
2018-03-22,11.723640580680883,3.601829655872848,1.3753918839962223,0.38908513545873624,0.06970298749477025,0.8461962117863503,0.34461395070661005,-0.07559906211590088,0.28517921353460063,0.061610407607007416
2018-03-23,7.60978300868121,4.3655425826356,0.3813063607877336,1.87516311930033,0.6016403835198872,0.8719290708526996,0.1645656515604335,0.19108319067018084,0.24170183750989915,0.10485024389587753
2018-03-26,-8.84273251848021,-1.772706954492233,-2.9576230290999983,-0.331629911508017,-0.15867240802439883,0.02763250736310862,-0.028276766446016444,-0.05931434704414966,-0.18381117982258702,-0.06792033645746154
2018-03-27,9.036995942322594,1.8193972543918442,0.9396216905096386,0.4974575326453193,0.46949967432742457,0.2263047633961405,0.055869932872720615,0.20571420576096502,0.11231212695742528,0.06329480307787702
2018-03-28,3.9054585440315033,1.8162092278719808,-0.8668389442333512,0.2864530359324557,0.7095877232655277,0.14628366354900665,0.029102272624721166,0.21532586173865323,0.018255812327554938,0.027976347319120704
2018-03-29,-10.991842880125326,0.3778702028576585,-0.9245357638362175,-0.2503625747918793,-0.14689573429476238,-0.08899576955931454,0.15906535208371242,-0.2173847200820373,-0.08973314348546954,-0.031046386042223865
2018-04-02,12.122863013544956,3.48440381634078,-1.7577023424766285,2.817993596751003,0.5409042906614592,0.5033468980853106,-0.35528378118862486,0.8468739111161514,-0.10228935399789747,-0.01944046900112729
2018-04-03,-9.387534619453017,-3.1255587773139606,0.03362601467986149,-0.29499290153001045,-0.22418827290565746,0.06848090397763143,0.265294287812841,-0.39722881637712815,-0.0011948191220755118,-0.024542231553001146
2018-04-04,-5.047285598392889,-2.6876089056371666,1.8675571870652758,-0.8560074151253456,-0.6106616054916281,-0.3109485397199671,0.00713839966565078,-0.43293192858264895,0.06786250640904792,-0.008796438778136847
2018-04-05,-3.3933496927187976,-2.2433901907777125,-0.8424048182209741,-1.2443510383697516,-0.019049639516780247,-0.3188358360315625,-0.022668641283122584,-0.15694160589936373,-0.06435697616402253,-0.01695068906415373
2018-04-06,8.950488438853592,3.2923001682953914,0.12183703371096377,1.9684960865320595,0.35471842349606564,0.5586315444478874,-0.0031024675274591586,0.44769850710422504,0.05445671639847314,0.029048254668437974
2018-04-09,-1.1902592936067642,1.4364066430966551,1.2242869634186013,0.10890620100891152,-0.2860425390422216,-0.05463791446413507,-0.032092153826817266,-0.05095370558498759,0.04379475403422288,0.014894427881271051
2018-04-10,-1.4204641890045966,-4.960616302015295,-2.871116160062295,-1.309729210282616,0.4578200609564238,-0.05983627404525564,0.07492298384135845,-0.12883015076273724,-0.11343867549911721,-0.018983314525397792
2018-04-11,0.8780367671709524,1.9571065740081162,-0.7895451478139417,-0.8701656830494243,0.06643487139123683,-0.0413745502909004,0.03506112955972666,0.042779847767831385,0.0039322263652534,0.0005852843255614243
2018-04-12,-7.816761726103452,1.2186736898214736,0.671349120295968,-0.9931005671365142,-0.5876079064492288,-0.37178586595556223,0.023546121741449755,-0.2367707608001157,0.015790144782531833,-0.018046584452392486
2018-04-13,-4.762137658036392,-0.37522163278589477,-1.8484060574801098,-1.3338994456227635,-0.2134799158649821,-0.2622067236627659,-0.031509887025306854,-0.026178206485502536,-0.03216194184602632,-0.02294792066580133
2018-04-16,-4.6097850463663494,-4.036446482962475,0.7945287845911378,-0.2381822885449485,-0.11720966849000525,-0.6371858342963659,-0.25913789801258796,-0.09753641279714081,-0.09261030791318284,-0.02886948982763608
2018-04-17,-5.706197805717491,-3.6386184665657897,0.8006814508518757,0.38326598154786035,-0.13831270854999575,-0.6186132812161635,-0.3959938830790804,0.005485033355733513,-0.13547092666138222,0.011318372137923362
2018-04-18,-1.5478059423626087,-1.474952048328204,0.07563630267572297,0.23009181175291749,-0.49525012472568264,-0.06358624441004829,-0.41486132321350194,-0.032082264716408584,-0.020056946381056026,0.06856612317440802
2018-04-19,2.3154954946474477,1.9221156453118737,0.560680900905925,1.2165122940945423,0.0328335253637375,0.6818367061356174,0.3103553861002194,-0.11137086688191193,0.11819825587253344,-0.05608330634729442
2018-04-20,2.3285266808195417,3.0369839426293326,1.9608411616694834,0.17303565129528337,-0.5385277410864943,0.10974437033725948,0.23826584493762587,-0.08213251110551938,0.10464206535678144,-0.10033831135808018
2018-04-23,-2.051759426761594,-0.03144204466254173,-1.1502815673438134,0.5131275974672784,-0.017647505962282855,0.2777494807331517,-0.06471436117179559,0.01841005308197226,0.014347201048516499,0.023997029573306367
2018-04-24,4.089146591797419,2.5829941373615752,-0.1517092295659031,0.31194542035302286,0.13202199571878817,0.4533338489692201,0.2642470561039965,0.09071612348796568,0.0530292631346544,0.011516980655502336
2018-04-25,-0.6135791580183335,-0.11828351691605617,0.11258729404517608,-0.10686239565473063,0.22937975224403814,-0.1162044451507622,0.06875626890269869,-0.011520046690978307,-0.012240968583065476,-0.006965940847944331
2018-04-26,-4.9883074108608945,-3.1853922594900803,-0.6570349890458606,-0.33535893508522674,-0.007722308731052506,-0.4445518936191422,-0.3202553694293655,-0.04816712450484011,-0.07715379284240882,0.007736441803458306
2018-04-27,0.065528986337195,0.4329191231640674,-0.6031029782801128,0.3323120459068587,-0.056518113998981524,0.26686043818083166,-0.005812107387651393,0.01291433160167429,0.029846713583474075,0.01712765932085833
2018-04-30,2.823406290772708,-0.44636523707644776,-0.8313614460315644,0.07744814076498431,0.7528961321222505,0.18425326208588308,0.17517442959938082,0.07779853609074758,-0.029183559142875907,0.040064133429082105
2018-05-01,-2.101148930331934,-0.18130487835765474,-0.4465378316736504,-0.06647973964319662,-0.2003385039412468,-0.033776480292597735,-0.11577260568882289,-0.014416795958972465,0.007946207260977032,0.005929949625823307
2018-05-02,2.043030888100536,0.4024674426093888,0.34996390776090336,0.31077028910872284,-0.08623696932792667,0.17781018752915367,0.03185582029545768,0.0062907141350672284,0.017706981542491864,-0.00015476983811461948
2018-05-03,-1.9005641584605217,-0.17983739772932925,-0.910920502530668,0.05312790975739728,0.32555254940677586,0.017423739721614026,0.04619853149613608,0.028659956021948093,-0.011860037332943465,0.007814962517749605
2018-05-04,-2.0541216788895906,-3.4922747947165766,0.7726572609443458,-0.35681918684496244,0.10152633471029615,-0.5702399862029102,-0.3291056405088862,-0.05722422129783492,-0.10540049327452172,0.06299181293608985
2018-05-07,0.5180215291728739,-0.07174887042065432,0.08741319571237954,0.08816020839448159,-0.07555657184299149,0.05605557777726871,-0.03055937933480924,-0.01077418751646155,0.007151613265541123,0.007944241677926301
2018-05-08,-1.7245037042833706,1.4919039298577794,0.17172011387539746,0.13567657989190945,-0.24446569211201255,0.03194193861624764,0.0865613325693638,-0.01779092134190601,0.04590568169700219,-0.06161521686696066
2018-05-09,-3.4736745842098364,-1.1200722372157061,-0.9565992997879924,-0.3454124470661997,0.29480509669946503,-0.29155975899491643,-0.11871875960498686,0.04994110817810978,-0.04475177879045876,0.03848477551857251
2018-05-10,-2.607454733763083,-1.5804562061965577,-1.0850693437539471,-0.5213862739777249,0.06880513413984246,-0.30079065190478427,-0.3308275206872886,0.0602229525745251,-0.03374130290617395,0.10737987847922535
2018-05-11,-1.8996610139029741,-0.15829024548290666,-0.3313342817762971,-0.5075054365866777,-0.18957769056794252,-0.2924326862044717,-0.17634986596534194,0.05500002704727551,-0.0022476955632339895,0.027566715667178783
2018-05-14,-2.683126395322593,0.33399608657931573,0.3651794875028891,-0.07126213745006077,-0.14799323917886514,-0.31233223369494445,-0.010711891612911495,0.05426647500428265,-0.00920129321417964,-0.047113002985392685
2018-05-15,4.521435143003687,0.9600140314098929,1.957350331540228,-0.32448661178462573,-0.5467323573652817,-0.035924215695183566,0.13759982432190412,-0.08085323820109971,-0.022343323551154086,-0.1166075744859702
2018-05-16,-3.851633382427011,-0.34023623719655754,-0.49361526147407514,0.1891448363314654,-0.130677572986255,-0.15606578042110786,-0.2083823805293036,0.04036668852394067,0.01559637739482181,0.035908319272366665
2018-05-17,0.34680384592752456,0.17405559335686904,-0.2920431411468801,-0.1703102774092769,0.12719330856929617,0.01024413032961822,0.07089932619488601,0.02041403675851921,0.0016982389754383429,-0.0037288972539241023
2018-05-18,2.5040331795275774,0.20055616236215554,0.7039517081780863,-0.47004759404561003,-0.12691720717479746,-0.12583987391264131,0.06657164128617969,0.001854451595631845,-0.03215309330585059,-0.039901395372576746
2018-05-21,-4.226782162170577,0.29770909548555946,0.019226520943137253,0.07526238158855827,-0.36190516881895896,-0.30106516637783415,-0.16082394858587865,0.06078053296329913,0.02284974700017438,-0.025402591668072298
2018-05-22,1.5770684518091458,1.4908178219026629,-0.20679605362177791,-0.6024569675835654,-0.17025901315964598,0.06084661171020879,0.19256052005926005,0.004018040155147198,0.04683493530289333,-0.06543479351848823
2018-05-23,-1.8154529065379448,0.17277667870512387,-0.07338379610098826,-0.16915940507788946,-0.11986763667501009,-0.22417468342818242,-0.03862482991424796,0.06622179222799997,0.00350021724518773,-0.019290971514284903
2018-05-24,0.1598037554596858,0.7576805991494329,-0.04040948124598959,-0.9665568973472397,-0.20893431417367742,-0.3866412860148037,0.052372917164847994,0.11977580957639085,-0.0018946619585143037,-0.048350052072657246
2018-05-25,1.6934160433317402,0.805117309810188,0.9241900087341229,-0.16883020169117904,-0.02974630856120853,-0.06072158396750883,0.21177860981426652,-0.03360422922110699,-0.01532188167067429,-0.08593141817223904
2018-05-29,8.996835533906427,1.7210038149743052,1.344505982726732,-0.21748457930990908,0.02488577351059765,0.630603726485499,0.3583790969616851,-0.24424181291195954,0.044825263153439855,-0.01960147224080294
2018-05-30,-3.5343215560475603,-3.1826504744525588,-0.3999067844255724,0.8006272948478588,0.39511017304069995,-0.203110518225816,-0.34145535263126264,0.07251251419942978,-0.10898944376958829,0.08816230849879393
2018-05-31,2.336262813931751,0.43690021468211704,0.42432340739006746,0.04757471194709408,0.0020043586850094436,0.1845349646358298,0.10330785523503486,-0.06562180523331523,0.01864732641473925,-0.012359070008549529
2018-06-01,-5.766815350593329,-1.5010351056775217,-0.44081167700815144,0.8009366052480393,0.12396986445866442,-0.21415305983116179,-0.2484972350587043,0.07094842578273737,-0.04337649060606244,0.03892328494013735
2018-06-04,-1.9723289814447729,-0.14499119884008538,-0.3957696948531623,0.23650091437640355,0.22101407335154064,-0.034331235796177466,0.030927620242005845,0.03923874030590113,-0.0032722320979017825,0.004686828891152498
2018-06-05,-1.2494192889041655,0.12623295807361115,-0.01569037179889947,0.18362370224801652,-0.01922216992900478,-0.017940986007707705,0.0014030792614921211,0.005345056119425174,0.009495481067533822,-0.013952737118299485
2018-06-06,-2.612958012959365,-0.950887755178218,-1.0536476568979771,0.07122453949990444,0.31690417131806137,-0.11857213525904556,-0.1306792582391939,0.10199972491604734,-0.017102716994310305,0.08405706841408972
2018-06-07,2.429013720259588,-0.16907037157870253,-0.2529853921219136,-0.9315314184983171,0.027554095358792854,-0.1950051988844365,-0.008997263939265632,0.07589934045724009,-0.03492230801459705,0.026611434687827826
2018-06-08,-0.11926391775014428,-0.0033840548454402907,0.29544363435344084,0.030841271687273054,-0.14051154556337173,-0.05222276306889541,-0.0454601323792714,-0.006123130103022751,-0.003726776438316035,-0.01018610363127524
2018-06-11,-0.26266993325589305,0.4675376824562947,0.1619780671869669,0.30807735585349616,0.10638002737024414,0.11976746697819826,0.14469835232686937,-0.03919178555221063,0.01678000217814068,-0.04474264790136323
2018-06-12,0.777706805201794,-0.7261867179573634,-0.15332468406141964,-0.1483314533719382,0.12109610748792907,-0.04661872228759633,-0.07719043263439786,0.0252218457476098,-0.03483312490878005,0.04985554069323032
2018-06-13,2.254563732752374,-0.07537564972369633,-0.08693723900639257,-0.08735980393315436,0.12495153092064484,0.18840699202046648,0.06262622640158408,-0.046577330506363306,-0.0033157514645673486,0.015300595977146591
2018-06-14,-2.071905763744116,0.2382632221816856,-0.7172600138970743,-0.39441664765254697,-0.08639955456803837,-0.21633447763683405,-0.08113639681960594,0.101574137503534,0.02269810257922273,0.01697697413025189
2018-06-15,1.3060789001717714,2.6373900777130213,0.01367267504044611,-0.6269950488372922,-0.6252224936162154,0.15414457951418156,0.193116508438394,-0.05782658075698294,0.11567202863293284,-0.1187967363723846
2018-06-18,0.03781522034967381,0.9930444531175266,0.352861601952192,-0.425123549810881,-0.07744257809357391,-0.20920238961691676,0.1729520343020684,0.04951363348177677,0.005560139791042165,-0.07576158192793699
2018-06-19,3.1739207823800766,3.2076230117735873,0.8862525123839694,-1.2456647039380737,-0.4340676038502606,-0.15794470689505122,0.4125243752761422,-0.008258323672088893,0.06519600851231067,-0.14077089245777788
2018-06-20,-2.3045039217488874,-0.6930800807184664,-0.4827918198807712,0.3100017006242079,-0.07851136572209662,-0.024998707674559594,-0.16384846160186106,0.04065466026837109,0.0013564455773739605,0.02046136345443036
2018-06-21,4.242189572651887,0.41951080747657765,1.5325016979285262,0.14781533749640405,0.07587652047280319,0.18301812172492285,0.1603509169391548,-0.16347838357039052,-0.018609842850745583,-0.02908764637607385
2018-06-22,-1.0412256656494334,-0.31352967140125404,0.38292683195453003,0.3939533574528937,-0.14269634422141417,-0.008038427935718627,-0.08076350066900868,-0.027204074079054265,-0.005023573350227503,-0.019100742737598
2018-06-25,8.3493428500524,3.698513521396053,2.320754368742384,0.6349505495057084,-0.11159281102768152,0.952244045402487,0.4482194226003035,-0.366243162101652,0.16279877026941744,0.03547764933414163
2018-06-26,-3.6542049889431594,-0.9380908962842307,0.7692760398794491,0.701511418955738,-0.05215980092482484,-0.24900126267328762,-0.059924290926391455,-0.011668708959698786,-0.03344854995420794,-0.08705574216109709
2018-06-27,6.057865839488634,0.7748341192309227,1.0159796495778057,0.3302566146565154,0.28466006795903087,0.4697719416645283,0.11345871908444881,-0.12977684020244673,0.07528283252108851,0.10856356925050581
2018-06-28,-2.1076152613556087,-1.4904202769307646,0.3188635927032075,0.35651262453883636,-0.06456207519103974,-0.21154890273719326,-0.1374288038068757,0.006048742229319884,-0.05086873948042174,-0.05810469573428274
2018-06-29,-1.5382262036461953,-0.2240239034028032,0.12925611127466416,-0.0221335577739022,-0.10450227164908557,-0.17802020248010708,-0.03600403132300394,0.015484074422510477,-0.019198598968385855,-0.042656159404110695
2018-07-02,-0.5059380310345178,0.628633001790416,-1.2190075977328834,-0.43571410775576536,-0.11844233594087614,0.10640181947769484,0.00518297909990703,0.05639469876817268,0.006227702605326616,0.022246008516618353
2018-07-03,2.048742176044183,0.14140505139442386,0.8522603525887167,0.44802731632744514,-0.0635469486720569,0.21236811369199537,-0.006621296433149844,-0.08835954136718085,0.03877178043658929,0.019463608875054123
2018-07-05,-4.828126301023762,-1.6353062063296842,-0.8439021970419986,0.24037511888481378,0.10518047762358172,-0.2893702247515915,-0.14162330863664624,0.09759937549995515,-0.08551103734200974,-0.04834237779045226
2018-07-06,-2.4108406373204545,-2.3932602982246927,-0.5887195824669044,-0.5207599297105323,0.37997738873785075,-0.6540702174236162,-0.1839853983454513,0.19881715358473756,-0.1415621490301668,0.0024849190164941796
2018-07-09,-5.2836119259628616,-1.6851885989973334,-1.1289714645742157,0.19450959949239402,0.09295298572697146,-0.3623254981391612,-0.27317535970574147,0.1801650820837232,-0.07789029440142853,0.03475036652650274
2018-07-10,-0.7798913561916471,-0.5376623033362812,-0.14980025601292085,-0.5603705656724303,0.17422360183627783,-0.452810795079807,-0.01809473231920729,0.15926353047329112,-0.060730486871256574,0.0031911533560775264
2018-07-11,3.368302209195255,-0.31790675683426245,0.6654893118677768,0.34847130651127173,0.18844199603244838,0.3332614558627319,0.07682388102757283,-0.14000268998858195,-0.003462131184254123,0.021684512510256222
2018-07-12,-2.2328638176639206,-0.9641373877545182,-1.4912111534469297,0.0038357831219691307,0.21822848586584515,0.009254020666266087,-0.1575484394480128,0.1038688481813946,-0.02519583843944686,0.09522103531414941
2018-07-13,-0.9142849076318966,-0.7505132615758983,-0.08677197239152491,-0.10983502345602064,0.1378906290575919,-0.24661575343298706,-0.07164720473052319,0.09395976001226441,-0.05100842132161545,0.026721170175258227
2018-07-16,0.6343399734704925,0.6702182666196244,-0.24219094059343818,-0.1842074332989993,0.0496707934662136,0.09286779148073732,0.12209078429252888,-0.015437690288951568,0.03057182031081863,-0.02076978301566536
2018-07-17,-0.6965809858634039,-1.416583184195529,-1.7414201294462068,-0.33413000406152354,0.2606374186072627,0.010004183582360757,-0.24989867060960355,0.11729532866687686,-0.02958100200071071,0.16374356531904488
2018-07-18,0.1606573703563424,-0.16913724548277426,-0.05065270632858843,0.1434982928682138,0.0799739391995791,0.07988664608357057,0.004323761797516208,-0.02049582477516854,-0.0030051312331971676,0.011096661605461392
2018-07-19,1.9850287359151897,1.1799241199817077,0.6197777137966046,-0.2366968833842397,-0.13916178548820504,0.06737256555575427,0.20109309433964875,-0.06546883406004726,0.031804948813018825,-0.08788368172127509
2018-07-20,1.0531350542998734,0.6036403421286073,0.5847782590378476,0.08654314458952687,-0.24750720364867987,0.11092618152781551,0.030607572578489672,-0.08231334857081919,0.029334982875297202,-0.04270394491029401
2018-07-23,-1.9242754663591013,-0.7759796482364364,-0.5688908366517214,0.5272835062910397,0.015226109854921102,0.1433227023876642,-0.18311327906175529,-0.012454849229578348,0.0042408761285895324,0.0652491301172377
2018-07-24,-1.362919559898873,-0.08174657991935477,-0.18379355020673774,0.19017167757758632,-0.08912114625946792,0.005638046106154618,-0.08535917427882223,0.003645871630147394,0.013276052873037552,0.012787509467664639
2018-07-25,-1.8773874207137957,-0.7789647507395292,-0.4659526487578725,0.37391815978208176,0.059996614033966014,0.029754329381523805,-0.17460215069483412,0.016357670583389914,-0.003772976116493235,0.06935473058648507
2018-07-26,0.17733720622303425,0.05843345044485322,-0.2247890900728245,-0.0798602175044256,0.003433143175776983,0.038316704802710724,-0.0055849732958073335,0.0003621347481108058,0.009367793463322996,0.010622364713330085
2018-07-27,1.4219249696162755,0.6444136314122442,0.8882947639529949,0.2438929271517714,-0.22854580151828027,0.15700330090816564,0.09299939572622885,-0.10796850834089697,0.020737865072105028,-0.07161840696090467
2018-07-30,3.254165891492411,0.755100121293076,0.0877247461498485,-0.2835751770502574,-0.08211433788603817,0.2573408008014949,0.12780558876815945,-0.080060469705573,0.03496556655725516,-0.019689215713612564
2018-07-31,-1.1321632272072533,-0.5490527903011896,-1.1054536313981684,-0.26153419350060203,0.1498444734406686,-0.05343058388168383,-0.12087462634583418,0.07900317797075616,-0.004833011846486712,0.07575148215359206
2018-08-01,0.32587563810356984,0.6790696091683371,0.4323065454105406,0.13038522587549403,-0.12041471769484459,0.07395460029596133,0.0982860645058105,-0.046992407785381246,0.023522717448085175,-0.05458480197813801
2018-08-02,-2.1134746868881464,-0.4102392272622347,-0.4658743532882536,0.22207518595594591,-0.015528101100114516,-0.025193115959149772,-0.13856086671467124,0.0280488709850543,0.00795565195245194,0.04047329341063824
2018-08-03,0.061591485244459496,-3.51289336773063,0.9353127329148875,-1.2787195080806566,0.5978620228497225,-1.4143781341712267,-0.24577426296932214,0.4583104230890032,-0.31563854408529307,0.1247509999961734
2018-08-06,-1.3749503010620239,-0.23391395877777654,-0.7134482585998403,0.17684681672264257,0.19469209918096056,0.07364298280799121,-0.034428892211418996,0.02294741382471787,0.015478329713698039,0.05027771761497003
2018-08-07,-1.741915687478277,-0.3442129548998757,-0.5050448928327497,0.36996884943023806,-0.030754605361205854,0.11257982857562242,-0.17420301568229063,-0.018262945351335616,0.029289324543581352,0.07146597968522038
2018-08-08,1.0345497155092251,0.27354799353618126,0.00021145464011754832,-0.36490201894388924,0.1717107979172003,-0.09344233076787718,0.17222350175033083,0.04696738770272016,-0.01850937161727679,-0.043542315713210995
2018-08-09,0.5590456642306643,-0.22433615015622252,-0.3322967271883163,0.1853290964768782,-0.06279931306911399,0.2584290758545894,-0.10802916102293185,-0.08426706583690981,0.025011272237658387,0.05033380261733875
2018-08-10,4.093452745381613,1.297380343539667,2.2150760342350293,-0.03870138305472053,-0.6745308382946371,0.09768860649180125,0.16439345903139774,-0.18992331143648997,0.014167057493646695,-0.18989587212645673
2018-08-13,4.0916471952240405,1.7507251727794766,1.4942921206616686,-0.07959268977203948,-0.3017146115294604,0.2380671366560333,0.3151186141473375,-0.17986041077552656,0.0690900482612178,-0.1601325044967837
2018-08-14,-3.9651997653055076,-0.7707396907005435,-0.903388995976927,0.3865772324282412,0.019850196891385178,-0.07128093941630101,-0.23804492174358644,0.0708859143018727,-0.009680886771376837,0.0765589693782337
2018-08-15,2.439614434965699,1.8200548725937649,1.4632247435222485,-0.07196454930330914,-0.37218995000136973,0.08508781373623651,0.26032664629407215,-0.1359498592214117,0.06870869779017366,-0.1612638202623902
2018-08-16,-3.3988972710279075,-0.4722764095644481,-0.37319329855678685,0.5218537711620297,-0.02883100139601421,-0.039879268596214705,-0.15339494691475175,0.030770459262618927,-0.0031780233273178385,0.02557130557933641
2018-08-17,-0.7425933400166288,-1.3530886053101687,-1.2169285026392864,-0.01965125948154134,0.11995510802122818,0.07550650056943553,-0.2892151825834242,0.05444059729836921,-0.026404191120167043,0.15983048824419926
2018-08-20,-0.22133021457755958,-0.5471517827581028,-0.1541376446199433,0.5226480337865377,0.3946610227700657,0.18226359886761023,0.07913486557915403,-0.030998617124233255,-0.01638769685422214,0.026423598902290686
2018-08-21,0.9396629699863018,-0.8642019553604325,0.3116248073514599,0.5337796433505976,0.029259690105709977,0.22382216604985988,-0.10663078409886274,-0.08499222036894546,-0.014323942463160887,0.0557028753621492
2018-08-22,-0.05827166829254471,-0.018635463855988417,-0.35110146503708695,-0.053283120861819896,0.2586131309947562,0.00845228858524793,0.09848571557690756,0.030637660278191127,-0.009368933891076391,0.0015484035189213294
2018-08-23,0.7787959347513863,0.04085585983883092,-0.22843880236303968,-0.13690236885293233,0.1256350180926296,0.050495193564150644,0.06479647622892094,0.005681203897225236,-0.0010202691110264646,0.003888578853309841
2018-08-24,-1.5308876085904946,-1.0249989119644294,-0.4942534595003612,0.43711689270592236,0.21344380284151312,0.067273116028808,-0.15045763953867283,0.010249292783904967,-0.022358780320221743,0.092537071989528
2018-08-27,0.020016996844251664,-1.437702601726787,-1.1621222315188964,0.19100125890070413,0.490074717085759,0.19646232534221095,-0.12341832157150281,0.018437618717311165,-0.03197696794291067,0.15611522642251321
2018-08-28,2.5846192244370143,-1.025685784122016,-0.4800702394775846,-0.10213150004274735,0.32400955587268315,0.19615696248366013,-0.0014774438394612479,-0.008808410231250428,-0.0393255908892457,0.08716967250738322
2018-08-29,-0.2735861540247435,-0.6005175907357101,-0.23707602819259185,0.2699075748957798,0.20975291720594738,0.08508418061029455,-0.029477443686985585,-0.005552119644730522,-0.015677726674312678,0.04913452377685714
2018-08-30,3.5977781076735273,0.8600348553149815,1.0423471386528846,-0.07297282231726203,-0.43740932226157503,0.1942529461696032,0.11550701353113442,-0.10352803573816895,0.04320709510401208,-0.09441308148844937
2018-08-31,-1.3563539015805757,-0.2292156527822468,-0.25168368977761135,0.2605768798970828,0.17632030814701555,0.011845095313074682,-0.005360466192069945,0.008688372189104135,-0.00476151912659987,0.018495613748055903
2018-09-04,0.7242850070531859,0.2666549489781917,0.29732464991225216,0.5067506762661314,-0.03955526908518883,0.26776509580671815,0.07065869947507172,-0.08440134539960299,0.044370470428378106,-0.025787820438268116
2018-09-05,2.3426941282100224,0.8823774697396302,1.1115923575610844,0.2123452371005433,-0.40917570632893147,0.17452829422080804,0.09078431311543665,-0.09528121849956069,0.0587176956527413,-0.08371991825294345
2018-09-06,1.878248644028034,1.605472897293055,0.9174571644451774,-0.09054984912883082,-0.41172447000763346,0.08882792723480482,0.16033160940048627,-0.0691592786570935,0.07676201027002381,-0.11718894844868111
2018-09-07,1.9850227851883504,-1.6160516255603679,2.076342870497913,-1.3384208366785109,-0.26648021266880645,-1.055639804552378,-0.1743326546548009,0.1920678311787593,-0.2132323904930373,-0.02599972210264347
2018-09-10,-1.497380408858947,0.5020812141256548,-0.5927933520715901,-0.11841099900709871,-0.09330548300440547,0.004034782063235205,-0.05036093011954215,0.0008674849626141184,0.027816978355231607,-0.0014311633369177754
2018-09-11,-3.0295135363450654,-0.8612340825417869,-0.6759483569940161,0.4853558520445942,0.47742355719463153,-0.038699324167753034,-0.012915233020336533,0.0594926766293024,-0.05063538632613129,0.05404834003704295
2018-09-12,-2.2410929429359956,0.7848171896086151,-0.14960872264532282,-0.012915549253963293,-0.04918838455806884,-0.12232428135451776,0.041825182924154124,0.01981249965041747,0.026154071223618423,-0.05636852099015995
2018-09-13,-4.071280835335023,0.49990276146345836,-1.7714115817805163,-0.6842151510042324,0.028938582337347113,-0.29723385947056064,-0.13660765423053112,0.16202380566213734,0.01970851804305478,0.051733055695291304
2018-09-14,-1.1897406046927659,-0.5797554503070337,-0.8097660076780985,0.0011010980024607978,0.11564249537760074,0.010108429890112142,-0.15525166222679518,0.039020579085440515,-0.0024534653165507476,0.09546543441074894
2018-09-17,2.07584258872513,0.9595420976808017,0.7341129969079785,0.01685862685287972,-0.35253469866976256,0.19076337008445354,0.10519136115392529,-0.115011383124214,0.05088801023077172,-0.09388752360243714
2018-09-18,-1.7401196586088785,0.6359209510010594,-0.6329237446521492,-0.35062293445472925,-0.14410568358398243,-0.13429985208037892,-0.05017146152796789,0.06237166554724695,0.038215036426488734,-0.003528959946765623
2018-09-19,-1.5806706820905743,-0.16743924817436442,-1.0979170410755048,-0.3174651985968754,0.06567433327877045,-0.09003432998463151,-0.14053620244016463,0.08587707446342731,0.020074884342844223,0.0841891766628687
2018-09-20,-2.3381354181894625,0.826140335732838,-0.0005145501414321577,0.1075160340137053,-0.08435643182866297,-0.12463849051091103,0.08154782108496962,0.043024285773985524,0.03861271566759674,-0.06903887748808354
2018-09-21,1.9437985668409115,-0.13953567759192703,0.21202016138984317,-0.015672865410759632,-0.10245714424814771,0.16513303309684219,-0.030874798684853523,-0.07543306394405958,-0.0025946316595903208,0.010801063836998852
2018-09-24,1.2018157291861298,0.9546735411713176,0.2785185161262044,0.01536287982767265,0.24662876070590403,0.11460395387494353,0.3683667527304852,-0.03275981880749005,0.010586577657640876,-0.12026787154250064
2018-09-25,1.0043173639585719,-0.011163549326090186,0.12232348810071057,0.13903241696832533,0.2643364587597662,0.10594422388019467,0.15739282725077014,-0.025146187902355985,-0.014283418024185287,-0.02301969895166989
2018-09-26,1.178041235236082,-0.3344025220996323,-0.28163693251407623,-0.07570046532974727,0.12294921290262878,0.10756964987777169,-0.00752691446561181,-0.011921088792051332,-0.008294921898408645,0.03795317917212859
2018-09-27,-1.1849410546821564,0.21328756122820977,-0.1011499093972449,0.07065486512346529,-0.21376960672078807,-0.009834040256489648,-0.09954199735840558,-0.005927505548270932,0.028709660327004588,0.004604772846097388
2018-09-28,0.23428026170741542,-0.24102803985871155,-0.2868957229226149,-0.008881274742378268,0.04405366897582163,0.06440823673130985,-0.047824149906667696,-0.004891571712941901,0.0018728200613360466,0.03533894156637901
2018-10-01,-0.10059383900728855,-0.18709094860011982,-0.7788517439044103,-0.08962772208465987,0.07892430593146808,0.11225454469507265,-0.07508009207296404,0.003943559892055031,0.022677166899764335,0.06127882745307156
2018-10-02,-0.0012934203204691174,0.9895699714727746,0.35530664903485043,-0.03374993300764743,-0.18999635958388358,0.008425968777783852,0.1260707906504683,-0.023246573311675543,0.032790890666002395,-0.0845531290530383
2018-10-03,-0.7455255828318126,0.139153072118069,-0.4747009649244243,-0.1506897485869408,0.011409215585679075,-0.030117107408077923,-0.023673192001614198,0.03407438497118624,0.018164853985572493,0.01571075881290436
2018-10-04,4.266647552193093,1.8036299707882133,1.89675496955022,0.1894166503402234,-0.38294422756389024,0.2898689491032681,0.3516508714061597,-0.18583194032251582,0.038578458336774125,-0.18070066143571684
2018-10-05,5.200259112290841,-2.4151211669626975,1.6297176349682914,-1.6028274102400235,0.27732473039311184,-0.9936194674351451,-0.06063261246881422,0.24808325528183148,-0.2510836329033441,0.03154501724870697
2018-10-08,1.590479214515845,0.22660350526679626,0.41069120699096984,0.27191982430621897,-0.04268943359981644,0.23342394102868264,0.061636878826867185,-0.0931334344702771,0.030133678091802115,-0.01681926600359372
2018-10-09,0.7845011128352052,-0.13909554766318677,-0.09736826844770885,0.032289339209610926,0.17240110876222775,0.07866280963943903,0.06414250674930057,-0.0037171547684879008,-0.0061632528444051544,0.010163504341620066
2018-10-10,18.967301359078153,5.226599613727989,4.746030630584818,0.8901102955004141,-0.26976765833994415,1.374393030113097,0.7709577666825237,-0.47434234638034156,0.4680270318484112,-0.06377584536226621
2018-10-11,5.600049855455496,-3.0449536313563477,-0.8449033951400434,1.8594292872248728,1.0874928622493045,0.7799977312458952,0.15039600801756361,0.17602524270409087,-0.014269965608602388,0.15302821528052069
2018-10-12,-6.860049390146875,-2.054115129756814,-0.2028082714927619,-0.8946239492359795,-0.06383691071304733,-0.7993628430031581,-0.1922180263822939,0.0169467630574695,-0.23184370833535803,-0.05377769155834325
2018-10-15,4.715268948515616,-0.7907156943574499,0.6250473442518659,0.5903043262469525,0.0457189979391603,0.33042617696011356,0.03423044900781337,0.025049353344413307,0.057345695910066954,0.06146629023911331
2018-10-16,-12.730979802672962,-1.7324655180329476,-2.588300104267577,-0.4118527620456979,-0.03511791203562432,-0.5900895175675982,-0.4660584232633949,0.05151980495881369,-0.25498095569339824,0.016867978221574136
2018-10-17,0.5921175925197081,0.38175986314106103,-0.5874592154715603,-0.48271807269419925,0.036816755175801276,-0.008600177402730369,0.033444459957987824,0.02655324569150041,0.0013654169659688062,0.0021635958714133693
2018-10-18,9.198700736847316,1.8834819859067975,1.1382913120030937,0.3131808152883794,-0.19005079891001156,0.6864437390605864,0.2786635139759195,-0.09168602063832837,0.21730438339086416,-0.006441007879556073
2018-10-19,0.37455356846112603,1.9864398824612266,0.5871887455177642,0.6942148026042718,0.04355147593917876,0.27213419968209007,0.1780639296475336,-0.06922607018742251,0.1331891756957525,-0.043637781847000984
2018-10-22,1.6324612818669781,-2.43871927103653,-0.9619028200675255,-0.14542616790751853,0.7599530754951833,-0.03703942149953601,0.10459173957307406,0.14831410833876063,-0.13545386507322005,0.06892501279571231
2018-10-23,1.9714313812626625,0.6338971933127063,-1.384829135670968,-0.038050667972653385,0.26506575546690564,0.3453409464439964,0.09665854109848555,0.048062837884733756,0.03633531822356451,0.0262127596982349
2018-10-24,12.164371148077914,4.387113760430394,0.16096971207812924,1.0770201299070084,-0.037361689894804484,0.8421797399085725,0.17976242124136865,0.23250958280757936,0.3000798307770027,0.009733887322919865
2018-10-25,0.0734006836832873,-0.7790229538506342,-0.3680974115461794,0.5278758001104712,0.08036850231629601,0.13051812835908458,0.0051415843523935105,0.05413453778431402,-0.01811757088609757,0.007457425664609663
2018-10-26,0.7962742192063806,-0.8522879689157266,0.6267275919972438,0.07338733658249588,0.06383959179362093,-0.07771567335995433,0.025703791408641402,0.00203768933788744,-0.000608440313482893,0.010560076564723866
2018-10-29,3.7958238896438425,-1.8670018268824082,-0.118928091899138,1.055614433598921,0.23211405145593683,0.21522813543506225,0.07828725590840681,0.20200579632145396,-0.0014562902158547588,0.037149607198444824
2018-10-30,-3.1035646374376946,-0.18615671850403956,-0.875093664744271,-0.5500597904608372,0.4322582935646611,-0.09796041813706723,0.08085636308576552,-0.08220013863456438,-0.07649676836180011,-0.01441738609301334
2018-10-31,-6.156938863164239,0.20325107252767158,-1.0375989114615984,-0.49129619025139804,0.5754429424672979,-0.17153467483309437,0.10548575167915164,-0.12862020287713813,-0.09074824342867155,-0.03246765333749257
2018-11-01,-4.4693062765079326,-0.5306595603889276,0.13702052887040472,-0.945506221393499,-0.37988454573764363,-0.3579822232308054,-0.1545174442547625,-0.14394484494726584,-0.07698440318197633,-0.0036671933059389023
2018-11-02,2.0521224303352854,1.7697897995007852,-0.08539688594646062,0.42718328916264237,0.18759016452466007,0.22364660920113372,0.11044087898132406,0.04692363780250671,0.08896162112442009,-0.01966544542384902
2018-11-05,-2.3139332910232833,-0.6145393129362134,0.9747722997282545,-0.20541759659984785,-0.33403080277691555,-0.251655237072941,-0.09562652538682592,-0.09489246894788848,-0.025895241136020982,-0.006244119669076617
2018-11-06,-4.361428863051953,-1.3052546301856276,-0.4233170687597734,-0.34494064187524,-0.11050050741691807,-0.24553788074429306,-0.12889324239788283,-0.05444709062257384,-0.10264509419535266,0.0016749976952657138
2018-11-07,-10.709988027124874,-2.4852546631286003,-0.2797369187570425,-1.6226485460890343,-0.34184922714245936,-1.2851578088003208,-0.43654891101514043,0.057953781887049374,-0.2984833468246011,-0.01406202784805437
2018-11-08,-0.6367524173592253,-0.5974021533298398,0.02771928443864968,-0.1121988743091009,-0.27595871593106225,-0.10110191671593177,-0.19207866600472664,0.004483114838135194,-0.030066864480735814,0.030483786562813493
2018-11-09,5.179643505864605,1.8655458123608453,1.225121992187967,0.24636630175934948,-0.22286160163673166,0.3771651259638453,0.22223088802809027,-0.10750108388413807,0.1591848445348503,-0.057913382103933965
2018-11-12,9.138793866749046,2.1225964173954175,1.5798173301796954,1.0988167491646865,-0.04996253777649714,0.7453324539067235,0.26149826370046964,-0.04330560134988535,0.2621596599206465,0.010994333905391727
2018-11-13,0.7724598357631043,1.3224930700980086,0.019537378298030483,-0.25571061917872195,0.18662597301018272,-0.009054213487813398,0.12408063843212443,-0.004278331040555322,0.04614364508185774,-0.016464945884427467
2018-11-14,6.258532196273328,1.8882501464303232,0.2895087228466986,0.9848785260974132,0.22601528317764266,0.5184940930912832,0.10916985400371858,0.11521039085587265,0.17383745157922711,0.038538707942089315
2018-11-15,-4.021329863232066,-0.28643200400801094,-1.5363562636040426,-0.36810507041474466,0.1432672643291025,-0.020224869776865797,0.008477833621825559,-0.031698986599737085,-0.09389203442885247,-0.01664910192752985
2018-11-16,-3.6550924341904016,-2.061492409108213,-0.3162029900007844,-0.4230150460638209,0.1390839368067223,-0.32596209177490476,-0.028786147326652783,-0.026208009989153916,-0.13484036464998883,-0.008032148645419363
2018-11-19,8.320349012089997,0.9869034662464162,-1.0533690161954496,0.4950854366472933,0.46125407308578625,0.5728182454107821,0.1526048481875438,0.21093050736672608,0.10133849373131257,0.041790987282012346
2018-11-20,11.483240857375938,0.9529277594126645,-1.0720409239086988,1.530613150418374,0.6503998388524326,0.5291135565850585,0.13777665127231845,0.46191686571189766,0.11168603393233716,-0.001378392421372177
2018-11-21,-4.096954810984992,-0.6460701881987087,-1.5184936988338766,-1.398717102537234,-0.14263647974245944,-0.06824878067929924,-0.035095552671735496,-0.16526761327409153,-0.10720406857811467,0.006542765241696731
2018-11-23,3.2987825678520037,-0.4154871944773509,-0.14907543019972222,0.8485072873800842,0.6084629364808882,0.10620808155285982,0.1604924528697489,0.1681794013657796,0.016310768578842196,-0.012832973243144117
2018-11-26,-11.267847717252678,0.7319332303389018,-2.401286896010373,-1.2645093884015652,-0.10863487178169473,-0.07374165793574297,-0.10020090110889804,-0.28003474323057176,-0.11105577549621161,-0.01473735781896849
2018-11-27,1.5757946329984724,-1.093732883054119,-0.032740141121694745,-1.561008808143309,0.37672783965570034,-0.3669066922779253,0.12391878029541163,-0.009700506494019202,-0.0662322698996319,0.015249605651066912
2018-11-28,-4.8512466676642,-0.6098420180032548,-1.9351925547928177,-0.5904114709916828,-0.11278111369493328,-0.009365794419271212,-0.13543844194437474,-0.055938553826705456,-0.056689219408521736,0.01677205963678992
2018-11-29,0.43027397595288935,0.45640536643926294,0.9513179550701144,0.32930575026015224,-0.19139757131768165,-0.003089816925176111,-0.011703786255166113,-0.02079684887452391,0.028577845294583785,-0.007864526911637987
2018-11-30,-2.9187973067138935,-1.1829089247192917,0.6771064457609106,-0.19329843881163677,-0.017054009426275062,-0.29815611481802773,-0.03028578262277982,-0.04698207199545767,-0.06543843710136882,0.011304319953797638
2018-12-03,-7.5846763367851855,-0.8506401486352193,-0.2199349744043614,-0.6319243219516734,-0.40864565302118033,-0.5051326471732625,-0.2668495576029114,-0.06669066780132384,-0.07973673388834757,0.014343404720532896
2018-12-04,14.20025643554642,4.808029439402508,1.4671095577648545,1.7890594985288977,-0.10800679007205687,1.0016503893944977,0.2435592097948748,0.1300182857955382,0.2896094388094891,-0.04999327862448691
2018-12-06,1.8618312160053414,1.9742998848850293,-0.508057411021783,0.25243048669568247,1.2905408358800132,-0.0062307571749941225,0.26166064450698906,0.10913738565501231,0.04268258776574788,-0.02508337804675818
2018-12-07,11.244416355522667,0.041047916949592984,-0.9919417892087514,1.2897677635198492,0.04714955798527216,0.36611523573763083,-0.08861080964712877,0.38911790894208,0.040948360000692,-0.04268270457667944
2018-12-10,0.12966449897409105,-3.596624421005999,-2.046574757023497,-1.0429921392932713,0.7152692430370798,0.029370101656626475,0.30760321422055004,-0.010251471514426421,-0.12636917778364257,0.0008783302993981489
2018-12-11,-0.07444925194848011,1.1454663905711815,-0.8150517767250418,-0.27057836090634524,0.12911631791398795,0.01136105918896242,-0.019328131303354583,0.004377312912807974,0.009839446703161368,-0.024015959445340504
2018-12-12,1.181301724615002,-2.1629711518045283,-0.9656232536788723,-0.29312559904382246,0.308017623783414,0.059912828997854946,0.15430705853752869,0.04138302718033723,-0.06672224343983615,0.00797497336118067
2018-12-13,0.15153467915653354,-1.1973321195647808,-1.5551973663755385,-0.1667193546313424,0.03054423322007442,0.15683829441112115,0.03178955636369124,0.024214422622722033,-0.04882889559825939,0.01005975810865281
2018-12-14,6.01949895048576,0.7120452464549506,-2.0705978279668105,0.15812813628894468,0.5079335323970253,0.1283704019365186,0.1539670188054976,0.17460585134615061,0.017442584330277556,-0.07722985640266568
2018-12-17,8.040814157964968,0.31419862496965234,-1.7866913295241418,1.0122986518628212,0.4146273169595206,0.0469649283049275,0.2077777345562791,0.2207197826703978,0.015100669134205573,-0.07535610000201104
2018-12-18,1.7750714254330642,0.7623089835988521,-1.1057259969809126,0.8609657056457579,-0.5175273136260431,0.04633045245855386,-0.03174301455238548,0.0541132723829001,-0.022988580948975847,0.02130891260159055
2018-12-19,2.9344466660479567,-3.1321617867719156,0.5753606602234719,-0.3455220645985536,0.255071670660848,0.11132736020423782,0.22864273743061936,0.09021286289045574,-0.010699607376101017,0.0422043680590076
2018-12-20,5.023140794773832,-1.696737307361926,-0.24063634317063112,1.6217279993801115,-0.06054810744913441,0.03258485508177893,0.3000120194757485,0.205878141128771,-0.015448508735038837,0.053408515227124066
2018-12-21,4.683617407796614,1.1041591069190035,2.1785491597104727,1.204512085559001,-0.866903114014099,-0.24102892352686928,-0.1383937580279324,0.16693692196769558,0.07009811728437886,0.055468881954006836
2018-12-24,12.76146378596562,0.6338492275767887,-1.5286391426675041,5.057139600278868,-0.5804126832735057,-1.0323806413750054,0.8482782786452437,0.3105046908867909,-0.11005003002921053,0.2451714914584541
2018-12-26,-20.342197569406046,-0.925928459264663,1.450819185480655,-0.7527073438122949,1.0150997315362684,0.8964837576971525,-0.4849672516266557,-0.29054699524836425,0.0009614274162332178,-0.17758630809402928
2018-12-27,2.3335273178137332,-2.281069196281745,-0.135804704102982,-2.214989828651441,0.314539102449102,0.29930416271066423,0.023504926695202027,0.019896109129914057,0.041899307190838175,-0.0283060552169743
2018-12-28,-3.6521884996173752,1.2709499648568539,0.7735040808198891,-0.5569351955173346,0.012925897322839141,-0.008995709308211008,-0.24853056229543533,-0.12710277166513412,0.021600717379472466,-0.04853896386170651
2018-12-31,-8.7269220520389,-0.15574633099891724,1.1020479978186566,-0.20758569788997355,-0.2584418926789838,0.18518853547071729,-0.27870790267433637,-0.20585637338743326,-0.015008376791034516,0.030971485365515736
2019-01-02,-4.532644531187447,1.2899905277578236,-1.6140296211214402,-1.6703696694670418,0.12872749443132792,0.06849621069596297,-0.18092221216097792,-0.22424223480773786,-0.023715344909670144,-0.043906424931411656
2019-01-03,9.101757092293138,5.193346256513096,0.44694196778944095,2.4833807220598176,0.12835898166573986,-0.7009943870479826,-0.031818154709407485,0.23151911055470992,0.05079842234790561,-0.10502581495730498
2019-01-04,-13.68201340426197,-0.6125520859347472,-0.6402434095837208,-2.8668471200438104,-0.24916731348999038,0.5169125047620692,-0.2506427396501054,-0.3569585083888064,-0.02887131397216046,0.01112844945786761
2019-01-07,-2.3193962871903175,-0.05759311173115188,0.8834527805536944,0.17138997399361944,0.12419147096790707,-0.020443860876714664,-0.015495231505483868,-0.04173842317727561,0.011444312382394753,-0.0015009766874776716
2019-01-08,-2.0745616396290987,-0.3184680864930418,0.4760876990723913,-2.2161786429839405,0.2143630580313201,-0.14496441926055756,-0.02752257748072679,-0.17230684554331346,0.021917805227051595,0.01189090894972122
2019-01-09,-2.7517872288297847,-0.11363723064506151,1.9069989185588565,0.12054995511969857,-0.38056779885992004,-0.09149398458661921,-0.09550111168573175,-0.09291848998243965,0.017324938186262552,0.042208925446185236
2019-01-10,-0.7264584776853663,-1.7151248556616,0.7044788122140229,-0.24143210344254817,-0.6451919122651506,0.027474787939355,-0.11965244244653728,-0.06828049217412739,-0.020321423753798758,0.0717018811838045
2019-01-11,-5.3747159330186784,1.719949259467899,0.9173791701752915,-1.4263349378437424,-0.6538941256539418,-0.3049086381817115,-0.21591269512081732,-0.22853065894452923,0.025238213359168028,0.01946058044500746
2019-01-14,0.06708030929415972,-0.4386896795201455,1.0827608525798367,0.8625337210481192,-0.30821496098876083,0.07198833873332389,-0.062037032811220284,0.001166679302472906,0.01618921491593971,0.014464414197310368
2019-01-15,-9.012428371945267,3.251140066852159,0.6424505171015684,-1.1412469971814885,-1.2786884402369774,-0.28269752335878995,-0.3122897039665513,-0.26908265213391974,0.06318556353652115,-0.007478074154869677
2019-01-16,0.8360574775305284,-2.667711033481482,-0.7866921949045325,-0.6933954484564346,0.2663661648530072,-0.11534765648682492,-0.03441616019669244,-0.0036186034764687167,-0.07023423132981918,0.044907707094343906
2019-01-17,-1.5982522583711691,0.5064699073133355,-0.308238285495509,-0.416958436330118,-0.4396199445836637,-0.03744332552450833,-0.1450057195631559,-0.04705914321315663,0.02189496820077369,0.008281831864637351
2019-01-18,-3.729833557984133,-0.9398405686421946,-0.5844721972932383,0.16328125682425923,-0.029172716693620176,-0.02265903540985094,-0.1287588285709253,-0.04950989233243992,-0.012609857704687602,0.029753490287786594
2019-01-22,8.675329554412365,3.1231093739115767,1.594937696852379,1.2576738123863174,-0.0639523348045082,0.3891667749642752,0.23596163463168854,0.18684803838512143,0.0805241779940998,-0.07497381561103234
2019-01-23,-3.235016396005879,-1.4023883719586303,0.5356201286460356,0.07526367431842437,-0.04854558146851747,-0.1324689336855414,-0.05062937506628539,-0.10502615768510803,-0.023557892594235543,0.01864377686288437
2019-01-24,-1.1462955153254364,-1.0961653454631786,0.5354542429646635,-0.7154777125017442,7.504475138242398e-05,-0.3023732172100812,-0.02678312812878144,-0.07102590693938404,-0.040659980662822275,0.015731446134725418
2019-01-25,-4.174133765757025,1.985645200451687,-2.016641267350673,-0.19993833329510474,-0.1199991226388125,0.1623956363469191,-0.04124880478490913,0.0035981739692254734,0.04344620098816552,-0.022448944940486142
2019-01-28,2.7695038790750464,2.068779853589538,1.0028882179914231,-0.10271036049984832,0.3370784320639305,-0.07739698831643951,0.22764099849885402,0.04894067382048342,0.02349113059380057,-0.033656087802450704
2019-01-29,-0.4207506574951999,0.6353178849258262,-0.10323280746060126,0.2965431723860001,0.1805708297567334,0.05768244297829368,0.05962178883354753,0.025114248758349503,0.004943868663658401,-0.008767827677413098
2019-01-30,-5.098231034139989,-1.8823545925142826,-0.7454051609739188,-0.21045033318750386,-0.14361034514892101,-0.1357037958906476,-0.11939085354901635,-0.08708135300583038,-0.034878901197366564,0.012426116365966973
2019-01-31,-5.39658013212176,0.36585895532413876,-0.19007450787959784,0.1326247190013547,-0.018373721719555636,-0.13521295660048188,0.014278149741151823,-0.042592430961714375,0.004598097415078786,-0.017121318737494364
2019-02-01,0.22782941763248754,-1.4749699312030349,-0.4290583761104727,-0.6556022064459979,0.4695848647255162,-0.2441886474279717,0.04549924424580734,0.022316470705216564,-0.05440044688255074,0.017376826769169816
2019-02-04,-2.9117364234577257,-1.0752230568680763,-1.1531489226778888,0.572147243630627,0.020165143962184072,0.1843815388783039,-0.1578259194065412,-0.012241318638756354,0.01009995850688149,0.03436445609763406
2019-02-05,-3.215301417958173,1.191012454336001,-0.6637937490628116,-0.8739969277346398,-0.47956359421856765,-0.22373711732635115,-0.11255570145649015,0.006545031523711696,0.05544212915286655,-0.005081893726779568
2019-02-06,-0.2529459637035362,0.6437095476520455,1.2146975049063502,-0.12146358430472666,-0.13955449991111807,-0.2168609920394372,0.09516970674610539,-0.015570560678895659,-0.017554141310572022,-0.03957910448810756
2019-02-07,3.0057740592158444,1.6877248312161754,0.27241402292219274,-0.40969394590955227,0.17716239630203884,0.03336590100506999,0.2201981772335332,0.030913780500785294,0.01323612454783697,-0.0220409532938942
2019-02-08,-0.9235709615800302,0.06241371176660173,-0.3332716712167307,0.33395092704659035,0.06375211092365307,0.11032065359193488,0.00520441815099336,0.0045184823230443325,0.008128836112151297,-0.0005861208493773444
2019-02-11,-0.21356293612494767,-0.02205444529235065,0.11371708281752813,-0.30575911004076195,0.2123722206591368,-0.16664873164888427,0.08215232817557291,0.014325535322212368,-0.015339258922013882,-0.005019369235143871
2019-02-12,-3.1892219794886434,-1.6998474000876442,-1.3762411251723594,-0.09835648731725384,0.02207948567085578,-0.06807552994597134,-0.2073127571469589,0.023706039531388966,-0.0023122408438298442,0.03500955770069831
2019-02-13,1.4721155717699737,-0.6391390579652036,0.9640576389818449,-0.5900102691819281,-0.10150998754726662,-0.32269111873596307,-0.020199473404393948,0.005889295553132524,-0.05381478949483829,-0.00398234639459278
2019-02-14,2.7240457093332195,0.6662548253623318,0.8504340425655245,0.47719037628934974,-0.35654788785192204,0.2835866361833964,-0.02707931538062314,-0.06986752570627475,0.026814257022248957,-0.008181879500814988
2019-02-15,-3.983272563978009,-1.531347841631417,-0.6734598021151934,-1.009174942979146,0.145310859076996,-0.63958865632014,-0.11841738946484966,0.10821870388705368,-0.0627289263867067,0.02007649417732788
2019-02-19,-1.6660746721458712,0.019522445350177012,0.8809780425243583,0.17048305993257293,-0.40394252088525295,-0.17196993716472062,-0.10204765936700019,-0.023720469915190966,-0.004502454681593195,-0.021762926173843015
2019-02-20,-3.989509374186044,-0.06323381224245236,-0.01644047649772579,0.050039016854954994,-0.373328735598903,-0.2474052239283824,-0.17561183427662755,0.030249369382346503,0.019002016606080613,-0.005680240353731317
2019-02-21,0.6032761183452012,1.8180530452843056,1.039595765072224,0.28018099528793916,-0.5008268700479923,0.16676868253617183,0.10392743668317846,-0.09025325917066046,0.055233134132063454,-0.06904983640198117
2019-02-22,-2.878687875097627,-1.635506868529791,-0.7315233767231489,0.6956057088498103,0.06989387909197581,0.09796143531007101,-0.26386247650821476,-0.010083860211718781,-0.001497096298084545,0.06693392958808012
2019-02-25,1.1120213779735104,-0.041030012896511626,0.16111497949279258,-0.40216882477202726,-0.18363078412806533,-0.09735728351034603,-0.06135792805244888,0.007744271956278736,-0.008895854807575756,0.003571933209839925
2019-02-26,1.4834095038052681,1.147889292244157,1.036442599005913,-0.021763675892116342,-0.31442807148338064,0.02392280762566976,0.11322420152734462,-0.050597020193187695,0.012802179448497097,-0.0619967525022544
2019-02-27,-2.618659207073259,1.9139714506461603,0.6225256755340544,-0.04090189682633786,-0.20325498758402338,-0.1972064558997027,0.2287035708748228,0.026074629991937492,0.036850820003179734,-0.09500022995099312
2019-02-28,1.1915845284886808,-1.2830031862166011,0.122403039855723,-0.36490242089341257,0.1132418945664638,-0.21829462918595366,-0.11656566655740482,0.03472125806424555,-0.0571996267193882,0.026859565397721892
2019-03-01,-3.3488806950274124,-0.6175919348284452,0.3965642273854751,0.17970672311447994,-0.4406290645861899,-0.30183331543310427,-0.24068752460655954,0.03359157105779512,-0.009836581554087991,-0.017945461780438477
2019-03-04,2.9361723567903493,1.0321127322949788,1.1075436663061298,0.17918027953895932,-0.07302656528035614,0.20827160373714912,0.18816304467655035,-0.10931088888713436,0.013632361601345242,-0.04669965509377136
2019-03-05,-0.0697387796864071,-0.18644224704753629,0.29195995820186305,0.11564585182113932,-0.07797786355354162,-0.02315353509977369,-0.039430266918779024,-0.015157074844339287,-0.006876404000682732,-0.006317967406478757
2019-03-06,4.3319195396691,1.8365281881289834,0.3960418483992994,-0.3254900307209644,0.016770925654759412,0.2930143770745759,0.24732561827982769,-0.07205524092560647,0.05362594793810322,-0.0029974482149467494
2019-03-07,2.485620056924285,3.780841042491658,-0.29996138781079573,0.0891741676185057,0.3229708514001381,0.5442299158978455,0.44631744196527157,-0.028355322746535426,0.0996877932901703,0.04975208276065104
2019-03-08,0.568471713326648,-0.7676228261680429,-1.2547143974825847,0.40294265959130343,0.4658909797665783,0.303922107148874,-0.007676215645944948,0.04106399393328084,-0.015597167532779026,0.04062108804298807
2019-03-11,-5.377178664659838,-2.513230872944755,-1.2389228548037394,-0.27510471540713727,0.14103550040220758,-0.46176323074442904,-0.19626978482809435,0.10011512685902539,-0.05228679428484878,-0.02571965021847049
2019-03-12,-1.7632760267709824,-0.28668722651189843,-0.04155368371080198,-0.06976041590054574,0.06472943840130234,-0.1990995853862123,0.004836329635468107,0.04027807340383291,-0.013223372836134338,-0.016080062774464304
2019-03-13,-1.8889787089458483,-1.0171156276709634,-0.7858094875024266,-0.3018094485465428,0.18563924780891403,-0.2460451431369187,-0.08775639508306704,0.09356777641340264,-0.02119902272769752,0.016924838200936636
2019-03-14,-0.08940482275736615,0.5138087467305981,-0.28272903502588514,-0.13643198211936705,-0.04231391223861843,0.03776294850533579,0.03625747374801338,0.01199832893074572,0.022475417923371217,-0.0017443379663683795
2019-03-15,-1.2676980499192096,-1.9923286090323065,0.2871252719074501,0.2707201411727543,0.08155880494973725,-0.2319092320973616,-0.21875845324484333,0.022251432731510257,-0.06532439972290592,0.024013476675081337
2019-03-18,1.6574390291873016,-1.6602770132922433,0.13888511915758855,0.056006925627355424,0.27347099986910933,-0.03397065185729523,-0.10990873256858448,-0.001855004675926291,-0.07321085212318526,0.05098872501110177
2019-03-19,0.6989778925386253,0.27218434324585755,1.27717665095365,1.2610542305280972,-0.2538576568722481,0.43199356593898147,0.003129337899580678,-0.18090303726450482,0.024214322980596854,-0.030650724327034445
2019-03-20,1.9873407311735802,0.4855815759124655,-0.5737844468802874,-1.2960864595861525,0.05490514094024924,-0.2728494536363996,0.07168650004584917,0.10329387751828568,-0.009972734680780186,0.002894875878639101
2019-03-21,-2.6435700741927186,-0.611116142510458,-0.9142616186921833,-0.12641513205562052,-0.0028049045207272326,-0.1438049878598746,-0.15533789092050135,0.07552593758302692,0.006486018108275507,0.0366335552978927
2019-03-22,8.487082357503933,3.9717739007807125,2.8818427751391953,0.1032857260135699,-0.24663985048461187,0.49629891277094695,0.530732422810889,-0.2394906347539952,0.08323158228026604,-0.09460132677755324
2019-03-25,0.365844707808027,0.7299644094179875,-0.36675171475490387,-0.059927664390415386,0.014120697091221638,0.13014887232002828,0.053468910734940575,0.0013347005128720344,0.02643642172318458,0.01086722806305319
2019-03-26,-5.13756227130629,1.0476307103828792,0.12477543563119546,-0.5683774851091703,-0.23268320412188107,-0.573055308995261,0.11397113381970034,0.1006875511081701,0.006795944546140858,-0.07946815111644719
2019-03-27,3.7196654240508216,-0.19350291223349603,-0.42928907581546305,-0.21600455075658248,0.06522385312415607,0.278327283238662,-0.06139737086077483,-0.0328475393768575,0.0056356614895342935,0.05453650641640383
2019-03-28,-1.9757490871137184,-0.316819683944344,-0.12699675842760444,-0.36113147966298687,-0.32039261436572936,-0.28058415562010663,-0.11059011542084109,0.055571837188957376,-0.008844992079888927,-0.03251477225422967
2019-03-29,-3.7536735766973854,-0.44508457895318965,0.132873109795764,0.10554286419281236,-0.06399171076691297,-0.3551792821936648,-0.02812437276769336,0.0765302112127062,-0.021548611310418086,-0.05026747397101043
2019-04-01,-1.7556307350168034,-3.7556413952992784,-1.1629290191097252,0.05315019338152617,0.27739967689286377,-0.265645312115836,-0.46130045855864493,0.13180461972870852,-0.10599800540532191,0.1035782299934727
2019-04-02,0.8065455202724464,0.168585639221932,-0.3534149455953947,-0.27580466702203416,-0.23923134973429744,0.08024981956707179,-0.09903049656334496,-0.013410763618064115,0.026534218034242406,0.021062305149546632
2019-04-03,-0.6036274750571604,-0.3913403207504501,0.2591483532377785,-0.1822932100847017,0.10607225628310239,-0.27757512513483934,0.012271245237461889,0.07210634984592175,-0.039983099391864174,-0.011051803708778181
2019-04-04,-0.21901565864963554,0.45161581663441386,0.3185221153273318,0.11584421328778699,-0.11983642303104715,0.01896747970398775,0.037202804057144434,-0.026414329409876036,0.01417783140595801,-0.028999959960918767
2019-04-05,-1.5945302334849147,-2.0903370449832535,0.01614413974509994,-0.0681993913322022,0.05425803230729177,-0.42616703847364645,-0.29910079660714906,0.1323564030823646,-0.09182834973647613,0.07078385377778805
2019-04-08,0.6667753456549734,-0.5676456691081629,0.07902033008443626,0.207741602043311,0.1724905961654885,0.08163439260189866,-0.004708320249971901,-0.025333650166856018,-0.029252322008557267,0.021243058930585142
2019-04-09,3.7293249622860642,0.8174568414554269,0.41577675882349363,-0.35374504771897175,0.009608871916331084,0.18063913342486354,0.18711137340937312,-0.07887668167091133,0.009328337109223182,-0.03819375082889887
2019-04-10,-2.687981893256899,-0.6463878140443955,-0.4362349654436157,0.41579185096304155,0.06632643158981133,-0.02897713193716234,-0.12315361213734256,0.0339015311107032,-0.0018894327511309284,0.03334844821197234
2019-04-11,-0.26639686839389015,1.1652009258106473,-0.6646918648715797,-0.07430687988561208,-0.05012754089662196,0.21468943363227272,0.10005193527363057,-0.03163012089765379,0.07705352207624819,-0.01816322235193496
2019-04-12,-2.2647513394851946,-0.991785266723464,-0.9154106543521526,-0.07150381389613598,0.24281820897239723,-0.18722512365494812,-0.1346585209274745,0.11724724542726594,-0.014066858864480147,0.06908421440441945
2019-04-15,0.5111138562452096,0.8962773677305661,0.3221728225917623,0.17651319498359277,-0.3512865892693674,0.21019988596224812,0.010284050076966594,-0.0968008456563112,0.04810052569769192,-0.03968760614133057
2019-04-16,-0.6713715328588414,0.08968721227367818,0.21743085378025168,-0.07796994407412675,-0.10049040027190824,-0.14726222902137628,-0.012758201181622672,0.033226258335421796,-0.004731002455388766,-0.017434052955232773
2019-04-17,1.6023400287631258,0.6984786385621179,0.24541253465445795,-0.23666752548184933,-0.00482467748099574,0.04934507606199715,0.1403757168265068,-0.026983092847844226,0.006100227799446061,-0.0370700778990789
2019-04-18,-0.961605245472151,-0.4333682845462129,0.3219391007824662,0.05559645295265173,-0.16150021415065186,-0.17351972238401217,-0.11855435839969407,0.02977538830795514,-0.020313046197018472,0.0015152710465191513
2019-04-22,0.6031479613099197,-0.22411079900849534,1.0199072729920422,-0.11789631381480066,-0.33525883247695193,-0.22877469594160332,-0.10123752625962072,0.0006367637594943798,-0.03924069812780296,-0.029065198127482834
2019-04-23,-1.3046199454102263,-1.9823598966879767,-0.9610174036837756,0.07622687462316113,0.23274728775116155,-0.08962901094721917,-0.32449171149617406,0.08974399501675077,-0.04750459036939806,0.14969574434290434
2019-04-24,2.3267841805781084,1.0636706537725993,0.8314029019282471,-0.07198776173608382,-0.17649121590122538,0.13781044103119627,0.19186707834674246,-0.09942222841733175,0.013879163938831327,-0.09158874452808023
2019-04-25,1.072958289684618,0.16832176488885486,0.346175312454938,0.18214980386037552,0.034453853787648495,0.1368292507458491,0.07494094217045262,-0.0628525522943705,-0.0006991461689338629,-0.021016308419094437
2019-04-26,-1.5305652377047765,-1.0001540290742632,-0.6638891413163844,0.2551377008064615,0.04123196135427344,0.03840654115169468,-0.2201773520881715,0.021906089553525798,-0.004858688385025485,0.08405074006524896
2019-04-29,1.30603469955928,1.1126212395347528,0.3258058673376943,-0.0779824132915567,-0.34185975559713133,0.1779864799282581,0.06342310690543929,-0.08734192714210756,0.05206927837606403,-0.0545260099708939
2019-04-30,-0.1336848069604068,0.06516352582021721,-0.12804830415276472,0.05989251945428118,0.04235550324910811,0.046877125161275374,0.017346289661577016,-0.005622622247910994,0.00774937203162984,0.0011264672151526294
2019-05-01,4.6770134518646325,1.444108694987756,1.2335513822376034,-0.05916947060753029,-0.06170749526355477,0.2861909502586231,0.3112026580361761,-0.1473361760569265,0.022779532063635585,-0.08691281357760343
2019-05-02,-1.4132443053141772,0.399345591242543,0.33649601308219557,0.4910230260176229,0.10839475808158026,0.04274989276994625,0.11481682725018076,-0.026685388240608024,0.012439683264164562,-0.03919367505032938
2019-05-03,-2.4106887327433353,-2.7931130881204234,-0.739062043460979,-0.732861125237621,0.22280893493360163,-0.7579432183496595,-0.3730629407493933,0.28026061430380766,-0.1443694314628481,0.11315340263356063
2019-05-06,4.180714045395485,1.873707802177226,1.208171950745925,-0.09111836416802246,-0.3505413721870287,0.3281197845248511,0.238446233125916,-0.18714521919096383,0.06883880123989497,-0.10062349168752473
2019-05-07,7.805283120177597,7.3356791496423845,2.573773439172651,0.0038836552279424078,-0.02913387448051968,0.8209297156393636,0.8907148544980692,-0.36943881019525315,0.28962061682066614,-0.05966013327424358
2019-05-08,-1.0148640184482858,-0.9620101529186218,0.9911448950020902,0.30858621399957736,-0.15660320923297463,-0.23174648900092357,-0.0924012793466282,-0.0224515691672315,-0.02993206839789606,-0.059107644295072474
2019-05-09,-1.212327802023641,2.017976542840867,0.015040851807399605,0.6714163125983561,0.67464884941175,0.2937015148005257,0.36092459852374137,-0.052861814807630414,0.06866160683455635,0.06631867516611137
2019-05-10,-4.322044934147588,-5.125783583250457,-2.510188589340715,-0.04925055378908435,0.2415608999226472,-0.3675888427998954,-0.429005262317686,0.2594776109171562,-0.209127139625277,-0.03802960267056293
2019-05-13,10.829629323259883,8.565151755585923,2.9384924164219486,1.7377865604449552,0.8019561474259674,1.5390048417286493,0.6243428835079959,-0.359456838463285,0.36653047482578943,0.3482758099890629
2019-05-14,-6.3483880388900085,-2.8337750659194336,-0.9810947609884517,-0.4449644793219328,-0.47278940058941177,-0.5417982510148623,-0.07044590366048092,0.05826593829156402,-0.12557738382954245,-0.21571294896153284
2019-05-15,-2.94713860053761,-2.3715429357069477,-1.1130522798372415,-0.21799179492509474,-0.16155559747367063,-0.27417192462370604,-0.18833595105057516,0.10046817160627697,-0.0932149569628727,-0.09051971509942544
2019-05-16,-2.910164663742694,-3.2073046818753173,-1.1231960424224314,0.0141498023793199,0.43251703104483413,-0.3504848937260905,-0.17178329595855502,0.14641281431027678,-0.12966449724731693,-0.021607331986998955
2019-05-17,1.6517206865566758,1.843667213361315,1.3906820592111617,0.33318525010885747,-0.36789192879408894,0.21121996157928058,0.08926105581776156,-0.13978104019659993,0.08503186725092866,-0.013710057140899106
2019-05-20,1.5024400223564338,1.6866070265169242,-0.47351891610163965,0.587021162376647,0.20087807639598146,0.5818158009681021,0.14435424356977047,-0.04930890501456962,0.06910748999828084,0.07928039212559268
2019-05-21,-3.5535451841697165,-3.4343114583837644,-1.1543619826138072,-0.1447233969030861,0.11074804650676269,-0.40383896975803685,-0.26833761884697593,0.1203913407804267,-0.12243793721391998,-0.0482977427986633
2019-05-22,0.5131297495966761,-0.04899257006791074,0.40691006345168246,-0.06859620399478004,0.1782320440090939,-0.11120922319348715,0.06933302119124907,0.0032170343973621017,-0.012640351935213854,-0.006004476705653349
2019-05-23,6.374266358276262,4.139231546965206,0.35492707844765614,0.9427698468903313,0.48136430569259975,1.0147260020103908,0.3384763909485452,-0.11237263232583954,0.16146070386309924,0.1577705776066845
2019-05-24,-1.7179216582652244,-1.1265172633849392,-0.9130768599025108,-0.5372763168636571,0.06955345157879382,-0.23233288523935336,-0.026294601303014763,0.05621209022221864,-0.04947508764550117,-0.03580905242844768
2019-05-28,4.423284756550336,1.9934088985924068,0.23457150805372648,0.670454469902998,0.5718608616120596,0.49476311631986963,0.1274468782175054,0.008094421564159876,0.06304132853068624,0.11351688684486859
2019-05-29,1.7218676728807367,4.241546679852077,0.19207374605009814,0.9515820103972857,0.44643586508238786,0.4807968519688049,0.07483099893054972,0.1309361435709896,0.044009727042063164,0.1702224086861347
2019-05-30,1.0470600531068246,-5.292248999366377,-1.535635019543761,-0.5318524769538543,0.30603743549733525,-0.19362566319471783,-0.06232924989716889,-0.023223564721793558,-0.07944415120135885,-0.15239747458780445
2019-05-31,4.618419693533006,3.601275426949111,-0.24337447894989314,1.0468973008375009,0.7425818868748119,0.45223570769130655,-0.040794125459839535,0.2210608564939709,0.03588650314954734,0.10625242015832442
2019-06-03,-0.4200161891529104,-0.5266485775474531,-0.24765825993403015,0.19421252830015595,-0.04213058523745657,0.04985374099174731,0.0010345392755652704,0.010515332653117507,-0.017546032070087127,-0.02489411239542396
2019-06-04,-6.822855837617152,-4.171540642778965,-0.17829290397314634,-1.1602468420355052,-0.6441127817843039,-0.5504970092932944,0.053342358973666945,-0.2290727869225669,-0.05708339737172629,-0.11657147913966623
2019-06-05,-2.003015409210812,-1.6480322979529736,0.16954188844791326,-0.3541509707594333,-0.04953303349268943,-0.3218775077080068,-0.02708390620985909,-0.027970286801419244,-0.043905121887810865,-0.038454105576999555
2019-06-06,-2.0182855415502714,-0.8613668704940043,0.15584582466589775,-0.2917681736435367,-0.5269208811047411,-0.22212824619180366,-0.15113223174685964,-0.018427653350424615,-0.02351730101667694,-0.03936069863484868
2019-06-07,2.313829755309978,-2.908534971093009,0.13483289719518293,-0.7035753128713259,0.08891216215881026,-0.3550529740160281,-0.16029617885830097,0.059411064316380637,-0.10712414550784952,0.009273674177488575
2019-06-10,-1.1105789533884929,-1.0984957389923804,-0.9520449179625822,-0.378932084174145,0.0869844919667805,-0.12823011513454124,-0.08828119420507478,0.06811017316348486,-0.05169726009015311,0.016590571790213712
2019-06-11,1.5671411219422862,1.5043661039142806,0.5923223368576856,-0.47235649066995705,-0.160027673602318,-0.07328133181466102,0.0983956106848564,-0.02146227414575783,0.04677021250519437,-0.019777350628222223
2019-06-12,-0.10458140618701714,0.0785050107654329,-0.0007186304474134392,-0.09530318189839053,0.017743153432061006,-0.04481293211421432,0.015221400595013061,0.007347234763984028,-0.0016528553165935638,-0.0032499570047322644
2019-06-13,-1.1185767990021902,-1.1873253865251754,0.12040985593440365,0.4272937876946617,0.27229663823686584,-0.05924630097665947,0.0043915242870985645,0.01911144725810874,-0.05076700573160274,-0.0006349110675462835
2019-06-14,-0.85388248835743,0.2445484994151936,-0.3781308116590886,0.25247126690138194,0.062318616912820105,0.1278015589339213,0.0165132524459069,-0.010587366363452734,0.017667992116525102,0.0022944794354753466
2019-06-17,0.4170166997539336,-0.713750482238535,-0.19646567925345493,0.13332899099927928,-0.12757831231532982,0.0955696885049886,-0.11480865404692481,-0.0075059378948403995,-0.012175036075836672,0.017731097915128342
2019-06-18,-0.5298465729988551,-1.6884391707902804,-0.5475174106764735,-0.5814082382552419,0.039871956337390733,-0.2950329275157981,-0.14783232170263777,0.09373602532188482,-0.08706953999338037,0.030860657083469387
2019-06-19,-1.4499469835359124,-0.9803101053552203,-1.07817962602985,-0.30178240613230173,-0.026742747608522962,-0.07810464845824296,-0.1827297247683652,0.058690269404335464,-0.029463134965060145,0.0494064325283603
2019-06-20,-1.3454469798857092,-1.1016525702488973,0.1575126617800112,0.06774880144175044,0.1519194357709553,-0.22569617879544246,-0.05339292469069022,0.059138039438307116,-0.06806944063299164,0.016928928904388893
2019-06-21,3.3295344274478866,1.4778966514490368,1.0411654927572889,0.10856333927850548,-0.1513665219140282,0.22228414374564903,0.18292238758111853,-0.09785029759482819,0.06541082278426996,-0.054873473467081185
2019-06-24,-1.3820532031169883,0.8639171614076823,0.601945911109739,-0.16623961575118518,-0.32745693522675884,-0.2034131796723204,-0.013893385891252077,-0.011134141051733886,0.023306682035586737,-0.04502909820890885
2019-06-25,3.376529195944729,2.845688359026868,1.3777364333075266,0.24155784843947226,-0.13517144829226177,0.3089212314173413,0.2570321537157976,-0.14544630301016814,0.1351055004054713,-0.0408241332589002
2019-06-26,-0.12203855754552852,0.6207460168665269,0.29020251197968167,-0.19842341809177502,-0.09334313655919683,-0.09306803764791702,0.033354826938172356,-0.0077124150421429005,0.017264359924561122,-0.014892783620167353
2019-06-27,-1.9274941912130532,-0.5923527000862961,-0.46623739747485526,-0.3297820837692465,0.09299870575691463,-0.2579297338890277,-0.015369019353128942,0.07666179833397883,-0.048603482678162634,-0.013218630749789921
2019-06-28,-3.8437433802798817,-0.23582784908869228,-0.35626082946900134,-0.12973318372285034,-0.011564337023865995,-0.32704448018291005,-0.022381087169541198,0.08363333264167948,-0.03313960973788607,-0.033835239938725385
2019-07-01,-4.505005172390523,-0.2962180179091357,-0.10284261996571932,-0.11262419824965701,-0.43574277851911114,-0.4125523311245947,-0.1813239679268848,0.09265409314780361,-0.02175908225518424,-0.046151990976419324
2019-07-02,-3.65906401466046,-0.05862478005132246,-0.5797308843579134,0.14214938680919148,-0.1940081741266467,-0.13205238792552113,-0.11342144527208331,0.06428723125041107,0.012917319868888246,-0.012186998558927678
2019-07-03,-3.1208933748737326,1.3164240643906824,0.855144700937407,0.5780372823306196,-0.3574345795843199,-0.05085802520566068,0.08218983203377586,-0.05127404630203259,0.05425822695859143,-0.09422760002858864
2019-07-05,2.883660568426894,-2.5630015725297546,1.0022647559053375,-0.8590173254755868,0.418708854257318,-0.7485373693869293,-0.09733832429849174,0.1968697775458204,-0.1849040346423872,0.03198921906979753
2019-07-08,3.7472597560037904,-0.18386911799324743,0.005357599785417119,-0.3949313227455406,0.3272098647080679,0.12273989676596908,0.1240115811009814,-0.020677088907839265,-0.021714346474081672,0.03553072322054917
2019-07-09,0.5453884483416155,0.19425838170986431,0.3296527362163613,-0.5704354272820004,-0.08013981543380228,-0.30822188496258585,0.022527124536423873,0.07485674048074631,-0.017457724027258266,-0.02185675023676723
2019-07-10,-1.2613067540451686,-1.6880684087293238,-0.7808301653718702,0.41445617210811597,0.12815831518673282,0.09749148613786683,-0.20225954529085324,0.046733121141421925,-0.0633568905536647,0.07440052372657309
2019-07-11,-0.5639723389562413,-0.056977671462262465,-0.4061163411454261,-0.09923497734941772,-0.2662479263534575,0.027349172726043713,-0.15192328359415125,0.003413369102407462,0.015732994191949033,0.0225184538421706
2019-07-12,-0.023806417864670575,0.0015465219231354953,-0.3039442354605923,-0.05974101415666412,0.061071705814632865,0.032192403196830685,0.007494285372151936,0.010231137434223988,0.004294578546453258,0.011274683005206926
2019-07-15,1.500666517980531,0.5291711505206295,-0.16034512229775527,-0.1648709065211088,-0.08476675197043948,0.1851600534887844,0.03040911112849765,-0.06055256938447974,0.036190998264927346,-0.000179260811448109
2019-07-16,1.4715151589623663,-0.36646303835006333,-0.11094226981408722,0.00988958930208533,-0.021061415258180054,0.16137315087200033,-0.05648626869898395,-0.04061477111345249,-0.006646927022783261,0.030848497561020975
2019-07-17,3.26898358364561,1.991607267237596,1.2388856947402969,-0.030402306238133496,-0.07848364784793804,0.21232527195543968,0.2828691549875128,-0.15832942234978015,0.08664409826311444,-0.07732265251188683
2019-07-18,-2.0120049366371733,0.8718012261210943,0.043984001615955774,0.13197983297869492,-0.021074195149029817,-0.06314789704207698,0.08488979488009804,-0.000920034860069091,0.03650046611950036,-0.04012120113533657
2019-07-19,2.0854892139475822,1.7962681407878889,0.14000834555435707,0.5364610155409272,0.07008877925548523,0.6036876325933098,0.1880160615679891,-0.1896588051189586,0.11433197604077548,0.015534065714912417
2019-07-22,-2.310002929847542,-1.0547754814295673,0.46902221295445723,0.24581448623273827,-0.033360390230596976,-0.3105237790013558,-0.08683117534637684,0.05801054300888698,-0.06066530441600529,-0.037599938466396615
2019-07-23,-2.5404596001857938,-1.4968654609851246,-1.0901282537077297,0.035298959324210295,-0.012991131903614658,-0.11438816462702081,-0.22127331994160696,0.11126660716277478,-0.06042313884529388,0.037354006328091285
2019-07-24,-1.205000945553861,-1.2399854489905906,-1.092027549769476,0.07180338660944244,0.22519607944130285,0.028853122922196828,-0.13055228038702366,0.07352057169747055,-0.03992078020707561,0.06754218612301978
2019-07-25,1.894351422318653,1.8807939728433372,1.3065999561669523,-0.0028235763143600345,-0.473386735583327,0.12402359188028955,0.11706943308767156,-0.1455024714674373,0.08191088266627068,-0.08051707963752479
2019-07-26,-2.082991882956822,-0.9237500859906996,-0.8311108746124576,0.13545385600108828,-0.09472262893652203,-0.010651772112129828,-0.20661280243016783,0.05224700503165711,-0.01900694649355172,0.040912420168757645
2019-07-29,0.43094069921246586,1.1771201654461867,0.5215718726969594,0.2373863940411515,-0.3539512597985481,0.20785339225115168,0.03555912823026508,-0.11027691969947462,0.06607700376049704,-0.04206287548358761
2019-07-30,2.3080826579505866,1.7533256325161855,1.124354499798974,-0.0193436185363005,-0.29791170692536917,0.16018000456346373,0.1552543296036968,-0.12653158724249125,0.07218816960090459,-0.05110200745195347
2019-07-31,6.324740890742896,1.4179665513538575,1.350558261876316,0.12948580639025845,0.2666580683717439,0.4098746670927302,0.24528668011371324,-0.1646625612589654,0.08150276616299017,0.047966717214743285
2019-08-01,3.945913168579375,4.354513781275923,2.1936591593197843,0.40234137550528537,0.09879432178581432,0.3983788923729709,0.33544700075459305,-0.22390409342623124,0.2167609898607864,0.09808555783590321
2019-08-02,-0.7837231069012345,0.6116564949687011,0.31301774705081903,0.8462154516731266,0.2112157695745023,0.2543728372751309,0.07502155544837187,-0.0500151810539186,0.037210042105837546,0.036209085581803954
2019-08-05,16.927995281124772,16.848261602483497,4.884729778119536,6.4700508551685045,2.0616091704867987,1.9254156917109528,-1.2785056146470593,1.3813958514598312,0.19739340133911734,1.0479402182909143
2019-08-06,-9.74822241470568,-7.9507554802693035,-1.4029636947613566,-2.859169687757484,-0.6467574374204151,-0.526294531067246,1.2204695883049186,-1.3144798637106392,0.14667378554838456,-0.36809660880690365
2019-08-07,-0.9225919688653755,1.4891694608200503,0.3077892278975122,-0.675260167100274,-0.29168558054506977,-0.07624194261627304,0.0830926429838148,-0.07288240582852738,0.01721777018575268,0.0948374231015002
2019-08-08,-7.451664942213465,-8.254626212167778,-2.66962323647219,-2.432925838342264,-0.8152945142917478,-1.26849839929683,0.1766438038975277,-0.0904689148998484,-0.27196998179406306,-0.6902737838743757
2019-08-09,3.770420171429879,1.2747105433198131,0.7026972070645657,0.6594701905387831,0.19786364351706479,0.42904579327201275,-0.053799224495345944,-0.0395189111615124,0.09442559810971099,0.1406692045175223
2019-08-12,8.727149044078502,6.486707258770696,2.5101932694500713,2.1828880630937513,0.5702362964858736,0.9482820571813023,-0.38862293806322595,0.23466829072966086,0.23919598791726177,0.5061211172257061
2019-08-13,-7.852994205859122,-7.310603713278239,-1.7094177612541075,-2.2336010849043446,-0.873420206091389,-1.0860136197794463,0.30613765772881757,-0.2847250047307873,-0.22298079364848852,-0.5696664831496185
2019-08-14,12.967000380133666,14.424577201023412,1.958334192510763,4.776156284158722,2.0563727991956386,1.5529577751530006,-1.2437373713238,1.435870217531566,0.026192513002628152,0.9416189172587597
2019-08-15,-0.40704324543290876,0.15791237409105502,0.16073926411507597,-0.6020457123809064,-0.05224167324646159,-0.04165443622342941,0.11242601849537981,-0.16312268587876075,0.04885407192290678,0.0652228769696833
2019-08-16,-8.563547587569117,-1.7761552012500863,-0.101260733531233,-2.314285676709458,-1.1524380891363903,-0.25019158162598676,0.9938240618047247,-0.8699432283560022,0.06971593882431612,0.013198097864525906
2019-08-19,-4.901474027191636,-4.6529156828382305,-1.373981643461717,-1.50486394703973,-0.9224306058024709,-0.5649836977477914,0.36488192160063043,-0.3608866930946481,-0.03182549764509104,-0.49893751091906285
2019-08-20,2.9905870393224845,4.319941760196644,0.4218184087260622,0.22321384616717058,0.5706992687820833,0.3696102171831206,-0.11974148448439764,0.2187665091569548,0.006527492579200794,0.4464406851291926
2019-08-21,-5.066252475942044,-4.5447408469661035,-2.086957660125735,-0.9438337208991551,-1.094545188904273,-0.39848612165130853,0.20150606391268694,-0.1134094441374694,-0.11367029717894633,-0.5623700773607395
2019-08-22,3.9203705820079024,-0.41344621343716215,1.4699330020004922,0.41675127581238003,-0.216050834660337,0.07480102620788993,-0.22127971957444525,-0.07650781199125471,0.09218448363416608,-0.015362308742073926
2019-08-23,11.941055359068983,8.845676182767258,-1.0837603122669857,1.953974273173996,2.16566339453354,0.7943232801353453,-1.08929140583684,1.3762134435068503,-0.25263286824865283,0.6503212015939188
2019-08-26,-3.5328881972302955,-0.949583796167625,0.49480172920181753,-0.950096990438745,-0.4582357423986558,-0.10145276180293725,0.4723354517788598,-0.4711233956516359,0.10527373038299213,0.049130090290726014
2019-08-27,5.258528834113798,1.3838270750463584,-0.17320512295518475,0.41604668514548504,0.2395660593557248,0.06395090296138248,-0.508584449085007,0.4159974347006315,-0.053001049571049744,-0.013156418807011617
2019-08-28,-0.30273934375007583,-8.600649912211574,-3.2608911457972543,-1.9683900563861236,-0.7748443551612831,-0.246588784162726,0.5469403981827191,-0.6419942658902551,0.06887592253260258,-0.6251652157971538
2019-08-29,-4.754174243135242,-5.248852484370351,-1.2466823986425608,-1.309462353586409,-0.5852848378262762,-0.4251766429717659,0.2531323122960108,-0.31419723605348737,-0.04890712555483796,-0.2904940186051727
2019-08-30,2.7149368661793765,2.4173115789820114,1.4622680811959692,0.1304361050798723,0.14881518761568585,0.047707328922352965,-0.0515197680120799,-0.01189926115110491,0.09530895461542904,0.15155153333068844
2019-09-03,3.60735623192201,3.7774202206668632,0.8241101193478925,0.5319320717103687,-0.18939841247567699,0.30799750613841015,-0.24197627837929195,0.23489253055216913,0.01961712684924933,0.18709992000465525
2019-09-04,-6.212250325727013,-4.188781291385095,-2.1371066276306276,-1.333878549331109,-0.5269646435836898,-0.3613613947376698,0.2911375960683053,-0.21946811591993926,-0.09622770968754336,-0.2858739903650805
2019-09-05,-3.8356998752587375,-3.8993282368903612,-1.0915672737190631,-1.0279155401924347,-0.2282736214251142,-0.5436294320224636,0.007728374876948029,-0.0732104311644825,-0.0814695398351223,-0.21672134067257728
2019-09-06,-2.989760011772652,-0.8870615516190781,1.1885818268220105,0.1622852103142996,-0.4144521009672128,-0.3249823987224607,-0.028782286936148017,-0.09036463301861919,-0.004483408221676313,-0.10023912827398894
2019-09-09,0.7607177359110368,-0.5560150120680212,0.443233230601982,0.18553129926495682,0.11841002183695461,-0.026647617399488753,-0.019872994784220083,-0.024158006221444907,0.003054276326193991,-0.0041784291439267846
2019-09-10,-1.4062789932362325,2.046090063729605,0.11557008034187223,-0.03646620108623241,0.02100463305402696,0.047310592708394904,0.1557623699623824,-0.010393953667466233,0.03762285698968004,0.058418711191073336
2019-09-11,-2.151605246763161,-0.038323715676484196,-0.7320316373509389,-0.3145189041460062,-0.04800739026796991,-0.12158985774745108,0.05039374649691463,0.04942148966345096,-0.03174969871187956,-0.03486181490612097
2019-09-12,-1.7181876412441177,-0.873749813527196,-0.02546215874508007,-0.3687793385912068,-0.34388547068403624,-0.29511950202103915,-0.06713816802739747,0.01651302651580875,-0.029890348877815043,-0.09748884855315952
2019-09-13,1.0408123844462198,-0.905154069442741,-0.7513265439610946,0.25464125436241186,0.21981586123818567,0.20954111717890536,-0.06882591088532496,0.03082146791870948,-0.024249027216103895,0.017722408439373435
2019-09-16,2.785909322168451,2.0235543445378026,0.42761857129688513,0.03189881725688407,-0.02975688917158227,0.29031024194283844,0.057565933916490876,-0.02991922840115711,0.06257629708913084,0.10597993408189306
2019-09-17,1.1101364295489966,0.22599310535157147,-0.6568666123602861,-0.38176046983190043,0.07431052684305109,0.04510488746035229,-0.00237180304645999,0.045700052658352364,-0.00598659589290648,0.026048906399138285
2019-09-18,-0.8839487572789057,1.7339950972265403,-0.6176573931584172,-0.23976816410626992,-0.27676895507089777,0.14257378257789086,0.06962626028801933,0.05849721217998211,0.004616566116776242,0.043718749405528196
2019-09-19,-1.103678495185269,-1.3676120679063792,-0.21906616000318446,0.46480690832285043,0.11812230329586057,0.016930902476223628,-0.048474015127844314,-0.0036889389166197485,-0.025875585332098446,-0.056310654591657266
2019-09-20,5.0350394202874185,3.250264009704617,1.6086891563384078,-0.13313039050527445,-0.17197060851306903,0.2353748071341976,0.008755043194534953,-0.043278124716279884,0.09085515787338894,0.1848534783390415
2019-09-23,-2.4243267213740833,1.4329467072246553,0.6423324373780074,-0.3584024893082348,-0.20822926641230094,-0.19528397355727584,0.16529498213771046,-0.05009729212874852,0.024135785032284456,0.03940380040092731
2019-09-24,3.1126172465018738,5.150474904328933,1.8349790341152055,1.1394217788654055,-0.14755819949283705,0.6625210344615131,-0.01252447470312611,0.1314903628821906,0.020557113473300442,0.39313918484179006
2019-09-25,-1.907344997964363,-2.2523125484504627,-1.1167775066037844,-0.5924432443383499,-0.7509229101137481,-0.17551146702420609,-0.03142129322203184,-0.04607904760604074,-0.027258945680798837,-0.27755545043208607
2019-09-26,0.46180050128420835,0.9065015293062467,0.0840141578770132,0.237681619983845,0.24378388176565222,0.11557475277151662,0.02951879117451406,0.05368133331605508,-0.011046077293908938,0.09435144553504717
2019-09-27,3.573121368261931,1.273597808007828,0.2877127598426365,0.558937759857258,0.41915720596104145,0.2577845884691739,-0.14907806313652142,0.15233379996961685,-0.015002315749225533,0.1450835093578116
2019-09-30,-5.718923766308134,0.2934694633272701,0.6189355126867949,-0.32309183448855694,-0.568128275485387,-0.2358816428293659,0.3250179886092625,-0.18324735905498624,0.020249522348111393,-0.03785355143073762
2019-10-01,6.991215088501904,5.807835604118006,1.7360915944093749,1.7573606319782147,0.8455342218824217,0.659301971012338,-0.40796000412391953,0.6656833178070003,-0.15542901125017025,0.5996160567676591
2019-10-02,10.111480509388283,0.5542272407353723,-1.8325695272433917,2.4437460591082933,1.3488485905081506,0.17766081140909207,-1.146485744484004,1.0887064301125675,-0.2758348429540453,-0.2329632947488545
2019-10-03,-5.535056256145483,0.2571806608166438,-0.09109895105629155,-1.6138281396718943,-1.0615574265939058,0.024896615937137035,0.6376950337319643,-0.3589189076587543,0.007953231668725878,0.11447124506542351
2019-10-04,-8.918202433340834,-0.9053457618744988,1.3954260126212983,-1.4246872107726083,-1.1382234730734948,-0.22239198108372046,0.8806344778493425,-0.8478751944953697,0.22520972911403694,0.04582963411024033
2019-10-07,1.6864112493964556,-0.04204631951153013,0.18547750121028178,0.7013661138719474,0.0717932469746332,0.12553890991046884,-0.18859165414717005,0.15937071589898527,-0.039355234944547644,-0.031056862766764056
2019-10-08,10.66305994333952,0.9393351666729349,-0.6084861120805858,0.8561090510070333,1.6572348270660844,0.006219523462060009,-0.9344561470218933,0.5917954359758314,-0.03646550933998847,0.03238593008399153
2019-10-09,-6.017530933131132,-0.3269030884605174,0.08335080704038576,-0.978869332503077,-0.6654794548718113,-0.050203339429585325,0.5924686879049419,-0.4012125079351032,0.03992876115320593,0.06484027972721854
2019-10-10,-5.132833796844259,-0.7287910722739745,0.12116843088867156,0.40799540494923126,-0.8191037674578451,0.09328713612190331,0.3400739441189837,-0.10399541367720203,-0.049924787700278354,-0.1123818750016209
2019-10-11,-5.115420104518332,-5.288201757192799,-1.733590693427028,-1.2082588966112948,-0.541175279351102,-0.44765657077555643,0.21933548569671027,-0.5871323623431036,0.17408527761663214,-0.529348985136057
2019-10-14,-2.0470067873777116,-1.6589581812418082,-0.47235950690365325,0.4135526818526033,0.08720891861431092,-0.027772886002551785,-0.0009507947419539822,-0.047679310387897356,-0.0038306825107034276,-0.137785880952517
2019-10-15,-2.1287896924542693,-6.020552177749999,-2.125166749250824,-0.5181525630651255,-0.22990973674265644,-0.3772119517159069,-0.3561389900702126,-0.15096941134412575,0.021258846799948418,-0.4141746739168457
2019-10-16,1.12326484611257,0.24947249724383405,-0.6820807061058185,-0.744954570655484,-0.08109804428348623,-0.06220481890469153,-0.02118251913491467,0.04405943125107165,-0.0015600234563507417,0.012495141862422083
2019-10-17,-1.1538964180853897,1.0797392408777826,0.6246127318206001,-0.06263485320914727,-0.05417702033176868,-0.08462238225512679,0.14178478616606335,-0.023899331174826833,0.011535371163244061,0.026555846918423495
2019-10-18,3.7333202914515407,-0.04910976255023211,-1.4858313744439657,-1.173307291083307,0.2769678394852715,-0.026329986286220488,-0.08346972202014225,0.0986075087208393,-0.008990106093078163,0.05675021078286586
2019-10-21,-2.240589610688849,-1.73949029554973,-0.7202727582565528,-0.1664038959770774,0.0629110967270088,-0.20959238875976438,-0.05663063612982929,-0.009438552790756258,-0.008801744147031849,-0.09539215620144975
2019-10-22,2.1570914648848394,-0.27039562214980295,-0.8214316023288594,0.1654990078389273,0.15853470771588707,0.261867972532534,-0.09084502813550083,0.06079665647129763,-0.017426618998096062,0.031556648817707034
2019-10-23,-1.783929048582639,0.46930237985018847,0.5855370650625087,0.11745909541113723,0.19233376417518627,-0.1364602397774837,0.147914827065501,-0.032034331500079,0.004900882670327405,0.010016417380860431
2019-10-24,1.3475914381855543,-1.9986468395063821,-1.0763053951986445,-0.2522140853938313,0.64125609192706,-0.0782390897483072,-0.08609150970839913,0.019414471760332938,-0.020150531945661656,-0.01310583567999061
2019-10-25,-2.2693058006550237,-2.003523874259901,-0.7670803371997312,-0.3047661039219552,0.06344160229838286,-0.2747576895154439,-0.1011780586482724,0.012387847549458616,-0.019804997112454783,-0.07288520624348113
2019-10-28,2.5191572828987794,-3.8054682675828286,-0.6546750116138452,-0.4426836332261185,0.4077590254040291,-0.22594833257524913,-0.2975918650979668,0.00018206697258719602,-0.06484661179741784,-0.005937892140648053
2019-10-29,0.5080775749806798,1.2791746203437449,0.7728364907853653,-0.13630322483705495,-0.3553289813088736,-0.017852020969717497,0.0447152042734711,-0.03425371068342088,0.030259662788672967,-0.01209932698259157
2019-10-30,-2.745049975396117,-0.49581148626030175,-0.3208261550370067,0.3349033908196625,-0.15596624306116666,-0.011196739051725328,-0.07052096288894327,0.009694344017606073,-0.003790415445137156,-0.029134902902079093
2019-10-31,0.9845944742717948,3.6334230343286,1.597409675269108,0.6309862387152005,-0.08861596811571976,0.312175016439222,0.33639535281559263,-0.06222196161872627,0.05709866893222655,0.04975998954055063
2019-11-01,-1.9333636593971946,-2.0234713601508343,-1.5604873023414707,-0.06950619031684382,0.12760721374807993,-0.04638400196576395,-0.15864718470729836,0.06412271974679574,-0.03177069147107555,-0.03642222729854404
2019-11-04,0.06724767529861012,0.02607651865752557,0.6985290732380428,0.039967181515723996,0.0703099984057612,-0.1160162818280686,0.047202195875406194,-0.03255123097880789,-0.002905278981943947,-0.010060795191743138
2019-11-05,2.763090031644191,-0.4284943909909085,0.46186682665284196,-0.16333370761681557,-0.0742211314240047,0.01431499119292612,-0.09226223730425666,-0.03967179259461747,0.0008692257724602365,0.011841574604401842
2019-11-06,0.4821893249417337,0.3072497843644592,-0.30122087232462524,-0.26751883948440336,0.08238052179679246,-0.007276724079282086,0.03735492802072573,0.02399154495884664,0.002102526133851798,0.014072206520328959
2019-11-07,-0.7370956554278401,0.8004873263789318,0.11065836540313277,-0.09603686315305245,-0.10198860087788196,-0.03133077962318703,0.06710516011532902,0.005757173691275101,0.012608286824094065,-0.0028666650565572407
2019-11-08,-0.7247507789155794,0.49657347295698845,0.044166966387498244,0.10532686478233572,0.03006748071988916,0.018533742054546207,0.06688244174901438,0.004812644323098586,0.005128392757809868,0.0032576447042947697
2019-11-11,0.4337206627702964,-0.2336469458575461,-0.03885691686372807,0.21728050984470282,-0.025525416676977504,0.10519036485818055,-0.044671154938903807,-0.009580098361650741,-0.0010319840306230509,0.00216232792472968
2019-11-12,-1.4791971124707741,1.4630375477361741,0.06133514043837895,-0.1116593659654139,-0.0977180828065081,-0.023551834816344083,0.14811180130330773,0.02523673242022489,0.015631179176518312,0.009595847832716895
2019-11-13,-0.40463938953869794,1.4216804887615346,0.7961793462954377,-0.14867871823668233,-0.11171348555596887,-0.09400793237555999,0.14121825529900034,-0.02212910137071451,0.021185622960135042,0.020034297922457762
2019-11-14,-0.38488785460021496,0.5647708549221044,0.5542622713277005,-0.06786164550866654,-0.25111551066122345,-0.06788776480007512,0.02714257094651962,-0.026116452595221742,0.014038821909708333,-0.011687865808319002
2019-11-15,-1.88935792501733,-2.4828569961799625,-1.13088384196454,-0.36506522508062644,-0.16052970947376072,-0.27574308378478657,-0.24513891670963436,0.061305574687948644,-0.03343767739902139,-0.10876797930986676
2019-11-18,-0.32154499351944554,1.081142000853562,0.31557040034471157,-0.1487531199396853,0.37019074507321176,-0.10806990923592036,0.22782976983263847,0.013637150724454691,0.005946912684673886,0.03654085841154591
2019-11-19,2.00826717427439,-0.7356150443147754,-0.16475662399893323,0.16397035082300848,-0.1877226989221307,0.21394507516812278,-0.18352144080196733,-0.03419302846663507,-0.0014678533141651592,0.003036457806590219
2019-11-20,1.7746058827661781,1.209835058463238,1.3867527368882255,-0.1290371523545684,-0.15138976058551104,-0.0591383094901848,0.07687825932180029,-0.07938940135463302,0.031856480752548856,0.0243621423130449
2019-11-21,1.3838696793167735,2.5632707358584517,1.3058563890433998,0.15702833715465364,-0.029588882790266686,0.15924714357271255,0.19091570073593295,-0.06943733760501247,0.05305530018104835,0.11391507689605837
2019-11-22,-2.2100981246025206,-0.25835579928273783,-0.3008613061528734,0.08975381774425685,-0.043099532086312294,-0.07917242712616192,0.0395894815437144,0.028339137277052187,-0.01583634393012807,-0.04614529888249997
2019-11-25,-2.929977853678551,-2.7626161799256996,-0.8014686739126553,-0.00607713704879282,0.15611040168369714,-0.3614517360020471,-0.14462013674373972,0.06070040263318815,-0.055280073938299416,-0.14403188373741432
2019-11-26,-1.6926494488466028,-0.16570091269507878,-0.03928503599004555,0.04048732041431129,-0.36136323388041647,-0.07667275264922464,-0.05813532298972133,0.015379816122062918,-0.0017908366510673713,-0.06125453397704482
2019-11-27,-0.7707965297807878,0.9805076626886743,0.5362394082764609,0.06965825321459124,-0.17065761862475468,-0.0190832707819971,0.10335076799861471,-0.020044477500825646,0.017790528599158674,-0.007241356471105767
2019-11-29,2.7464170210469256,0.8974516927782632,0.5466822911863586,0.08985771549053032,0.11845078142838172,0.22700005356661207,0.04481520689924446,-0.06751653493719831,0.0254520356117665,0.08848659925982484
2019-12-02,4.121917213440414,6.03543028994138,1.136315708331524,0.8859100413359764,-0.208343665762419,1.0252999699203345,0.2884161016756478,0.04215803983506239,0.02871582493452073,0.41211958515017116
2019-12-03,1.760049328449453,5.5095080645078,2.196731667127841,1.0829339215839937,0.4486035332978059,0.5432673295498665,0.23750219894792152,0.16504013291619896,-0.05355501861633835,0.5727484047236673
2019-12-04,-3.0033813144037493,-3.262616822884992,-2.183894120835587,-0.6001259010320856,-0.35857889494740003,-0.260353726570862,-0.034329396769597814,-0.028325131672729303,-0.008402483563456473,-0.39438862735119984
2019-12-05,0.9587008765502258,-3.795772111714158,-0.9931243856634755,0.2492561164073283,0.10578334861053837,-0.06627453021503392,-0.32951068312244486,-0.07065804265036887,0.01874203596885261,-0.2623225537877147
2019-12-06,-2.1943427027752223,-3.1087926463835047,-0.5467538085625117,-0.6123289818638444,0.033015233251493296,-0.5157815161298694,-0.1303884729211392,-0.09205150426389722,0.015508046966643131,-0.2050194363119599
2019-12-09,4.41950287717585,0.131000266972863,0.8998860138319209,0.3018525322749075,-0.07663420217473141,0.2410854728623071,-0.15337407648553308,-0.05922947960590701,0.030407998318744276,0.05560576030660967
2019-12-10,-0.7950718041706129,0.8434619047354887,0.18060961414175014,0.4544448895881847,0.04215739133030868,0.14868391734192754,0.0836363810968685,0.023115700385630305,-0.006968439088811392,0.0402231171302066
2019-12-11,-0.38261179069116,-3.0334781841140273,-1.5925739277435542,-0.047643837601524026,0.2987165889730882,-0.0628903428912008,-0.19503890044307096,0.03291093367945992,-0.04094768527484053,-0.10460243016370697
2019-12-12,-5.078617174359956,-0.3641679136817204,-0.4407207418835631,-0.36799182396580693,-0.12712100497147744,-0.3797903778010073,0.09820233330664836,0.02006760067815908,-0.014197490440863108,-0.09405737829324558
2019-12-13,-2.9081503099652224,-1.1150481556323262,-0.9276721107817832,-0.5032591283312772,0.03232003437556814,-0.348045392708034,-0.03617078206531019,0.07433641123698548,-0.019965106353056414,-0.07459458128338149
2019-12-16,-0.2775662884066375,-5.382005057832613,-1.568838243731732,0.23466630779901246,0.6675883056811708,-0.18170781496714725,-0.5118908046750166,0.03781960864292959,-0.08812746625126207,0.004577622415529842
2019-12-17,-0.47754186450233327,2.7473003368911226,1.6556173943342112,0.13322104304248483,-1.1686140944732373,0.09719087230225146,0.0687992857585409,-0.09508653789982317,0.07371209479372999,-0.08670611446440017
2019-12-18,-0.43742628027225244,0.23056544895381,-0.4584378776443076,0.10221634382951278,0.28725042561980757,0.0797256676633581,0.10316107582993408,0.031898334713843644,-0.003918627275666842,0.023312881638530684
2019-12-19,-0.9240041513393583,0.6325011214040381,-0.46862785005450075,-0.5065557779745243,-0.20640004592471398,-0.1177751928709071,0.03505186946747816,0.06214763498811813,0.012553519465224986,-0.016567116233535524
2019-12-20,0.7216964610993131,-0.9153342623893137,0.6538409397010906,0.4980161871873984,0.41752617806507425,0.00034010770216644915,0.003913537310163081,-0.062080656838656136,-0.02565438421251512,0.00891759437281892
2019-12-23,1.4565999667820337,-1.0508077366459525,0.7604630854170564,-0.24673151739421037,0.4592490385084754,-0.3195508627580669,0.015078601755824204,-0.017034224694978266,-0.039082921549067784,-0.0038968529877463076
2019-12-24,0.1324476309092843,0.23853837915016018,-0.14446781432933753,1.0076807130096983,-0.05417225395296445,0.5170758360872935,-0.018792339334145175,-0.06073589823861134,0.02437764067409499,0.03584347696670209
2019-12-26,-0.5195748059240419,-1.0395767651134808,-0.5098805379176132,0.24383869547580103,0.03888675984266309,0.0708885856434383,-0.12696223912823215,0.008150148337741562,-0.013468145283154041,0.006558127998415124
2019-12-27,2.0318944995907016,1.4148660756546,1.165021350905548,0.02678119014077401,-0.0521530903735468,0.05856636974133526,0.15447458715232462,-0.06056602849944794,0.028697410496674194,0.008094389928884942
2019-12-30,2.8000999466003575,2.4231393576933256,0.6656581063669273,-0.6951338401110769,0.4308980680281211,-0.06927740014167114,0.32002824738108837,-0.0017335101953484548,0.037050648526816936,0.09214676023388406
2019-12-31,-5.121392950702203,2.1668451590115847,0.6108541661643522,-0.5750824060471982,-0.6666722461293765,-0.44475407527431576,0.24410548166970772,0.03485544360968752,0.023663132769352748,-0.09205472979102257
2020-01-02,-3.9503161536141636,-1.2781311935618884,-0.5470258908645513,0.46522323757520473,-0.3466859456089813,-0.09021493498356503,-0.13192911150188258,0.05131135421337689,-0.027361344668770403,-0.1284652142879572
2020-01-03,4.202476590608356,3.071215871618761,1.7793487839022673,-0.5777579644650683,0.28217917646106355,0.009975734155399603,0.3265331122066773,-0.11710764665222977,0.06957229023087384,0.17803517042990208
2020-01-06,-0.9703401125580815,-0.7361030357001708,0.3171758828713214,0.09882597517293801,0.0018535875786520016,-0.18735047469851593,-0.035295364274777974,-0.012065494711817447,-0.00830571644553322,-0.07061471167522396
2020-01-07,0.2548708814187065,-1.6087497505563504,-0.5285782306568665,0.3837761632770188,0.45468494433313567,0.06510876294592968,-0.09796334540671184,0.012652112104060094,-0.033917142597714674,-0.0030905786971451243
2020-01-08,-2.374732918048824,-2.758883183224042,-1.3297020804052897,-0.008355864683571477,-0.06971043223008849,-0.2150905124890431,-0.283070517015694,0.11509545778843602,-0.07358729025590148,-0.11490158089431213
2020-01-09,-2.601752219045202,-0.8798854191172584,-0.07636529120409019,0.1444688852465141,-0.09086365444361286,-0.24073233780725603,-0.0772591968074112,0.05157488505463122,-0.027533909110367506,-0.07606660010335646
2020-01-10,-0.45100491398559794,1.9511733533444262,0.5573925528425392,0.5824752773898829,-0.3166402228402777,0.38381125526583937,0.17882736734185148,-0.08804620432521226,0.05373249102087886,0.017494255060919343
2020-01-13,-1.2606620077103503,-3.007127069261184,-0.6631555923041872,0.20761390350542308,0.0623683672490685,-0.2060824826523035,-0.37782289600679503,0.0520944438867646,-0.06179757203771604,-0.05007028889543619
2020-01-14,-0.15142988588070727,-0.9333651635783108,-0.49535466991488525,0.32942261975784454,0.2518712395606792,0.12535205345035066,-0.07373371578105545,0.003713921038459323,-0.018349616773637178,0.035031638591866726
2020-01-15,-0.049376217846416,0.07066404291273949,0.4708189858259263,0.08369945033922428,0.19664506101796558,-0.09704186032277125,0.08911787606656797,-0.011798814548257026,-0.008593441649091203,-0.0136481317994449
2020-01-16,-1.9368938816314805,0.23798354948065095,-0.6162326725552928,0.2454467139067284,-0.1254812242017061,0.12184363528468398,0.003644272325802227,0.030682173783781744,0.01290678688039452,-0.00870291087148266
2020-01-17,-0.8044695536621433,0.7567883324812377,0.057255907567702775,0.1767920711533987,0.16421390591645219,0.05138165442665633,0.17428862253640404,0.0029555529592393413,0.009067216361419501,-0.001576093157980178
2020-01-21,1.595500641495574,1.4347359266035409,1.0824592996882096,0.3243143848309984,0.1048571503438636,0.20199162442720478,0.21241943563197654,-0.10438422948634093,0.03152185157840244,0.035028661145258815
2020-01-22,-0.6159089925813731,2.501605489839251,1.1138726579220706,0.22524515201483855,-0.23603051173943362,0.12262866832427784,0.29587807435208,-0.06463572386859098,0.048196247278159354,0.019601822583605676
2020-01-23,0.011615536508194656,-0.40295611020264727,0.5013702990750749,-0.10915262158172932,0.3689152586627751,-0.26476739113963854,0.050106380035463596,-0.013522120749332586,-0.006335740977157039,-0.011712844743952767
2020-01-24,5.181397087704015,1.5629216578028753,1.5646256589112086,0.06779236713225954,0.12963293831242717,0.3057502272146254,0.047218293964705185,-0.17290239982175953,0.08326618213862363,0.1703179664499099
2020-01-27,5.664538156504943,9.377912509735172,4.467360517589,0.004485844828097625,0.6745182080269216,0.6144935792282407,0.6056487990198955,-0.32597856437117695,0.29121567157073147,0.9744075838017999
2020-01-28,-1.833197960139206,-8.493519532612108,-2.926604148171012,-0.5314541514203729,-0.0778495781876974,-0.8540384097656734,-0.5143459124203618,0.21079522364207892,-0.2072219922707654,-0.8360958838989222
2020-01-29,0.9031842050023706,-1.9448903986603971,-0.7530355300572743,0.1575710562062601,0.15677428533661897,0.05272187919101373,-0.16729792425632145,0.05037079009769569,-0.05318256856486769,-0.05941008104322326
2020-01-30,-3.053153118197117,-1.6496780222845369,0.04246263299480621,-0.3297242925886741,-0.4832038843318556,-0.5465320122713819,-0.14177689651220976,0.07068655943110984,-0.07119642551957196,-0.22180650343018576
2020-01-31,8.790091660830358,2.822935275559307,2.061847951150395,1.2135761401746978,1.1535418596505649,0.9453346982069405,0.1309116368900411,-0.25455263228925074,0.2334771942094574,0.46432524072956743
2020-02-03,-0.993349850127626,-3.2623480458704845,-1.6457576876658602,0.12762200892829775,0.3080743969148304,-0.07489063084908178,-0.10703599709629903,0.13709076983997295,-0.14214946117985805,-0.1456363899724861
2020-02-04,-5.1834285686683454,-5.244143558935548,-3.267856846357946,-0.7578915524010733,0.14414439556961903,-0.5799718292330599,-0.25127830470565254,0.31905201751959905,-0.29266142929262107,-0.20867072000327969
2020-02-05,-3.2819206721783316,-0.3333435218732272,0.04713701688292068,0.08951124567820272,-0.14466789991885615,-0.2701470524258249,-0.024523731577096086,0.04283567732239423,-0.03352040349626621,-0.07492882899946054
2020-02-06,-0.7298138952345534,-0.40954457495347046,-0.3578027012188191,0.0815094458014545,-0.22412397739243756,0.0479134584188027,-0.11096077950762127,0.012159380149455652,-0.012567116916074652,-0.012680121427489819
2020-02-07,3.4679580272828687,2.468221820258465,0.3766554814855366,-0.5990948948689188,0.19351595799456958,0.15641939900182103,0.25723878319655413,-0.06287802813920157,0.09396135712908184,0.08427679604430667
2020-02-10,-1.4897541781775059,-2.214113453654123,-0.12410671403495793,0.12912139288483712,-0.07882617837540404,-0.2587406925247665,-0.20338378432708068,0.06906551849881817,-0.08872935128024198,-0.06714137193136438
2020-02-11,1.0488439548439563,-0.6918652003971739,-0.542438603091261,-0.05480625281619576,0.31783710561237266,0.07318030502983468,0.0035962499775406003,0.0351041097308838,-0.027911854669958745,0.04143331156960222
2020-02-12,-2.357195225488545,-1.5578045914949903,-0.4606867007055507,0.07565739761479856,-0.15853672032828536,-0.20503258008334438,-0.2002695005251919,0.08113969119739156,-0.0731973755845424,-0.03292036586061851
2020-02-13,1.931473143298458,-0.6914019603468577,-0.15260437011737912,-0.12206209826699807,-0.015281641332022734,0.09185360554433346,-0.09454093797596083,-0.002679658495218758,-0.017319732523547404,0.03783316662412155
2020-02-14,-1.030370016978625,0.20511922876843375,0.16926828321821985,0.22081086802594532,-0.32175287492533555,0.04211977836953768,-0.08218343060217904,-0.03486613283608624,0.019668699789246777,-0.02448553747423738
2020-02-18,1.1953266887550804,2.6446237465327025,1.5856363324528868,-0.16234163198416737,-0.6593294324773711,0.02369947550811652,0.11747526101986847,-0.1430502040063286,0.12039273579443588,-0.07015590098778336
2020-02-19,0.11793227978784084,-1.9566831510460838,-0.7179503478319279,-0.300669591981268,-0.17902446000620606,-0.1373001603504897,-0.29886750938010104,0.0857639210193152,-0.0802486182970671,0.021270133510909294
2020-02-20,2.460207674769336,2.3732455611627286,0.9336769541517475,0.44365742895739213,-0.31627218312059424,0.5033354526513175,0.16360113239572754,-0.17951114234281795,0.13778775665376838,0.010773342968692541
2020-02-21,4.188456900975467,3.4826233805538047,2.015257557689131,0.9338932270848677,0.32938424693640117,0.5915578343275877,0.3616685899173162,-0.20231054816349744,0.19560372434856899,0.1320239375173645
2020-02-24,13.633096754549825,16.210448378667625,7.716465425484316,2.804580903575957,1.2597387923015186,1.504353306495208,-0.025576455470300467,0.057855607062931996,0.640259249692673,1.4126878000000156
2020-02-25,13.69429825850965,0.36749555312162324,-2.8190091242883586,4.062850955846658,2.6078960892146914,0.19964895938270982,-1.6403708008128373,1.7387577186527694,-0.23954032300345546,-0.3220166007064047
2020-02-26,0.5195776279295341,-0.2262977541836999,-1.573366207004865,1.248039079283471,0.16771182824443978,0.030690654322620144,-0.22034288608002064,0.4315270907105095,-0.22026954043556293,-0.18384250812985012
2020-02-27,39.76651274749067,-3.8645098338672734,-4.0038666977531,10.290988615793134,0.7797708548242591,-4.180080768765542,-1.3067819287166467,0.27978092993324294,-0.048241139921028305,-0.3336962207567656
2020-02-28,0.08467499208360277,0.38437183988945267,9.658787747553932,0.1783651327941811,0.3633411898733217,1.1354166478073828,-0.8383635871971575,1.0538730509739753,1.144153187871514,-0.14046306475296588
2020-03-02,-14.232100696823696,2.6743950221743247,0.49047593957400104,-5.703005765213782,-0.7937680945443333,1.903328386853794,0.4721505201684184,-0.4116100558011531,-0.17313790905033863,0.1649029908171698
2020-03-03,16.770107989022524,-0.29574478681734195,-1.3329548248327334,2.1300932271799877,1.2566659938925362,-1.4068175443372797,-0.9822251521278698,0.2275813123311863,0.35582341920163246,-0.2681751072119069
2020-03-04,-17.045813204993287,2.74110581392344,0.16180345714979516,-6.235370207459379,-1.7554662824954144,1.749629903685652,1.1062692821261222,-0.6547791500224215,-0.42428869316039813,0.45404499265572434
2020-03-05,36.584999563229786,0.10863738236889142,1.0981160607231473,4.426661547731406,0.5444386689577436,-2.502797309620956,-1.9769555728180204,0.882503812244512,0.8340794250139314,-0.44925392033413014
2020-03-06,27.472047127266528,-2.082756769802223,-6.389250131361414,4.204700589404452,-1.7162801485315073,-3.8522072999135024,0.6063270646623572,-1.020688107130644,-0.3732662614660796,0.35691186801991553
2020-03-09,66.20317776963927,-21.188636904171886,-6.79250487582843,13.333923796240049,-4.392623458445612,-7.53372785634095,7.427997521073338,-0.7293812573470018,0.9141226145508498,2.8206361871300767
2020-03-10,-33.04104199582793,15.064089061030556,7.34550074992416,-6.628984950322152,4.4453831407294135,3.2188674305809286,-6.64318895715011,-0.11313243245956238,0.5238095565133558,-2.469668508787685
2020-03-11,40.42200297243551,-10.85745944390152,-3.4544108573830385,6.392946940752982,-3.2108797763347536,-4.226057900781698,4.198492379319936,-0.21570081941417132,0.6226491142718303,1.7093528662072401
2020-03-12,112.24066329184983,-44.151002247986234,-5.519135553131869,9.415844348389884,-4.852621603884983,-3.4150893925726464,16.99128645461244,8.48322641800571,0.6215636567699111,4.4957896072966985
2020-03-13,-98.19976002583277,51.753687127536836,17.95834029228188,-9.284904291588349,4.751678909969133,2.300233512824735,-20.676101647199808,-7.120218386564274,0.9058439535363491,-5.242933260759012
2020-03-16,155.38495820612798,-67.22231928326485,-10.399985197007862,15.650272755130555,-11.02281103966294,-5.2441192952219975,27.62781135587304,13.681259626484668,-1.0936998410281262,7.633957069391842
2020-03-17,-28.29436299213093,19.438375228618007,0.6700481736497357,-4.23504422384953,-1.4026403763395945,0.05465822361093916,-6.409793959736658,-4.6264437831102345,-0.3507539226968547,-0.7104708017501463
2020-03-18,47.34866419995903,4.181431292351793,-7.997528296947322,-7.430178124173468,2.1706726861434347,-1.7488215741220683,-2.300660572417595,-2.964363448279349,2.4194321568533694,-0.907724370934503
2020-03-19,-49.37129146022431,25.701895354538813,-4.376816749431291,-9.865636362685008,2.9177921343694413,2.1548614457662305,-9.553206637251865,-6.348444184306527,-0.18281993946940506,-2.6273382818869333
2020-03-20,-44.802712508357054,-5.975619117872891,9.009527900034053,6.851771636319192,1.1830198055752912,2.124543006775372,0.994284371843152,2.594591240852787,-1.1660141717993344,-0.13420765055933526
2020-03-23,-52.96819798130116,2.3040363561433166,-9.4590917976158,-17.08080167198615,3.898143854389026,10.09371034526126,-2.5445906591151983,0.14540616945016102,-2.542424401598862,-2.908236215566487
2020-03-24,-31.403490204572346,-27.60013060419692,0.26143033218946,0.16081959737492366,5.037025070141554,5.699712990503573,4.659817606168031,3.5007971114131027,-1.1341577666158822,-0.31359417694579117
2020-03-25,24.562379969199537,-4.01517167270458,4.971106884873657,10.574939881505573,-1.7107554713283006,-3.940003507448364,2.7857379761262786,1.7551947853950902,0.933234552481257,1.2614173586281945
2020-03-26,-30.866598663563302,10.993261814104683,4.165338710162851,-0.25197830567877755,0.022172784799308114,0.31397296017559845,-3.6570514608774265,-1.9690424994976836,0.052664029163068136,-0.5725225313599658
2020-03-27,31.85168236006656,8.265727253637513,3.1828421435909924,6.504857010307276,-3.05028774985744,-5.762798192737066,-0.3520799017245285,-0.8652412225040105,1.1656921287311863,1.1605074994935114
2020-03-30,-23.13306132911827,10.702944279781718,-2.1814705289201712,-6.921702855658323,1.6509894013622715,2.360977365029476,-3.8677122798646555,-2.039777095979234,-0.3375225769760613,-1.3724169091655944
2020-03-31,-5.512679236395308,16.22526016388404,-1.435266817984066,2.5554659636126877,0.6050839713919461,-4.0557458541369344,-4.077499489953344,-3.9427398069136848,0.7717627911258409,-0.14881789433177184
2020-04-01,40.58833989385332,-6.686988821760983,-7.109772688584694,0.18327869264336263,-2.4104823497205228,-2.3525861864456004,3.5797918661465973,-0.3625298505609395,0.4254836505340993,1.5240792691412492
2020-04-02,-27.322992659446097,6.764962091537865,-0.2127616798497594,-2.6474705939208256,1.0060416225297435,1.790057001548284,-2.342254517034648,-0.7366767735735551,-0.7846666952447063,-0.9161939856660716
2020-04-03,-9.634492100015937,-1.205490007532179,-4.358742731070486,-1.7697245286664713,0.9206875414545814,1.255253634652974,0.6593410242746406,-0.3867283932391466,-0.4736272831507178,-0.09483025691037959
2020-04-06,-22.536621323864754,-9.57050149424556,6.184582333414499,-7.324629921879672,0.06438125192140377,7.175432861337447,0.7262855167706731,4.343063126566202,-1.2726597458599276,-1.1948260340457562
2020-04-07,5.5453770221997365,5.888893670836075,2.1971470948886296,4.113128021858665,0.029645840633766945,-2.8346661574460623,-1.2152317837374886,-1.0331513603609892,0.623333474139479,0.21755572703255027
2020-04-08,-8.780477722887088,-1.23133497314749,0.5728301773404821,-1.5889394450332717,0.32144695317155075,1.472865833941502,0.006697935021577167,0.4351038540487995,-0.23646275739851436,-0.23418651836168577
2020-04-09,-6.509887218616676,-0.022752011081551626,0.3554973608246251,0.45894007738052356,-0.5826355085082904,0.3705871409920826,0.15553696036721992,0.11210353239351589,-0.3104252076332239,0.10218056612169082
2020-04-13,0.41925172030844315,1.3334548931819992,-3.13664532579428,-0.4423280866009051,-0.037075789805466976,-0.29941067209447786,0.11678956217437263,-0.5693047697359256,-0.23575655510363921,0.07245215032254239
2020-04-14,-19.44275562694798,0.42399691106624926,1.0377237723414034,-3.660863316580382,-0.5879211824648671,2.676867333666279,-0.5387995564799676,0.4375278471313645,-0.5515327865202309,-0.36931272420908684
2020-04-15,19.55034886250197,8.620088232098922,-0.0644279739157294,4.780001698249261,0.29543855978366806,-4.73660935439872,-1.5418025335192849,-1.8096417081112015,0.7853115220202856,0.363497972591666
2020-04-16,0.6838670347550551,3.330362329489192,-0.8824533334176322,-0.31364557484806094,0.3122981718689352,-0.7064229141296737,-0.8598858318930714,-0.7323998236719935,0.13682755760510057,-0.10636134424611986
2020-04-17,-13.119668309559172,-2.2585547750541957,2.2879095386442168,-2.9284814545018625,0.24150862324919736,2.83210265332094,0.16674072034344048,1.3015604100231941,-0.33434884847358903,-0.36812055624046
2020-04-20,23.430387170538225,2.2738688239262252,-0.3258611906512414,7.2254993594680625,-1.0701387473523476,-5.255598072002327,-0.003378378779755094,-1.755005167897371,0.7912212639421317,0.8968081257133911
2020-04-21,24.017158771800514,-3.5996479086596955,-3.493972483925207,-0.3056006542015196,-0.6712130039511026,-1.289085053282784,1.4069723842948034,-0.3149959534385854,0.5418494834568877,0.5136824447877905
2020-04-22,-16.054081470583277,5.953742755451463,1.5354215713576664,-2.481849224982063,0.6533429455562576,1.268800227365876,-2.079210395818681,-0.08131259596896633,-0.36883128380988284,-0.74186407722516
2020-04-23,2.5438131487577973,0.32227807539257364,-1.5068164375349502,-1.060358136013089,0.05440348228455156,0.03862206530519059,-0.012644801310358906,-0.22423128263808842,0.016901250853525885,-0.04362757182427935
2020-04-24,-20.79281867090078,-0.11138754429722116,0.7379837473025251,-5.551653907937931,0.5505405725451203,4.0456585171547665,-0.20779303575152924,1.4940597775101585,-0.8469074841232159,-0.6492195274438415
2020-04-27,-18.117515406426826,-2.5879050116848523,0.4181518253155712,-5.312947543205082,0.09547718067529369,3.6759843925618547,0.38659349030953444,1.105328107377527,-0.5128577312802075,-0.40974855019396844
2020-04-28,-4.273895331131633,1.4493531322960223,1.7275067732786444,0.7242231748353272,-0.24142952374592605,-0.007788351251364268,-0.33754666552379786,0.06988318732258554,-0.029416810896425297,0.022860896631289346
2020-04-29,-14.85686243434799,-2.3033786773872276,0.4625995899924599,-3.4544496976287724,0.33372831806600206,2.2326457512329614,0.2348313793806322,0.2809332941613964,-0.13233757701345428,-0.2758152636568579
2020-04-30,12.074618805621139,2.6211349276702873,0.2839654441511817,2.8091272222129375,0.10186078128327813,-1.8533903994210514,-0.47374693271877233,-0.22093077573383632,0.23482935094309898,0.15594019980759924
2020-05-01,18.902785636055842,10.00525895491085,-1.7954928515265582,4.715282855670847,0.3563906410206426,-5.014098484718251,-2.274962515887262,-2.1692011166387677,0.5425198272666829,0.20691908041790236
2020-05-04,-5.421957837646617,0.9847033879169549,0.2614143399735347,-1.086895338218092,-0.15343850046018567,0.7294503020406885,-0.09856495785285932,0.2789899079033387,-0.2609727920555876,-0.03593042997018248
2020-05-05,-8.606213921639915,-0.6320895783331758,-1.0762292485112346,-2.870360797419689,0.02925363432298707,1.7461188482347456,0.380109174646325,0.49103822096548244,-0.36761414249461505,-0.13017176997921742
2020-05-06,4.130718182232701,2.241709977779957,-1.418349788347942,0.700200545157469,0.356097059725354,-1.2140973317929218,-0.5816191271037363,-0.7519531529593315,0.14119696310583846,-0.01953548877680891
2020-05-07,-11.5916100025845,-3.655069987406512,0.9494789442396613,-4.107456228796932,0.09893785549328808,3.1268358751781293,0.8793242760129386,1.2693977179805753,-0.21828544486668658,-0.21872428843981703
2020-05-08,-15.255176368017779,-7.121442924218958,-0.047503311175285876,-5.137880407112359,-0.6070888821123528,3.310224814011614,1.5269485203754096,0.7160571638416479,-0.2521404281830738,-0.16496358644316533
2020-05-11,-7.853346930862844,-0.22076313886525892,0.6693811138508678,-1.3003291036505864,-0.2454092181941379,0.7050146752229384,0.07026804451081968,-0.024509653767179874,-0.06476526831565363,-0.02683118764906395
2020-05-12,20.8649741670024,4.488113432437476,1.0015332136854636,5.47309114649811,0.47051683580943926,-2.919177138361209,-1.0653762455374756,-0.15238460658088765,0.3599123963030941,0.1678578776686935
2020-05-13,12.895515735800549,4.124188329415788,0.39085897213613857,3.5491099463608586,-0.48232378152352484,-2.6047530026659897,-0.8841346121510294,-0.6301253638976628,0.15804522876087082,0.24988190318950632
2020-05-14,-11.068270826044568,-3.425259094782465,-0.3437052854571599,-5.1838878860263105,-0.5116631991926361,2.9828748494177857,0.8909075977696319,0.8017184602395306,-0.2673681766093977,-0.20862836772683774
2020-05-15,0.5787530158333712,-1.895428110488557,-0.3011194321323179,-0.3641320107371156,-0.6546433961880442,0.3435121221831501,0.4792690414228619,0.1475087243287729,-0.10786889492263037,0.05829239003646034
2020-05-18,-21.653919131626306,-7.7275804157841215,1.2915255319103875,-4.81649141248539,0.08264868522229915,2.8304708260964353,1.0782140921173482,-0.046744818303128294,-0.023142682165627617,-0.2155755246236374
2020-05-19,4.332456335898538,3.3192123688328414,0.334240376531166,2.2304628626095977,-0.11225838710371526,-0.7428582035768017,-0.42917277266851955,0.1729799251210656,-0.008943157794755324,0.0574018138671477
2020-05-20,-9.34106509102081,-3.75966463090572,-1.1776384104474311,-2.454317748693628,0.37366098924696256,0.965732614264846,0.5605757252236414,-0.30286832423550003,-0.08929484772378656,-0.08171858837278838
2020-05-21,9.128888162557468,6.298207844657908,-0.7009542247631889,2.01435454010711,-0.13567345779616152,-1.1939901667161832,-0.8125836901487414,0.15732101582153454,-0.05277607045425273,0.0647659722856943
2020-05-22,-3.613962491803867,-2.931679183362945,-0.710884096851123,-1.4797235174119852,0.2077469340560658,0.6420940533128446,0.4459627217472707,-0.0891451157303837,-0.004172699582246503,-0.05906849929481896
2020-05-26,-10.200221895814849,-1.063865505537572,2.37568585920558,0.4181742826367311,-0.16088047825650686,0.4943338055405688,0.09646101253550676,-0.07637702633549262,0.029848600811621096,0.0037975998650239223
2020-05-27,-7.092251074825452,-1.517537050517081,0.41201564111132305,-1.171255510895144,0.30091347469854035,0.4039632948652649,0.20631134822923825,-0.27051978031389645,0.01841911569616727,-0.02621401972525859
2020-05-28,4.822605458760585,-2.108864097152785,1.0149592212268352,0.06578992768039385,0.00476122279733541,-0.06615828581116028,0.14793458807360668,0.09458684280168848,0.13014691851758142,0.01659143660275502
2020-05-29,-3.8251654768861374,-0.9417664642187638,-1.6127824333321519,-0.7551115419483834,-0.17624489417801725,0.2621505207493756,0.1839865779497025,-0.1413387187045268,-0.16429262585401294,-0.008161406699102267
2020-06-01,3.0770153602977146,1.3369848283927779,0.9760434550594953,1.5852281201567648,0.5995324171004653,-0.34030923499532667,-0.17851601193749814,0.18756334234729635,0.12754515706174893,-0.011533809978971932
2020-06-02,-5.30105069987747,-0.1853117012694916,-1.144405486239414,-1.728816301537916,0.07000249338047615,0.2891445950549458,0.1070801080872721,-0.2763463678066348,-0.10439955689479143,-0.019085733180083123
2020-06-03,-3.4331287631170593,-2.515104981738767,-2.3424721456727755,-1.6624980134542016,-0.4671261800257816,0.37653206413561585,0.3124091821393964,-0.19929909508421648,-0.20401001447538206,0.0034234569806499845
2020-06-04,-1.7800139005201183,6.6003682870222775,0.7077516536141109,0.46858971138345273,0.007938398729341501,-0.2795659947933787,-0.6174509822934223,0.06817654182121279,0.028039834344214608,-0.006611200066412755
2020-06-05,-11.297603707447717,-7.132938337569155,-0.47751377708151604,-2.926036785842335,0.35150706379814717,0.34128996755415647,0.7555982715858476,-0.6974442014411882,-0.08646824527612197,0.01689293786671908
2020-06-08,2.1436038371654944,-2.1162147157102513,0.19702847649626576,0.7067125703100641,-0.07948521311707535,0.07091231207505207,0.0995120400166341,0.10835355975613722,-0.010468008916546253,0.007761071897761222
2020-06-09,10.825688122655098,2.3990689883043097,0.1869309757371556,1.102112319270499,-0.1764676364985524,-0.1518583191586916,-0.22738295624712182,0.43224157412556136,0.11950007607781797,-0.012141363071573373
2020-06-10,1.228210132007487,0.766766954479865,0.9117402369088522,0.1249490126449914,0.8820511345545752,-0.19959367028633015,-0.03171699497516207,-0.0013340113013381174,0.12727122525706144,-0.01781286897513417
2020-06-11,58.318024409857685,10.776239943483093,2.6279097037061434,13.353464540061289,-0.013741552365664851,-6.005335284894401,-2.2025441283177365,0.733546300611871,1.0386251980246086,0.3303704951041802
2020-06-12,-17.925830745672155,-1.0140961035184908,-1.057836480541368,-6.653640038815758,-0.20613555394289473,3.07416203789693,0.38638080739416625,0.2684390176158864,-0.42558401032226156,-0.27164361078917587
2020-06-15,-7.9358751231244336,-4.939444943686967,-0.7004734243585128,-2.5578277399765477,-0.5020332320384183,1.3628449524686643,0.9538208811581613,0.00983426540771613,-0.22082417766010742,-0.013516678653970377
2020-06-16,-1.8958654900960654,-3.716561098968096,-1.700011744595952,-2.525783488210952,-0.4318740740814871,0.7284513876789653,0.5994286923965615,-0.1065681937296811,-0.18210992293869505,0.0018450577523515849
2020-06-17,2.8192916724221457,3.1549156925762265,0.4965076044907908,0.7374693062768759,0.18206799607758675,-0.4471455835141175,-0.4631730086157241,0.031865864985171376,0.1074090517077361,-0.01606909195338297
2020-06-18,1.1960847821647094,1.8520481216308595,-1.43423840409448,0.8088309355204789,-0.24628192659369863,-0.3277560441871133,-0.13103930514176826,-0.015369664516586239,-0.1461701265544072,0.033173443805917
2020-06-19,10.068554540470082,7.058794069818687,-1.910676925766981,1.0821956808584579,-0.7865312612276697,-1.5231511959145216,-0.8987815853011303,-0.2004084591319216,-0.18953336613044838,0.14332417024719868
2020-06-22,-19.594054284451637,-5.397520069268111,0.917654494083019,-2.371836901496963,0.5699668755110808,2.0012779814121604,0.8037492967918471,-0.002860187826077597,-0.023673703481829178,-0.16889331846942512
2020-06-23,-2.1588170893510314,3.340609463223754,-0.04664590642953379,0.17991891017486827,-0.11682551410809555,-0.2084925066852824,-0.4126217773905148,-0.03299447767167806,-0.08618468364691809,0.014876705218038265
2020-06-24,10.291266411873243,11.035485078562413,0.4305200600115565,5.015235820833602,0.4407741231990895,-3.0381622378810746,-1.9874188809717508,-0.32762559858904255,-0.18105183527962807,0.2272603582683173
2020-06-25,-8.213763937295917,-3.7491556867816453,-0.2332926466159898,-1.0833913133070823,-0.26882176409025044,1.311497627055811,0.9006142889459892,0.24415152365193418,-0.09550395450804347,-0.055510032421883945
2020-06-26,11.248501904732287,6.174330753603023,-1.0580503515388435,3.781301746569676,0.3982511531422377,-3.0290802877055856,-1.3158238119146197,-0.9000523717520751,-0.1123542386093544,0.22241220327988523
2020-06-29,-13.765955134811987,-3.6091248463143732,0.314692259251546,-4.196697152286094,-0.08344747882342363,2.8716745826847294,0.9369116738503286,0.7978631504164568,-0.002645203789587755,-0.23091173878009597
2020-06-30,-9.47393950089606,-3.0240774687772176,0.9651085779417856,-1.68029233046759,-0.23292075625896644,1.399896242321781,0.6360563032714573,0.19580855052461618,0.06698144498592716,-0.08677810141244278
2020-07-01,-3.223545967468803,-5.357540798643489,-0.6396016430709796,-1.5480108101532204,-0.5307353393650865,0.9247419869287403,0.8870479295699395,-0.08546524752796919,0.04907359887054879,-0.05544405562343966
2020-07-02,-5.0229699451970085,-3.2929942917212975,0.25841941134913493,-0.9174218560963826,-0.2672337304292732,0.5922609686254413,0.43355774954744924,-0.13771596359681226,0.043240005817784845,-0.027846775933214947
2020-07-06,0.514934696484722,-5.071082363891461,-0.5588457072953181,-0.655287595777839,-0.019814641273267312,0.3675748396842495,0.5085114999908821,-0.10896923788385725,0.04990608208850775,-0.013079302359052448
2020-07-07,5.8062850890295366,6.670758307197262,1.0692722221540913,1.3101158662718242,0.27910225394659366,-0.8031398672088658,-0.8040904536653014,0.243311258729278,0.034407194250711086,0.026345792800397887
2020-07-08,-5.3257697755339795,-0.6851492189219995,0.07829152968542256,-0.49697806665984373,-0.2907236710877904,0.34502003164794454,0.1590132061328889,-0.08968923811870061,-0.05140202422887749,-0.00296011628882283
2020-07-09,4.557076345998902,3.928202565186016,0.795636972321361,2.0148009133012756,-0.06083033478453225,-0.7230911980216977,-0.545406612606544,0.24269105720940706,-0.08014960896082728,0.07582345537656814
2020-07-10,-5.07096328863881,-4.986073375842941,-0.7792420842114323,-2.17309585750111,-0.03611038201097094,0.8447337456613897,0.6688263866883689,-0.2751133288673967,0.09230943780849109,-0.07942242770582508
2020-07-13,18.278686342143732,2.189668930912553,1.2402422034955425,3.3660581852981566,0.2810784085326177,-1.423790227752991,-0.5183401775608145,0.3963019349073658,0.17497482404738143,0.09747284155279685
2020-07-14,-11.5253845023727,-1.3746298342363703,-1.6916033040943406,-1.6301773692695463,-0.28975157821084063,0.8901959914162183,0.4258817130813121,-0.19224903768882678,-0.23852893876701284,-0.04827510929624429
2020-07-15,-3.01511036370492,-6.217646222986042,-1.0905233000764345,-2.0256813042136237,0.15804731286414836,0.7822136598522711,0.6834435908835078,-0.22831588978045914,0.0718690682870145,-0.058257275664500605
2020-07-16,0.4703251239988037,1.3295600389311235,-0.1052121579382391,0.39767326293689914,0.06211075524121448,-0.14400754378497987,-0.10841668001918808,0.041753258573351534,-0.024072765097031594,0.001234009888919495
2020-07-17,-6.100967922972494,-2.7157893488402705,-1.3216639862298367,-1.8591896098534089,-0.016493950183684936,0.5088573331818244,0.27542520897856454,-0.2769657644591534,-0.05389967000296999,-0.026871790119870717
2020-07-20,-9.526046236986533,-2.464921306221822,-0.7736359810544017,-1.5042728684489992,-0.11495663547521252,0.3909246257976412,0.1355491146767283,-0.3755395637137413,-0.05565042030917115,-0.002224627147165705
2020-07-21,1.5384039539082763,0.9611339125549768,0.5583395843990833,0.10020501772197149,-0.28162123316311827,-0.05555408331753465,-0.09540810394113863,0.05464835787645333,0.023039886831316067,0.006224963240883966
2020-07-22,-2.8151652386919155,-0.8753463241801059,0.02624277584397453,-0.42070640889325317,-0.06328349315714543,0.0811592616257146,0.02166908671788726,-0.12948917766154158,-0.0023475703714120203,0.00508432352464739
2020-07-23,5.973915471805304,4.378065224279608,2.025441723286525,1.8733265965397063,0.1469343200497817,-0.4006738526799897,-0.2870376041289923,0.35908930744335243,0.08525536670688891,-0.004846146127591391
2020-07-24,4.362095267001973,0.5653335272061555,-1.3034175716053396,0.11840769639377181,0.07810457763974263,-0.1285484595047155,-0.003444230253426937,0.13054822399669447,-0.05673486205411083,-0.0012072988711807225
2020-07-27,-4.174510418187531,-1.626586490876909,-0.47388007016175093,-2.269184526225603,-0.13929091487051298,0.2773227327844317,0.10173356254253671,-0.30953577974144486,0.022505714829738645,-0.008974434941835486
2020-07-28,2.7943624907786253,3.178604907852111,-0.17300537574024485,0.49924002044328025,0.2798258236237119,-0.24656125197509132,-0.21721633001148516,0.16320578978803055,-0.010172085025764492,-0.012106562214882639
2020-07-29,-3.284102322584476,-3.185096552831596,-1.1297803475333221,-1.1518601720376311,-0.027430639673176473,0.28292599080187014,0.27702546246918186,-0.20943304423325207,-0.032839278580081066,-0.005050243449946327
2020-07-30,3.426191283856513,1.3075576234705928,0.08476700687220153,0.9041057267915106,0.22889718826998212,-0.17164748216921055,-0.07623293030496014,0.16714618916536908,0.0050249948905171345,-0.00757684946455743
2020-07-31,-1.8676037619196328,-0.46048551882649713,0.6463712766028378,-0.4892167772478375,0.08514295533237175,0.04530850211571884,0.01952046255155635,-0.10672157857098886,0.047684010684726504,0.0013485237617060898
2020-08-03,-1.6159126028541742,-1.8073409636984539,-0.03394118446454991,-0.520090531668414,-0.05667752169355828,0.11513167858333288,0.12261339588684066,-0.11461626690857568,0.0003877152054043251,0.008221908551929091
2020-08-04,-3.5526312815775736,-0.38460579569367426,-0.21583887490704848,-0.4877405320940339,0.00485744974352329,0.06603771380349288,0.0387115562863868,-0.1330503585462333,-0.02132653358411806,0.00025304697364762784
2020-08-05,-1.7658227023115134,-2.603676196652802,-0.9494303021808624,-0.8379325523453566,-0.05610978687439928,0.12911971792177432,0.12537531474885882,-0.13877313825475854,-0.04821082120732403,0.016289627968184207
2020-08-06,-0.76314874042764,-4.042311228981643,0.07519909041112015,-0.4557648521729319,0.28079215047327366,0.031179511509268197,0.1740714936633188,-0.11240384066945147,-0.036940652880615606,0.043951038568441875
2020-08-07,0.879992339354034,-0.08073863916145467,-0.11376824772785521,0.27745255468863167,0.02798937429830452,0.032187006687686065,0.019945298326375892,0.04972844402144025,0.00037157571793770534,-0.0010321552176038107
2020-08-10,-1.2617646089117056,0.7195423714860177,0.46951377580562503,-0.16376936740340123,-0.1128780676945657,-0.050022161727285,-0.05503808768345943,-0.057374519773938065,0.018267801118059958,-0.0044085681551044205
2020-08-11,6.142161015394936,0.44391749465168495,0.7848755412705383,0.8866640784058504,0.21105557896046828,-0.06390657253232379,0.062448883202715785,0.23289074377300248,0.06887813091583589,-0.011193556442931407
2020-08-12,-5.133495100428772,-2.423220932734623,-1.263944454218853,-1.6950267082030046,-0.054894665420940396,0.04789589373537455,0.015625217940320534,-0.2726434768402725,-0.11195788842693187,0.03924586932502993
2020-08-13,2.6818778008243798,-1.3386620250944954,-1.4541109167199875,-0.48960891811596374,0.45106935011085886,0.05722740013011062,0.15113631090455346,0.07649351329040673,-0.05411636049729829,0.0026725351400747823
2020-08-14,2.1390431351703465,3.6508804006995206,0.1288976629620633,-0.28044351533866413,-0.4845101975749598,-0.05571156203891243,-0.19547341562152482,0.039678110874641,0.078280837801728,-0.04131724239666211
2020-08-17,-6.493012774710935,-0.732581428306072,-0.33125886819977957,-0.5774972246793265,0.1402997592082864,-0.03281103412223165,0.002902914546564817,-0.2098362131792325,-0.05145389043200918,0.009395593451733089
2020-08-18,-1.4625455828749958,0.9993993034770691,0.12359028035535144,0.08226904492840938,-0.21041283917423342,0.006894747543224301,-0.07281851985331259,-0.030966252214180354,0.014394391508711107,-0.0068615260131713075
2020-08-19,3.7776302719143278,2.782261067736386,0.9142648119810572,0.2648950681854382,-0.5661894741124294,-0.02396287578064903,-0.16740265577468477,0.11834474269606565,0.0745384504459789,-0.0122486834934218
2020-08-20,-1.1809131290282615,-2.150909143812482,0.02402693653357225,-0.6691580613212048,0.1679791249858556,-0.055166705235579275,0.07958038281374587,-0.11377869308445973,-0.029199311210218636,0.02434627669770887
2020-08-21,-0.13486654125561318,0.09408273531214152,-0.6669919043665599,-0.9648769677450881,-0.17898019754132738,-0.030415503524766293,-0.05319963154538522,-0.061242265426737795,-0.01723111836196131,0.00769737124017697
2020-08-24,-1.688920553074887,0.43473645924090476,1.2096242691176833,1.4864162106703571,-0.08694043118035624,0.06627480359291506,-0.014991838546164201,0.03733864961672293,0.03294012182467741,-0.007189967226374924
2020-08-25,-1.8919983845330928,0.8756907015084154,0.08773333011360557,0.29202469788720414,0.17191293858693857,-0.012618507584974986,0.019586236364949498,-0.012963071106020735,0.005623804056085349,-0.016897238048325127
2020-08-26,3.2474325045797623,-1.5030624420939391,-0.04378077259182736,0.6699866655550146,0.08967186649163522,0.09317174484831472,0.06543142189817627,0.1232437307488533,-0.00648928442772647,0.0120476587531438
2020-08-27,3.5506177729820103,0.5726181583014712,0.29143431804489955,0.0951142371327553,0.030915111595110657,-0.03531153213586413,0.005102147760844884,0.10202929853406206,0.03403532293848399,-0.006117014188448755
2020-08-28,-0.48141498905988256,-1.8099197106549256,-0.9208428501993325,0.3645554957840828,0.17608554858164666,0.12964348219056698,0.09585733074663629,0.025672851236353992,-0.054091348968044205,0.01334520608900832
2020-08-31,12.960738440030358,-0.6815315928597259,0.09703427652435542,1.3327492513771566,0.33321750912679865,-0.059674166644113985,0.2254671369039924,0.4674384528839585,0.06399311218700857,-0.002545859203657091
2020-09-01,0.6610629301782524,-1.6601719062306919,-0.23198191115476505,-0.5501096856642316,0.195963434161931,0.030017682971949997,0.11181325199927639,-0.022369882658514417,-0.02416300124010542,0.01771237571987077
2020-09-02,9.748045115020425,-6.043064680431921,-2.9060778114071946,-0.2629924063334182,0.4741820354204012,0.28511898147434006,0.5559593166619059,0.3285466056310237,-0.13868071514722907,0.10838891095215697
2020-09-03,13.52514715657243,9.590331796587462,4.1433521884190645,4.650391537053686,-1.4229493833216593,-1.0719613671004447,-0.5513157467184693,0.583849781764142,0.3295370493237395,-0.03316011195627135
2020-09-04,-9.036961494337966,3.9554603294111823,-2.278414717168469,-1.3665851797513113,0.8470400311283711,0.060944349940770026,-0.3006574947326436,-0.3736943958142044,-0.12025415116640262,-0.13767128531407816
2020-09-08,-1.5934341123871758,-0.12191365841411504,-1.4049138156091823,1.8245989394398168,0.2905030555507078,-0.1373920877525402,0.2233478088035609,0.033380859136015184,-0.13612235521040114,0.02439462309814158
2020-09-09,-8.990377707942843,-5.97718315004586,-2.919231099192714,-2.7072966371803493,1.0119313827257101,0.8980844658522318,0.5131579741857953,-0.30154901885822427,-0.0896308632252563,-0.05050373371960962
2020-09-10,5.94017670855906,0.8707750961171461,0.5350496077292827,1.7192886970799406,-0.06774873324565008,-0.33149025257245723,0.08195415718526018,0.21345209810974017,0.02600523100650802,0.022693937448663888
2020-09-11,-6.221367072823307,1.0599690220023965,-2.6165438802985954,-2.655423979056084,-0.38052972312342087,0.36337741827290077,-0.21515611016389513,-0.2936988710689145,-0.09923640481531061,-0.025409408818195887
2020-09-14,-4.6555609282408446,-0.21953983358548157,0.567144747455261,0.35673164768665633,0.19729758919080662,0.07344870096813962,-0.01878485227431891,-0.0707033696878571,0.00023880816972084528,-0.010796190641812087
2020-09-15,-1.4239025391660283,0.34415316900413023,0.04746918886608863,-0.4492074111289097,0.026123426838704708,0.01863554827078213,-0.06018197862843842,-0.055499115812070475,0.008596809395289584,-0.013548490126291531
2020-09-16,2.6077110954508567,0.7422194925816871,0.40324074279123423,-0.12648827814490163,-0.3057195649196744,-0.07904598631853565,-0.08165501494968948,0.048952900019189026,0.019762758457961303,0.008065385010162036
2020-09-17,2.879825518822708,3.234794564798257,-0.27932321255891746,1.0513029750979381,0.19101468088242737,-0.39060677153368184,-0.09616226469849226,0.09361324676268253,-0.02986810969387591,-0.03399230488610391
2020-09-18,0.3345283684673236,1.3287952086187373,-1.0598082096087864,0.6433371822098058,0.28453921606387983,-0.2102792505252988,0.025888768114419265,-0.00673400960826084,-0.06605807774894687,-0.012594546766617783
2020-09-21,5.369740286263024,4.711505016373967,0.3806398315957949,2.799871819129947,-0.07515989465100868,-1.094091929409516,-0.3203842365163379,0.005286723215499202,-0.1242566987621423,0.08382743491099919
2020-09-22,1.6858964850271487,-2.202704852489128,0.37410921976746014,-0.28304827803208993,-0.2123231210976805,0.2859913498382531,0.20064307048846072,0.10132320651701286,0.060546337592081494,0.009219528295931445
2020-09-23,6.845481081471763,5.201915948448261,1.5048136771650238,3.473884852258631,0.1050693919539145,-1.653752981442857,-0.628247965400869,-0.18292590085205337,-0.03430085000261261,0.13951598063908494
2020-09-24,-0.5397689964604807,-2.7185302719838647,-0.3133021629157977,-0.5816472399795433,0.4820635529445865,0.4904540147675305,0.33210638322718977,0.08649037026214278,0.10555325429658324,-0.07974294004146558
2020-09-25,-5.712506746901049,-2.2618787379712786,-0.8956233941755729,-1.8647925625006185,0.03986525394634674,0.8941758424673617,0.28586962343046657,0.06090268177979757,-0.024661127925663922,-0.0803578528471537
2020-09-28,-3.637895735049967,-0.9264356056093909,0.4037694658003107,-0.07561617788306842,0.355040337551621,0.2595323122863201,0.054103841685797856,-0.000787508520711937,0.03802009865846813,-0.044049417658115333
2020-09-29,-2.4289345411204564,-1.287337617637626,0.5901422766359424,0.10114956495899025,-0.13255465748356196,0.2604853342066001,0.10566101701197382,0.04638408212997278,0.003390168306230204,0.0091057687763973
2020-09-30,2.771107836561287,-0.4948484040403031,-0.08377757082668998,0.239468369829334,0.47377326219728866,-0.13957293800858891,0.06673119500160037,0.0069642486783815455,0.06664551730629928,-0.02486906937762363
2020-10-01,2.9989581601356803,-1.581628969132145,-0.11374192333223464,-0.9072185336802282,-0.2073944101382065,0.20980866440658313,0.13783483050767759,0.07250802630628003,0.04250571010095072,0.005518039166058917
2020-10-02,4.121966124420657,2.4821042655608943,-0.16862070981635666,1.5637586294631924,-0.09642521330140692,-0.6982461334356312,-0.16152889065675238,-0.04009196383192381,-0.04129508136026961,0.058506667015136016
2020-10-05,-6.488128844585669,-4.4514889067035455,-0.47507453288894946,-2.094436127539445,0.20490945614221598,1.046254660200268,0.3812890599581451,0.027610897837783963,0.010943899599271346,-0.0634587172600327
2020-10-06,3.967238725854982,0.3061039258945597,0.5222545044080674,0.40402557533761724,0.25354972745237314,-0.2468858941246363,-0.024435039271218952,0.05602064782926377,0.07746258946086113,-0.01286675957008063
2020-10-07,-8.097050292261942,-2.0351859699477344,-1.344863239540788,-2.16852730485335,0.06915364340243114,0.6885574280062772,0.11461342791473236,-0.17185178490371217,-0.07949565434385235,-0.03205042818594647
2020-10-08,-7.805576416701389,1.1159921190674336,-0.6642071573224806,-0.790083501231545,0.02468252519378982,0.18408216655934023,-0.1482349700339032,-0.18498793540976236,-0.05212483961452855,-0.028689560833267815
2020-10-09,-7.693478025817023,-1.9844572021963758,-1.3625243732927919,-2.1934024641927223,-0.45701693129710885,0.4586047574094262,-0.08576868275958689,-0.25279547832642657,-0.03135014001933086,0.04854919050870958
2020-10-12,-4.5991338370160575,-0.5925897207818018,1.6756558389922889,-0.7841954950894364,-0.001772357512354986,-0.018167508521381177,-0.11190932454836504,-0.15723000199914508,0.04145890271342628,0.013508641868215111
2020-10-13,0.9167247345226347,2.7031620531323584,1.099702199519099,1.246151108199579,-0.4506440915758147,-0.11650278863741191,-0.14388139900996588,0.11505316819412706,0.01073529618969862,-0.015988348881191695
2020-10-14,0.26378817285632805,1.5770712060416257,-0.10774817494688214,0.28944866494675614,-0.24084782990442233,-0.05818862353779881,-0.08514350315395663,0.04628591993623508,-0.019610312608152488,-0.005943170898815794
2020-10-15,1.5248496752456737,0.8612206104991292,0.9093331068006382,0.22455865443994916,0.05609318242228575,-0.11581066971696176,-0.05790595903163322,0.04355858061738485,0.03200957237957977,-0.009535792761158847
2020-10-16,3.586527000205803,1.8257227339989763,0.38872372798952903,0.6875498345106342,-0.009338026516704538,-0.2143862583565591,-0.10456107346855338,0.12051833352431815,0.0024863796393523375,-0.008316966303289118
2020-10-19,8.85769216797962,2.5508073635963364,0.08223275760021503,0.2679182188581316,-0.07349723808290033,-0.43074833295361853,-0.22577134721884862,0.15564986394128744,0.031107963904652397,-0.001142384100741358
2020-10-20,-1.491495350136711,0.6034820708930813,0.6036975059932774,0.2574009897010949,-0.06713712088241362,-0.013421012070223644,-0.07922636344268134,0.001988810490971023,0.002621619655822605,0.00564881634678546
2020-10-21,-6.038027312323407,2.770228439956367,0.1179857672048562,-0.16768051733141415,0.19529342994015159,-0.04564184942764468,-0.2275858767003987,-0.06479016380914235,-0.043628206550907885,-0.014195722284837193
2020-10-22,-2.5050921938835313,-1.7824396489967356,0.9375598660102763,0.3614453442784545,-0.04337874343060205,0.18843320494457744,0.14139911309320052,-0.031085953282493032,0.035807568371008874,0.007779903530404169
2020-10-23,-3.9282705458605824,1.3829312179844022,1.363804138059153,0.4584024262284717,0.33245916454187135,-0.052039194428540554,-0.14675364774401473,-0.026806605521816417,0.04242832139262361,-0.00011275203225848875
2020-10-26,15.252032364961561,0.5942849054866763,1.4897912265468982,2.7278218608959945,1.0618468884071246,-0.8743778707620622,-0.36435162979361985,0.23611174238011226,0.2483076260892185,-0.03658746118848475
2020-10-27,0.8028882813129892,-0.7330002899902148,1.2703078507535555,1.335015576994623,-0.15353960701653083,-0.09207926091453102,0.033309966106213694,0.09583957016246761,0.03439232711342514,0.03350275028004453
2020-10-28,25.173446163959614,7.074859591535866,3.915591645625501,9.115901567114753,1.2556696408079746,-4.234490439241933,-2.0309239283891203,-0.438204234969996,0.7005996619463702,0.1486302394803621
2020-10-29,-8.41310608323816,-4.2753661813935935,-1.890252876373482,-4.908504726887942,-0.2335929029605006,2.357353272373378,1.13372287967253,0.4458838586443251,-0.251066462307155,-0.14254572108658498
2020-10-30,0.18982649973244106,2.118302704194059,0.597777705967898,1.0668140986246848,0.8317567382029618,-0.5548354694029807,-0.6048571469654281,-0.17545519887196867,0.17753022498876014,-0.06557751810678075
2020-11-02,-7.446543248286144,-7.873049864877778,-0.7762409052672401,-3.3798924780926045,-0.27295837751730206,1.927124318171095,1.5974025598262611,0.29263848937126574,-0.18727977346545535,-0.024395563358347427
2020-11-03,-6.899504844077237,-6.963684751898345,-3.4242111283997856,-3.722684712734606,-0.3362874339410862,1.2676793025950308,1.2100940910835853,-0.11994116035977936,-0.3803816290876259,0.019309600601434506
2020-11-04,-16.741358938361223,-2.0311420904442454,-1.5310294058752942,-5.4970420758905405,-0.858334822695236,0.6067242513223413,0.08076387712137367,-0.6728509652136809,-0.26541972076269593,0.08260593618004433
2020-11-05,-1.8205002157209402,0.1069196762539169,-1.5912880935005558,-0.11720634079061866,-0.8136389232621126,0.22600279158908437,-0.13360636824908206,-0.027886864535622894,-0.07229401313076106,0.023942546593113043
2020-11-06,-6.622580406162552,3.0377217328320087,-1.287034412097259,0.39502144377019144,0.012987197419116045,0.03751155245293208,-0.1265892814895054,-0.06606314256861336,-0.04017399355160486,-0.04259544628208102
2020-11-09,-7.351169427661166,-0.7876005821754678,0.4342163714413353,-0.5351942603507,-0.9749454332969874,0.12201266036069061,-0.1867542159035106,-0.22471151414668564,-0.010029903800855373,0.0629260061229955
2020-11-10,-0.7543274560831422,0.5185145247581002,0.9045959403993642,-1.3599178609417275,-0.13482111993148854,-0.2079046653162277,-0.0506768943451168,-0.1329076372046327,0.03785425004879129,0.01478975971008666
2020-11-11,-3.3097695422219338,-1.1211174024557566,-1.3939967604810388,-1.285645105023029,0.24815896916739755,-0.08542267600085617,0.03679713120913421,-0.12710599850544732,-0.03127332308923895,0.014005604385232682
2020-11-12,7.995973146545996,0.08602479656542204,0.8809355175416935,0.3061546121103206,0.09077208300336351,0.015092893039837863,0.055955061836065814,0.1652669175702667,0.028179615963553156,-0.0116666925733199
2020-11-13,-6.5927438659275825,0.018146401841527007,-1.5519906731992092,-0.7828696149082308,-0.043222191206219375,-0.007895753600955917,-0.050718288002547976,-0.14427258311074648,-0.029575313408526017,0.008590118849318953
2020-11-16,-1.8210421206916572,1.0410472687168393,-0.6031730488356074,-0.597137940842086,-0.11830675000380803,-0.04916415061569475,-0.04151760071604329,-0.034075329381246106,0.01087968748410226,-0.004006945016252647
2020-11-17,-0.04202358336676498,3.2116701327471895,0.5302752293818926,-0.0781968957345798,-0.3388103482004998,-0.05461661719701764,-0.06549398380543045,0.047681252260518996,0.035761616542738045,-0.01648901149432844
2020-11-18,4.768638592733277,1.8714604445235763,1.8644421578520003,1.5851517347294637,0.35192191664695016,-0.003195392168923004,-0.01143141714139306,0.17608231223221557,0.03011500809497429,-0.018988055416426963
2020-11-19,-3.255375691036084,-0.9038828350480957,-0.4744866104649457,0.0771531201972803,-0.2582047781977637,0.08817508101274074,0.008213006241567176,-0.06164143298464684,-0.02794103489859387,0.0035370807687622532
2020-11-20,3.8009357641556583,-0.2306155299897443,-0.4364399283882347,-0.11032508553312916,0.28701875860677434,0.0019052477519926848,0.03338022731452649,0.07317107450751303,0.0017868942766269325,-0.013855503525549566
2020-11-23,-5.367927166384747,0.11772642546719023,0.8285532242123677,-0.34443534570884454,-0.34902510957898936,-0.0836739514390705,-0.02458904296589853,-0.15728191551946952,0.014026913303690141,0.02813779559085732
2020-11-24,-3.817188328445037,-2.0957415175853544,-0.3991752533747851,-0.8616193183587796,-0.12623463393879966,-0.10062685731182426,0.008922133410135511,-0.16779763334573095,-0.014297395792953568,0.022780503842551845
2020-11-25,-2.282432614606445,1.962219733532985,-0.2900845831034168,-0.2979871395295898,-0.22668462172226586,-0.03247143857148277,-0.0274048472722884,0.002175282281170669,0.01536450531416977,-0.0035281379671283104
2020-11-27,-1.4575731419264255,3.5937258227049464,0.8267874432009913,0.8718895682274341,0.053527749944012416,0.020034605683150703,0.015826380717268253,0.11748034824207867,0.0027172304795344752,0.00223820893620389
2020-11-30,-0.5122327828832435,-0.3054620145678838,-0.028172640684287115,0.22512171801977998,0.08354683073468497,0.022798597414045663,0.01954941041091913,-0.0029411623427146004,-0.0055551796695929145,-0.0053638422499422515
2020-12-01,1.2027710098009248,0.23706656853986843,-0.9156385411285478,-0.11888218662644481,-0.07161453244255263,0.0761373629714295,-0.032601696072727296,0.06805683984062773,-0.019748658825852933,-0.01241139548144762
2020-12-02,-0.20138526595817466,1.4209282460674484,0.8373967979595035,-0.15771551038881412,0.36540857167175905,-0.1473390312679226,0.04656242646730166,-0.008657554557170802,0.02766664668512817,0.026906426613800268
2020-12-03,0.1208648009336667,-2.0042904249920124,-0.03849396981926866,-0.5896267591516396,-0.2536858518052518,-0.03471338685093353,0.003753155162637704,-0.11451757193223837,0.014600516221087743,-0.004185095618849601
2020-12-04,-1.5805904046916814,0.49896432601276447,-0.08333083662676152,-0.43891397807272153,-0.42762882754712045,-0.030744573348335854,-0.043738466116796645,-0.03398331833706437,0.006198976047417502,0.009535558217279866
2020-12-07,1.9527152226621076,-0.3163896919558305,1.0282240066745725,0.3578066178836782,-0.12313377133188326,0.014043564212943959,-0.04379602051441564,-0.01139641837913605,0.014324919654797073,0.005263015757254984
2020-12-08,-4.949471442620972,2.8065262616524693,1.3130182380431679,0.12023580224265998,-0.4915444724030134,-0.10078893387623675,0.013547568306933072,-0.04112501647703028,0.01971353347884867,0.04178157547848676
2020-12-09,3.9931042957130023,3.0605567841857804,1.6937078710565208,1.72798692567419,0.3621468866977309,0.12755662375411692,-0.15202550802428752,0.2528452888612629,-0.009965528549140477,0.05231337356629763
2020-12-10,2.3605343563960917,-0.3174813407675406,-0.3222149138647548,0.20601143756203516,-0.09178529518771628,0.06860191353422362,-0.06657322942385313,0.07401545245521647,-0.016683722859199668,-0.025598520566821558
2020-12-11,3.1152234737773288,1.908529471397403,0.5764263055227651,-0.06247620880035402,-0.03596245476518822,-0.05100143340233091,-0.1544757602822054,0.11389741394371268,0.012721124421819672,0.04120643099665691
2020-12-14,4.081564920374289,1.7329773561914694,0.6635922379626908,-0.18432492763211422,-0.2981962330931362,-0.04457271680253457,-0.20921490289930092,0.11859925574845093,0.01736566660712451,0.03763109326504678
2020-12-15,-6.460145009224384,0.052846836203723595,1.2228358002155162,-0.8184137856348265,-0.6870686297571204,-0.0613690202077808,0.20573256516920724,-0.28665335661214225,0.05094166917810869,0.06041235510770304
2020-12-16,-2.372514258451223,-0.8947693898996065,-0.9066174815477066,-0.40302003576295164,0.20556298998258832,-0.03220564800535575,0.1352454824733161,-0.08056529481556107,-0.010839765509280352,-0.023592912236867786
2020-12-17,-2.448434865005461,0.6834915752213458,0.6376248593793776,0.25022512419746823,-0.1044111105856203,-0.009781700800649194,0.04779695421882572,-0.028660771570415203,5.8923046718227944e-05,0.03147140003150223
2020-12-18,-3.023944563141028,7.524401204685136,2.0883712809757107,1.6531298534861354,0.22456567169251293,0.0903505348303581,-0.22294569516530238,0.5536665807781571,-0.1814622858935835,0.3201476101796368
2020-12-21,10.28167420351671,-1.0974680981950575,-0.22909888683237176,-0.30579431642111365,0.4690565654284069,-0.11181376755156829,-0.4069516095729637,0.02386144028588148,0.13471021532437535,-0.10762126390701728
2020-12-22,-0.6370952756707905,1.4858196962391135,0.7390293106059148,0.8112892631384917,-0.3382566447046488,0.06809571118303832,-0.12228614714136718,0.2017724035312481,-0.08566609367649106,0.04275258638979344
2020-12-23,-4.588394084248681,-0.5111372591798979,0.35374067613496735,-0.5313192459722905,-0.2770848499546446,0.017949168987313722,0.3082699866661144,-0.2348662796653431,0.03682080247710994,0.045525059600178365
2020-12-24,-5.084461545350764,0.8129958756239295,0.2640879516427314,-0.11585825941902954,-0.4228641528525869,0.04646867665756279,0.23973631199608209,-0.04002703605372171,-0.056512237874089176,0.0729441018142983
2020-12-28,-1.5597237901187408,-0.7323699152232642,0.830726787419932,-0.1471536198826154,-0.5265008903080811,0.000706759402427697,0.1342168895851903,-0.19705023583002276,0.06365289230324477,-0.01741411551416323
2020-12-29,6.281624066073405,1.5301248866967976,0.33380051923667836,0.7197286945723493,0.45013013845672767,0.011952806392436007,-0.44434998428954225,0.34379598316651316,-0.03354364607319931,0.032200623843645464
2020-12-30,-4.931097799948651,4.94309607847991,1.277687036703803,0.9227906524817423,0.34518911113899714,0.06490804325511182,-0.0722397849972474,0.4885034313256489,-0.23301233658434745,0.3518685814120683
2020-12-31,-1.9790649178326343,1.0792062153515791,1.1451926160127661,-0.5737739046395167,-0.2986435125753785,-0.007402762911018244,0.20726189021088864,-0.14662154926494514,0.05274053039966527,0.1823967765881234
