,surface_move,move_1M,move_3M,move_6M,move_1Y,move_2Y
2010-04-15,0.0036101349338034504,0.005282286335911484,0.0045229518986644075,0.003527838353723907,0.0020694124985513617,0.0002785980078626927
2010-04-16,0.007973008373765257,0.009410180269353719,0.008403532673615148,0.007852965433223929,0.007288768127747041,0.006624066094698338
2010-04-19,0.0016091261053523198,0.0024551362753930466,0.0017025116543900917,0.0012669840715234739,0.0009793072997334546,0.0012066079005796637
2010-04-20,0.004963568347593535,0.00617483668866306,0.005252943736486958,0.004800619958229464,0.004387197110831583,0.0038948141423134856
2010-04-21,0.004155578949859218,0.005630667600856223,0.004699913739073049,0.004051088172696589,0.0032754865816401707,0.0023260368713841646
2010-04-22,0.002213390010073546,0.004033309423650187,0.002294819333488157,0.0012132494919839699,0.00031410267512595576,0.001179432568182596
2010-04-23,0.003083828808922378,0.005294518986263718,0.0026835399449038266,0.001097523693121084,0.0012288634529544111,0.003098712480842239
2010-04-26,0.002052635810993068,0.002906723785341418,0.0020612682525984554,0.0017839069719247887,0.0016712421646513963,0.0015470373078970868
2010-04-27,0.01703465069843738,0.023608559186848007,0.018956945518005582,0.016149350561741806,0.013204601027479492,0.00995006331519481
2010-04-28,0.0034527214962202166,0.004685412754286995,0.004119580584455262,0.003496497299702184,0.0025694284307802573,0.0013619603352239315
2010-04-29,0.00801039140752247,0.011136017109280508,0.009119079378228746,0.007703196443149769,0.006070596750010146,0.00417995052613486
2010-04-30,0.017789108554493758,0.024332134110532977,0.019736444390739925,0.016963603669442055,0.014034311610790178,0.010768294963150632
2010-05-03,0.005250306786940163,0.0057952851680839095,0.005538912688502583,0.00542047554751813,0.005051694952402033,0.0043200168728044636
2010-05-04,0.014494567961676764,0.014975444493746907,0.015003602547770667,0.01477187450399681,0.014267505155957028,0.013391060265881707
2010-05-05,0.012805903667927502,0.019034145375301535,0.013206052469733045,0.010983659262096305,0.00953732937220953,0.008464981359689804
2010-05-10,0.02193191885925873,0.03813942946188475,0.020858808161964115,0.015028053992464185,0.012375144657298456,0.011677018221290886
2010-05-11,0.009959191661097048,0.01967901372523973,0.00895568138161362,0.004843936111253441,0.0021935389210536887,0.0004293628501487482
2010-05-12,0.01771825182482976,0.02423223686189965,0.018120252342062923,0.016029242797735696,0.01467682278540004,0.013483012965445476
2010-05-13,0.007843155902348648,0.013529860739469024,0.008501762439524788,0.0059058463590536195,0.003703177273115717,0.0019094065052588588
2010-06-21,0.010437892637005619,0.01732862624952975,0.011468223343895353,0.008395244850402772,0.005536898460306658,0.003436451438469959
2010-06-22,0.010549269318000019,0.011953496714037202,0.011564865069930983,0.010879116267711103,0.00975326568181497,0.008143823777184084
2010-06-23,0.0026355660962298017,0.004672432845584771,0.002876570095206562,0.0018786411733231298,0.0010104379531828134,0.00027291301454256974
2010-06-24,0.01256740021156137,0.014888863992399269,0.013455585057539682,0.01248810397657949,0.011358170602273973,0.010099798008014521
2010-06-25,0.00389834511928699,0.006309502658729268,0.004688358540965419,0.0033511292493240445,0.001719887453098284,8.284708316137248e-05
2010-06-28,0.006015179181639944,0.00972714247868021,0.006616255351300802,0.005030535433389186,0.0035651212986727975,0.0021221193748648766
2010-07-12,0.011194807059709374,0.02022548176961419,0.012012976294727454,0.006997054599729,0.0022687099137344946,0.0043738993479101144
2010-07-13,0.0066397568702411544,0.011379090723382751,0.006850577448268624,0.0048645047929557,0.0035651288010853602,0.0027648126816935997
2010-07-14,0.007521972344684647,0.011092130471238394,0.0080841649004119,0.006506796905131289,0.005401032540165544,0.004796008838442966
2010-07-15,0.003980433644101841,0.004382690463009558,0.0033167597033609943,0.0031577544562928933,0.003935897476140771,0.004852595924056124
2010-07-19,0.008604275853314166,0.010733652458816235,0.009146408569784027,0.00834552286770975,0.007553003247145816,0.006678631594922265
2010-07-20,0.016445761155380347,0.020350776104729226,0.017434597215692883,0.01587357819015886,0.014443991927204799,0.013175607933168666
2010-07-21,0.011164974570876323,0.017759580465147903,0.01221797201474407,0.00935898933217516,0.006920192757486908,0.004808533900254793
2010-07-22,0.00840794292573567,0.010163995693252922,0.009081404225082974,0.00836820312077454,0.007571123654550738,0.006351383565593033
2010-07-23,0.008243666211616188,0.011661209843142017,0.009194090113100078,0.007711770680245423,0.006175796364301967,0.004654372919212285
2010-07-26,0.005400978721691253,0.006836643411646591,0.005230522953628342,0.0048494216642380504,0.0048614792684754955,0.004960233976232003
2010-07-27,0.0038952105248841696,0.006727301319858735,0.002170874234519804,0.0013068716149741337,0.0025822073840175643,0.004185491462596369
2010-07-28,0.003226730598517837,0.005424762439540685,0.0034309816931127252,0.002666485373460459,0.0017511205112531066,0.0008262575756508582
2010-07-29,0.002136253616567635,0.004201257643502259,0.0019183718528946736,0.0009245204196635991,0.00024660995572565417,0.0007560600120286993
2010-07-30,0.004106189160468202,0.006408678180673859,0.004878274737262296,0.003707508985145328,0.0023033600765081748,0.0006197871853232992
2010-08-02,0.00899473406014327,0.00948988418807426,0.00937734251790781,0.00914201269808794,0.00879610729884292,0.008098509102144965
2010-08-03,0.0031272824767635517,0.003437739866424083,0.003192498722886738,0.0032081087117637667,0.003064630998764711,0.002684296983838186
2010-08-04,0.004134835883005637,0.008248301089757534,0.0030850240338410064,0.001134202561359474,0.0012630057306319863,0.002247419812691763
2010-08-05,0.0031595965490178427,0.004877125809368395,0.003443615505785384,0.0028020408341082547,0.0021714785728891117,0.001305241671954984
2010-08-06,0.0022611390557156757,0.0039606202395564135,0.0023653574762391443,0.001643478059519563,0.0010817340217431422,0.0006412112351719901
2010-08-09,0.005816158797034872,0.010806035175553962,0.005757207904896436,0.0035690226088068355,0.0021445058151229844,0.0013732622156195995
2010-08-10,0.005543721407285863,0.008375528437536084,0.005960756413811316,0.004709978491688384,0.003804808676656658,0.0033650668815196506
2010-08-11,0.017634232580949726,0.020063155114670665,0.019203150552819074,0.018098805837079776,0.016326896564149988,0.013762459269360525
2010-08-12,0.006511943543711618,0.011199335704818538,0.006449300268932072,0.004715732925057227,0.0037091798308182527,0.0030020488597870534
2010-08-13,0.007056862687529159,0.007921388006026995,0.007481532435290188,0.006995311770690123,0.006521075651553806,0.006230250798197065
2010-08-16,0.0021835870482690596,0.0031698176587943968,0.0026098103497242736,0.0020758987570751526,0.0014117442233768317,0.0008240330900183457
2010-08-17,0.0067736828865855685,0.009093122544547659,0.007405435508514959,0.006422956646420356,0.005550261343436878,0.004452951099768644
2010-08-18,0.0035605441587444587,0.007017181415268663,0.0033062172034858373,0.001644182167763023,0.0005671733485608008,0.0004364008619620349
2010-08-23,0.02154577263441589,0.03781049716294221,0.021592912617469092,0.015181088042989838,0.011113934424026974,0.008439730357341094
2010-09-01,0.022597191290589236,0.04214498951345727,0.022407429257249693,0.014141164321954839,0.008061939188395073,0.003147197523421188
2010-09-02,0.008613495214674229,0.01662049369275862,0.005776866568076499,0.0034136523847449946,0.004385848143848446,0.005519041092881622
2010-09-03,0.009834828214053945,0.012829510528005503,0.01140644827641486,0.009817526919517306,0.007774811375346348,0.005664300538580576
2010-09-07,0.008152566998243382,0.010148624494085828,0.009664011391694304,0.008473034766948459,0.006615964114378386,0.004513396578943579
2010-09-08,0.0027977299175985793,0.003900316617976175,0.002842419262814991,0.002659188260512715,0.002348386103358021,0.0018051168875599802
2010-09-09,0.006763408140950052,0.012526639249810914,0.00597503433169934,0.0038655593400661963,0.003185396735178839,0.003318346105124821
2010-09-10,0.00935196890568755,0.016727817851906527,0.009371684421272829,0.006454474573978401,0.0044628405458363085,0.0028409620417297276
2010-09-13,0.00927387059647683,0.01263507051406262,0.00956143460173505,0.008315065731577047,0.007582659720090815,0.007233276858468918
2010-09-14,0.0020833831041504876,0.003744886300868755,0.0021515622241859837,0.0014602525889411602,0.0007819002161694932,0.0005525638522060097
2010-09-15,0.0014109160666264935,0.0020054093197187793,0.0016333956070575344,0.0013119997990419655,0.0009498858757768185,0.0008000914553147286
2010-09-16,0.003250148939071418,0.006495665388257435,0.0026887984273027262,0.0012827218384203864,0.0007822809375813713,0.001066159477658161
2010-09-17,0.004828007080429366,0.006422087049303428,0.005230246331649597,0.004369030284744197,0.003771894491848025,0.003825437151250844
2010-09-20,0.011351531861592741,0.01539210860454621,0.01298189005316367,0.010658560938438033,0.008385749939188548,0.0074104101139007665
2010-09-21,0.003677367340177676,0.004495671152614534,0.004228836413244288,0.0037587504790902314,0.003062865318536739,0.002451874207017898
2010-09-22,0.005083681570835809,0.00880913389966738,0.005167765384661859,0.003547058382027344,0.0026648102906598166,0.002286835233326372
2010-09-23,0.007903887199985226,0.00971417928701241,0.008908645851877624,0.007924654840688192,0.0066942319449154715,0.005569112904196201
2010-09-24,0.012041070909736577,0.01600678446779543,0.013199450578994512,0.011561819855921814,0.009837615181481256,0.008002496350580118
2010-09-27,0.0048767063789816765,0.006364982337191451,0.005258753268114675,0.004695147644033991,0.003993328612453547,0.0035710999201952957
2010-09-28,0.0023168113452772697,0.003617784935455784,0.0027413619421605678,0.002038643525008042,0.0012931408041827147,0.000637463998505525
2010-09-29,0.004228290050421892,0.004989276102349745,0.004325328680537253,0.004049179395363092,0.0038766459980116583,0.003790330007083108
2010-09-30,0.0034637067918767673,0.005123412175977305,0.0038562503062009985,0.0031541151292793705,0.0024827518031542394,0.0016594596068069262
2010-10-01,0.004231891612803852,0.006034039828096226,0.004543702474279738,0.0038251739977370226,0.0032340320592311434,0.0027200633848629943
2010-10-04,0.004155531943922304,0.003800268996050376,0.00407150787436991,0.0041425081975901635,0.0042369285838299775,0.004495672350140552
2010-10-05,0.006664989204802346,0.007321709740809213,0.006903273507625046,0.006657288706354123,0.006371844272047864,0.005993988196847022
2010-10-06,0.002427857319716581,0.004435113470313272,0.002517967604135012,0.001491508531773208,0.0008572983334792896,0.0007088761115601405
2010-10-07,0.0007960064639135321,0.0013661284581238048,0.0005812748338472118,0.00030828306726801545,0.00046464774460590466,0.0008080891536639183
2010-10-08,0.005547113309149781,0.00808099187046588,0.0060521901020106055,0.004996663055430158,0.004075622941969904,0.0032161392424318726
2010-10-11,0.001737553818644244,0.002606405211133184,0.0017409477883856671,0.0014520141593751838,0.0013255111321743617,0.0011857040762241764
2010-10-12,0.00470283714539678,0.006760081121398665,0.005234434758442715,0.004271006913335571,0.0034224698524461194,0.0027441906143108965
2010-10-13,0.0037800675269983475,0.0051385716908698776,0.00413991311329987,0.003536012164271256,0.0030123195697426297,0.0025146176089669743
2010-10-14,0.0028052174227240446,0.004765274270256841,0.0030854026938047924,0.0021891146397462935,0.0013868884076819819,0.000634817240431212
2010-10-15,0.0013864007360584953,0.0021733965195002668,0.0015007889435722397,0.0011676839598997852,0.0008577133491269778,0.0007316810104924643
2010-10-18,0.005154899827224793,0.007789180764376506,0.00558669332207666,0.004455994339728052,0.00356673611541393,0.002899136046455157
2010-10-19,0.006452325845170598,0.009102646748225075,0.007058752712569104,0.005969456873528695,0.004957608152110387,0.003907183439041188
2010-10-20,0.004798591823409685,0.005199836989551242,0.004832489118157624,0.004688252552094894,0.004664292500708699,0.0045832112234832165
2010-10-21,0.0044120380036710965,0.00601897719359051,0.0045685090663900585,0.003767514801636318,0.003473780066193975,0.0037376087882099087
2010-10-22,0.004772208072054723,0.005737176411595056,0.005136361034741666,0.004698142732585697,0.00423592466041839,0.0038153438499639366
2010-10-25,0.00260532456571048,0.003920904597391545,0.0026578613321366585,0.001692644634346752,0.0012986727659340179,0.0026361456578872008
2010-10-26,0.002228034563463924,0.003782605775056556,0.0023821111537158995,0.0014107994117361375,0.0007224313665871899,0.0015250796773337517
2010-10-27,0.0036064034753887533,0.0058921774158280935,0.0043184740483436235,0.0030443690220392393,0.001523467411486987,0.0002731696074847654
2010-10-28,0.0017188764034383487,0.002940478516142378,0.001916435563538018,0.0013131332636902892,0.0006834075943701918,0.0005120316104937704
2010-10-29,0.00308885543049332,0.004930141816831042,0.0034682513297848603,0.0025666164114520485,0.001731195238605752,0.001336232380281811
2010-11-01,0.00340653527722667,0.004937373487494362,0.00405696735004771,0.003203580821578241,0.0022392934742367643,0.0013814509026528158
2010-11-02,0.0028683694739978205,0.003641577829343752,0.0032898971247109746,0.002884034422628752,0.002359666142639847,0.0017797545231954908
2010-11-03,0.009345137819130591,0.011563332265593756,0.010230872464325354,0.009261185312678439,0.008143585192190684,0.0067962538687628285
2010-11-04,0.009523270796119657,0.011145735833506332,0.009679642916631459,0.009125492959547253,0.008812998682942753,0.008636952673080341
2010-11-05,0.002498327785315439,0.001796568214647012,0.002045956876911173,0.002409221101807473,0.002795838977269895,0.003189600259925947
2010-11-08,0.0005669346247432857,0.0009148295837393958,0.0006790192905337702,0.0004886339935562312,0.0002613695311640976,4.490843999315818e-05
2010-11-09,0.004082774311584265,0.005121234290625693,0.004450686630444721,0.004006897966654053,0.0035238401382244986,0.002972691981996045
2010-11-10,0.0022124193621242557,0.003814358695487449,0.002411844524941694,0.0017326909002254316,0.00102848718256857,0.0002183283278635523
2010-11-11,0.0025178062025852667,0.003974440088319584,0.0028128488464005184,0.0021632125222601096,0.0015507929434492303,0.000950789435485493
2010-11-12,0.009861843854012139,0.011827517503674619,0.01064522575024914,0.009799449523972116,0.008829895537352533,0.007685867111631097
2010-11-15,0.001996827344934116,0.002866243757642657,0.0023553219720478546,0.0019462301248490878,0.0013879660831523349,0.0006778206328335919
2010-11-16,0.012463617951955865,0.017783918900767064,0.013527369497265698,0.011351661592865468,0.00945592025220596,0.007692640414184992
2010-11-17,0.0035977227485610905,0.005485523449876473,0.004176531611968222,0.0032465970872243635,0.002247077455167583,0.0012625020064772684
2010-11-18,0.011459440259520006,0.01593639044223449,0.012724214467454512,0.010797531123405393,0.008840108753987438,0.006781259471748929
2010-11-19,0.0027246735150892295,0.003973587812417819,0.00293715303918005,0.0024392240239655546,0.002024176444361779,0.0016296799144567174
2010-11-22,0.005015486742264108,0.007427217623479717,0.0057453933307914165,0.004601383580913299,0.0033992247642330295,0.002207933490989127
2010-11-23,0.007716954958205324,0.0101094426649115,0.00848479493591675,0.007487248042636932,0.006420623878336176,0.005126509416369579
2010-11-24,0.003910020848175743,0.00457180720277132,0.004263254002993295,0.003978039806951446,0.0035689672922408133,0.002966855428516816
2010-11-26,0.010386765918217427,0.013484355258247559,0.011807419098638092,0.010348955143187242,0.008493693581675106,0.006240019670050159
2010-11-29,0.0013655566269235523,0.002511216932365887,0.0013599211798084765,0.0007377667023697259,0.0004132275644013494,0.0006731059967603659
2010-11-30,0.011456060193981727,0.016948380363004535,0.012537974431857876,0.010262010645472618,0.008220149839378637,0.0062352586304045025
2010-12-01,0.008257991308422124,0.010946236561161015,0.009372395304563103,0.008106684329547295,0.006603267850005666,0.004897829777986982
2010-12-02,0.012401601096034094,0.016132406086683527,0.013886841977523379,0.012194057877229054,0.010205778924818425,0.00794019341678281
2010-12-03,0.00792272883773413,0.013634494583645776,0.008183026034320815,0.005830643754991054,0.0042029597241497315,0.003053772504794817
2010-12-06,0.001631658869544026,0.0028142855709595953,0.0017643979208433228,0.00123583029942416,0.0007798297169798529,0.00037794062809010673
2010-12-07,0.0015757116903296503,0.002380748014538718,0.0015185280110152442,0.0012460270562508306,0.0011797279632892702,0.0012231544195087946
2010-12-08,0.0034162556032356177,0.0029123320874236106,0.0031827864475522335,0.003413764145047384,0.003658764916244092,0.0038343001479650357
2010-12-09,0.004287388835692482,0.005020986273618683,0.004459803511053843,0.004174059930286631,0.003936361416842025,0.003727015846411214
2010-12-10,0.002018612987132488,0.0016144488830611217,0.0018511718722935698,0.0020348238053358872,0.002181189903646295,0.0023329406652937822
2010-12-13,0.003930935965207473,0.006788237802348889,0.004458885495618596,0.003003769177280864,0.0015017981455088519,0.0001463849319270508
2010-12-14,0.000929575769406145,0.0014758164626589641,0.0008911551289779713,0.0007077264996316987,0.000652598734789458,0.000649308827174275
2010-12-15,0.0027922027001889673,0.003518094343531346,0.0031135998091112688,0.0027807526058383466,0.0023739170419419357,0.0018821319923237889
2010-12-16,0.0019338630633141856,0.0032355972116446066,0.002181780298579916,0.001302741933531153,0.0001982711541538068,0.0013165975676078232
2010-12-17,0.0012954367093197816,0.0020617390587342353,0.0014257834450269746,0.0010828849965604805,0.0007804020393072184,0.0005705152952483789
2010-12-20,0.001568794747435854,0.0016904167484175327,0.0016746812018084648,0.0016426926160646627,0.001514719966925035,0.001284796979221127
2010-12-21,0.002187020195519152,0.003218477810598413,0.0023467941861979947,0.0019574671599637008,0.001622432218017976,0.001259079157145015
2010-12-22,0.001580567836882678,0.002680269147837579,0.0017631632639594503,0.001251083405137361,0.0007473211347802899,0.0002732900832712786
2010-12-23,0.00859799137510603,0.013648171863451911,0.009492251606376997,0.007293516313319881,0.005320543117535982,0.003427576896391769
2010-12-27,0.004148112904038883,0.005845482922704235,0.0046656786968435095,0.003912705510211427,0.003118469899879878,0.002249856905531454
2010-12-28,0.001213583854634287,0.0019913923881546215,0.0012347992935242645,0.0009403510730651353,0.0007582357748187867,0.0006437191091051154
2010-12-29,0.0016296527532901693,0.002975816829954996,0.00163609707736181,0.001074505516301702,0.000651128813578522,0.0004098904647597107
2010-12-30,0.0015335762916007286,0.0019457356158028565,0.0015483332409019382,0.001340475307601173,0.0012787272175416142,0.0014642544014423916
2010-12-31,0.0014847296789632582,0.0019300811711705527,0.0017515159057005345,0.0015130143576551334,0.0011643551556702937,0.0007642999592673512
2011-01-03,0.0056281512792650526,0.009823031152642532,0.005823641540806315,0.004031017804902513,0.0027767210626840587,0.0020035987338984074
2011-01-04,0.0028724019516582835,0.005033864941241291,0.002886620001010745,0.0021035884528248943,0.0015208188077352333,0.0009182153112090118
2011-01-05,0.003629008030026663,0.004048537453024598,0.003946690843162749,0.0037300659992260143,0.003386256408722071,0.0029157070267345365
2011-01-06,0.0016910545361733154,0.0027722037628331486,0.002021982882189837,0.00132818910739912,0.00042037189982494926,0.0007641988640731133
2011-01-07,0.0007477755581244727,0.0010610415386072968,0.0006845550153483122,0.0004525567384229682,0.00048464323835396345,0.0008727714712219431
2011-01-10,0.0006317596884361043,0.000711323581899731,0.0005548143486624428,0.0005028519838542466,0.0005664340676663055,0.0007798035966426905
2011-01-11,0.0027952610670479,0.0033673887243587854,0.0032527531154148775,0.002949262748137377,0.0023978796866574946,0.0016430869620179805
2011-01-12,0.005871720373959911,0.006431667520410645,0.0061675867858953,0.005925476193423369,0.005596514582429654,0.005152454105089071
2011-01-13,0.0009985936284599422,0.0016971589626174786,0.0010368778308211316,0.0006970410433641641,0.0004658601300052438,0.0005723548870238542
2011-01-14,0.004826748251939485,0.006458408186680297,0.00524548126270472,0.0045834910811626065,0.003949092959028808,0.0032646068315634836
2011-01-18,0.0009041018353802016,0.0009652774309206338,0.0006220732106965402,0.000737742305047303,0.000946417465413747,0.001152516949151515
2011-01-19,0.006378550838102769,0.007152251756626631,0.0069673674760321325,0.006578623987421012,0.005946323567830355,0.005009349428205499
2011-01-20,0.00252696789253284,0.004850478315127361,0.0024347275433927256,0.0013824901604152344,0.0006787545719486536,0.0003175039224911032
2011-01-21,0.0034277125588107653,0.0064271061694596565,0.0034829520443405647,0.0020535798825677765,0.0009479027619191795,0.00043784505515265384
2011-01-24,0.004415622886729523,0.004436440844906304,0.004772365055309274,0.004724564973586068,0.00435385711807801,0.0037085800251960223
2011-01-25,0.0028059475999804547,0.003142043259586179,0.0031927008675184556,0.0030076043056729757,0.0025613750383622316,0.0019221366361340125
2011-01-26,0.0058982342484280885,0.008677093096841993,0.006628038928644351,0.0054253372777687756,0.004186567862599583,0.002785921131342955
2011-01-27,0.0033858760551715122,0.0034126633305753278,0.0033949782346831127,0.003378277499067377,0.003380067054911884,0.0033631864246110137
2011-01-28,0.012829709487546491,0.018020792625290022,0.014150226331258333,0.012011404277227009,0.009881834184345378,0.007490318821437044
2011-01-31,0.0038254058143456175,0.0045008400792202795,0.004032692249725658,0.0038685162546304402,0.003587286232877177,0.0029689121734236654
2011-02-01,0.008152962107159446,0.010249995008540898,0.008263800129089487,0.007575711437274305,0.007222803150115269,0.007031420640885625
2011-02-02,0.0018657068185865629,0.0027698392917141993,0.0021460201951596872,0.0017598485840032766,0.0012472995905841238,0.000688530302423406
2011-02-03,0.001115934390224912,0.0009028884483643432,0.0004883410369083315,0.0007880886470760516,0.001241271030368026,0.0017352307660463183
2011-02-04,0.0030597689364116184,0.004277445274161388,0.003379697464873251,0.0028652983527659853,0.002356716547111902,0.0018242777090773895
2011-02-07,0.002092474157058625,0.0010297777265044193,0.0009634244312671684,0.0014532141764403996,0.002334744553763045,0.0035129400955738474
2011-02-08,0.0018928905784701047,0.001772748721620618,0.0018300867315358725,0.001889234571158912,0.00195072968872876,0.0020121542316640256
2011-02-09,0.0012410200872765217,0.002342823334269484,0.0011431869557685667,0.0007141516568510026,0.00043726645631837605,0.0004513780575946067
2011-02-10,0.0010763622422111957,0.0018193593823976962,0.0011360900800504324,0.000842161792684603,0.0005900321462908169,0.00036692605694846407
2011-02-11,0.002086366250331851,0.002232655916818001,0.00224327853762702,0.0021876124649376403,0.002021157563905401,0.0016961260028240635
2011-02-14,0.0016088853434503972,0.002364114035040666,0.0019158249509677084,0.0014818900515869043,0.0009357685254448902,0.0007819712080475142
2011-02-15,0.002679157796212316,0.003826195140854645,0.0030631157409958983,0.0025360889240946764,0.0019478651015969522,0.0012810385245786403
2011-02-16,0.0016851436953878665,0.002543099861355568,0.0019157316751310003,0.0015030804387160318,0.0010939380669197048,0.000777952643220419
2011-02-17,0.0037071485692224157,0.005674457242472951,0.003525199198749929,0.002797667150959404,0.0026394694401199255,0.003048691157043271
2011-02-18,0.003186528405565283,0.0043852015893404974,0.00334579582136265,0.002885917208273237,0.002559019368656361,0.0023384557891488835
2011-02-22,0.016901776546033545,0.020942865828096343,0.018746313738222543,0.01690570186512102,0.01462525091166194,0.011773768488181955
2011-02-23,0.008739699345733733,0.013034029315750957,0.00950618863037741,0.0077563106480817625,0.006226525272114598,0.004767411137618904
2011-02-24,0.001436159139048758,0.0025674305232381467,0.0008870073807067291,0.0004800783818711647,0.000883915250596412,0.0013865433117311123
2011-02-25,0.010687548654010644,0.012597453994359178,0.011397323169372921,0.010606466530423853,0.009736255238670905,0.008673630166115843
2011-02-28,0.005368111360660874,0.008205696273351415,0.005751926317519732,0.00462381104633931,0.0037186390323344595,0.0029081068351354405
2011-03-01,0.012610018676230574,0.017034804527713113,0.014134866417497585,0.01216836485650842,0.010010805765078769,0.0075364783413262425
2011-03-02,0.00123584843584447,0.0019638564784091074,0.0015213701233058273,0.001075046987630582,0.0004804130778926274,0.00028068614321916525
2011-03-03,0.008369245327771058,0.01164822601646445,0.009110090340141666,0.007783484650038184,0.006556901633159248,0.005288745514921301
2011-03-04,0.004088532502891176,0.005096760102061233,0.004586303309196657,0.0041051207716451005,0.00349982319708149,0.002732868382021847
2011-03-07,0.0067224879448671004,0.008768376834592351,0.007262556201593552,0.0064324679432495495,0.005639733593151976,0.0048111149546686905
2011-03-08,0.0029693530660241507,0.0036946270091467153,0.0033314259529944597,0.002990160264962703,0.002548260416174036,0.0019753305996041233
2011-03-09,0.0025923929138960715,0.0024291946949585013,0.0026345373654308194,0.002690476108422883,0.0026670103117544873,0.0025316250534445283
2011-03-10,0.008400656091160811,0.011338114816783257,0.009153208153804446,0.007948947637749632,0.006796534466209363,0.005580537376122191
2011-03-11,0.004951819086198127,0.006815600118471694,0.0055106269167128795,0.004705806074333197,0.003873639506308386,0.002938273896015165
2011-03-14,0.005185676582773029,0.0048330880863825245,0.0052725971109759545,0.005408816588485866,0.005338937203003954,0.005053478011696357
2011-03-15,0.009699785465522968,0.015670597196871843,0.010332246068971774,0.007897656012952507,0.006000537961604789,0.004441490596846727
2011-03-16,0.017672590616491873,0.027863979743639335,0.018831050337765356,0.014786199042245195,0.011594175628251137,0.008805446093047297
2011-03-17,0.010933558194700007,0.014204913037126907,0.012174856448496326,0.01069914406875731,0.00902673894629126,0.007193962068437095
2011-03-18,0.007690032291810775,0.012817413897060736,0.008259066996286193,0.006104008210300901,0.004312396064966403,0.002707216381302814
2011-03-21,0.013683850351525407,0.01921028922596462,0.015165025526963983,0.012821591642350878,0.010476982344638357,0.007941361315477518
2011-03-22,0.0045998249132038265,0.008760735280914426,0.004590627411314934,0.002504105734690344,0.0008270347619885658,0.0010065145010538126
2011-03-23,0.0033364275757884515,0.0049653207653833605,0.003882482171826571,0.0031050859991919254,0.0022168875093030132,0.0011723981548212238
2011-03-24,0.0060987980793951275,0.0067465533285718075,0.00651926465144388,0.006207860666268261,0.005756526267652008,0.005126867263092664
2011-03-25,0.001784451667918263,0.0030021143644481784,0.002044661548907456,0.0012008457767913065,0.00015079363455999898,0.00112393859663831
2011-03-28,0.004042209195438408,0.005388649874914467,0.004731186981564023,0.0040966795089983805,0.003163135329825844,0.001867455502885642
2011-03-29,0.0053832758987861105,0.0061676490688189894,0.00574444164824742,0.005487205008712335,0.005055685594521303,0.004265022448680168
2011-03-30,0.0031553400822708516,0.005436673795865415,0.003242299117820808,0.0023143392420453502,0.0016740466307373447,0.0012459259178216684
2011-03-31,0.0016106567553483024,0.002582496647647179,0.0014316256107715834,0.0010746624108669157,0.0010758607129860407,0.0013927883981935142
2011-04-01,0.00229334731579043,0.0035366807786863675,0.0024737010465472565,0.0019739730916610776,0.0015420080329090473,0.001181331120405804
2011-04-04,0.0018363967428224545,0.0028047847728085804,0.0019712447537407127,0.0016509089364499128,0.0013079633452331523,0.000820288397694225
2011-04-05,0.0009039595880870299,0.0017205776406570112,0.0008938779665532366,0.0005123917202332522,0.00024071025071848495,7.630693343084148e-05
2011-04-06,0.0014982659323574013,0.0027131474527144635,0.001275160991382104,0.0009109213665967078,0.0008448885845735377,0.0008325772695283611
2011-04-07,0.0022798554614651043,0.001932476536840528,0.0022913565602931934,0.002425810909958388,0.0024229583618939287,0.0022909906982959694
2011-04-08,0.0042091858198784115,0.006408990074955224,0.004604163028564505,0.0036845758250068634,0.002876741223507764,0.0021121118056577114
2011-04-11,0.0014635688751387195,0.0026716755877984255,0.0015602882662739937,0.0009525550317001335,0.0004145941307041816,0.00024201231256305356
2011-04-12,0.002877293186637141,0.003406692774161886,0.0030044286285122934,0.0028151575906614624,0.002638186174547916,0.0024242101427386377
2011-04-13,0.002041385518769117,0.0033388275344725165,0.002277727175845785,0.001695540632936086,0.0011398168368655288,0.0005713346909855873
2011-04-14,0.0015258010493913556,0.002604374122337268,0.0014963339916284136,0.001079147953293201,0.0008993395229131247,0.0008032386603280902
2011-04-15,0.004000291635300541,0.004687480991912216,0.0045450843519599556,0.004168903889690262,0.003576541957626483,0.002685141338024966
2011-04-18,0.005019306451428377,0.00550981940053106,0.005535393997612604,0.005243780869598376,0.004722065255269822,0.003895298659677613
2011-04-19,0.004906187329628147,0.007142155331506446,0.005614744380601883,0.004595138678021875,0.0034690828385711813,0.0021605087634700166
2011-04-20,0.00612754536782239,0.007305712825517233,0.006693209878927668,0.006162039868646602,0.005488348084764665,0.004633450416155977
2011-04-21,0.0008164972210575414,0.0010505982046315546,0.0008936107143436418,0.0007951664267438368,0.0006804322457781318,0.0005794516168701271
2011-04-25,0.000335383003336926,0.0004927359187995335,0.00037289970909229773,0.00027436709494685807,0.00019532004181578154,0.00025911135520398354
2011-04-26,0.0025080695608743573,0.0037941339040861778,0.0026289246596542166,0.0021286662609104603,0.0017878074305829907,0.0015549572995622487
2011-04-27,0.0028580235947530015,0.004035601776640781,0.00331627424077297,0.002758092689331718,0.002085125782510834,0.0012660620005936901
2011-04-28,0.0028768981276801097,0.004210724268748351,0.003170679916687517,0.0026132747774754795,0.002087482446797326,0.0015532276573182193
2011-04-29,0.0008590106791053079,0.0014821485874702558,0.0008622450029033664,0.0005593016788306307,0.0004000170026189326,0.0005257698007549632
2011-05-02,0.005416203699103871,0.008572769550161626,0.005804091130922616,0.004546164275057089,0.003514626285320315,0.002544848402838472
2011-05-03,0.004049003508353738,0.005198113510404311,0.004290341774040781,0.0038577071584974428,0.0034800907077226547,0.0030905977728389704
2011-05-04,0.0026232907107262746,0.0034032835802550523,0.0024679795174354304,0.0024340950590408398,0.0024242756996064657,0.002221053199419119
2011-05-05,0.0029174045035128236,0.0041296994221628296,0.0031661047227170033,0.0026777979639085823,0.0022355791703589345,0.0018191186301354622
2011-05-06,0.0009347490063243047,0.0017592856808904133,0.0008608006651005931,0.0005319436968683663,0.00038543210016810185,0.0003181078930484572
2011-05-09,0.004506453910179849,0.006849299291206902,0.004974279264571506,0.00398563500949598,0.0030649535131746096,0.002145938669571299
2011-05-10,0.004267428001724203,0.005919350660841812,0.00486943560993448,0.004122885273032156,0.0032540380196007246,0.002172014488119327
2011-05-11,0.004612112864272293,0.004963023180963542,0.004980109235762609,0.0047815656561868355,0.004419379948144618,0.0038118957250339617
2011-05-12,0.00417666124101076,0.0062496008747311505,0.004554054507267794,0.003702623172260524,0.0029567890069835475,0.0022301462899598995
2011-05-13,0.004409206325511294,0.0052238139169957076,0.004727244066461467,0.004392275964359128,0.004006174569923451,0.003496985983609682
2011-05-16,0.003361012983322279,0.00393945171787765,0.0036888072216635813,0.00341689166986264,0.003051241265179915,0.0025239336109146473
2011-05-17,0.002055638248595624,0.0028516401099551473,0.0024903062395017876,0.002056637537698854,0.001456849738709471,0.0006652799708318459
2011-05-18,0.00578397167445663,0.007606287461092638,0.006437078313838899,0.005649292152333381,0.004761040473611871,0.0036603343128090333
2011-05-19,0.0021743874563630713,0.0031307008586417906,0.002559586439346765,0.002100356600750543,0.0015060197960780413,0.0007793843523331247
2011-05-20,0.00607779185189806,0.007354933372043882,0.006416952849443036,0.005920511607446922,0.005454953487075225,0.004961498257154233
2011-05-23,0.003927007822454336,0.00412030964303965,0.004162003468049385,0.0040361050841902025,0.0038264732549693073,0.00344611171378493
2011-05-24,0.0022401496901526445,0.0034907745987758673,0.002626903315016337,0.002016793967600372,0.0013094061843674457,0.0004724641596389569
2011-05-25,0.0019361867915152246,0.0028033928938200935,0.0021158869925149057,0.001761069462890094,0.001437770163670347,0.0011133545164549654
2011-05-26,0.0075972453567564316,0.008416538566321493,0.008483540184877358,0.008008436484507548,0.007088700558408008,0.005603336418047212
2011-05-27,0.00237648424155619,0.001612322987865284,0.0020065826991580477,0.0023596569350456693,0.002700241581089441,0.0029585708980370486
2011-05-31,0.004189030831613622,0.004484712746114655,0.004598436079150486,0.004411486773507389,0.003992155164362063,0.0033291313195303856
2011-06-01,0.009235059235690684,0.010537233360251712,0.010289603214454476,0.009615106415080742,0.008482684445678748,0.006716856962596308
2011-06-02,0.0006405963063091435,0.0011952172609140728,0.0006075156072998193,0.00032456894332146875,0.00020843683321911807,0.0003246655386294532
2011-06-03,0.002350196091277992,0.002084353810376337,0.002366966761301085,0.002477317122261123,0.0024835340794782754,0.002316247878181246
2011-06-06,0.0024318970669219247,0.0025560497197189293,0.002602254626068109,0.0025237090174527583,0.0023672122936341713,0.002071882275623813
2011-06-07,0.002435532648123083,0.004267918040452896,0.0025915577695030025,0.001776353013718185,0.0011189335035557456,0.0005660018665581513
2011-06-08,0.004061489333681141,0.006778535526550406,0.004616266538183349,0.0033253917478392606,0.0019806728564109814,0.000488592019020357
2011-06-09,0.0047737569114360895,0.005473659437779005,0.004956503317065421,0.004698472462852651,0.004464467620062686,0.004172383954021804
2011-06-13,0.0074145321322944,0.010400459218292893,0.008548775207804919,0.007167441846703156,0.00551511028615947,0.0034404447539240443
2011-06-14,0.006603104795877716,0.008309529852662409,0.007086552028054926,0.006411024152751888,0.0057466132615113475,0.004961115201600669
2011-06-15,0.013586412050543485,0.01902839842153818,0.015028751499453643,0.012742596534101761,0.010462415408404174,0.007948191071289374
2011-06-16,0.008705809618660767,0.012085074535147467,0.00932216394121354,0.0080002475116453,0.006895976190597916,0.005869019564290077
2011-06-17,0.002136806375823057,0.003241963393371126,0.0026332664392699273,0.002007536462417212,0.00114877127116236,0.00018817697325651466
2011-06-20,0.006171725352125801,0.008696030517603218,0.0067481768616592195,0.005719869650036795,0.004763634780585134,0.0037259906407330055
2011-06-21,0.005459870882664397,0.008236682821622855,0.0056225781090077365,0.004565657093389891,0.003939467121398249,0.003637306130355709
2011-06-22,0.001885195703544472,0.0014102410096581155,0.0017168449703707902,0.001913176710745627,0.00208777425401785,0.0021941812558274256
2011-06-23,0.003901917897978873,0.005294366213784599,0.00422701745838302,0.0036535964901299417,0.0031325736979266,0.002658014471004489
2011-06-24,0.007743452255421966,0.010026687770059136,0.008502601065601354,0.007535618895381732,0.006498837820130857,0.005287355340071403
2011-06-27,0.004175501610459791,0.0047179221633693695,0.004017254517422369,0.004098338643308122,0.0041156209243950635,0.003878431367041069
2011-06-28,0.006685603045451467,0.009759540128827121,0.0077677149567150685,0.006312207606959565,0.004602766222032201,0.0026212591370845173
2011-06-29,0.009543005400277485,0.015795670321533048,0.01060189646550451,0.007811249489552948,0.005161530562257159,0.002405064332535273
2011-06-30,0.004760453767969707,0.004284973541232461,0.00469419872548805,0.004847978692300002,0.0049425706094088084,0.0049981195295293246
2011-07-01,0.007367339739057798,0.007451575312070481,0.0076017358767256,0.007541627192382347,0.007347396819550464,0.0068713703472978865
2011-07-05,0.0009192703885463649,0.001645746103428263,0.000831822555524765,0.0004344841710651227,0.0003175419453536807,0.0007316227535394967
2011-07-06,0.0012374446484503703,0.0016072593969796499,0.0013261866131346783,0.0011854049762524549,0.0010528116528283314,0.0008948157652836038
2011-07-07,0.003434869212653924,0.0036865291284308137,0.003240685587406496,0.0032633692782077835,0.0034110576317363333,0.003551647397478927
2011-07-08,0.0017742752884548972,0.001262603432203872,0.001366571851617928,0.0015899016582256423,0.001950312707908742,0.0024386617235693264
2011-07-11,0.0123703465985544,0.016165695623302136,0.01360217701545382,0.012034360242188671,0.010325857988405124,0.008205441527508472
2011-07-12,0.005892620789644094,0.0068567656114548415,0.006612378978061455,0.006099735617582244,0.005291068815714551,0.004204036707232917
2011-07-13,0.000989126728514602,0.0015819140278476172,0.0009980551346341082,0.0007386807940898088,0.0006062731554440708,0.0006928751167924532
2011-07-14,0.004943652570430084,0.007816122593845606,0.005355858794711375,0.00417571491393612,0.003160519542817248,0.0022351798656239383
2011-07-15,0.003843320297003358,0.004602337993729778,0.004239810229084966,0.003880100659189375,0.0034220218599290897,0.0028164932104184784
2011-07-18,0.006241027373813026,0.005992038086055936,0.006191297551761269,0.0063045870614245455,0.006389116116301273,0.006320348474693878
2011-07-19,0.007281511116490517,0.008391483517961013,0.007889400783223297,0.007389206806372448,0.006706780170891273,0.005732460454232359
2011-07-20,0.0009353791091583982,0.0017357053167721829,0.0009058000975586303,0.0005481974212102708,0.0003390884303923948,0.00035499612616728056
2011-07-21,0.00858259268689401,0.010326697830746375,0.009517186596389652,0.008709187474243329,0.007607283853427756,0.006112793408864115
2011-07-22,0.0011972289856910854,0.0023054393238682636,0.0011572868624578352,0.0006424823542728941,0.00028156763759934516,0.0001426848020763004
2011-07-25,0.005668994396568998,0.008664553859536447,0.00642830440502153,0.0051138457299470565,0.003720493897633918,0.0020727766983438907
2011-07-26,0.0036396251543898144,0.005018341894567407,0.004066193168986224,0.003475450097488976,0.0028404995598013626,0.002090330819436699
2011-07-27,0.010695190671450245,0.014992404178937385,0.011705117813275193,0.009973148057998392,0.008311202122219924,0.006450875018395582
2011-07-28,0.0018728410253928403,0.003723145437416782,0.001603910480854618,0.000671050413174955,0.00025829835917892164,0.0007657023271761936
2011-07-29,0.0011104992569375132,0.0017506122024866133,0.0013173455674207228,0.0009721659530377471,0.0005478056775588776,0.000347567072928743
2011-08-01,0.004315316089470169,0.0064802618392784065,0.004791157111806206,0.003882612421101618,0.0029878783758949833,0.0020392862435048157
2011-08-02,0.010886691075544503,0.013008474434573961,0.011972297328222845,0.01101373113330126,0.009740341136827865,0.007991707170744869
2011-08-03,0.0024452256082180693,0.004300000561934286,0.0027121674221501236,0.001691045681605341,0.000677441634595354,0.0008551150515925989
2011-08-04,0.037461461399461604,0.055793185258349795,0.041445071595999514,0.033806333030165184,0.026411800842849057,0.018595176614862586
2011-08-05,0.008572518150921917,0.010569633157994302,0.009603839423637647,0.0086728904408833,0.007387084670575419,0.005805291718770386
2011-08-08,0.057821242751671276,0.08497116822863632,0.06501079750217986,0.05303630861299824,0.04074650157699016,0.02822853029601416
2011-08-09,0.04913476283028633,0.06881705688271063,0.05642023515432944,0.04715759634708086,0.03632761612783822,0.024669003877509716
2011-08-10,0.033302736228095056,0.04734509683141923,0.03833047117462107,0.03170785244479791,0.024077733417883825,0.015794075906544792
2011-08-11,0.018262896130457933,0.026744328463743354,0.02043798537697082,0.017080627491050406,0.013119724343822779,0.008415552374484266
2011-08-12,0.011701825396043666,0.019413092945270136,0.01131149872849813,0.008659627586261731,0.007442910216124737,0.007032733778049001
2011-08-15,0.018763136783115978,0.028795132044353605,0.020077968233229868,0.016222165344709286,0.012955193568117751,0.00984867417598759
2011-08-16,0.0018659684999321508,0.0026964451341512275,0.0019182599659641052,0.001715286585146868,0.0014757696360264286,0.001156957418137928
2011-08-17,0.0037066325811029926,0.004080942634594834,0.00363794668701767,0.0035796075233874977,0.003598374751433216,0.0036117842818737195
2011-08-18,0.041033279969385245,0.06349869386518672,0.04492931449502395,0.03564615955111676,0.027159248682686675,0.018964425166627073
2011-08-19,0.010562908397750237,0.014387985411019964,0.011946435568949067,0.010200517167856677,0.008208072495348037,0.006059762167355249
2011-08-22,0.0023290568248228766,0.003885378055495294,0.002499548922200465,0.0018589320391038768,0.0013253272081601563,0.0007526622635523258
2011-08-23,0.022217092023085746,0.033222280470681244,0.02478620179446117,0.020078368223045005,0.015385782188058849,0.010490805817684877
2011-08-24,0.005328894136148182,0.01100089478229654,0.004060089829038653,0.001556130485083132,0.00044765379197370103,0.0013636759645445416
2011-08-25,0.016632417027053235,0.028935865967397393,0.017439881034575718,0.012319885263159702,0.008222877166719178,0.004728362214270408
2011-08-26,0.017182512206685825,0.02885851907422817,0.018604475235902414,0.013611955462535042,0.009223444231491601,0.005186111423616586
2011-08-29,0.012758446699955779,0.01732141424864746,0.014455979615443983,0.012352607570179959,0.00995277318723784,0.007296469342306302
2011-08-30,0.0065042430034985685,0.009892423058407405,0.007033919127832126,0.00589307419590044,0.004519667584935791,0.0030056803593696063
2011-08-31,0.005611834255126781,0.006219601717663652,0.006003536765982101,0.005754216900962795,0.005295476414074926,0.00464590537063107
2011-09-01,0.006231426111338355,0.009621006450172921,0.006545554445777584,0.005448217633719688,0.004385253975860797,0.003135567089261931
2011-09-02,0.012431062824562415,0.017849096605438743,0.013440805408516296,0.011296943139185568,0.00939837608934475,0.007580284801670949
2011-09-06,0.01083356340182499,0.019683485008974603,0.011110411731536178,0.007316357845184497,0.004344619709201922,0.0018827735996784774
2011-09-07,0.017109724798938027,0.026882428888171075,0.01864790200515159,0.014606044194200654,0.01102554004940207,0.0076423243173625865
2011-09-08,0.0067404934708246095,0.009393955188824632,0.007623126670955419,0.006410608768064971,0.005088364639171221,0.0037182586437349056
2011-09-09,0.02277113714590501,0.034695302977331664,0.0251089409726834,0.020073563671435552,0.01539131362599579,0.010888524947144823
2011-09-12,0.004150744491934816,0.005992827796325393,0.00444764457093586,0.0037297137904930785,0.0031306232575918852,0.002595439273202341
2011-09-13,0.007338595685394895,0.013787543438970071,0.007094055225634903,0.004438167054819436,0.0026270570684122792,0.0015014006445511906
2011-09-14,0.008371492630739387,0.014572804098202243,0.00941616603437563,0.006233566472131289,0.003203734162038236,0.0005073250610996905
2011-09-15,0.011614261338978785,0.016034616429039333,0.013130277031230236,0.01112913175375358,0.008897878175988718,0.006473980512796853
2011-09-16,0.005845052628103666,0.008443635524107108,0.0068812471190935025,0.0055819470837245415,0.0039767255368521656,0.0022812669961139345
2011-09-19,0.007870151107906124,0.010036599376558947,0.008863715157204381,0.00789803003117628,0.006559696190151129,0.004998912520972567
2011-09-20,0.0016996112257962625,0.0033838354578255426,0.0015190960508009793,0.0007679723173031561,0.00028959345509822087,0.0001083998509553076
2011-09-21,0.01843796416537478,0.02715122320703308,0.020453849154882665,0.016746882772693573,0.013146481319599872,0.009537069373789188
2011-09-22,0.022887005439468682,0.035053087183267745,0.025094601359227055,0.019933588174550917,0.015361366510743957,0.011282625265648648
2011-09-23,0.0029553820593571354,0.005356392556661982,0.0031289021415055467,0.0016759410615015402,0.0008351005915382877,0.0012977959439194324
2011-09-26,0.010679787483697505,0.01701147741709275,0.011842110550617577,0.0090837105736838,0.006486988442659777,0.004008558398944458
2011-09-27,0.006307336671725565,0.0096031997834913,0.0067278059090688114,0.005440616865314345,0.004407741314462645,0.003521244900650671
2011-09-28,0.02001985195581049,0.030782871416825522,0.022213233780542598,0.01746785785568383,0.013135301095537857,0.00923565054948375
2011-09-29,0.012077634790367942,0.019097851581015797,0.01337785738867017,0.010292385852645358,0.007469830126677465,0.004890780987150527
2011-09-30,0.02656227375011027,0.03985733530623998,0.029849246085652113,0.023804257986156378,0.01797794008355887,0.01258325221727681
2011-10-03,0.020477182876053556,0.025794370278450496,0.0223803650875487,0.020062359386739465,0.017510500559793352,0.014873766139270491
2011-10-04,0.022777462557535037,0.03523659616911581,0.025338290358022677,0.01983584557004069,0.01472213864357517,0.010010754178761405
2011-10-05,0.016222821199104436,0.02562183058307462,0.01760753596818895,0.013698171724152244,0.010353015204326596,0.007387237683081141
2011-10-06,0.009819871738877547,0.015143605158256527,0.010914992926847776,0.008575820676197636,0.006402005976884808,0.004376434194564265
2011-10-07,0.0029502832416654187,0.004010507052491442,0.0028004900617288335,0.002489606088641727,0.0024944655973033383,0.0026783292429426297
2011-10-10,0.020442232907783013,0.029028885830707122,0.022803263082985036,0.019022233138268965,0.015237804902854288,0.011520562471167298
2011-10-11,0.0026325298538707625,0.004455400387788228,0.002913836776915369,0.00206602538182007,0.0012974535099508362,0.0005984841608493502
2011-10-12,0.014589601992115842,0.021130174786773814,0.01665811243625644,0.013599519466801697,0.010325180601999013,0.006982059208526129
2011-10-13,0.00261642999400867,0.004052729656740932,0.0029835781888622923,0.002258846958876466,0.0016021497442901052,0.0011103601673801494
2011-10-14,0.015540630845291913,0.02179328371784444,0.017840109184879625,0.014894171120713083,0.0114755601646018,0.007798365851178236
2011-10-17,0.019704045330049002,0.029340406154929128,0.021881005478095104,0.017769289766245266,0.01377381177602538,0.009805285724359823
2011-10-18,0.01093046007210079,0.016262413394490936,0.012909755999337323,0.010222200856860963,0.0070135968740532625,0.003544427470476065
2011-10-19,0.016613859186464068,0.02404264590467691,0.018697945510601114,0.01544973178426191,0.012012115338697,0.008333934833402773
2011-10-20,0.000848444111766949,0.0006976800080010072,0.0006849824175494572,0.0008237484607515072,0.0009402757363856385,0.0010395425729703516
2011-10-21,0.015044280495779517,0.020491026794511483,0.016678706603208877,0.014378467167609231,0.011931936529641494,0.009191246797455659
2011-10-24,0.013038910390287843,0.019849521457588743,0.01459263049810787,0.011624059578534884,0.008692794716070573,0.005695095505707026
2011-10-25,0.015230083884503686,0.025868329001029974,0.01612003375630414,0.011782204581367535,0.00822411037019736,0.004928996435056067
2011-10-26,0.010771439231396875,0.015211926143589823,0.011939780574019497,0.010087567819588928,0.00819584560696033,0.006101438248206438
2011-10-27,0.02711415435410088,0.034576381161715096,0.03033497500025948,0.026994777410160934,0.022803830263577376,0.01764701977868452
2011-10-28,0.0050450995922411025,0.00897278270556397,0.0050594695476847,0.0035193891370831937,0.002464890941503285,0.0016414324966978733
2011-10-31,0.024288445215075078,0.03568793782790913,0.02732884293701548,0.02241269457933955,0.01721259659031478,0.011425669890911285
2011-11-01,0.023937382793659645,0.031038550860922918,0.025306387427686674,0.02268832992548041,0.02043392520117732,0.018135075873288414
2011-11-02,0.004296763278744313,0.006012071294142915,0.004672563410707357,0.004000021830317692,0.0033609175988085793,0.0026527498083856508
2011-11-03,0.012296739282957514,0.018828214621130303,0.013543472010907326,0.010820857926002287,0.008253854014066043,0.0057362542390777035
2011-11-04,0.0015191450221610455,0.002149654899783887,0.0014125399299501648,0.0010043885831236801,0.0011066307841019402,0.0016399068972608353
2011-11-07,0.0024156721234381085,0.0034674423850832,0.0027542972919099517,0.0022944883215831107,0.0017860533012337507,0.0010551709439501624
2011-11-08,0.00978282787456472,0.01602720152919121,0.010365687578906217,0.007928369977224925,0.005940277068474545,0.004006743831341913
2011-11-09,0.038998954419409,0.05646738688953007,0.04344177029319223,0.03607850374505079,0.02852247840554857,0.020338358680599716
2011-11-10,0.011904162951532966,0.01699401425192554,0.01347653415388161,0.01120744743457856,0.008705302351702686,0.006061585407668729
2011-11-11,0.013101353385291772,0.018900394910915993,0.01494595194320599,0.012323017921285822,0.009400614654138821,0.006114946344027712
2011-11-14,0.007732587446195883,0.01145534573025666,0.00852087264567506,0.006957513327577949,0.005492668378735586,0.004069143521629739
2011-11-15,0.0047606332647492505,0.008959879309257176,0.004298695715309427,0.002750469049181792,0.0020280970514146373,0.0016975469588342243
2011-11-16,0.014930197920544518,0.020264689420867097,0.017017669870289607,0.01447865530052777,0.011517206570860288,0.008486331250159022
2011-11-17,0.008397187471938634,0.009642786012739891,0.008507442930823277,0.008144611410303988,0.007922768872279978,0.007622264640989987
2011-11-18,0.005928464720799765,0.011636594496469973,0.0053785615287477145,0.0029532986717565567,0.0014793410662290055,0.0006955509328628451
2011-11-21,0.020377428227676995,0.03656821018143705,0.022227976623449053,0.014045638372082397,0.006466095089296373,0.002406371176927165
2011-11-22,0.02185124910763157,0.041288463541674196,0.02223302794469985,0.012498363498155722,0.005083571769659997,0.002507766441989394
2011-11-23,0.013865159983539333,0.02026258818144976,0.015774998211383843,0.012825828196991356,0.009702583024238638,0.006568734443142697
2011-11-25,0.004314093302571427,0.005183420310059481,0.004666331581832077,0.004204704132272468,0.0037975980304976887,0.003509019939089624
2011-11-28,0.01928760713805954,0.026406576579752587,0.021719941269409956,0.018538299676179357,0.014964378842977974,0.011108313153295272
2011-11-29,0.00732335676130136,0.011358003133033631,0.00834930518041312,0.006261877311661307,0.004499488820781095,0.003160084173908008
2011-11-30,0.020386719563362635,0.026510338763058323,0.02319405002041759,0.020386751260964016,0.016642886269816422,0.012030144002785527
2011-12-01,0.0030515032888530987,0.00528358568218793,0.002912215168345933,0.002088431502701373,0.0017369481439381133,0.0016680982481363004
2011-12-02,0.005752225657879012,0.010547866163712198,0.0054735431987729,0.0035425608702631915,0.0025838641070785127,0.0022354536667132867
2011-12-05,0.006214342972378773,0.012403119479852566,0.0044707601371743065,0.00253563329446506,0.0023772547960903257,0.0026803819292384526
2011-12-06,0.00881088650030815,0.014977600617191184,0.010445108592500434,0.0067179944551975955,0.0029735871739029465,0.0008695519929734749
2011-12-07,0.006851412753561285,0.011897436773804629,0.007972967281391878,0.00482187952653271,0.0020529204611239435,0.001458447789051896
2011-12-08,0.012788912608599422,0.01831704368064058,0.014719217918475769,0.012070648747699236,0.009084068347213148,0.0061148265956378735
2011-12-09,0.020652134906015997,0.029233831160307408,0.02343955775388467,0.01958429106223235,0.015229752256644866,0.010631736389948434
2011-12-12,0.009052965208325332,0.01325497026242574,0.009649219336753178,0.007922770749613152,0.006642713425514904,0.005838089314556672
2011-12-13,0.009034310667144559,0.017611507922849157,0.007744717310871886,0.0034536306926746902,0.0026856476498172644,0.00433678686934912
2011-12-14,0.0043894189563142266,0.005397511597182328,0.004522534996981433,0.004224699559421669,0.00397021572059963,0.0036246158960832934
2011-12-15,0.012338630096156876,0.02076518430615058,0.014658467804503677,0.009562693269281585,0.0047084300267098405,0.0012373316960627497
2011-12-16,0.010634995112918114,0.018913443228318498,0.012438363580350446,0.00679830561619083,0.002261170080583772,0.0013245876968652132
2011-12-19,0.005218514906555357,0.009704376294619958,0.005434526389381009,0.0029664795001509868,0.0014415816594999578,0.001255919782238997
2011-12-20,0.0163385617397086,0.01848982830617045,0.017812135082653453,0.016910387233039982,0.015218862504137136,0.012570684918722593
2011-12-21,0.007825664248319155,0.010683911751558481,0.00837946681521516,0.007298446764041368,0.006357037730259101,0.005307015766251111
2011-12-22,0.004604546068925578,0.005682950943225039,0.005412032343918243,0.004834867450841992,0.003830892201010983,0.0025241867337010356
2011-12-23,0.0029452274899733713,0.00489649561123892,0.003456537695635869,0.0023946446215192038,0.0011112041644225918,0.0006923909068145959
2011-12-27,0.0038973616084204254,0.007164160312058299,0.0033283840096866952,0.0015962145585795909,0.0016768176561575236,0.002860801648509529
2011-12-28,0.007423960614647874,0.009322821356592927,0.008305583855373893,0.007428998711843389,0.006358104104751947,0.004905377166557861
2011-12-29,0.004248106405417942,0.004219788510499328,0.004397450958915264,0.004404461889585045,0.004231730845497181,0.003972533154527284
2011-12-30,0.00434026969265777,0.007156190681659684,0.004657800162954216,0.003413867032184294,0.0024599587746216033,0.0018914682943301042
2012-01-03,0.007416517468696706,0.0093515792128218,0.007650902812745104,0.007041030742591491,0.00662427401960697,0.005964745509131705
2012-01-04,0.005794287974989374,0.007007421788396647,0.006966098130476995,0.006210816769600302,0.004831642058613298,0.0028843322404833917
2012-01-05,0.005363797599065729,0.009157904328156873,0.005561527226255989,0.00403158153375001,0.0029294859353865992,0.0020538473988476885
2012-01-06,0.0033692586149955545,0.004549678159321448,0.004060518721668063,0.003464523323040937,0.002435841183480327,0.00127901927434731
2012-01-09,0.0010524517206708683,0.0014884812938706735,0.0007804450187563641,0.0004538553681101586,0.0006996114859195949,0.0014206200075381839
2012-01-10,0.0041571290010717805,0.005111140788782644,0.004304861197090936,0.003934223836811454,0.003705288209790847,0.0035419965631029227
2012-01-11,0.0033860265402959485,0.005546774991156939,0.003841838687893874,0.0028521732541982917,0.0017968406136684466,0.0006602369943649731
2012-01-12,0.001577989365868208,0.0026164212508525382,0.0016383922431892459,0.0012384046342540011,0.0009280175039509176,0.0007248450618782054
2012-01-13,0.007022735575455598,0.01131821192886757,0.007705422131788636,0.0059121977602048445,0.004229847319752356,0.0025045823232313145
2012-01-17,0.001326717748520522,0.0018719293488453634,0.0016016968333482373,0.001333022793642004,0.0008978187512722343,0.0003851225904374534
2012-01-18,0.006665295782442697,0.008931584357203835,0.007554500794593569,0.006556440899035783,0.005351226552628841,0.0036965680125989565
2012-01-19,0.002787199095898991,0.003940088757057098,0.0031239847453403452,0.0026110265300982247,0.0020530793144377946,0.0015894085963164782
2012-01-20,0.006534670593284667,0.008486035445871756,0.007376676878548398,0.006490828647882293,0.005420960114006788,0.003945094974873559
2012-01-23,0.0021141623669558383,0.002176434656651944,0.002085399966391004,0.002072376026836687,0.0021010301930599125,0.0021339122442137863
2012-01-24,0.0008110408935383402,0.0008397393712310822,0.0008430560918196726,0.0008233395898236013,0.0007997178939800952,0.000745381834555054
2012-01-25,0.006326649564406083,0.010121696973483677,0.006907308354452277,0.005321009146990405,0.0038995626363731934,0.002540292922111565
2012-01-26,0.0033049196105668036,0.0060750147245039006,0.0033005533589495943,0.0021235219924549418,0.0013171369455901418,0.0007541991762486782
2012-01-27,0.0036852796895650033,0.007323948648473001,0.00330176274537696,0.0016808298374397128,0.00072067243483377,0.00014146808338304516
2012-01-30,0.005298501729988244,0.009333970029381949,0.005071850126233978,0.003534815466916926,0.0028327945809468323,0.0026465632767922083
2012-01-31,0.002590501530193076,0.004864049028167068,0.0021617415389536447,0.0015110814247018055,0.0013022478286853414,0.0011145290398272018
2012-02-01,0.0037399754443880476,0.0043891452111424235,0.004456598373815784,0.004047556064728327,0.003249656325782905,0.001966784314640524
2012-02-02,0.004736601888153227,0.006701965277399365,0.005449166268541334,0.004570363815158609,0.003500661817209836,0.0021034203268073008
2012-02-03,0.007392031881546076,0.011599715781720896,0.007486079561995822,0.005965576899763122,0.0051101135408836585,0.004573239018028885
2012-02-06,0.0009419865876660446,0.0017866264196125543,0.0008620870697688271,0.0004913765686792252,0.000323011459165357,0.0003945608224270536
2012-02-07,0.0020414885930429665,0.0032453094905915162,0.0018861122242557133,0.001645035548166936,0.001547752403872879,0.0012834507808971044
2012-02-08,0.0038347731056962704,0.006684089765520428,0.003680921523090378,0.0026079302664317526,0.0021325128614100887,0.001988032502129169
2012-02-09,0.004671723847494956,0.004313320465241739,0.005103570864007242,0.005129691844511288,0.004780946115594096,0.003911862134148986
2012-02-10,0.01200692904779225,0.020058210180589564,0.01208415802716745,0.009040411562787532,0.007257860115177888,0.006169884945706163
2012-02-13,0.005979927500035651,0.00946448362967143,0.006529816023754964,0.005161635183136161,0.0038524368726230666,0.002258089729544138
2012-02-14,0.00612111799436715,0.008569021010933596,0.00634402409756145,0.0055300322750153705,0.004950623737932499,0.004309957344484097
2012-02-15,0.007158849171396983,0.007485124869251256,0.007641087985385942,0.007468133797183517,0.007012459692365216,0.006073275396001879
2012-02-16,0.008823958853078701,0.008522111137734963,0.008965647163227185,0.009095766596421412,0.009048706641270143,0.008466993566101132
2012-02-17,0.004380071469004178,0.008434370039700718,0.0036240678979120766,0.0017817089687219671,0.0012622930230267654,0.002623889050138709
2012-02-21,0.003688251747406148,0.005397261432154879,0.004430028263977278,0.003618614382292809,0.0022996840099986245,0.0009367533191714518
2012-02-22,0.0015079968443498589,0.00287313096295854,0.0012798305057201303,0.0006774754955695956,0.0006095010946664517,0.0008043383166714616
2012-02-23,0.007112488906187244,0.007837103270566505,0.007908257847739361,0.0075213580513513985,0.006713132224507781,0.005228746613001472
2012-02-24,0.0022561399443241557,0.0035685908750903677,0.0024741173981120295,0.001946272956693502,0.0014423957631276118,0.0008522062831329003
2012-02-27,0.002202916965253928,0.0022275153788721552,0.002533049091846623,0.0024352233239462073,0.002101238256663043,0.001593906667733388
2012-02-28,0.0011290221852760843,0.0015805042100989583,0.0012782747391140376,0.0009084302226344194,0.0005164361552585614,0.0010721584936829371
2012-02-29,0.0020938255150608166,0.0029300102840514493,0.0023743030488229,0.0021258635691548556,0.0015888942685760741,0.0008089315755536897
2012-03-01,0.004452668544929522,0.004459884017626409,0.0047564523879942006,0.004711031802583935,0.004445267179940169,0.0038291853100990386
2012-03-02,0.00231414720333816,0.0032129458825878457,0.0021583336417324963,0.0019123772036827734,0.0019346944455086556,0.0020963615798495015
2012-03-05,0.0030291122561024444,0.0036442972173056656,0.003267792869162029,0.003038856191692467,0.002742539949229207,0.0022720168418469966
2012-03-06,0.012149898583948113,0.016940435236997363,0.012763974656443364,0.011104862557935805,0.009799923676952657,0.008297367440769973
2012-03-07,0.006621007304156465,0.010463045509010836,0.006929128810704466,0.0055015276217357965,0.004443716571287837,0.0034186427234854165
2012-03-08,0.005303910332772424,0.005826714656981728,0.005858990158078555,0.005595981671008171,0.005039755647470496,0.003957879088051229
2012-03-09,0.005717093870830623,0.008059286433405153,0.005839255829996785,0.005031486594167068,0.004573379441678233,0.004259712233329577
2012-03-12,0.002542978277394423,0.002365247393680078,0.0027594759176457115,0.0027708855408114263,0.0025919580327450472,0.002174519923875863
2012-03-13,0.0072903208913148426,0.008389576304058696,0.0076649003256429385,0.007303126833945984,0.006818238217057256,0.006064995629907886
2012-03-14,0.005233419626921519,0.005608546164775324,0.005799493638857225,0.005596186976444974,0.0050318209462966845,0.0039008919104165174
2012-03-15,0.0016315848912739773,0.0018324326184662799,0.0017189275835908246,0.0016435991557545025,0.0015343561236763343,0.0013936133069323872
2012-03-16,0.0014051320195181964,0.002533137537533679,0.0014835980730830143,0.0009692967327831288,0.0004666576188095417,0.0003111678734727627
2012-03-19,0.0038421818077455675,0.005887662752463612,0.0038549042656425784,0.0031209068675106086,0.002756918146919546,0.00263558120541733
2012-03-20,0.001056303156439639,0.0014017395886796566,0.0013468004261129136,0.0011269471953186084,0.0007126910948948886,0.0001489897697596461
2012-03-21,0.005072740295095866,0.0069329064755634506,0.004987569018845754,0.004411723995010567,0.004248340878929769,0.004267402577569766
2012-03-22,0.002229978368527096,0.0038903698343295597,0.002363032397890562,0.0015401058425749074,0.0007578188794199533,0.001094944107620722
2012-03-23,0.005205293150880015,0.006356138623958261,0.005442982661352541,0.00508373389997105,0.004725914589607111,0.004155743784240956
2012-03-26,0.008319947870922691,0.010640855442292986,0.008500467673011748,0.007790905628841157,0.007314339334524256,0.006813526051361631
2012-03-27,0.005388265651228784,0.0080180728083454,0.005850061584904363,0.004878131936016548,0.003914939233790582,0.002744339837647806
2012-03-28,0.002928596327547876,0.0055732183824054975,0.0028517625889108223,0.0016987155723489705,0.0008701406736468663,0.00021746231734509947
2012-03-29,0.002048537242600195,0.003923936339952006,0.001899179877101681,0.0008908263566309192,0.00027216852278555024,0.001053905244105261
2012-03-30,0.0020131850628425556,0.003236361164056186,0.002226684333117008,0.001738189379465803,0.0012072070180458188,0.0005947795216677274
2012-04-02,0.0016694605713799854,0.0021569892903988874,0.001657694070591068,0.0014845712735478225,0.0014006663721183776,0.001539195378815503
2012-04-03,0.001735023653817383,0.0021131114290612336,0.0018308890250163996,0.0016838235639393235,0.001520869753781178,0.001444241759723992
2012-04-04,0.006225894597043335,0.007689514155332241,0.006735252703418405,0.006205266812605636,0.005532726931099507,0.004494458502841965
2012-04-05,0.0024538776168462543,0.0022316410967774627,0.0027229834805946648,0.0027399978204282,0.0025065606856863503,0.0019804750048657504
2012-04-09,0.008556377680955695,0.01096387841906645,0.009376891547827903,0.008435230336337545,0.007311427808493139,0.005771930576688404
2012-04-10,0.009981343356353688,0.010739576141942387,0.010467751101600968,0.01015854156654584,0.009668827263797121,0.008748804474732358
2012-04-11,0.00047722943529109486,0.0009396610761385882,0.000412170703903843,0.0002002098986275223,0.0001135172006009334,0.0001814438867365116
2012-04-12,0.012846902722433086,0.016896969745492672,0.014238002312116329,0.01260248039123359,0.010681999066764404,0.008003663867541273
2012-04-13,0.01250984924109072,0.015624106206809988,0.013833091112148732,0.012550836953041968,0.010884296199700584,0.008427521801261825
2012-04-16,0.0008277521659511406,0.001269043183677763,0.0007067940257554145,0.00027920179944370863,0.00037857007806887336,0.0010462174226611824
2012-04-17,0.008692202400556424,0.010966137860218921,0.009678631957278661,0.008722747443675676,0.0074727905481724545,0.0056489729318174075
2012-04-18,0.002391632751553466,0.0032804263743728772,0.0025824589400211552,0.0022201811005214908,0.0018604094104465532,0.0016670085252777644
2012-04-19,0.0015880777466724845,0.0012346204465892522,0.0014544831834235048,0.001659391341692405,0.0017680566433734208,0.0017579936718666411
2012-04-20,0.004555438299105671,0.006250856888728621,0.005138726145724542,0.004421982634169648,0.0035645988403384143,0.002453584506642246
2012-04-23,0.005398855956216927,0.004638469464658367,0.005547255701823354,0.005754642621073426,0.005697076617133965,0.005279980085771701
2012-04-24,0.0052039061355631765,0.0070158019600348445,0.005757553172489235,0.0050295912388012565,0.004221407583427605,0.0031488457643149654
2012-04-25,0.009050259345760116,0.011575303471802783,0.010149142047058291,0.009095662629838153,0.007688554022342163,0.005540604185608948
2012-04-26,0.004366151088157964,0.0036819135434360915,0.004000092049803834,0.004299810310859137,0.00467573564535648,0.005040662688600099
2012-04-27,0.0008767388989868752,0.0012944554741455372,0.001005646024898229,0.0007019009463626269,0.00036548852446620736,0.0007281275870500978
2012-04-30,0.002686116928720132,0.004617149794775376,0.002942369886008609,0.00210159365750252,0.0012634019802473702,0.0002960194847505198
2012-05-01,0.0021161985031064425,0.0024255737564558002,0.001974299201515505,0.0018750814312676785,0.001958202703791209,0.0022934094563810065
2012-05-02,0.0010488091454829386,0.0017166765774864808,0.0012424914850743445,0.0008901096365432007,0.0004438858736573808,0.00014110181490918834
2012-05-03,0.0026428148977121054,0.0028651417194896036,0.002965534530245999,0.002820515782061303,0.002491293240338903,0.0019383161529505028
2012-05-04,0.008101347188035918,0.010134465978749682,0.008513518897210751,0.007797578233437693,0.007168706268366409,0.006385855522104376
2012-05-07,0.0013824818759258508,0.0018187477459875112,0.001751901620608402,0.0014855440277972561,0.000954014186088783,0.0002495874770687873
2012-05-08,0.0030758315809589565,0.0045119760832981505,0.0036861885207240233,0.0029753134033941417,0.001992267892691745,0.0007322324636910403
2012-05-09,0.00561689332619735,0.007297471618145663,0.006038131479724357,0.0054026464201916815,0.004774724799392266,0.0040060883856675444
2012-05-10,0.004399682539960635,0.005793822589786391,0.004074309328775057,0.003722265031638859,0.003859399193016024,0.004226989053321005
2012-05-11,0.004816338665679449,0.006533927864018272,0.0054970382322003354,0.00473357341484162,0.0038004414060892966,0.002495170515077993
2012-05-14,0.009574544847732909,0.01216530975055211,0.01031631332767182,0.009334704969096745,0.008290180054229294,0.0069335893311506394
2012-05-15,0.00626471164595936,0.00754131276584114,0.007150732189659981,0.006484396896978194,0.00548089117908404,0.004017601239560059
2012-05-16,0.006516073318031661,0.010620276860453637,0.007294894449867258,0.00546157235548492,0.003648151417375343,0.0017755310315888074
2012-05-17,0.01081447001110988,0.015016842696403439,0.011630577872479004,0.01000141197248065,0.008563482592721846,0.007115224966964971
2012-05-18,0.007484661354117413,0.010022431069224283,0.008340432953474607,0.007261037308050059,0.006050485028923446,0.004556072833725845
2012-05-21,0.018729571959998945,0.028777803783313936,0.020303535098628044,0.016303246931716912,0.012800952478394611,0.009161252974408028
2012-05-22,0.015848591246058846,0.029313284579084335,0.01649264033596556,0.009736138713370122,0.0037660712390866517,0.003954452520071991
2012-05-23,0.00983546067534731,0.016456153437478242,0.01130015266123368,0.007860135582898508,0.00424794320405774,0.002314356176143959
2012-05-24,0.0078299317659117,0.015204330719032863,0.007271535438473808,0.004250897550442492,0.0020429523101761736,0.0004984705823281824
2012-05-25,0.0051806860163699535,0.006940212232559464,0.004753373271747617,0.0035077291567450993,0.0037039465394399936,0.006116620872950522
2012-05-29,0.011675366677033411,0.015370697216294393,0.013717394729323592,0.011769430432214172,0.009180022273212695,0.005861175863717613
2012-05-30,0.018781074844215293,0.026746123705818952,0.021464792789004643,0.017651511226647158,0.013513904854786494,0.009661776531753043
2012-05-31,0.003770646567064518,0.0061606816726040205,0.004216867229245142,0.0031909694835189134,0.0020116722858975053,0.0010600934570779384
2012-06-01,0.02506183637971456,0.04116359345608168,0.02828202034742335,0.02085285979959827,0.013310345229301895,0.005844404206023122
2012-06-04,0.011599276022828424,0.02324997583498407,0.009884438409360301,0.004421576822638023,0.0019820346122062797,0.0033126604822345165
2012-06-05,0.007254460582693105,0.008728279827675675,0.008293418901960321,0.00757357438433904,0.00630435222710189,0.00459003703004192
2012-06-06,0.024733649752573316,0.0402042046555718,0.02819605050047198,0.02097725291257168,0.013257109232883209,0.005619228561999325
2012-06-07,0.0071443415519630285,0.013273057686691472,0.007529081370889991,0.004347071682089293,0.0017100626370991892,0.0007249882618221325
2012-06-08,0.0051985746842267335,0.007312254713127206,0.00551220280643675,0.004741591185980112,0.004073677080051055,0.003492121567325171
2012-06-11,0.011776678581766392,0.015855190005924613,0.01293510178065267,0.011345448456808325,0.009613881385072388,0.0073212681906228054
2012-06-12,0.004626480110660512,0.005545666897504896,0.0051797308655610825,0.004677638493662739,0.004124903608592935,0.003246910259982604
2012-06-13,0.010193838537086126,0.013349869920518762,0.011033721944497872,0.009816852772608825,0.008607451527474781,0.007010766976639564
2012-06-14,0.012141855600497273,0.01563944383691294,0.013467208896734084,0.012008603333547663,0.010284891118784185,0.007821753561233508
2012-06-15,0.006091485307243273,0.007151240623335625,0.007044809070035454,0.006400962366622374,0.005401642413569755,0.003822476811272012
2012-06-18,0.01045822809318854,0.018050389915921446,0.011038904172890312,0.007884243319932392,0.005330801049058162,0.0029359768797110756
2012-06-19,0.0032542638220501435,0.003609523545945782,0.0034134684354856937,0.0032696949145941128,0.0030906349524048855,0.002833338822869324
2012-06-20,0.006508444630172235,0.010002815547228922,0.00711028319717881,0.00570247032828396,0.004408986233982136,0.0030380065911248554
2012-06-21,0.014001589596820931,0.017459049508233154,0.015400600451884051,0.014007964952700779,0.012275646436721592,0.009555682844466127
2012-06-22,0.009377483351032341,0.013116701209746857,0.010622558625763001,0.009017843768379889,0.007147514349829176,0.004731902365748379
2012-06-25,0.0093753271216898,0.011420719109767446,0.011044874215996665,0.009891951216948103,0.007981527373204528,0.005050370647227012
2012-06-26,0.0038587549145951134,0.003627383531865702,0.004011665059939828,0.0040641766739437715,0.003964209002227097,0.0036008463677030395
2012-06-27,0.0022203016930787975,0.002560316894689597,0.0023025832811729412,0.002183810229267536,0.002091596472673943,0.0019099169488533102
2012-06-28,0.0017371568137871107,0.002577152996595131,0.0019603466839427375,0.0015573928279129102,0.001149263723678554,0.0009260738428075357
2012-06-29,0.01302062657411185,0.014857847665381303,0.014561319035031724,0.013601132543827945,0.011997299006774856,0.009271997772430067
2012-07-02,0.0050488723594724364,0.009622080554841381,0.004860310181641196,0.0028243173700937835,0.0015197877034273126,0.0009808098567509603
2012-07-03,0.0022186582231873884,0.0031469699867821958,0.0019805784566332496,0.0018753210197363006,0.0019356799235511794,0.0018768123887308288
2012-07-05,0.004164331945474631,0.004132352807819642,0.004234046757623801,0.0042710531765349155,0.004226308418629218,0.003949839617034841
2012-07-06,0.004322007569105439,0.007626324212135935,0.004710921255359272,0.0030637248316702738,0.001527830962818535,0.0011508561070250722
2012-07-09,0.004174973280340005,0.006812673406007826,0.004856570169489091,0.003569460199563558,0.002024103494749042,0.0005614050551462283
2012-07-10,0.002630843033644807,0.00282954774208579,0.0028622059335394806,0.0027285113563702557,0.0025359053580358555,0.0021289720291491018
2012-07-11,0.0030047451478518337,0.004641225539427007,0.0030808605011947788,0.002487654919660224,0.0021248225446034836,0.0018456687776194005
2012-07-12,0.00232033218002008,0.0034855066094352846,0.0025586331426095733,0.002090353833458064,0.0016395581657670478,0.0010801005126006827
2012-07-13,0.008572029933692736,0.010097397481644252,0.009485940344475205,0.008772107562603595,0.007759168793730981,0.006188975225339614
2012-07-16,0.002011298417647896,0.0027289597072765034,0.0024595838287397886,0.0020629336530431632,0.0014671660035050387,0.0005670640095516273
2012-07-17,0.004953818874770487,0.004130138087677796,0.004993248012718632,0.005263659113122176,0.005306869312209207,0.004984182152001906
2012-07-18,0.0009267753958299944,0.001331367290425859,0.0010886591416747833,0.0007898194166980852,0.0004134426761364443,0.0007362717062111492
2012-07-19,0.0022283303145532803,0.002832808427875309,0.002351032862047594,0.0020991665527371993,0.001886052262703595,0.0018197328080068792
2012-07-20,0.007484100952358883,0.010661874133602322,0.007990386739198272,0.006802747812525454,0.0058139812944174515,0.004738906915113014
2012-07-23,0.00996515050064213,0.01307821084278176,0.011098756513231391,0.00978236170443858,0.008228158560613662,0.006237141468567417
2012-07-24,0.007330430661065712,0.009320131402701158,0.00820824223117101,0.00732541130206734,0.0062138865650885845,0.004707647130576123
2012-07-25,0.011461287686338995,0.015408704087816276,0.013934733279633583,0.01180526197212421,0.008106177604246227,0.0044862343142830045
2012-07-26,0.011489614825393084,0.018145949647404565,0.013061076355759314,0.010265067709913972,0.006795110764760206,0.002940050102951891
2012-07-27,0.013013749541693365,0.01970110950552642,0.015670188508319506,0.012063011235043126,0.006478162473482004,0.005061327192051713
2012-07-30,0.006462317684991278,0.011958216133447549,0.006434056784743895,0.0041596762062788145,0.0023970062303735715,0.0011675549219069352
2012-07-31,0.004324845554644482,0.0056766289489390215,0.004936974810333603,0.004462518065761028,0.0034762319646045527,0.002219313564338685
2012-08-01,0.0014561239758623566,0.0016663498334142767,0.0016840252372870006,0.0015798393914843868,0.001299137504360264,0.0008973135684617066
2012-08-02,0.0024379481241671116,0.004146868410696873,0.0028038145126172026,0.0019249759067122038,0.0009201019372136358,0.00032854532041178366
2012-08-03,0.017557762640704563,0.03056875533295903,0.018232364128729625,0.012752692481778932,0.008765402131287448,0.005919780430869649
2012-08-06,0.01182161981722021,0.022352180145950966,0.011598333990816482,0.007040588480824151,0.003722048353998265,0.00109024619654438
2012-08-07,0.00282590009158428,0.004783281274811106,0.002332393635691407,0.0017717263584066606,0.0019396001613390724,0.002169712823709257
2012-08-08,0.0022312294776151553,0.003337002775783194,0.002589509898720836,0.00207648959831838,0.00147516888306429,0.000750229019866927
2012-08-09,0.0014073576627408834,0.0019889124277579196,0.0014290965904753393,0.0012834626892979648,0.00118006066774932,0.0009302518958810743
2012-08-10,0.0016296400690467092,0.0027622597489257977,0.001802160641434874,0.001293477428236541,0.0008048535671852065,0.00028266367501340075
2012-08-13,0.001504577196222139,0.0027766221723695586,0.0015244944144661976,0.0009644664966761601,0.0004724990309737333,0.0003627641542980503
2012-08-14,0.005180988535293198,0.006357553935909625,0.005974532892346969,0.005398213428903036,0.004463468526791445,0.0030060632346667455
2012-08-15,0.0008982242627638627,0.0011262553847700219,0.0005815451785521634,0.0007377848131827467,0.0009168711983890885,0.0010209842896289555
2012-08-16,0.0005015088090754883,0.000684134491647117,0.0005486951775997191,0.00043898798141686054,0.0003387150499509984,0.0004254535161769958
2012-08-17,0.002296534822584124,0.0025662705471606816,0.0026856491552541043,0.0025019330950933985,0.0020740976162037053,0.001417869851749612
2012-08-20,0.0030719177266945513,0.003960258439080755,0.0032089402426221814,0.0028638901469728666,0.0026091024837339976,0.0024886071743679184
2012-08-21,0.0024540170351292677,0.0016339719797606878,0.0018653829957705767,0.002202244388689994,0.0027403168286003815,0.003406209509607874
2012-08-22,0.004202793697494723,0.0033204893616273125,0.004169948685694627,0.004473987967263262,0.004544158963242758,0.004386035073054521
2012-08-23,0.0034485879129789315,0.004531358448935019,0.0033094963508944353,0.003006254531665788,0.003009470366910468,0.003143777867459821
2012-08-24,0.00497327705417557,0.0052043926613545444,0.005098053125924912,0.005015393427375531,0.004912803770545999,0.004615383247399907
2012-08-27,0.0036688016375769484,0.005006620401727535,0.004098560479087353,0.0035300738916949916,0.002893986753997185,0.002144644590268419
2012-08-28,0.0012861578479537543,0.0013521567476667898,0.0005181382215385598,0.0007723227539199263,0.0013013001184609273,0.001970875573915387
2012-08-29,0.004529552312396587,0.004005536661227136,0.004465684368930242,0.004663197375819598,0.004769572444137834,0.004701417750063707
2012-08-30,0.004010389910934586,0.00591211981623099,0.004854155255769508,0.0038825561328920816,0.0025098816594353525,0.0007255371462687624
2012-08-31,0.0031904427066038986,0.0043845033787550895,0.003537683405744797,0.003061658802347833,0.002542429686619434,0.001821495602414506
2012-09-04,0.001504244488756748,0.002061218265264625,0.001897014821583709,0.0014716360111575418,0.0008662076762897946,0.0007419185613040147
2012-09-05,0.0077819092898201905,0.009056635117508071,0.00905742565116887,0.008282438353088284,0.006775199247605702,0.00492228117638072
2012-09-06,0.005719799998374773,0.004971187785478402,0.005333232037647163,0.0056290027829863885,0.006075065493956318,0.006467796769722844
2012-09-07,0.0045591579353470735,0.005504271720892316,0.004789599887826271,0.004355724007865776,0.004006920689758174,0.0039578511957374385
2012-09-10,0.0030968874739580317,0.005508595015488824,0.0032479786093312563,0.00213775622267406,0.001322833508505717,0.000860049929737727
2012-09-11,0.0015389628672870864,0.0018995909348647987,0.0016968686377939796,0.0015356578154885445,0.0013385616856884108,0.0010973751992956117
2012-09-12,0.005667553201693919,0.006514783010205427,0.006309456197610278,0.005896826408008961,0.005184541500794545,0.004086823831642139
2012-09-13,0.008814184372338137,0.010084244755320203,0.009579567412925875,0.009039982215615316,0.008185101925275749,0.006802349201420116
2012-09-14,0.0036843509972985925,0.0034397224532048574,0.004106580003772959,0.004108857211621017,0.003726356384625994,0.002899669288603987
2012-09-17,0.0015351428593814434,0.0021989600099899475,0.001744602432842432,0.0014716446256149373,0.001134626020836399,0.0006716703864799151
2012-09-18,0.003927470705658601,0.004909431463239722,0.004789844615651225,0.004228343872172397,0.003168178653944091,0.001470970461993143
2012-09-19,0.0019992011557216295,0.0033780658973629023,0.002014897138637151,0.001465754600613849,0.0011414802060436546,0.0010302781221441914
2012-09-20,0.0025772907123297333,0.003947594337745415,0.002503583363401165,0.0018995125009786935,0.0017415421334050355,0.002172461650434244
2012-09-21,0.0018774152744808835,0.0023407032441905744,0.001853054191121522,0.0016716616833527384,0.0016018300984283783,0.001830417057354022
2012-09-24,0.002444977245440838,0.0026051496754757567,0.0021159897535409323,0.002056289575826203,0.0023074559426800386,0.003012087554808915
2012-09-25,0.0049254197637236255,0.005523443502134324,0.005699339100265879,0.005336546472568697,0.004511049352356726,0.003078897599795038
2012-09-26,0.0056315219612344345,0.007426629642199265,0.0059847100817703724,0.005326126614464451,0.004746717702671801,0.004086521960289398
2012-09-27,0.007291228772136072,0.009088695264714196,0.008334002232271875,0.007513606338200049,0.006241286157327545,0.004282776799307348
2012-09-28,0.002212894476871925,0.002535614849599444,0.002613573478822934,0.0024257840609457374,0.001978893027295303,0.0011932958184453523
2012-10-01,0.0011360922081690291,0.0016110448299097415,0.0014621423355591038,0.0010825312886670333,0.00043102134593662165,0.0006021199899543609
2012-10-02,0.0013894760517950192,0.001897336137155836,0.0013543733787809895,0.0012728164610093546,0.0012218605000156322,0.0010516662974235137
2012-10-03,0.0023798584189571826,0.004198314536110762,0.0025802095860281687,0.0017349111451062298,0.0009574167654444537,0.0003297582073101456
2012-10-04,0.0028434512585547257,0.0033526154836704372,0.0029958146767015874,0.0028169418941151316,0.002614742666311453,0.0023321874484149873
2012-10-05,0.0027498611174990454,0.0031203198775798693,0.003064562423428549,0.00285930443522555,0.002504237733327883,0.0020576475314862614
2012-10-08,0.0020734730476617024,0.002906896093069896,0.002185882890267548,0.002027599729485366,0.0017318801454217034,0.0010759897722158356
2012-10-09,0.004610667719276203,0.007754369268748,0.004945522331689297,0.003637854450567148,0.0025377698403798144,0.001424285586630933
2012-10-10,0.0010320864578461245,0.0013434299258028185,0.0011197324594158235,0.0009817896107764158,0.0008535202408878224,0.0007582874749731213
2012-10-11,0.00276955849537155,0.0019571075740820866,0.0024384703008875457,0.002755375629532201,0.0030882036649659324,0.0033833071240214887
2012-10-12,0.0009174374781772257,0.001374783279922876,0.0009546869140203698,0.0007648168504242719,0.000651940364516473,0.0006301034896625511
2012-10-15,0.0046320365740829175,0.005882864110770541,0.005065466284584058,0.004589486721756046,0.0040118932286634015,0.003138964740927947
2012-10-16,0.0015387300643473264,0.0004298666606644426,0.0008980100578791151,0.001355552749396407,0.0018370614474825329,0.0023737998286304618
2012-10-17,0.0019049805557983786,0.0023915643836877934,0.002259154965241325,0.0020047610084846135,0.0015717811166852782,0.000912047505145605
2012-10-18,0.0010289464549748932,0.001985125128185151,0.0009221236561989515,0.0005339043768790461,0.0003721654811028217,0.0002811746702284299
2012-10-19,0.009440198686315585,0.012792626980907764,0.010185493950672095,0.008910812196616519,0.007704501609663103,0.006279271059372603
2012-10-22,0.001712942410079912,0.001772919484789883,0.0018647437141657312,0.0018607392455615276,0.001691815446754102,0.0013136802641187054
2012-10-23,0.009128575192794313,0.010829783315807669,0.010159129935013214,0.009395783622703942,0.00821858153715011,0.006351099525374695
2012-10-24,0.001884011690768019,0.0035234528801448687,0.0017685487985344619,0.0011568534669282769,0.0008175254366236152,0.0004453733488696704
2012-10-25,0.004042735795971216,0.00507437598274964,0.004307524313812555,0.003906257718738409,0.003518411937507783,0.0031267290136085834
2012-10-26,0.0022993566155232845,0.0035242538293512793,0.0024681994886313857,0.0019626490681040575,0.0015521690893983572,0.0012890346041757872
2012-10-31,0.0013829878374293026,0.0020877723336265776,0.0016456496920874883,0.0012295435815814272,0.0007112030536983511,0.0006919056031459379
2012-11-01,0.008106817601649833,0.010068835089579809,0.008312083416619596,0.00767962982555409,0.007254338827952282,0.006821153953534966
2012-11-02,0.004773895793450059,0.006666990683586026,0.005488021382252036,0.00464814102615572,0.003599731709682746,0.002195444917504215
2012-11-05,0.0022963312778920674,0.0032223040652359807,0.0024949859368013807,0.0021376249219171688,0.001797219073293818,0.0013993039952925244
2012-11-06,0.004368204899654407,0.004306192409019414,0.004676829054146137,0.004636870257836494,0.004379378654077431,0.0037829253201489797
2012-11-07,0.01116484081515859,0.013764112999741838,0.012259750680383921,0.011193979017445593,0.009835171662129641,0.00784093686097199
2012-11-08,0.001511901288605891,0.0023025465335912367,0.0015100781963935093,0.0012768593034254948,0.0011297217565600802,0.0009698092110694993
2012-11-09,0.0014924132446661887,0.0023708453858006383,0.0017127777582369224,0.0013116776009905768,0.0008639768000039307,0.000339141462971729
2012-11-12,0.005181869148415537,0.007209559853006538,0.005738939711639148,0.004915412668529029,0.0040421214566062425,0.0029741603011100605
2012-11-13,0.0006514069366374042,0.0008426913366930589,0.0006868293114918273,0.0005310639739362856,0.0004629079220447971,0.000665942268316055
2012-11-14,0.004897245081828701,0.00591735519867965,0.005861012368044629,0.005254079477335447,0.004136080189204513,0.0024157768825113345
2012-11-15,0.0014635832793063002,0.002067528788658812,0.001360014223867526,0.0012969449829269746,0.0012357160279839795,0.0011734588640911114
2012-11-16,0.005523049767416915,0.006567280605539726,0.005851124384523638,0.005433499115877677,0.00503517182667564,0.004503298189700883
2012-11-19,0.008197580049400915,0.009702014029717774,0.00931605290874915,0.008525414823564439,0.007268686985172302,0.005437569944190153
2012-11-20,0.0022039414202208664,0.002340876229776382,0.0025673902507993914,0.0024513975692375656,0.0020713683144314233,0.0013840801852854057
2012-11-21,0.0010492975168267303,0.0017315463794444076,0.001233150136849833,0.0008660980982569261,0.0004140721332352391,0.00025422946836995385
2012-11-23,0.0028872900125493533,0.0032701637753241547,0.0032275910518428396,0.003034030792165437,0.0026831538090259146,0.0020411383482654057
2012-11-26,0.0019120193429314287,0.0032715568897954727,0.0018757606320803256,0.0014381050073070747,0.0011698676899795724,0.0007879029017520037
2012-11-27,0.003075805629908819,0.004541355006567743,0.003215719039653278,0.0026962158510749016,0.0023141466040199074,0.0019269905829409273
2012-11-28,0.0034477096061472476,0.005172276096339616,0.0038255238349760076,0.003120871615262089,0.0024107634891268387,0.0015794982663519185
2012-11-29,0.002196387650925925,0.002397282391629347,0.0023729442455164554,0.002354947894623364,0.0021340602429049706,0.0016256609737011862
2012-11-30,0.0016524206625580765,0.001515183576039518,0.0015648062000422275,0.0016965518019234278,0.0017722375711058504,0.0016996930582917236
2012-12-03,0.003516240173601143,0.004718764971707222,0.003939772758318148,0.003442965916888534,0.002847247789764897,0.0020175079344723593
2012-12-04,0.001461143278322783,0.0017189508803511658,0.0016479189004672845,0.0015170223481997531,0.0013090401824082784,0.000994648964843831
2012-12-05,0.0025941025925717656,0.0035981084101218237,0.0028430210091687984,0.0024475489825843333,0.002045242646967609,0.0015633858152255754
2012-12-06,0.00024042415373019398,0.00037101711135492687,0.0002851226897659947,0.00021956971673177186,0.00013349878458994235,6.354083218047652e-05
2012-12-07,0.004971259324528661,0.008824519403642508,0.0052163076237203,0.0035591702539838842,0.0022105029276214914,0.0009649208973554779
2012-12-10,0.002409229665131692,0.004465871186241816,0.0024939323376991086,0.001496298584999128,0.0006875080165635798,0.0003829584981653011
2012-12-11,0.002715299108671042,0.004822408176206281,0.0029783135007852486,0.0019461073443752491,0.0008974825985166026,0.0003813994105612925
2012-12-12,0.004389322507748439,0.006274974488340312,0.004447773461699232,0.0038534778317783932,0.0035151401420448185,0.0031570975865492577
2012-12-13,0.0030849133997510867,0.002433995941509092,0.002931790408392233,0.003178055155795793,0.003384287887541048,0.003392680812979367
2012-12-14,0.001149270521071726,0.0007913069489100307,0.001113861337206896,0.001220400789436922,0.001265070262135636,0.0012835415973417286
2012-12-17,0.0046818343169075655,0.006204700586717821,0.005261288013895668,0.004628158386899859,0.0038328249370341606,0.0027033321783875384
2012-12-18,0.005572196507834344,0.007099977653383405,0.006122319097962855,0.005501815443702297,0.004763169505186121,0.003794290300186031
2012-12-19,0.007010115337894982,0.010051908489028216,0.007138713247151737,0.0061055840356881285,0.005525274115477481,0.005089173183148713
2012-12-20,0.002836673145198193,0.00495688959776392,0.0028261447556673833,0.0022013907922001394,0.0015604929247386697,0.0006280640181491189
2012-12-21,0.003935553623918721,0.003163654930122598,0.004134258808610248,0.004315545745121495,0.004165232886592618,0.003790646797375024
2012-12-24,0.004870421501663299,0.008323104984179352,0.005231176234800125,0.003817258880669502,0.002503291750046682,0.0010619847900088621
2012-12-26,0.007209497769814854,0.013428632729949071,0.006523365113218235,0.004181242766228971,0.0032352249631943408,0.003008712255433652
2012-12-27,0.0020516159046306878,0.0038476323097192326,0.001500689440249114,0.0003816907560088338,0.0006792402412167791,0.001839086940654683
2012-12-28,0.013092914299493412,0.02065738618139014,0.014211283881179605,0.011280877979214515,0.008509778911889077,0.005362768479029547
2012-12-31,0.018868115882689752,0.028366891261185793,0.019946832338735086,0.01661797736200028,0.013847047051856555,0.0104677820467956
2013-01-02,0.01430396164046525,0.017990208381663535,0.016005967168924728,0.01452448242529865,0.01235635853053407,0.008918398094569553
2013-01-03,0.0018804240917866064,0.003181762692837949,0.0020391395528782065,0.0015772822961590163,0.00086807380192032,0.00039610391042329684
2013-01-04,0.003847749549329926,0.00660888169554384,0.003939728638118816,0.0028609110697163202,0.0021173889481632393,0.001469338578240584
2013-01-07,0.0014193228007057766,0.0020453377355263407,0.001431131477757419,0.001266471911113451,0.001140389869990641,0.0009676787415272003
2013-01-08,0.00026088743263465673,0.0002871447680240436,0.00024103840784449028,0.00024368560868083948,0.0002601437511127513,0.00026963342439794043
2013-01-09,0.0024981064093620156,0.0043994860978190595,0.0024601862126040802,0.0016972366251250023,0.0012841679295265117,0.001124715343541379
2013-01-10,0.003443207374231211,0.0033456882009728897,0.003567570849532569,0.0036070100359459167,0.0034985567143814814,0.0031791151791149184
2013-01-11,0.0018696478139153374,0.0034917293579260576,0.0018750071252578897,0.0011417860677159378,0.0006291007804759254,0.0002657929555044421
2013-01-14,0.0017100926350533843,0.0027193634420831156,0.0018729759739644998,0.0014698988277075285,0.001080889129407795,0.0006246468597254254
2013-01-15,0.0017203532964411535,0.0032502825185739717,0.0016392882472775643,0.0009580534208381065,0.0005793074207380255,0.0005413053387581425
2013-01-16,0.001269166951744988,0.0016485376734354865,0.0015848816045713513,0.0013138234729321064,0.0008213425307291934,0.0006508931747618471
2013-01-17,0.0019095001311611017,0.0019313341186222447,0.001527750930049565,0.001588861777208541,0.0019204748319487785,0.0024401176293934426
2013-01-18,0.003880127974003931,0.0044366733053638726,0.0044527727097271015,0.004174644984110436,0.0035446217495007657,0.002402853836551054
2013-01-22,0.005747711492332383,0.005455456040370252,0.005467292769658305,0.005704627627403413,0.005968952602275913,0.006111994324467903
2013-01-23,0.0038694995391088225,0.0031583051826386344,0.003065185790359529,0.0038384641618506676,0.0044148793185700315,0.00461193141106452
2013-01-24,0.0030399313756751395,0.005374137083642727,0.003236706194778121,0.002195020554487984,0.0013017930394277888,0.0005792383851613693
2013-01-25,0.003088721065804807,0.006141501454237673,0.002721351874150344,0.0013619044309904989,0.0006263772803585631,0.0005745091817246312
2013-01-28,0.0016484846080525167,0.0032654802669844,0.0014676869913660643,0.0007672211755457949,0.0003447134562270356,0.00025017061604186316
2013-01-29,0.0021519287949591627,0.0017605265151403385,0.001986572866592633,0.0021547947001273778,0.0023285974043789487,0.002458161153525191
2013-01-30,0.005248079725750403,0.00807814635303447,0.0057197913628961854,0.00465974650361426,0.0036105208028071583,0.0022338631018053983
2013-01-31,0.004811467896523056,0.00762541519539214,0.005169024800854422,0.0040551929549320544,0.003119185816957107,0.0021705833870085877
2013-02-01,0.007875812087338611,0.01292689257645927,0.008319254711083586,0.006392399953075694,0.004824103182718403,0.0031133231227331087
2013-02-04,0.006447005221626373,0.00967453737079663,0.006593585237352942,0.005533939767927418,0.0048234058292242555,0.0041058018545427075
2013-02-05,0.0030533213742669875,0.004993471130741899,0.002713717344658838,0.002029631814065353,0.002000287143096078,0.0024888325289222518
2013-02-06,0.001384845228362447,0.0022724767355822876,0.0014966006097764928,0.0012218541568510006,0.0006723795236606162,0.0004898936917260147
2013-02-07,0.0015040553150443663,0.002216394126664975,0.0016966609908534388,0.001381822276120468,0.0010458850327187187,0.0007187087076969912
2013-02-08,0.00401926369043075,0.006674204041827304,0.0038814038630817687,0.0028568805724112855,0.002479723050372973,0.0026175015786457554
2013-02-11,0.0012284506589531298,0.0019463986008671594,0.001351210130317018,0.0010826902253802777,0.0007788553494700821,0.00039036521124552633
2013-02-12,0.0016943469599805464,0.0020574590448532537,0.0021823676858803037,0.0019160810334275973,0.0012762753199290178,0.00024072068343351428
2013-02-13,0.004361389148967382,0.008459707972740479,0.004184535123807284,0.0022789561693346214,0.0008598440629411877,0.0003140228063420095
2013-02-14,0.002938930201749025,0.005023225110760985,0.0032692160499379454,0.0023173556197887196,0.0013480490279062277,0.0002803860000177702
2013-02-15,0.0016357900646564976,0.0032325782613413707,0.0011258431241010353,0.00024377649639577663,0.0005583650336982702,0.001136117173230954
2013-02-19,0.0026013415293402006,0.0038266627959579035,0.0023904481107709656,0.002264241618863014,0.0021991122466537543,0.0018746769468682637
2013-02-20,0.005884498319153963,0.006331744271848158,0.006293850165287205,0.006248673752676168,0.005763252145084127,0.004601311547619928
2013-02-21,0.0025951914798667515,0.002685632753770026,0.003082395634692848,0.002953248377038811,0.0024419343224171505,0.001508836882332787
2013-02-22,0.004689403493135135,0.007003453128458285,0.005102456831278693,0.004205981902442396,0.0033719909894068187,0.002410082399680887
2013-02-25,0.017407821778965608,0.0266158684110668,0.018881520394889037,0.015420512681364192,0.012128826259324238,0.008083587938429684
2013-02-26,0.0064124921733777485,0.010178510144587568,0.007411386240971978,0.005699165274729012,0.003648833972463233,0.0011291990101548936
2013-02-27,0.00822342472265608,0.010071222991648844,0.009084460736732455,0.008435037240311938,0.007323463518016913,0.005420667880993304
2013-02-28,0.004977981706923671,0.008286553654687171,0.005513238864292223,0.004062474878469933,0.0026341708009881963,0.001181599415455156
2013-03-01,0.0016270974726917751,0.002747890714063493,0.0015690667649703289,0.0013233861511318184,0.0010278606840144376,0.0006453747346145999
2013-03-04,0.0032588504598073833,0.003572769057842732,0.003915794990966385,0.003690466409827205,0.002957854613351555,0.0016229467672077605
2013-03-05,0.004145641999906772,0.006200216094325962,0.004318375815048787,0.0036291218558243813,0.0030633048893695396,0.0025072547479186545
2013-03-06,0.0006392169931921143,0.0009203160911630372,0.0008040075914936529,0.0006176811232496374,0.0002673613253070629,0.00031075691272426805
2013-03-07,0.001907092454390497,0.002048279988295311,0.002402423208058518,0.0022600129228888734,0.0016698076410876172,0.0005674539602798814
2013-03-08,0.0021130247091809056,0.0035484907164164236,0.0019634488498414594,0.0013526264030502026,0.0012042168028049702,0.0016117422446599865
2013-03-11,0.0026021272937893102,0.0036897212516539576,0.0028544287721614806,0.0024327135336877095,0.002003335614766655,0.0014704002899844702
2013-03-12,0.004044351185465487,0.006140951525822475,0.0047849220635608055,0.003773347263220214,0.0024637363182833196,0.0009321864326133113
2013-03-13,0.0024449224515202144,0.004297255566533224,0.0024099355689206027,0.0018811813322984355,0.0012921157283655505,0.000636889204501742
2013-03-14,0.004274912407935943,0.006938153160371183,0.004016568872287737,0.0031395183213063526,0.002876668512334936,0.0029952944221472567
2013-03-15,0.003928556661021872,0.006759501076977489,0.003916361147977283,0.0028474034432218872,0.0022057369843334904,0.001779344185570171
2013-03-18,0.004663625114677871,0.004460431389095113,0.005161839263865814,0.005251560768181624,0.004744230861799855,0.003481428775158358
2013-03-19,0.0028218508492690924,0.0039225258746289115,0.0028440736937873977,0.002510701454719909,0.0023057546464194797,0.002172353649974838
2013-03-20,0.003603187254049098,0.004357713313259531,0.004046477989770812,0.0037985875243330617,0.0032269430477232957,0.0021699571155167816
2013-03-21,0.003151643781843301,0.0038504393800438915,0.0032099703293784316,0.0030794918266943538,0.0029013834999554455,0.002575500646240266
2013-03-22,0.0021017210398106326,0.003414565811260041,0.0018431603784764866,0.00160384274831093,0.0015766601428637407,0.0014040968692712202
2013-03-25,0.0014160902084725563,0.0028143738499232336,0.0012100636077831703,0.0005784993304413209,0.0003378666198681883,0.00043907626046517617
2013-03-26,0.0019420363632017077,0.002457574761784135,0.0020717480918086644,0.0018977467764765396,0.0016850090676225281,0.001443957730932645
2013-03-27,0.0013617691682332143,0.0014117098138808554,0.0015317440495440915,0.001522661675592316,0.001342424010924116,0.0009012830312440469
2013-03-28,0.0018346281337838128,0.003343625558236205,0.001776221988280026,0.0012184609227611973,0.000843815016616569,0.0005457423553764766
2013-04-01,0.0042444251102336725,0.0073603071852051,0.004326934625161641,0.0031618708175414315,0.002285839471910281,0.001398838201059316
2013-04-02,0.003394024521764636,0.0052766617680886346,0.0037990485214104137,0.003048373626171529,0.0022013970176759713,0.0010873603793998513
2013-04-03,0.003926542822682989,0.004375351231510757,0.004331816802203536,0.00414887953501936,0.0036939615088031176,0.002884753795432024
2013-04-04,0.002631122171690306,0.00476351067013325,0.0025338379369153354,0.0016533239561215844,0.0011898283982145694,0.0011633912049235657
2013-04-05,0.002544923415443051,0.004526039272811883,0.0020114143094276072,0.0015071867839075979,0.0016173303099748888,0.0017219139339690514
2013-04-08,0.00335171183079755,0.003870113092505625,0.003670307922915599,0.0035105899643627413,0.003098865602498067,0.002407013806672234
2013-04-09,0.0012644780609070484,0.0007729628606673894,0.0009592805413626648,0.0011323528609371843,0.0014012596623834766,0.0017975209173949562
2013-04-10,0.004001654227741684,0.004662555458117563,0.004238393465665173,0.004029086392612643,0.003724885160065399,0.003202260702595525
2013-04-11,0.0021684789351210185,0.0040435688066103575,0.0021848819304455674,0.0013269487363300261,0.0007125701235942045,0.000344670257856909
2013-04-12,0.0021603973668817104,0.0036677382965392673,0.0024094245044156692,0.0017048215666301836,0.0009937183064836358,0.0004301867188554055
2013-04-15,0.014398090190672716,0.02003798594950399,0.01544050120004183,0.013556692065056072,0.01159611531759094,0.008851059669163663
2013-04-16,0.010930781670329135,0.015693172794628587,0.011957697378196443,0.010227120327377565,0.008366507749834176,0.005792693549008565
2013-04-17,0.011412527372715116,0.015625155126357124,0.012596462756079093,0.011028769634519523,0.009169663196516395,0.006534223418892238
2013-04-18,0.006068116735560961,0.009429825980989244,0.006890138486964597,0.005461189892542528,0.003840234553730598,0.0017727325547327877
2013-04-19,0.008504804554777699,0.013421137706535564,0.009107175447277788,0.007271006354317055,0.00564265095041886,0.003726107547664933
2013-04-22,0.0030985102031587906,0.004304290777927812,0.003412382865201395,0.00305319643610785,0.002462247020813842,0.001564571061586162
2013-04-23,0.006314071130120719,0.007951108952153126,0.0067021331018555915,0.006229345892286333,0.005607573072504146,0.004577021246171291
2013-04-24,0.0009127248585326316,0.0015451368082798286,0.0009846468868335114,0.0007027873185069598,0.0004680310195373473,0.0003088576347795002
2013-04-25,0.001750218496755533,0.003244878396735543,0.0011510450907413273,0.000869442193087091,0.001099964242327475,0.0012232466063251935
2013-04-26,0.002647573094802915,0.005179824804815195,0.002483417253298331,0.001281124386692007,0.0004172058254389061,0.00048469557879733514
2013-04-29,0.0025250964977160894,0.0048202488742403815,0.002024077471261004,0.0009964313766228586,0.0010153035120702546,0.001589073970797955
2013-04-30,0.0011055953184716562,0.001811117808680128,0.0008431499238304278,0.0007176335107468078,0.0008317116572604155,0.000955988176490167
2013-05-01,0.003602741923716291,0.004504434339080202,0.003856862538736211,0.0035863681101676766,0.0032017839210151814,0.002572930816835961
2013-05-02,0.004946206319160099,0.008367340233536608,0.005010890250904546,0.003720117985688981,0.0028915129926958827,0.002236795890051221
2013-05-03,0.002459547987416851,0.0027965462164290513,0.0025006714559806355,0.002559312905525979,0.0024127079008867,0.0019497720577694516
2013-05-06,0.0013227764006524512,0.002354915669984127,0.0013360773457508704,0.0009373418075893935,0.0006411320005269444,0.00035818520027376357
2013-05-07,0.0010809286658000957,0.0020608306895172164,0.0010121263890064628,0.0005855445218224472,0.0003499611182755045,0.000324462283203592
2013-05-08,0.0019346727810975214,0.003652171585081927,0.0016850188385428722,0.0010539055872224234,0.0008754136222200964,0.0008124543554728059
2013-05-09,0.0049748324087351675,0.006958212365843147,0.0053155619888857475,0.0046797454673758775,0.004021716531716692,0.0029997745562359893
2013-05-10,0.001015982418108773,0.001256918665173935,0.0011961258894451858,0.0010846295766125903,0.0008276767973102136,0.0005376518352973278
2013-05-13,0.0017914639772897126,0.0018213425095014195,0.001893651521953908,0.0019950251284226216,0.0018489705003568386,0.0013208686959310456
2013-05-14,0.0018218019150355001,0.0031522117632942375,0.0018532336270689254,0.001341805070643865,0.000931134369748659,0.0007459525111242981
2013-05-15,0.0018417359583967174,0.0012790378562904732,0.0016955169198023937,0.001916691890027041,0.002072828414767853,0.0021163449153511365
2013-05-16,0.0015142795032683856,0.0011547057856035033,0.0015746473903404852,0.0017165721049544765,0.0016627219227367427,0.0013932294251214426
2013-05-17,0.0011643941556334875,0.0017189444715486268,0.001336743705797048,0.0011081011958068258,0.0008080979683726413,0.00039560628214803666
2013-05-20,0.0019038369815532453,0.00233285631106375,0.0023065346478161877,0.0020613272552896075,0.0015654718733567538,0.0008129473367515598
2013-05-21,0.002126032443042565,0.001973143776661057,0.002334288158929956,0.0024411645753359625,0.002214072955878394,0.0015480531755154663
2013-05-22,0.0027230895813844646,0.004942500885059275,0.0027311903336677064,0.0016878368860846773,0.0010536979759991356,0.0011087361836969027
2013-05-23,0.0032864738442455847,0.006070953408616273,0.003226186708049963,0.0020092174965072773,0.001276183844900072,0.0010364340430095154
2013-05-24,0.001337822245266673,0.0013900241956390073,0.0012400231856214226,0.0012744205352412529,0.001359092705964539,0.0014169461352714259
2013-05-28,0.001531898892566056,0.002777672511213378,0.0010096888660015514,0.000777694354771988,0.0010137188269847628,0.0011688458110118833
2013-05-29,0.0021934054549807287,0.002980070882724205,0.0022817723223248964,0.0020218839187500807,0.0018107980887835625,0.0016127075846120186
2013-05-30,0.0008187808218701821,0.0008448170605260402,0.0009972314413070234,0.0009709812799005231,0.0007638394718586676,0.0003428824482797649
2013-05-31,0.006641672786638275,0.00975159187243674,0.007155808191288535,0.00600005294169073,0.004942823158436722,0.003718577151021721
2013-06-03,0.0014462072281929764,0.002635415353236307,0.0012728954777772557,0.001013553423171944,0.0008143674446342376,0.0004487926876242051
2013-06-04,0.0019537314841862655,0.003219508659358278,0.0019359130627503308,0.0014841795793874735,0.0011448174333889235,0.0012078667921716622
2013-06-05,0.003844266006285223,0.00491885347209581,0.004357879795597633,0.0038966173492507262,0.003226820998595238,0.0022604577676029903
2013-06-06,0.00287229197306769,0.0028476562811666703,0.003282536674382287,0.0032207265817084914,0.002819385182730825,0.002010994792555893
2013-06-07,0.0027222338153253195,0.0022330580195276837,0.002973540382703358,0.003152084485010411,0.0029050797264581914,0.002202082964521759
2013-06-10,0.001660511180472763,0.003292753386557446,0.0014122606429434435,0.000788657336907456,0.00043048337586440693,0.0003774726243439588
2013-06-11,0.0075738719266517955,0.010481826544149045,0.008162249397717508,0.007117815547976711,0.006078831728604183,0.00476562519662947
2013-06-12,0.006474371270573197,0.00834092374545725,0.0070464306248951055,0.006374132219840722,0.005550500111220792,0.004350472414169763
2013-06-13,0.007929673081473482,0.011020838992949231,0.008580891124256494,0.0074835343263757615,0.006345046825505983,0.004800529769563329
2013-06-14,0.003378266849609139,0.005614783512340085,0.0035395200447851578,0.0027065042529644074,0.0020166984676709262,0.0012716919898849743
2013-06-17,0.002682603332155969,0.00169667868926575,0.0024326277409028453,0.0027981479940057856,0.0030602013954910776,0.0031608451576641294
2013-06-18,0.0023378359891020237,0.003607174457602203,0.0015274765587488174,0.0014555443643292432,0.0019639119009017404,0.0024509047316377277
2013-06-19,0.004169790661254909,0.007878503112188153,0.0036141071488224622,0.0020460264427723113,0.0013176155700920095,0.0024250472214872045
2013-06-20,0.015383927848931637,0.022674954507443307,0.015848147782391193,0.013393944712641272,0.011697156545380085,0.010088984292093936
2013-06-21,0.0036122941851169967,0.004130656598310506,0.003925244072611049,0.0037040137108977304,0.0033530323515794727,0.0027948055236740672
2013-06-24,0.009136260352397587,0.01286098507000193,0.009992254930548086,0.008573739100290603,0.007110365119757243,0.005295269234890035
2013-06-25,0.005134903649984016,0.006362654265397121,0.005896792875234342,0.005307413577979399,0.004393928139306659,0.0030175152986512193
2013-06-26,0.004395658352778053,0.005709244145956147,0.00469940560367824,0.004246898653256242,0.003773877211681408,0.0031065869770283993
2013-06-27,0.0026668284037225367,0.004729939489370245,0.0024453522503585156,0.001686494271004032,0.001422108779083598,0.001530077503720938
2013-06-28,0.0017164859234851538,0.0028822273558393374,0.001898356384560223,0.0014058188597092839,0.000688700409432084,0.0006082706747805567
2013-07-01,0.0034250948677831696,0.0045560634787588815,0.004000596659189115,0.0034433653684595605,0.0026770131973909784,0.0016943203637049735
2013-07-02,0.0016114739481095073,0.0030855353107882085,0.0014756854496242396,0.0008183947557172376,0.0004556817409615502,0.0006392573046852178
2013-07-03,0.0015351142231039949,0.0023676057726863993,0.0016724398689927317,0.0013557685693127376,0.0010480906975103366,0.000666080817831075
2013-07-05,0.005408643793578056,0.0070396877128857,0.006049786665479451,0.0053924356900260486,0.004520108131141963,0.0032558065741076915
2013-07-08,0.0027554992926243295,0.0033052710557755906,0.0030286230855460445,0.002791863842073509,0.0024599875870950083,0.0020051096155763127
2013-07-09,0.005446714174146082,0.008763336490725183,0.005548169662091451,0.004339819702829967,0.003582871035171638,0.0030140045649349294
2013-07-10,0.0012183476240001001,0.0015612772249845943,0.0015639434664268348,0.0013449183827092702,0.0008471285093318247,0.00010916390258042632
2013-07-11,0.005392161769116517,0.00989229893898693,0.005312825175242364,0.003409095740748695,0.002222426786463727,0.0016529484232290757
2013-07-12,0.0022403558489570937,0.0038065078591918676,0.0023116124527887915,0.001697018958486283,0.001262200016267279,0.0008887604903890829
2013-07-15,0.00216400993477665,0.003913743014808176,0.002157926913284813,0.00148170798505315,0.0009768836047195609,0.0005393532329386238
2013-07-16,0.0038701216161925803,0.00674222689504621,0.003889404335041912,0.002751500276087156,0.0020361131978344246,0.0016086038391023578
2013-07-17,0.0031007512470528653,0.004329124976668708,0.0033428369632101857,0.0029016037596463233,0.0024622022649659777,0.0019172024104619463
2013-07-18,0.0012773285762028616,0.0025741115847621593,0.0010586036869436645,0.0004658588724494439,0.0002578436679836822,0.00035726935909132846
2013-07-19,0.0017984322333643283,0.0020800715345557787,0.0019082790247427087,0.0018613752682361683,0.001708261182684228,0.001349330169902766
2013-07-22,0.00199920370919201,0.0022827077444184814,0.0023382953135317294,0.0021823707215027953,0.00179923291870328,0.001142679601946557
2013-07-23,0.0010360365826247934,0.001204132191197667,0.0011395329942166044,0.001078474769331605,0.0009488554535512045,0.0007449528334591564
2013-07-24,0.002050241122771075,0.0032924474027385495,0.002151477960326335,0.0016507075529709778,0.0012999377134861679,0.0010647546710670585
2013-07-25,0.005144117730505166,0.009583694542066755,0.00514722871374768,0.0031546005550425545,0.001722510430186142,0.001024707165606146
2013-07-26,0.0012451281438593637,0.0012672800783819862,0.0013667925598810872,0.0013935971403771703,0.0012557895753484737,0.0008709071862844207
2013-07-29,0.0036254068681286717,0.006442548235482377,0.0037254210184135264,0.002513773124597151,0.001656475197542356,0.0011268184700289772
2013-07-30,0.0020919932067069253,0.003591447654718441,0.0021383750107083926,0.0015864545341210765,0.001175823115380646,0.0007152873227159462
2013-07-31,0.0037533745459548693,0.0070607001710095395,0.0035876147687806323,0.002244082932774745,0.0013933155419119274,0.0008587196099649312
2013-08-01,0.0035917907403837292,0.004635416937447833,0.004103297046558069,0.0036003597608907562,0.0029313483964279108,0.002150644774987088
2013-08-02,0.002361986773858489,0.0030464060965818985,0.0025914863806907533,0.002326467470209187,0.0020064106561946977,0.0015685602384294878
2013-08-05,0.0014197995745538795,0.002471873382414236,0.0014795681418913551,0.001059643821779998,0.0007177740677603897,0.0003766027256184386
2013-08-06,0.0040211453130784836,0.005945061175579478,0.004537880985714357,0.003765490925127602,0.002851921269535474,0.0016123135823182153
2013-08-07,0.004742991070404896,0.008730534506221072,0.004762245640929332,0.0030247861678526517,0.001818583403633045,0.0010592583271484756
2013-08-08,0.00517577236469725,0.009007423504270211,0.005462830183610103,0.0038024987121639225,0.0024895554268429664,0.0015198761055580199
2013-08-09,0.0016019789139105436,0.001845577425217187,0.0017885171588143973,0.001741776401291943,0.001506485543591435,0.0009609624436353922
2013-08-12,0.006324275660672358,0.011774286192821457,0.006483345966992319,0.003932346140535163,0.001874836920867945,0.0005799683041778444
2013-08-13,0.004328480675943907,0.007569659304176274,0.004602952597768143,0.003177170687534726,0.002000362563532345,0.0010468745140581983
2013-08-14,0.00524516051174331,0.00851545918519778,0.0056826156008776664,0.004335911287543322,0.003156206914191844,0.0019979013962183505
2013-08-15,0.004929316072854817,0.005604584844076592,0.005576627013256892,0.005251838924309654,0.004534775781368227,0.0032916016066509117
2013-08-16,0.0010348715350461976,0.0012865964877925879,0.0009144070956828372,0.0009337719389698251,0.0009836375563814744,0.0010118555899323962
2013-08-19,0.0026611725941875987,0.004108257670809162,0.002900430402751118,0.002340658004930036,0.0017891143837838058,0.0011997125051466588
2013-08-20,0.0015378577266093282,0.0024091098714534498,0.0016303578129376634,0.0013035254641961364,0.0010340187584501892,0.0007712208094210739
2013-08-21,0.0023737747348105795,0.0030721134562034886,0.002986783545005707,0.0025388314195058355,0.0017440363406878232,0.0005726671732446205
2013-08-22,0.004440878781758295,0.005563179809484926,0.005001888819146223,0.004527895206839528,0.003826268207083685,0.002738064466541045
2013-08-23,0.0020454703865338156,0.003256756951372216,0.002228111955908831,0.0017658553042951663,0.001304018734523082,0.0007280707155656659
2013-08-26,0.003096858184297787,0.0035144481972970583,0.0033914397647171607,0.0032270881669071807,0.0029026205439606754,0.0022934993350460526
2013-08-27,0.009985512186119615,0.013662977697517363,0.011195211231713914,0.009662393434043995,0.00786936154507371,0.005590514825025052
2013-08-28,0.0037510311018214768,0.005756047489730685,0.004096621729900753,0.003278919465047582,0.002525820739353196,0.0018181573272452545
2013-08-29,0.0015688759297788953,0.001862272261836911,0.0012354934806874896,0.000940553296260438,0.001260798170642793,0.002199568995727782
2013-08-30,0.001617328310177178,0.00195910020881762,0.0019224608640513608,0.0017209428088633281,0.0013697526931920456,0.0008408081354382908
2013-09-03,0.0060613228635276375,0.010920093708662494,0.0063103877852164056,0.00420722293971439,0.0024687245517295534,0.0009129117684993083
2013-09-04,0.0027817145590976608,0.0039418514609590345,0.003395987462945792,0.002778333126042655,0.0018735548200273654,0.0006240296706214123
2013-09-05,0.0016639622584303953,0.002556909179975518,0.0019973918626018414,0.0015396216332047804,0.0009004557100669801,0.00036774708802163986
2013-09-06,0.0019446958157538425,0.0035119736544610394,0.0018171272865716444,0.0014140976802817825,0.0010323899709462345,0.0004558478390122881
2013-09-09,0.0030753497826677026,0.0032720435640665214,0.003497575846613374,0.00334052931215542,0.0029181912028074944,0.002162082227690799
2013-09-10,0.005153327057106613,0.007953061354639596,0.005343174548926218,0.0043579490354037406,0.003637424433975261,0.0029598350137337377
2013-09-11,0.004070906109109209,0.005190101638272062,0.004589153798691351,0.004109136294087951,0.003437728281138456,0.002482119723934721
2013-09-12,0.0023169171191331976,0.00356316984519144,0.0028018252486300636,0.002152773201135516,0.001272524137252359,0.00020092406451879003
2013-09-13,0.0018150346559743528,0.0030524639933734036,0.0019162754372633298,0.0014156414228881148,0.0010203077781926126,0.0006610880646349486
2013-09-16,0.001191051762961369,0.001210388340475025,0.001343079377411891,0.0013375399079570086,0.0011704487388116704,0.0008155710305770164
2013-09-17,0.000569417736148534,0.0008696743338729363,0.0005426007635044939,0.0004067800262990309,0.00027512328581436014,0.0005738213515167253
2013-09-18,0.0043042580494514196,0.007269316742614743,0.004512022272520479,0.0033167830470267183,0.0024089087438454743,0.0016211060335270377
2013-09-19,0.0018079918045083496,0.0030955904451724883,0.0016299811692184515,0.0012463191061374184,0.0011714287117458191,0.0010858620854285262
2013-09-20,0.0035796238778882205,0.004987270336343615,0.0037590621668194867,0.003237314878179266,0.002854368656596952,0.0025372216508825125
2013-09-23,0.003764151312606843,0.006402666789448465,0.004137682410558855,0.002984598705608548,0.0018597473629885137,0.0006026011002161305
2013-09-24,0.0013320269005633017,0.0021947218570616267,0.001500218628906209,0.0011258726859397672,0.0007053150566513405,0.00019738216904221115
2013-09-25,0.000838494586501241,0.0009080844542231755,0.0008067642081285175,0.0008009248165734312,0.0008157601226574041,0.0008561161456947243
2013-09-26,0.002163032497287612,0.0030956410826261348,0.0024650952297368823,0.0020663187770445387,0.001589415490364247,0.0009684755175638285
2013-09-27,0.0033758127947465916,0.005446522287353433,0.003746331216758842,0.0028648340353101226,0.0019989284520078292,0.00103825262217671
2013-09-30,0.005328329386384079,0.007179011683448466,0.005781977795198103,0.005117828203762293,0.00438918684615187,0.003395418616328449
2013-10-01,0.004531996226470458,0.0056599722881988815,0.004858411241004487,0.0044734089424411805,0.0040083511297655545,0.003313191293603311
2013-10-02,0.004361531755702308,0.007264183516831522,0.004676651445054678,0.0035068267188362056,0.0024811541161867735,0.0014217615802396032
2013-10-03,0.005660069959722459,0.008121320072505702,0.006074487520592397,0.005181587466148598,0.004355998327767867,0.0033916295915063423
2013-10-04,0.0038069537280527982,0.00582568556697326,0.0041285774238806,0.0033523899337355154,0.0026316393782680786,0.00182117420429677
2013-10-07,0.011391475868723239,0.01738793122164382,0.012646789526807126,0.010213653267166868,0.007716378378506243,0.004762978741539588
2013-10-08,0.005549967713751224,0.007038156154564963,0.006404168664168006,0.0056747963805915905,0.004624116627852508,0.003142597847974727
2013-10-09,0.002611054401942746,0.00300092846895295,0.0030414169591135064,0.0027889866737479136,0.0023225113977759495,0.0016308681109840706
2013-10-10,0.01180377214191994,0.016096721713967185,0.013330673594590906,0.01151918686104748,0.009307625754047909,0.006364771194022251
2013-10-11,0.005477782698296807,0.00799363158571356,0.006053580328747834,0.0050867644130293405,0.004044246228428438,0.0026935916495006477
2013-10-14,0.0028011851921067327,0.005484222128180951,0.0024585869709982007,0.0011820503458108008,0.0006522124239757027,0.0011354409236850594
2013-10-15,0.009565977464099871,0.016061300671713397,0.009933243433204604,0.007473738679615848,0.005570716296948638,0.003743697361643195
2013-10-16,0.012504674240811815,0.020748810500321214,0.012932783441955715,0.00991104386813772,0.0075833519648079726,0.005322438072072023
2013-10-17,0.006609437028447588,0.010313695438895229,0.007363610740022652,0.0058521049362384205,0.0042623156179395745,0.0023267457567442947
2013-10-18,0.004479529676478303,0.007025474526752963,0.0048838886900569155,0.003895473915405867,0.0029413711881259696,0.001815182651245698
2013-10-21,0.0016129544919207376,0.001794868838909384,0.001670350068208945,0.0016354274544234139,0.001559676125415412,0.0013745089635612416
2013-10-22,0.0016284166118367958,0.0031494436377262755,0.0014840582761638497,0.0008173220332402427,0.0005073464578488739,0.00046028619352903906
2013-10-23,0.002097991335492242,0.003832959007655936,0.0020923594689894126,0.0013644248165334358,0.0008777835511815878,0.0005532958290687837
2013-10-24,0.0018755591676547839,0.0032062245285517225,0.0019435853833633082,0.00141555835928368,0.0010283659873219363,0.0006854699224187679
2013-10-25,0.000937078693555359,0.0011027048745605873,0.0009451308422218483,0.0005665026437318188,0.00022138331264986294,0.001382539772955362
2013-10-28,0.0013639345320243877,0.002438386502569534,0.0010591163611173365,0.0005146003571637526,0.0006607364892021768,0.0012380406294572616
2013-10-29,0.0011813907336635557,0.002303444008789267,0.0011129473529745792,0.0005983128672090619,0.00025530779385931333,0.00010370081550809955
2013-10-30,0.001360424348645484,0.001710609195105704,0.0015008885339411015,0.0013687501865179159,0.001180807018881304,0.000898409451925574
2013-10-31,0.0017262066823755698,0.002350649382141398,0.0020760360024688427,0.0017683926472390895,0.0012599332326297594,0.0005906142942628905
2013-11-01,0.0026588251511299806,0.005190329928500371,0.00228745164360205,0.0014514871746740938,0.0008801879305968696,0.0005415259195003112
2013-11-04,0.0013392087110361407,0.0010402411953276706,0.0013634218404772248,0.0014800342475386494,0.001476222249759951,0.0012871074137206793
2013-11-05,0.0023181144664705068,0.0019318258669449879,0.0023517214537902387,0.0025633610860226422,0.002527908161918958,0.0021551307824474414
2013-11-06,0.003286429570979591,0.0059245406524097485,0.0032781844771653567,0.0021835796546441724,0.0014882333072648078,0.00108331100411357
2013-11-07,0.0034722700921383247,0.0035592687308578104,0.003951655786513573,0.003840651056064065,0.0033578941851893883,0.0024440267422571986
2013-11-08,0.004195303874055913,0.005128275385418761,0.004686280401711895,0.004293979981504405,0.00369023909034063,0.0027724198673258725
2013-11-11,0.0018364478774960265,0.00335500800793525,0.0018106132824993952,0.001165585120212264,0.0007751372878110987,0.0006073535661458069
2013-11-12,0.002273258323332703,0.0018652091668954502,0.0018079459242996228,0.00201942358698247,0.0024305845659007824,0.003017454285633566
2013-11-13,0.0012684332966940376,0.00251063664190708,0.0011304860130627948,0.0006072005012735185,0.00028966203775205516,0.00010355492519414504
2013-11-14,0.0011358010519631916,0.0019128097725554258,0.0005852673232301284,0.00040745876251354295,0.0008199163426244638,0.0012690766842579765
2013-11-15,0.001713363182073071,0.0030977178048545635,0.001517447415140779,0.0011011603185066556,0.0009324149020274877,0.0008352323722239071
2013-11-18,0.0018645071869696486,0.0030427529447531808,0.0017744371402961454,0.0013981894528385516,0.0012435090922858763,0.0012139662248243305
2013-11-19,0.003903836332199461,0.006687332928287326,0.004078670720614121,0.002940632392024691,0.002086454775285576,0.0013576087830133579
2013-11-20,0.0017303140561239236,0.002829165951859141,0.0019839798639152383,0.0014848581782207116,0.0008983306922748047,0.00013332568547770455
2013-11-21,0.003625080749164589,0.004707352534455465,0.003993841949641316,0.003618001968067093,0.003093342273686063,0.0022220274805566233
2013-11-22,0.0043650094599949766,0.006739820549409962,0.005064428654352294,0.003995585447861643,0.002693886802042731,0.0009854897881617425
2013-11-25,0.0036669655537316004,0.006729638129979994,0.003631641718927279,0.002312889640954622,0.0014907984083057612,0.001088298001787463
2013-11-26,0.0004677623423730356,0.000526434715133592,0.00040837011169407486,0.0003451212537566103,0.00039828521078361887,0.0006102201228780002
2013-11-27,0.004239364798267306,0.008497440812601132,0.003726073316659492,0.001707306022109542,0.0005139718040072112,0.0007693411926530487
2013-11-29,0.004716020144865183,0.008807731205854399,0.0046203833339412085,0.002879227991129056,0.0017408779323249872,0.0009795657642909267
2013-12-02,0.0015691336556583608,0.0025706165024319497,0.0017181201540305898,0.0013035463476320118,0.0009122553865659311,0.00046845822609275676
2013-12-03,0.001670549686194242,0.002797363109229397,0.0017404743923581417,0.0013592695086116157,0.0009738537157679705,0.000550622500566452
2013-12-04,0.0005456212291108873,0.0010601523064142668,0.00019409377842657073,0.00023858207054302475,0.000348405159851488,0.00038549936558605034
2013-12-05,0.0018300083933770253,0.0035405255783518257,0.0015957226389677849,0.0007019427495034107,0.0004028957248837351,0.0010039685746894525
2013-12-06,0.00576969916815238,0.007365906733443739,0.006428967057054804,0.005856592048204501,0.004955165136677848,0.0034649114097713655
2013-12-09,0.0015733907980223574,0.0029034763018541965,0.0014878212676449356,0.0009227434982143169,0.0006531224706130956,0.0006752641938568191
2013-12-10,0.0028411689248003377,0.0049785937853578455,0.0029350624117341147,0.002093371593123803,0.0014262679166344462,0.0007374090174108586
2013-12-11,0.004066630764502853,0.004024222936180755,0.004679381775570998,0.004625616855864573,0.004004085082991173,0.0026772030523076105
2013-12-12,0.0015370152625240974,0.0025536162928721418,0.0016808232885531476,0.001235413900248449,0.0008309502680916091,0.0004992300417911743
2013-12-13,0.0014136528128589798,0.0023491782870884723,0.0015311750727841503,0.0011637585075619477,0.0007959911921424714,0.0003754994095679058
2013-12-16,0.001964070746447013,0.0029712530246530935,0.00203266156636997,0.0016780921206506114,0.0014334484121470376,0.0012070809374935582
2013-12-17,0.0008207195496616468,0.0008062092888109158,0.0009143035666061938,0.0009205386870422484,0.0008265604608193136,0.0005927771899955071
2013-12-18,0.008346139502539419,0.009927724814822547,0.009320384945872291,0.00870212140856632,0.0075383712608877735,0.00550517657888933
2013-12-19,0.0016489217212928347,0.002273908143936745,0.0013067384594078865,0.0014105440902226418,0.0015595027923117706,0.0015148620322355585
2013-12-20,0.0016191046071359263,0.0017767814245334495,0.0015397891410052391,0.001550064856219895,0.0016015148364775377,0.001616182225175573
2013-12-23,0.00263855510276043,0.004190812644012007,0.002180205212301068,0.002008448211452401,0.00211542344648952,0.0019961911708340726
2013-12-24,0.012222587840427226,0.023262971482124088,0.011943898133491043,0.006880401971794677,0.0034201718138289873,0.002024405160505575
2013-12-26,0.00905151734700134,0.017713108808196314,0.008379656424737422,0.004448645556339546,0.001895743638892275,0.0015141580952283864
2013-12-27,0.0018391315862542642,0.002849349788020068,0.001826045878911411,0.0015160368219576514,0.0013382964243859239,0.0011702060614933048
2013-12-30,0.002527245024252645,0.0030505192284424154,0.0031007843085356433,0.0028270913566446304,0.0020976906830499926,0.0007883872343724661
2013-12-31,0.002171285833482047,0.0035878794878345132,0.0023412517548359333,0.0017564127595280097,0.0012539775095570828,0.0007487499438032513
2014-01-02,0.001242160730227962,0.0016155243259650324,0.0014542530905088619,0.001334731027108473,0.0010144580664591103,0.0004235722089950828
2014-01-03,0.0007975813568440533,0.0015782176087228877,0.000676899908664183,0.0003042396330538369,0.00016002613030678938,0.0003369653993984211
2014-01-06,0.0013118318595221178,0.0010386332706557376,0.0013088370139741111,0.0014147944409881844,0.0014299755726192,0.0013289948418582767
2014-01-07,0.0026544133725640577,0.0029317499429310414,0.0029319638885237924,0.0028270666043690045,0.0025198980206891128,0.001922443801659582
2014-01-08,0.0006571953082115773,0.0012567714613324495,0.00048333089216880104,0.0002011102891151776,0.00018157394215140082,0.0005225233616555048
2014-01-09,0.0031130840129055277,0.00598975369200126,0.002848443327931966,0.0014555066125005328,0.0008112465369765022,0.0012996388848322178
2014-01-10,0.0019947822376911676,0.0027179538822855284,0.001949693978310085,0.0016963137638355624,0.0016448115912730953,0.0017675733103854627
2014-01-13,0.0066714465423352125,0.010323537937224507,0.007170169824089618,0.005816804766565412,0.004582876943648945,0.003117089221632286
2014-01-14,0.0033353819695463504,0.003983953599402997,0.003529288704525483,0.0033085339025627557,0.003048821382755884,0.002656010347011198
2014-01-15,0.0003794769121743954,0.00043149979898056125,0.00043009916596006115,0.00043735715586818813,0.0003593217052871245,0.00016865021674372714
2014-01-16,0.0024756754017086578,0.0021160060102295482,0.0026486705175173837,0.0027851518687715834,0.002624203620366562,0.002123297189318169
2014-01-17,0.0019211522919789518,0.0027876599096667144,0.0021681324566997966,0.00179234781123782,0.0013704416782967244,0.0009442793299972331
2014-01-21,0.0012102823450626744,0.0014918146179164974,0.0012002485958736216,0.0011129363195517437,0.0010866125541679607,0.001112858990830953
2014-01-22,0.0010332672004499846,0.0009774047513682518,0.001233149195927627,0.0012110133237309844,0.0009877162093414335,0.000648145022170794
2014-01-23,0.0022686860483926907,0.0031710690832483642,0.002440064509905544,0.0023009269701494417,0.0018691382592186069,0.0009680626186296809
2014-01-24,0.014909053543443032,0.023535672126745323,0.01598237086933775,0.012734538950463649,0.0098500560159188,0.006545476372727151
2014-01-27,0.005532127599245133,0.010984962764855052,0.004939692943114211,0.0024488203717826437,0.0009859885149679313,0.00099162038565065
2014-01-28,0.004484171300892683,0.006192177758513198,0.005139459574679326,0.004404089016814454,0.0034484563068343807,0.002119905704928366
2014-01-29,0.007079151038731238,0.012264035967431326,0.0074666004927884605,0.005356682260020227,0.003570136540703645,0.0017248989136778275
2014-01-30,0.0024303398355210153,0.003799411207956569,0.0027054067667669026,0.0020895082478026386,0.0014533032104729548,0.0011401194413662066
2014-01-31,0.007650856030762511,0.011840156869975846,0.008135621013019338,0.006615301988743959,0.005295508552126783,0.0038073238391591554
2014-02-03,0.012816281184483906,0.018134472322127306,0.014196442977926493,0.012090722378201564,0.009807665458944365,0.006965010264884507
2014-02-04,0.006561289042531831,0.010095489225881786,0.0071100966356892155,0.005724572639405386,0.004467194614247753,0.0031707464411576923
2014-02-05,0.0063287160032160575,0.011797280936705325,0.006367904853583274,0.003951627845920152,0.002091305277250268,0.0007404465731357523
2014-02-06,0.01320824085004981,0.021205958941257347,0.014197690568310346,0.011125769400896107,0.008344292141314671,0.0052546230665309925
2014-02-07,0.008075154210450759,0.011159417033105122,0.008761185684156285,0.007682511517203391,0.006449682347425912,0.0049122529359878365
2014-02-10,0.003341617611069731,0.005038596851442917,0.003955692351020868,0.0031315147778105444,0.0020572449589571695,0.0008708842982629144
2014-02-11,0.00336275135068233,0.004463057066887168,0.0036293020800720146,0.0032748446775876044,0.0027954087737829293,0.0022160445363318413
2014-02-12,0.0014418693705151957,0.0016188331391528798,0.0017171161856530648,0.0016310534303030295,0.0012751674298945486,0.0007344660740503853
2014-02-13,0.0009638152858348236,0.0014333058474972397,0.0011235031815054987,0.0009101252736171298,0.0006429681012675541,0.00029383410591232875
2014-02-14,0.004129343459773341,0.007008542770847523,0.004355445190712278,0.0031945492090776056,0.002201312620439381,0.0014549538005182482
2014-02-18,0.005819126245153278,0.010164342950225398,0.006204449083905621,0.004305865223434698,0.0026674059563343263,0.0013588838737405783
2014-02-19,0.00866938625217631,0.014376020577785769,0.00955963332684379,0.007082084972227861,0.004726081374432715,0.002289751130337132
2014-02-20,0.005550345600559867,0.00832999568617583,0.00617082430240249,0.004995490187521364,0.003833585706774298,0.002629159398103471
2014-02-21,0.0011068870856214478,0.001661976264520479,0.0013085118848963487,0.0010310126085426583,0.0006601272415059139,0.00039098806999846947
2014-02-24,0.001836704022883478,0.0024392429972955876,0.0015470452234333327,0.0013091677565093328,0.0015011759409079024,0.002134643669312023
2014-02-25,0.0009312541441059252,0.0018305922591715287,0.0007942120740206267,0.0004034816739457815,0.00025251554166831516,0.0003574479077002639
2014-02-26,0.003228431450755921,0.004337654361975727,0.003681808126363682,0.003222763533710874,0.0025820535689279975,0.0016400263079581372
2014-02-27,0.0021679183755855982,0.002997608720354556,0.0026031718793728584,0.0021981276549106763,0.0015756973018645013,0.0006500779704920155
2014-02-28,0.0011188222281150854,0.0013421367926780964,0.0013856554474328405,0.001245605902520886,0.0009174927977455044,0.00037962692614160426
2014-03-03,0.011218550186791826,0.020227522736441027,0.011410261411843725,0.007665029702942233,0.004901117458451256,0.0026756246447256667
2014-03-04,0.008982234503770996,0.01470646202995143,0.00922528240132103,0.0070868929755101475,0.0056319305224640055,0.004480416177649977
2014-03-05,0.0015337321116638035,0.0028754288916004256,0.0014498873634232925,0.0009327649515945266,0.0006113052675652087,0.0003842677314092875
2014-03-06,0.0020188058160364145,0.0035022573504333745,0.0015072535064297094,0.001313745277072754,0.0014312680200896358,0.0014372926405714116
2014-03-07,0.0007529137064176442,0.001348991849862007,0.0006057945941762929,0.00035399305717748766,0.000318455989907038,0.0006487710252414923
2014-03-10,0.00041537461259070986,0.0006748866832878362,0.00042892067721630306,0.00034456543165307203,0.0002604195032653946,0.00019155079464779165
2014-03-11,0.002538968161726925,0.0031685608311659928,0.0025221055968227012,0.0023680546606999323,0.002304103011763048,0.0022168510739589762
2014-03-12,0.0011312229654818348,0.0008701141366709137,0.0011601879113784617,0.0012480046736094614,0.001238037674875182,0.0010976973343608382
2014-03-13,0.005676160040319468,0.007635429228315719,0.006550238226699007,0.005697085532595034,0.004473941810529124,0.002723164482686707
2014-03-14,0.00356563404221396,0.004928905845240191,0.003813417993145675,0.0033242181791624235,0.0028593853786494446,0.002346476027360399
2014-03-17,0.004763653987282918,0.004466642034470831,0.0048262910990652655,0.005169418155360631,0.005026833123509879,0.004269201845682128
2014-03-18,0.005016505092267175,0.008724907942468505,0.0049069361646226686,0.003547816596655722,0.0027551155992895883,0.002333861822500642
2014-03-19,0.0015902699003148741,0.001842269900852469,0.00199551346961351,0.001791986271694786,0.0013222443824696159,0.0005560704805386199
2014-03-20,0.00494118848860127,0.007194538744772243,0.005589137136745975,0.004629308869630949,0.00355499594343033,0.0022379410063262735
2014-03-21,0.0024159059262799224,0.0037400143467306007,0.0027260833027344306,0.0021658504544598304,0.00155671861022651,0.0008059086260021369
2014-03-24,0.0015885930599413825,0.0022495814350623105,0.0014293772717994405,0.0014156702232780431,0.0014005291023082836,0.0012445077681024156
2014-03-25,0.0031328833774216373,0.004613640049990126,0.0034768812141991617,0.0028988085820276298,0.0022735673223568164,0.0014588400287811952
2014-03-26,0.004179250620507361,0.005435640065321745,0.004733651990312968,0.004191883157157244,0.0034565944674541235,0.0024201456452531576
2014-03-27,0.0015018847963378292,0.0021442540026976632,0.0016354435390446209,0.001382655562360019,0.0011429479386450352,0.0008875373317713658
2014-03-28,0.002622026161558779,0.0036708844603371656,0.002807590508134691,0.002426670264096312,0.0020808648957781925,0.001672848317047655
2014-03-31,0.0030461218809024197,0.004415252641383186,0.003290363236752364,0.002791933089697493,0.00230121322320205,0.0017270998157495213
2014-04-01,0.004358286197763415,0.00719308599479728,0.00479974730808294,0.0035853159329607715,0.002428857115960477,0.0012005812463898586
2014-04-02,0.0005483953295053295,0.0009199790064425697,0.00043709639596947606,0.00022537783203349673,0.0002455148966311709,0.0005959864292178128
2014-04-03,0.0007100864415969419,0.001385247249743673,0.0006513585256749131,0.00032272041403022257,0.00012699403781401815,0.00024012486238430853
2014-04-04,0.003480003394333911,0.0048772840947593895,0.003925730754057293,0.0033480583055566842,0.0026529472055143947,0.0017621670567457021
2014-04-07,0.005228979247335096,0.00653698532558954,0.005898779889079937,0.0053331289265809425,0.004492862049792994,0.0032488867281753853
2014-04-08,0.0021793833143442056,0.0023029242020849187,0.0024389942589493523,0.002337764285958239,0.002080253374223678,0.001644326403364758
2014-04-09,0.00468064763613215,0.005991457733271961,0.0052889457652124895,0.004721084265857375,0.003929508341406425,0.002818177769533918
2014-04-10,0.0076221573473751175,0.00939361942691901,0.00895915910285777,0.008008912671216417,0.006419712601712291,0.004077303435955983
2014-04-11,0.007680737991801962,0.012644330482984467,0.008193697343354603,0.00617429570332512,0.004527044231983105,0.0030556266240647214
2014-04-14,0.00876932557899304,0.01416413206702876,0.009818596403275514,0.007427864191009533,0.005016998701448694,0.0026710373638047977
2014-04-15,0.00323661112308754,0.004987249406318124,0.003395352359790327,0.0027636914366331944,0.0022787224402235615,0.0017738706846942482
2014-04-16,0.0027865774698675808,0.0031231813700525425,0.0028691119145193822,0.0028135076071640003,0.0026624882483455305,0.0024154370621980482
2014-04-17,0.002163456060367815,0.004139882003082716,0.0019916004493271914,0.001055848236781061,0.0004875478687895863,0.0009721609193069674
2014-04-21,0.0019754997628667168,0.0031178900152799937,0.0021754748800547107,0.001682952869683672,0.001234732275950488,0.0008379578208061252
2014-04-22,0.0019224148208119597,0.0033804629787122123,0.001606934817936389,0.001031802635870321,0.0010640425105455846,0.00150725615381401
2014-04-23,0.0013855499662643498,0.0020738036832791172,0.0016188052666392624,0.0012989722491057835,0.0008950823952425524,0.00043479873363957007
2014-04-24,0.0038386072076977387,0.006736459130835552,0.004047676527501362,0.0027976249572976147,0.0017522507317472883,0.0010069118897096155
2014-04-25,0.00441974741975561,0.007479689003403912,0.0046750751304772895,0.003423699584051609,0.002420682084636606,0.0015123956533319696
2014-04-28,0.0018397392309406468,0.0018564159677208374,0.0018349594094146874,0.001851627769523322,0.0018551142367702635,0.0017999643556371868
2014-04-29,0.0012654221233040154,0.001435329901243036,0.0012881468065701698,0.0012650524427084166,0.001207705074463652,0.001108179768976658
2014-04-30,0.0019387782443110694,0.0028429410692178514,0.0021418550624075702,0.001787282356476009,0.0014070730465704645,0.000974790024316808
2014-05-01,0.0019568270987772207,0.0035413886252129417,0.002095983632372985,0.0012725735341684614,0.00040081097137312937,0.0006566489594465461
2014-05-02,0.0012524227641674249,0.0015790057563191935,0.0014662195085785113,0.0013022464115182758,0.0010404847060323937,0.000649076987266503
2014-05-05,0.0013487723925969526,0.002143008714637784,0.0014269575349815293,0.0011231480338069265,0.0008655422711058924,0.0006757334893202944
2014-05-06,0.0013160930295325094,0.0014424745019275093,0.001586453445391735,0.0014934150331153135,0.0011842959233887998,0.0006558138406009955
2014-05-07,0.003499569947395406,0.005611980260543056,0.0039057912784293174,0.0030008005909640282,0.0020861356149395045,0.00106238182285698
2014-05-08,0.000751512346572384,0.001239671031217244,0.0007304898058648996,0.0005459196135660391,0.00046992958677815596,0.00048434736722347314
2014-05-09,0.001366284980476022,0.001281428453303134,0.0015191995625489015,0.0015197697263593418,0.0013747753819330559,0.0010880899207605292
2014-05-12,0.00301529224377689,0.004657243952034255,0.002977247988069405,0.0024432403568729645,0.0021747409298041222,0.002051118770930721
2014-05-13,0.0012261520079726274,0.0022731720681130265,0.0011891516986975276,0.0007783212434955288,0.00048456270789381064,0.00030865149206548716
2014-05-14,0.001987300314943736,0.0026538823656752724,0.0021168024102175683,0.001871509088928295,0.0016506544840133597,0.001412679071338442
2014-05-15,0.0037216961163322546,0.005466739694409508,0.003927928599427234,0.0032973771034645223,0.002796358623228643,0.002291053607147748
2014-05-16,0.0032915701820059383,0.00427464820111347,0.003431676408477371,0.0031043724233051685,0.0028344888808997312,0.0025400188465931586
2014-05-19,0.0016814053974101239,0.002017312721168163,0.0019805920861706294,0.0017979026702381053,0.0014439102233603537,0.0009088422198803268
2014-05-20,0.0022101395017311604,0.0033776796856061363,0.0026018567514202217,0.0020291644326396368,0.0012876150879438124,0.0006853784084027262
2014-05-21,0.002735384709100082,0.002889890667648523,0.0029005481090340216,0.002839183685382022,0.0026555318292406367,0.002352485246427759
2014-05-22,0.001067297465716634,0.0016680196854391065,0.0012070631156069012,0.0009241832613790215,0.0006189562466071527,0.0004680884849337285
2014-05-23,0.001405079587699194,0.0022833073589400375,0.0015143033819632395,0.0011832083105048291,0.0008604504486723165,0.0004735811758944493
2014-05-27,0.0011446134133115853,0.00236338327005102,0.0008920631517714018,0.0003394851130612894,0.0001043183184130263,0.00020786949803146618
2014-05-28,0.002084618966804146,0.001970092556535331,0.00213214876238943,0.0021384793353130204,0.0021010889262231464,0.002076821998647183
2014-05-29,0.001760459654229202,0.003022618110542271,0.001528830626065044,0.0010700968069650631,0.0010493151752746079,0.0013328083628688086
2014-06-02,0.0021642817776472215,0.0009554197484465892,0.0015921911599571716,0.0020243994527443833,0.002517741987733913,0.003087954115371779
2014-06-03,0.0013310635441965144,0.002302049884938779,0.0014173444109734782,0.0010086963507695119,0.0006586335523990671,0.00031477842521206455
2014-06-04,0.0014122363847775504,0.0021012554551490983,0.0015021670378473782,0.0012400817278701835,0.0010324819125963733,0.00083453947984661
2014-06-05,0.002939613319962252,0.004691807532574639,0.003350272803953709,0.002514304869376663,0.0014979548995827851,0.0011847568161889705
2014-06-06,0.007689193054680879,0.012082561053596662,0.007979197896393396,0.006270749342506753,0.005155893265439156,0.0044785082109910085
2014-06-09,0.0007780438520347985,0.0010396691335645628,0.0008282076224508327,0.0007411425758531439,0.0006481735320948062,0.0005389806673923447
2014-06-10,0.0013626469168684548,0.0016988023225454946,0.0015568140145634985,0.0014145852771535788,0.001157449685587646,0.0007960481218002059
2014-06-11,0.0016336622026471097,0.002041333930858627,0.0015050973948538065,0.0013058542406917924,0.0013505413222888675,0.0018392067353552397
2014-06-12,0.005218840672351318,0.008191442738025027,0.005606052349379038,0.004453310959296263,0.0034551474391163114,0.00242567731085574
2014-06-13,0.0014308093855828997,0.0021565318176264173,0.0016959802445966595,0.0013474837553075032,0.0008964854803714723,0.00029950013610822654
2014-06-16,0.00262863485438315,0.004060857400141235,0.0031391392629477933,0.0024189914289461413,0.0014790885276209297,0.0004057406142754621
2014-06-17,0.0026812200254324515,0.0039846698189078406,0.0032037142302507454,0.0025636806379203433,0.001707593193818831,0.0005612421582968913
2014-06-18,0.005963583940208203,0.009253007224370209,0.0064265912082078986,0.0051709742708121,0.004041417855544411,0.002798288158029788
2014-06-19,0.0011758413357151939,0.0017186344031193965,0.0009795334782507442,0.0008694671778582829,0.0009651690386011653,0.0011455565201402105
2014-06-20,0.0027347651044068748,0.004803541133968899,0.0028641297692710193,0.001962374376137193,0.0012786841447246042,0.0007946746418265305
2014-06-23,0.001300882686686784,0.0012092312787188395,0.0009871377763859435,0.0012518993819389346,0.0014557943534476963,0.0015291201017505656
2014-06-24,0.002116381293248969,0.001523172111674767,0.0016227898968207575,0.0019077874974457293,0.002328434701488731,0.002894924397381812
2014-06-25,0.0026142813428292858,0.004191341379311096,0.0029090779752382525,0.002213672327502879,0.0015540457820389865,0.0009093151308317406
2014-06-26,0.0013518926003949988,0.002673559158879385,0.0011145369727424157,0.0007011396065696088,0.00047249266962159345,0.0001819634705905502
2014-06-27,0.001133272695851611,0.0016388868933954808,0.000979127841117586,0.0007609180358778238,0.0008291839680138358,0.0012289634360238225
2014-06-30,0.0006663801917425249,0.0006398258128562558,0.0007795932287800227,0.000767244629000115,0.0006556605325858104,0.0004296685604706949
2014-07-01,0.001346642914525205,0.0020086521903418648,0.001513793157411086,0.0012437246670472532,0.0009385548345481193,0.0005596839520117155
2014-07-02,0.0033484387754102144,0.005508430544901611,0.0036646644518141956,0.002745942442470968,0.001908128921332971,0.0010518948013783628
2014-07-03,0.0018227855631764614,0.002797308196592177,0.0018149767223050786,0.0015091572010560953,0.0013195774452849653,0.0012144226223960565
2014-07-07,0.003714348887380363,0.0055952275841955074,0.0040443902280392005,0.0033429453533234204,0.0026350259609811324,0.0017887506254272132
2014-07-08,0.0017921567047279278,0.0010308097021927355,0.0016810745353182676,0.001932950698628543,0.0020512262194181167,0.0020558989832964074
2014-07-09,0.002188725761769834,0.002462419866778734,0.0023751210932451265,0.0022897904810598607,0.0020675894852213296,0.0016522178327145693
2014-07-10,0.004029747152516,0.006514634229110084,0.004149695303946134,0.003217604895722125,0.002593703783232498,0.0021103553566257857
2014-07-11,0.0023558948943380896,0.003635544492497286,0.002685739383795616,0.002161987826534609,0.0015036835957588333,0.0006209414247778392
2014-07-14,0.0023365588052598166,0.0032034840246736216,0.0025119028440651957,0.0021721938205448085,0.0018720605962342972,0.0015819395019525276
2014-07-15,0.0015677745077414453,0.002338860741296949,0.0016566331412438216,0.0013630287633250363,0.001126073323897927,0.0009741627499172121
2014-07-16,0.0029567966682973713,0.0046620044513238324,0.0031584340413569898,0.0025119410863940496,0.0019574939168219723,0.0013644087124453418
2014-07-17,0.013534588063788357,0.018053029562277546,0.014391097160979149,0.012774596367775937,0.011281048429609709,0.009615479726888754
2014-07-18,0.011221218614571784,0.01362133371887331,0.012143337820050882,0.011222853320669279,0.010033253575767832,0.008364133924941253
2014-07-21,0.0018470155450359081,0.002287547184279652,0.0019276903860933382,0.0018250602353978669,0.001651504833827243,0.00143183682523315
2014-07-22,0.015145970435951658,0.024123869436033583,0.01700718927649077,0.013045847357211681,0.009081097730036323,0.004809996811879648
2014-07-23,0.015805466246202923,0.027748105188554667,0.01683835294164796,0.011537148776554325,0.007131064235166194,0.003408587088264823
2014-07-24,0.0016253647575122242,0.001490627397556497,0.0013652517605009158,0.001437930153058199,0.0016827826563407954,0.0020551812507323018
2014-07-25,0.0035769216542589828,0.006023516103993905,0.0036347665321929757,0.002704159584746042,0.0020819448760176834,0.0016824372435130755
2014-07-28,0.0013481669301014282,0.002362592334077594,0.0013470411862870648,0.0010258096475970373,0.0006923144311420294,0.0003997788861720976
2014-07-29,0.002145231615941789,0.003267772282586688,0.002036709194754647,0.0016998929319592703,0.0016168421371133682,0.0016369969208495031
2014-07-30,0.0013292283047353418,0.002521188991001269,0.0011179501147497244,0.0005827475647003011,0.00047119127718468654,0.0008163437384300603
2014-07-31,0.012909911933018726,0.016349735284902106,0.014438999295923302,0.013006206396625615,0.01102519585230148,0.00817399765256997
2014-08-01,0.005109366248658785,0.009106053266193957,0.005058363882403925,0.00349829899227861,0.0025017798920184717,0.0018771967381210066
2014-08-04,0.007298987100959648,0.012067854740114023,0.008011820314094711,0.006010388795158004,0.004084973327646839,0.0019343991753245787
2014-08-05,0.009143990825254071,0.013062885981349822,0.009831445885316798,0.00839141035661668,0.007026099602930474,0.005566388353372534
2014-08-06,0.004593745917879293,0.007509963708814522,0.005212034120263721,0.003890044733617108,0.0024158978961436486,0.0009892636339851307
2014-08-07,0.005435276157910692,0.008069352650099781,0.005587618350666064,0.004687176599704545,0.004082666749544011,0.0035689510048107103
2014-08-08,0.009942912294910785,0.01571275986274013,0.009800918308902196,0.007733563293181501,0.00682474125335199,0.006706236495582295
2014-08-11,0.004274042672338536,0.004754720881699446,0.0047636216697277585,0.004502686142537416,0.003982830339996834,0.0031465253430232004
2014-08-12,0.0017436356404676643,0.0030732168713230555,0.0018516464950840575,0.001271204496255283,0.0007653958503975157,0.0003553559813740052
2014-08-13,0.007553234654275353,0.010748469036903826,0.009276040683001951,0.007569328287542635,0.004976958898594618,0.0012717707025441728
2014-08-14,0.005006019366465807,0.007011703755749041,0.005801124817092694,0.004943562671307117,0.0037624784272747604,0.0019720687068229977
2014-08-15,0.0022198154569626786,0.0037214038863713278,0.002477409308448063,0.0017165146638938014,0.0009286718386586343,0.0009179572824959425
2014-08-18,0.004679198691434373,0.006647117688563233,0.005281976080637645,0.0045390455951209545,0.0035235237353991086,0.0020911486458545987
2014-08-19,0.0019459983091214025,0.0035574999740203986,0.0018398624486194656,0.001249042072846774,0.0009201671401948819,0.0006977345733771834
2014-08-20,0.0033039953784043874,0.005647608391560341,0.0035266185245389444,0.002531761278443038,0.0017053579137097019,0.0009650636018770566
2014-08-21,0.002268665048964085,0.003393844800919679,0.0024839234213488767,0.002070882044982323,0.0016131241883279687,0.0010749071285009169
2014-08-22,0.0006653392175066457,0.0009979360037307133,0.0007108763256890256,0.0005665148357684764,0.00045055782306855643,0.0004338416101765285
2014-08-25,0.001477870852414618,0.002165081797594804,0.001343942255244243,0.00098100697324822,0.0009585628982805315,0.0015954729063367412
2014-08-26,0.0009717030124614844,0.00039131746646165486,0.00011816287542366899,0.0003754992330933824,0.0009911993988695668,0.001852151714918125
2014-08-27,0.0035462318692549314,0.0067980829200168374,0.0033067261179914524,0.0018704969599042944,0.0010900787335716214,0.001021470911660659
2014-08-28,0.002595532783047013,0.004139015557799365,0.0024771745344007085,0.0018880857626424376,0.001726440646849514,0.0019673951112023865
2014-08-29,0.0017648582601145267,0.003233297172758905,0.0016893592246403613,0.001154364052359071,0.0007939338545631287,0.0005500825969105318
2014-09-02,0.0009902471364331693,0.0014506998508611194,0.0007797313598729768,0.0005497738814164513,0.0005998866560557695,0.0012362526377772223
2014-09-03,0.0007187663945362768,0.0012286194694890067,0.000385150374940599,0.00014656150664173564,0.00043116767450707014,0.0008472857833577353
2014-09-04,0.0023756054613347246,0.00369592533871983,0.002606844038308667,0.0019763103562236467,0.0013230087988890444,0.0014511552928978546
2014-09-05,0.005135042092358665,0.009253998296771735,0.004679674619392666,0.0031185045099098195,0.0026216365804417902,0.002776580395593796
2014-09-08,0.003908330683435699,0.006917166493214218,0.0038568417678288523,0.0027259095004654194,0.0020087043065908834,0.0014789683372086557
2014-09-09,0.0025339915709963966,0.0032596762640242473,0.002583182994550328,0.0023085646179739922,0.0021726608112283604,0.0021811274799557177
2014-09-10,0.001032331052257907,0.0009158653761644988,0.0009687122965715938,0.0011253189957494316,0.0011503265057540351,0.0009806784358080067
2014-09-11,0.0008006085898534836,0.001132148748718776,0.000975991852222402,0.0008075486900233827,0.0005195219491874133,0.0002202538159940542
2014-09-12,0.0017856032883346307,0.002129536826989497,0.001820609446641669,0.0018995305367920383,0.001734515907063356,0.0012147378193629235
2014-09-15,0.002995285506824343,0.005109395338550659,0.0031631276823608106,0.0022756295701940044,0.0015849818097096883,0.0010279696486703144
2014-09-16,0.003417766495283219,0.003363833050980159,0.0036732665282434873,0.0037314796982675673,0.0034735318939564715,0.002758262993644077
2014-09-17,0.0016803852933977204,0.002450323788467079,0.0017057536898702902,0.0014487954427325166,0.0012734648863018247,0.001218224240842678
2014-09-18,0.003182225533937905,0.0054359153657883,0.003386230277290917,0.0024937439334336052,0.0016887566362151088,0.0007391938903152357
2014-09-19,0.003789442258887264,0.007452586939540196,0.003500564484170288,0.0018378940600400672,0.0007487480895946194,0.000256673119670532
2014-09-22,0.005047607053641828,0.005685390110321793,0.005778672083194285,0.005557069173185723,0.004697247809912673,0.002954626593148341
2014-09-23,0.004715029338421387,0.007442124517541039,0.005069127842215288,0.004093725489411648,0.003120618650314734,0.0018919262015770245
2014-09-24,0.003996383096382763,0.005112793295430648,0.004188606584595018,0.0038860322654705216,0.003530959601804755,0.002932812026895164
2014-09-25,0.0077285614856050806,0.010787060186146107,0.008468834385986624,0.007421237234768701,0.00613447773877536,0.004226690270747945
2014-09-26,0.004718263541237051,0.008704590560433347,0.0045399111940580585,0.002996026234622485,0.002048099616275073,0.0013260763595595465
2014-09-29,0.007535585787136846,0.012900716865373337,0.007800861492973387,0.005758810097314264,0.004147944050028992,0.002504794707019237
2014-09-30,0.001193984997647562,0.0013966012476668175,0.0015028571074285008,0.0013582559494399113,0.0009788333730064134,0.0003405177622449987
2014-10-01,0.004828727179202709,0.005161260336321013,0.005633720602758396,0.005371147858277906,0.004519281785507373,0.0029887250784118215
2014-10-02,0.0034406064279080438,0.006633016467591429,0.0032842424002998962,0.0018754361523284364,0.0008786845115679431,0.0003411159967139514
2014-10-03,0.00640440408461252,0.007951271678459172,0.007234693745973188,0.0065813223190469726,0.005539411720647437,0.003939486998872457
2014-10-06,0.0018192874255252291,0.002146297233300527,0.002197322787231497,0.001996920043239117,0.0015622592065951011,0.0008281732612983374
2014-10-07,0.007221996609108329,0.009591560878256217,0.00845959240703319,0.007346386914607303,0.005695755021763837,0.0032882222200409233
2014-10-08,0.008501370048370437,0.012155382623337029,0.009665825870609684,0.008151312226412197,0.006294474219761659,0.003757745374593308
2014-10-09,0.01020668876614457,0.012107315963442635,0.01153879334065728,0.010646860278725604,0.009118910339598251,0.006681426993640071
2014-10-10,0.01781587687280653,0.022054431451531853,0.021535306082469584,0.018903011983651855,0.014465859279370536,0.008383021070855545
2014-10-13,0.012420984029220246,0.021656047341382805,0.012644796160189493,0.009078315871508561,0.006472709230944966,0.004268158974841647
2014-10-14,0.007627385896060579,0.010008176317961078,0.009493029968627685,0.008011930099614978,0.005512375000224515,0.0024549062662843433
2014-10-15,0.021126970811564005,0.033910732488184596,0.024623064013431957,0.018320623479635596,0.011289257647558476,0.0035240369114225636
2014-10-16,0.005301071318005584,0.006415063360534748,0.006153565812042463,0.005472462089487575,0.004483891530644124,0.003381456918346479
2014-10-17,0.015328138128813437,0.02538872462415389,0.016004737918983387,0.01218353167945417,0.009205391453905754,0.0063908092272852764
2014-10-20,0.00860442190972552,0.01369471892348276,0.009576818778265848,0.007385721798505856,0.005247358101265715,0.002972531609594263
2014-10-21,0.011146350992744544,0.015423750912186049,0.012719999709212372,0.010800327707742188,0.00852439932947473,0.005674747125713244
2014-10-22,0.007631198601704668,0.01195595772366394,0.007664034924392338,0.006198776204151371,0.005333167185368073,0.0047566905958566896
2014-10-23,0.00835908342104378,0.014359596956675458,0.008462043900324914,0.006186506055210407,0.004640331337637862,0.003429523928541208
2014-10-24,0.003415324271362056,0.005951193759003588,0.0034623559102433385,0.0025029063587313273,0.0017972097379689014,0.001192929462938023
2014-10-27,0.0005802057999871,0.00098809596406211,0.0005228311693713166,0.0002497859377441414,0.00019597632895081504,0.0005768085034286387
2014-10-28,0.008562835811188205,0.013809697623733658,0.009106822679678883,0.0070978268487129955,0.005392973629920229,0.0036749839892768403
2014-10-29,0.003366449262438419,0.0045903914889631504,0.0030346799733364464,0.002750350454793416,0.0028888814579725846,0.00323633479694949
2014-10-30,0.0021195924487838204,0.0030242643698107684,0.0022921103953752854,0.002026584098294142,0.0016487036181583546,0.0011127214267845542
2014-10-31,0.0034559018197119298,0.0049423296751971,0.004119141906558045,0.003393491581566727,0.00239345683040711,0.0010382261601202011
2014-11-03,0.0015293331212658254,0.002034324686325926,0.0015315752190242673,0.0013837392145550126,0.0013133255917441027,0.0012532123021466585
2014-11-04,0.0027218916021599037,0.0036302188784629336,0.0023718515364845208,0.0021484211506873603,0.0023489623553849845,0.0028470973051748336
2014-11-05,0.0033095588994765685,0.005125679579273093,0.0035407824818352394,0.002876344460998212,0.0022748808321284056,0.0015835809274470079
2014-11-06,0.001919776704467467,0.0018192674932511089,0.002188315399765077,0.002198306503977805,0.001925936279412092,0.0013369638874868187
2014-11-07,0.0017130431805344717,0.0014577134394324644,0.001593412647575401,0.0017055527456412956,0.0018284291290568012,0.0019382025453432478
2014-11-10,0.005204686531893069,0.00862210950317518,0.005709424328336139,0.004288529889579732,0.002902996789066368,0.0012987039922387324
2014-11-11,0.002008291715179336,0.0037401791507626517,0.0018797604080658607,0.0009123096641355794,0.000428024324207223,0.0012760192198278241
2014-11-12,0.0024142641262891017,0.004071936292523051,0.0024577032961269982,0.0017798872238513788,0.0013686553136105636,0.001217033195179459
2014-11-13,0.0032171458677370006,0.005424230794676625,0.003324484793951349,0.0024975985483368154,0.001864779080596127,0.0012491033921462364
2014-11-14,0.0011125432501388546,0.0014811796315236496,0.0013036454625181032,0.0011495413200527645,0.0008704585300092372,0.00046501024224049434
2014-11-17,0.00034531710409928707,0.00021363136318324705,0.00033750926522047064,0.00039069994630789445,0.0003950374206472535,0.00035772564447599805
2014-11-18,0.001304105034858069,0.0019215244402977746,0.0014899678634513688,0.001229748501824806,0.0009073274282565924,0.0005056331289821085
2014-11-19,0.0017610450343864652,0.003023814184005976,0.0018065286892166195,0.001320638996150116,0.0009635297821269449,0.0006533934053307408
2014-11-20,0.0008498340926832798,0.0012939964214145258,0.0009279434291904643,0.0007549602141859189,0.0005925582513613921,0.0003930572130906533
2014-11-21,0.0014677413135313429,0.002489890025336148,0.0014304140798727537,0.0011423156702600901,0.0008601200732334973,0.0006935376040027981
2014-11-24,0.0029810962513656027,0.005412819640282781,0.0028829412892846457,0.002022755157362253,0.0014201899780361899,0.0008463033519294248
2014-11-25,0.0011555412615226583,0.0017624880282071198,0.0006844737042341021,0.0006017581247275734,0.0009453300080353919,0.0013585831109202218
2014-11-26,0.0011547531036675948,0.0016124152746950732,0.0014358797792309197,0.0011396285234755636,0.0006635746465635285,0.0005162900450274901
2014-11-28,0.0030383225532830327,0.0031449272242870287,0.0036121017940108787,0.0034964662000904582,0.002884146864136502,0.0016357243197739281
2014-12-01,0.003014637639170691,0.004585052519227428,0.003537350829736121,0.0028476053073426696,0.0018741377442893377,0.0005323482974881418
2014-12-02,0.005791256840843925,0.009570754273396473,0.006233049203907174,0.004756428024412177,0.0033867403699713674,0.001774660913536919
2014-12-03,0.0017916293719374445,0.001562753193130319,0.001985282340852917,0.0020310854537995337,0.001861549312711226,0.0014406462272576381
2014-12-04,0.0017318914770638439,0.0035789075395119487,0.0013583651501451186,0.000482276538520512,6.460222963283899e-05,0.0003267128348363566
2014-12-05,0.0006829831684986794,0.0008259837138625589,0.0008059840289577557,0.0005875556319779969,0.0002129887430374542,0.0007809512573980389
2014-12-08,0.008160496671452893,0.012548204140016953,0.008835500448853046,0.007218609220421519,0.005638832869146897,0.003679711822877128
2014-12-09,0.0016211459637405254,0.002838464738025592,0.0009716242141817721,0.0008512253617055062,0.0011671018545515485,0.001432802896721531
2014-12-10,0.012729579157747903,0.01824429366485672,0.0143246688763241,0.012137386570708297,0.009487259523181746,0.005902227706042589
2014-12-11,0.010386272848707865,0.017328051839398485,0.010524542106671208,0.008010624864217412,0.006324267802281705,0.004917263200689881
2014-12-12,0.009632867155160043,0.011445048349265977,0.01125606123064592,0.01020874812432478,0.008382810362592544,0.005637601809158399
2014-12-15,0.003960825434021139,0.007009155231398764,0.003942581013615873,0.0027603186928641995,0.0019959627576600623,0.0014714828816650176
2014-12-16,0.013592091924112808,0.020119388002292075,0.015588338647956822,0.012652895403935846,0.009333424423640841,0.005360052742534203
2014-12-17,0.01923808474768492,0.026660983774445857,0.021497042519907042,0.018370262031444883,0.014944500182266531,0.010806665446374718
2014-12-18,0.006935169280125759,0.00829945882794543,0.008342060335137753,0.0074834185837481275,0.00588616213546635,0.0033709670516894343
2014-12-19,0.0050990004597035905,0.0049391494488722565,0.006074244863157562,0.005873841524140153,0.004911580975517595,0.003175175361238578
2014-12-22,0.00410254144630967,0.005887914163429234,0.004184848258524395,0.0036310987037049733,0.0032598819535924685,0.002856927598531712
2014-12-23,0.0029295077832645075,0.004244348599343085,0.0033715808803694005,0.00261677388687931,0.0017755972791079365,0.0018782372913957294
2014-12-24,0.0016602058260082324,0.0020852240527950536,0.0019527582039585436,0.0013698835103643668,0.0007016676951388931,0.0018030736489966892
2014-12-26,0.0055104381557593025,0.006463921887230184,0.007085193463111548,0.006289022071944308,0.004258976446654768,0.001466871423726405
2014-12-29,0.0007057657033225747,0.0008888462549584133,0.0007854238508946089,0.0005364590972488532,0.0002822755395991542,0.000846238740632501
2014-12-30,0.0032862816737178648,0.005019690383416928,0.0034406982776420693,0.002904439676403336,0.0023929361532980453,0.0016735073182705866
2014-12-31,0.011892995635766358,0.01801126671371971,0.01341753559234279,0.010990501907000808,0.008081025839725664,0.004084926580387055
2015-01-02,0.0016457797023884911,0.0020153518019953762,0.0018904140249327473,0.00172683217263525,0.0014461453091908698,0.0009134333389790289
2015-01-05,0.007482310641724264,0.009016081613296633,0.007906572825655486,0.0074701903166248815,0.006859224512463547,0.005767888427518735
2015-01-06,0.0031890295996472506,0.00243696792553875,0.0024213401452811436,0.003076887449209701,0.0036493288526522542,0.004032742332206754
2015-01-07,0.00914269838767116,0.015946247699393568,0.009240404605825996,0.006701017891780319,0.004844898647157189,0.003146441225043566
2015-01-08,0.009813801354864829,0.013533448184986155,0.010958127949775045,0.00954807179468168,0.00778998825707872,0.005144813425438033
2015-01-09,0.00664150953005646,0.012014202761738183,0.006632797277493946,0.004542649622863435,0.0030102265880187556,0.001586205143526223
2015-01-12,0.004193456196333316,0.0046829132386348,0.00509599515957566,0.004770478882417954,0.003700051839793371,0.0018917396493909578
2015-01-13,0.006112236750394657,0.011736085223566662,0.005808671083205522,0.0033969559920696197,0.0017609004660186988,0.0008250781013969863
2015-01-14,0.004163395769904019,0.004554915790232823,0.004816195913183691,0.0045142181208292125,0.003840024783784832,0.0027572386859844493
2015-01-15,0.0032799919151793354,0.0059976651328374365,0.0033608092142576964,0.0022047620122840773,0.001175411910682059,0.0005311690007252774
2015-01-16,0.004114771086634942,0.005036252793141223,0.005332239378164748,0.0045635439215003714,0.0030697236988021215,0.0007816327680634894
2015-01-20,0.003846639375328335,0.0035121847903577283,0.004318538211112634,0.0043543204483603515,0.003914581728656435,0.0029519318182051318
2015-01-21,0.00410424405071033,0.006121041324044974,0.004410628519727042,0.0037084205837291054,0.003032589027563391,0.0020867021525211183
2015-01-22,0.007788482356417267,0.010551250607202354,0.00792088304749613,0.007163466622764144,0.006568270571243228,0.0058970820835816656
2015-01-23,0.0019511772840029634,0.0019021441385968767,0.002402203253578349,0.0023323606053662536,0.0018558189381765182,0.0008733620370648045
2015-01-26,0.0029545440559715,0.0034535730211710607,0.003204662974993897,0.0030339827236445043,0.0027266258980668157,0.0021931898098758507
2015-01-27,0.005732382720147003,0.0076868137668629054,0.005886099281056575,0.005324242656361303,0.004871057338600093,0.004300352097045646
2015-01-28,0.01208010189980906,0.01696606439433299,0.013017669343400845,0.011311656278552592,0.009558897232221355,0.007280876961039315
2015-01-29,0.007986980772704414,0.010302342067014957,0.009178917270299127,0.008191083648979079,0.006619334973047338,0.004202271786425577
2015-01-30,0.011703215331160139,0.016910431506386103,0.012910588113592752,0.010972680330826485,0.008818804730753978,0.005831743799655053
2015-02-02,0.007340201369380204,0.009844805729145307,0.008246629879995365,0.007248480132493997,0.005961686209904807,0.004047654851451787
2015-02-03,0.008173636231858567,0.011891755644834523,0.008975185119803879,0.007677860027923058,0.006139444656196392,0.003928298703978065
2015-02-04,0.00537800594157493,0.007875013381389866,0.006152958407688154,0.005129702824316725,0.0038240601832340865,0.0019500562205913825
2015-02-05,0.005859880700609044,0.00901713670666965,0.006422380408780751,0.005246737211011716,0.004004203818473086,0.0023608017798413877
2015-02-06,0.007065834497495453,0.012892130631737091,0.006537794030053283,0.004361201115667443,0.003415771826888398,0.0031611280233717924
2015-02-09,0.003924674655717395,0.0034762304600030004,0.004704935212392482,0.004668580950462411,0.0038980184691134122,0.002409266719505983
2015-02-10,0.0057146684907083125,0.007836134796867235,0.0064618957003955025,0.005700646311737596,0.0045221100192532285,0.0026794081059537864
2015-02-11,0.0017016551393708153,0.0015859320063378991,0.0016744408226783355,0.001884717587250521,0.0018295662096957789,0.001503245079820616
2015-02-12,0.009410296709200296,0.015552405012347057,0.009655292866552156,0.007487386559552739,0.005872325410899268,0.004137786309766924
2015-02-13,0.0014160832720796729,0.0016506924910464542,0.0009923070309764306,0.0013276047588830103,0.0015156924536625922,0.0015023788515878456
2015-02-17,0.00185500092852581,0.0033530437355602017,0.0019450950939343629,0.001280438219147898,0.000651488182161563,0.0003389485544743118
2015-02-18,0.001226734253034923,0.0016989838116301102,0.0013698776089440773,0.0011607468438103914,0.0009345247914617157,0.0007352578873469389
2015-02-19,0.00030470315470389957,0.00040822259843221364,0.00035400108906968587,0.00030773987661105633,0.00022361556652914278,0.00016598146959384644
2015-02-20,0.007089701154659526,0.01265218369469,0.006927367179140749,0.004836580328026983,0.003602811599646096,0.0026230484824122176
2015-02-23,0.002439889971457331,0.004531985795709438,0.0020853124663719803,0.001118743539065477,0.000939626531758809,0.0016563233089544856
2015-02-24,0.005559504733609559,0.00874487332091625,0.005590448497342412,0.0045234596752555525,0.0038880455764424993,0.0033520075740766917
2015-02-25,0.0023634693996003008,0.004397205954257611,0.0023123812417157608,0.0014225496804483755,0.0007264925379157275,0.0008342492445585494
2015-02-26,0.0011514655185938508,0.001908450624283338,0.0010522000709218126,0.000814752171009109,0.0007497645781194735,0.0008087567033483989
2015-02-27,0.001675353932950586,0.002647080123745581,0.0016549613301105883,0.0014951039603395338,0.0012351466083106307,0.0007260859600146805
2015-03-02,0.004423798067740004,0.006002789219276748,0.00488446118791765,0.004418300796682736,0.003619535285123071,0.002309997749597097
2015-03-03,0.004398984514879524,0.006476196033490361,0.004969909083586353,0.004208730990811861,0.003149133213472293,0.0015759936225201692
2015-03-04,0.0013636478953092128,0.0023738468391599574,0.0013450515478737883,0.0009624260564790477,0.0007488910560293286,0.000605197241970171
2015-03-05,0.0019394735885296128,0.002362827844932502,0.001705180168195435,0.0016680976384529133,0.001814461024044458,0.002059702802113849
2015-03-06,0.005424601896448841,0.00807293771832829,0.005197055495097481,0.004545939180667493,0.004261469709624798,0.004015486562208092
2015-03-09,0.00428957932144998,0.008622048527952987,0.003588078538881833,0.0016983324823180291,0.0008597875744837748,0.001079285625662867
2015-03-10,0.006654040708072975,0.008637146433099518,0.007263248048030785,0.0066183299196345465,0.005687445604276009,0.004228107092152051
2015-03-11,0.0021007199385842316,0.00273665253955217,0.0024699016296973815,0.002238692582667599,0.0016843067425797982,0.0007917110814033583
2015-03-12,0.005615720429463924,0.007354874468186911,0.006206605224319221,0.00555964478199415,0.004686967140852244,0.00349115192662459
2015-03-13,0.003910357290690604,0.005698153015824042,0.0044580595809631295,0.003754478544292377,0.0027583059836220145,0.0015514079561118781
2015-03-16,0.005089327086984615,0.00771755254976335,0.0053416743066155336,0.004471193910835625,0.003680978282075456,0.0028055254648383537
2015-03-17,0.0025728281630776465,0.004084539637568949,0.002588754535237944,0.0020811142939427506,0.0017692075132672057,0.0015003258844619792
2015-03-18,0.0061134979460278896,0.005308127724860442,0.006951484881136178,0.007064747180717636,0.006311251220501648,0.004542287858403286
2015-03-19,0.004536349578741017,0.004699345961377592,0.005235681810877067,0.005127769345997611,0.004338766003338166,0.002877014444833113
2015-03-20,0.002906323419069814,0.003192128588665561,0.0033244422783007565,0.0032285657904587376,0.002711505201576724,0.0017933432943362168
2015-03-23,0.0036913134597852787,0.005577007143657727,0.004174774795801107,0.0033767159457264787,0.0024174502492525377,0.001533279403813828
2015-03-24,0.002666551650120466,0.004062425796077916,0.0029015858607833555,0.0023419799870042415,0.001843071213876743,0.0013221962406217338
2015-03-25,0.006312329543019281,0.007900703021808429,0.006862291677389539,0.0063469360422300555,0.005537004886637321,0.004332821915932261
2015-03-26,0.002540821015005644,0.0045245910042251225,0.0024357555978952853,0.001476978027405456,0.0010215945297399227,0.001627546800139825
2015-03-27,0.001486579068133857,0.0026978983315875623,0.001364805301281134,0.0009409704286248373,0.000748237645712341,0.0006804063411469925
2015-03-30,0.0039418737706881455,0.005636220918858938,0.004249152776559813,0.0036755791402940095,0.003000685327924704,0.0023142091741413045
2015-03-31,0.005555459293447988,0.006778440037245697,0.006743034762424344,0.006034062840986768,0.004585867262796011,0.0023366171571372204
2015-04-01,0.003363161208680026,0.006588378720069815,0.002448425565436754,0.0009305767203842754,0.0005965547511307708,0.0024353426998431965
2015-04-02,0.0026928649523671297,0.004931522662042706,0.002139837887291397,0.001399562749872301,0.001440148496606554,0.0018237277003981115
2015-04-06,0.0033481861152327686,0.005336909081502094,0.003475156605596984,0.002740045803485534,0.0022275458410167853,0.001738570635468615
2015-04-07,0.002476164138229198,0.0038180293760108454,0.002803946161271126,0.002241535771703285,0.0016083120529298814,0.0007786729290580951
2015-04-08,0.0030753019892443205,0.004308298311251497,0.0036158634350556594,0.003067734268138115,0.002261791171056784,0.001060573460051707
2015-04-09,0.004001413960833944,0.00673537774279818,0.0038312652282956176,0.0029415696831312753,0.002506275188804491,0.002253533740444499
2015-04-10,0.0027973894574129204,0.0033958855452016707,0.0030958190748309046,0.0028516774108993653,0.002495665361629132,0.0019106006513552405
2015-04-13,0.0037857743802659893,0.003938687690779664,0.004497035406225557,0.004295181852197951,0.0035769151416343214,0.0021635482539436608
2015-04-14,0.0010861095279339158,0.0012607783473400258,0.0014452363991380817,0.0012591612740414217,0.0007566392663915534,0.0002488154925601406
2015-04-15,0.0028304740488986776,0.005169735892503631,0.0026815409473852007,0.0017715104815804262,0.0013018786257405018,0.0011436556799103656
2015-04-16,0.0010685380843258217,0.0019181898252277304,0.0009371002476369727,0.0005456130132402788,0.0005131267630851482,0.0007682880145711238
2015-04-17,0.006486414011770336,0.009341322834347654,0.006773397266846228,0.005799943388825076,0.005085404013152106,0.004210455265154656
2015-04-20,0.0030061466765262715,0.004956649954335453,0.002928788520358046,0.0022772150665924785,0.001963380107080665,0.0017314266755364342
2015-04-21,0.0007786380869922581,0.0010357926110585519,0.0008986671170200457,0.0008423604550348713,0.0006165602902100408,0.00024738574042931034
2015-04-22,0.0022136285517044356,0.0041756557640417365,0.0017238800676086716,0.0009729034261864341,0.0010150896188965844,0.0014546289101537255
2015-04-23,0.00047416404024916545,0.0004515169229626121,0.000264938089074689,0.00015254605756792865,0.00034658795066834887,0.0008406571568332028
2015-04-24,0.0014707907503908005,0.002984305113033853,0.0012378824959395722,0.0005123446982400788,0.00013373490635377214,0.00031195345926902826
2015-04-27,0.0031808987848778235,0.005130008588034314,0.0025081260431259783,0.001906322578106941,0.002204737388947347,0.003080254585363166
2015-04-28,0.003565622279187573,0.0064609847232831065,0.003132601442268201,0.002068802523465539,0.0017972519520563126,0.002121494128751667
2015-04-29,0.004864376381312034,0.009370185249285352,0.004497671506057728,0.0026005846616541507,0.0015175760249772636,0.0011024018046913863
2015-05-01,0.004091976864807814,0.006720634255620683,0.004681885905341626,0.003465434657263427,0.0020809460552608963,0.0005429724058226157
2015-05-04,0.0044200918680594005,0.007689246902030335,0.004681564757697672,0.003195562234220307,0.0019081229403542853,0.0016709108178603906
2015-05-05,0.00444022959006577,0.004752354578612873,0.0049594092724655064,0.004826504835443714,0.0042276848776687265,0.0031982981940976364
2015-05-06,0.002695037699562341,0.0042877094010354,0.00277850722001504,0.0022056315409531837,0.0017863096439552008,0.0014682895124509504
2015-05-07,0.0016006857748660957,0.0022754241650210366,0.0017371415952035115,0.001512414284716553,0.001252066131351531,0.0008721766626396361
2015-05-08,0.00622305714453257,0.007867540221379934,0.006787532399226856,0.006206270428035688,0.0053975523958482985,0.004244060723312751
2015-05-11,0.003841317325591291,0.00563864320868002,0.00432693415114427,0.0036162709017755687,0.002775737827199139,0.0015747386690922321
2015-05-12,0.0015672359062097246,0.003069906688002068,0.001170747535770239,0.0006393807380450833,0.0006785585638058963,0.0007854397560066443
2015-05-13,0.0011786764731018878,0.0016589950933824547,0.0013161660703771574,0.0011248810649124163,0.0008970126171363479,0.000625974640892207
2015-05-14,0.004014160257065403,0.006159538211741799,0.004361171122980913,0.003555154513064171,0.002794575968722372,0.0017773322268123675
2015-05-15,0.0016113365561655486,0.0018980406567106684,0.0019472135216097987,0.0017766846454923136,0.0013952878401035978,0.0006959828781237656
2015-05-18,0.0018568267551660263,0.0027762483157240695,0.002069728865136976,0.0017185503299061828,0.0013021285652206152,0.0007737839950373034
2015-05-19,0.0020003649337511763,0.002525508713321267,0.0016814761521168522,0.001838974687656118,0.0019635693372186476,0.0018879381837873307
2015-05-20,0.0031253258526092215,0.006020333170444819,0.002856172702731435,0.0015791425883064534,0.0008497946422089353,0.001104686464939807
2015-05-21,0.003647912853799832,0.004383178950709225,0.004248184540683617,0.004066483727716455,0.003254155350947026,0.0014666950545585815
2015-05-22,0.002260862219419477,0.003506358465873673,0.0026141388661030714,0.00204812077646386,0.0013821228567013038,0.0005693468780261214
2015-05-26,0.0051559421309893255,0.006200374103716521,0.006025083536580924,0.005541514432177795,0.004493016744774636,0.002697562598138684
2015-05-27,0.005082052577994276,0.007659270604540466,0.005575993859692929,0.004600941404422049,0.003609599499004963,0.002276463915909584
2015-05-28,0.0018134739525557792,0.0027998867463822474,0.002088678052795023,0.0016476969364772258,0.0011392143599822217,0.00047831216765903867
2015-05-29,0.004140420897158258,0.006912597362907433,0.004351026387489994,0.0033479974343120587,0.0024202832152043626,0.001390372410491097
2015-06-01,0.0011125475701631567,0.00168854432998816,0.0012742943381963846,0.0010427688121832288,0.0007308506615761604,0.00030379759626576963
2015-06-02,0.0025612086634761075,0.004634114882114336,0.002558534278904554,0.00173803868662416,0.0011536568102588224,0.000652784941847871
2015-06-03,0.001558732773604781,0.0027227733494642825,0.0016594054141337259,0.0011792913866972758,0.0007326517459827371,0.00023154157490408239
2015-06-04,0.0049824985625742295,0.006605986957548717,0.005587077776463837,0.004975659210363236,0.004099724600667644,0.0027761540821286393
2015-06-05,0.0032127458021969047,0.006177127629647868,0.0028677191154738058,0.0015284609614873654,0.000980348527706447,0.001389490238500844
2015-06-08,0.0034243639519867253,0.004227260919949285,0.004099481432194758,0.003664013908715488,0.0028553763499268156,0.00154197518044511
2015-06-09,0.001906716305944039,0.002426279922443686,0.002394452850860616,0.002058283718146382,0.0014440875409692936,0.0004854646736347579
2015-06-10,0.005803186194620004,0.005701219855968839,0.006195504558421088,0.006183526406999333,0.005850576472474125,0.005003141171434736
2015-06-11,0.0018577844054844168,0.002242890014357661,0.001770081179334617,0.0018968890976480812,0.001834672318704362,0.0014590615897107685
2015-06-12,0.002593938265641626,0.0028879855744707345,0.002852526965666452,0.002731474773334351,0.002459692174363382,0.0019115877776360974
2015-06-15,0.005647854905293799,0.007493833165784431,0.006811007923162765,0.005861088385339223,0.004322376179522582,0.001977035106465454
2015-06-16,0.0018091133396286913,0.0028609481389334393,0.0018942769235859105,0.0015386444291497498,0.0011820968090203445,0.0009090470372681105
2015-06-17,0.0011336333489811135,0.001909593846191086,0.0011698687587068381,0.0008873071242702506,0.0006553711703309983,0.0004400636044025552
2015-06-18,0.00459705489512519,0.005785099811059625,0.005098392284040213,0.004655206724575248,0.003999731218157648,0.0029214354985270504
2015-06-19,0.002549208779794551,0.0022480326198365324,0.002850290829034203,0.0028934230190852924,0.0026320491886975324,0.0020037312309505334
2015-06-22,0.004665357512465292,0.003837746537940189,0.005279410082587738,0.005432024028938487,0.004885508344253777,0.003585004526251302
2015-06-23,0.00390910383707256,0.005982968097549118,0.004339812756696943,0.0035241150057325732,0.0026686351274908897,0.0014948518348950831
2015-06-24,0.003194570857310047,0.0034542724985436486,0.003962020522020071,0.003686445631240997,0.0028621086414260927,0.0012709297515395277
2015-06-25,0.0008571836924410929,0.0010701649637417866,0.0010546537737813994,0.0009294786895464675,0.0006840056028614881,0.0002906501018338009
2015-06-26,0.0023338054999427673,0.0030991943374251408,0.0028741536167436192,0.0024991446620368056,0.0017078044307417355,0.000452941484740471
2015-06-29,0.016508327774367164,0.023744701973975442,0.018412148790677364,0.015573939102763711,0.01235991962367644,0.008030637728500883
2015-06-30,0.003290609195732627,0.005233617320900107,0.0025984723531972645,0.0024959177643160396,0.002664104771416336,0.002582765154622624
2015-07-01,0.009097319314689586,0.01449713105950577,0.009628467677369829,0.007647791208920325,0.005949945506307896,0.004128114932170138
2015-07-02,0.0072038443667946,0.013570968695083608,0.007023479120702667,0.004395284585926862,0.0024510063055284406,0.000806510707975694
2015-07-06,0.0022121250071022954,0.0024936761141937454,0.0027417169651442553,0.002512510812794721,0.001864626784560397,0.0009708290918930983
2015-07-07,0.008067596484955666,0.01359630271544107,0.008424916018155827,0.0062881683596544315,0.004614212769047147,0.0029597106243785514
2015-07-08,0.015362536799564033,0.025457316104221268,0.016815955839801076,0.012669355413591016,0.008580260941068561,0.0038798100650286106
2015-07-09,0.005677987500261266,0.009897443631462586,0.006280483326152998,0.004307703152749765,0.002275198109287074,0.00024701443042259415
2015-07-10,0.012739155316444501,0.019401255692364977,0.014410417706415426,0.011603531213504716,0.008462271768474899,0.00459451301687998
2015-07-13,0.012650076119747961,0.019989654255006446,0.013783847822076103,0.010912458130761906,0.008171373262598427,0.004968733008312949
2015-07-14,0.0014759418277969095,0.002123952196147657,0.0016636595603647438,0.0012835577708777603,0.000804262367307415,0.0011483583170079498
2015-07-15,0.0014416768312805102,0.0028455619526183184,0.0011714918914989237,0.0005507079331045026,0.00036211678769265264,0.0006986677004880645
2015-07-16,0.005434457613244963,0.009479478718393339,0.005656960367127913,0.004020934280784007,0.0027265958334565326,0.0014841472479663067
2015-07-17,0.0014734125310519764,0.002771337944790569,0.0014035940999852692,0.0009154064883019734,0.0005552782671853497,0.00024089217239621727
2015-07-20,0.00043233294862036526,0.0006164285532159543,0.00048074469817917524,0.00040283474138729745,0.00031989821475887517,0.00024258724119810926
2015-07-21,0.001259578199953055,0.002258136671975364,0.0009904653127494087,0.000565931238011908,0.0006238859731643347,0.0010690984848161712
2015-07-22,0.0006365615755799458,0.0010016224098413076,0.000700364562592621,0.0005493001992262487,0.00040335820692156217,0.0002605123281752303
2015-07-23,0.002558920951058765,0.002992153791298761,0.002834342854840297,0.002688281884122092,0.0023157763263387987,0.0017788251620492153
2015-07-24,0.002335043040739805,0.0025998315080266775,0.002243546661580997,0.002242032316928855,0.0023037761428434966,0.0022661445433222586
2015-07-27,0.0076132483929201526,0.010666412358277427,0.008825843532492576,0.007484864524093726,0.005677183566898912,0.0031442453161845013
2015-07-28,0.008115707502266792,0.011619159357228702,0.009051399280246439,0.0076758698667251535,0.006123873139781669,0.00399625421733752
2015-07-29,0.0021106123680723655,0.00201404385053587,0.002042978934002487,0.00223603173314461,0.0022544416973073475,0.0019902115481659666
2015-07-30,0.0024456128959154818,0.004498318079511928,0.002438885912690381,0.0016129053106970432,0.0009782948523503093,0.00040442277921408495
2015-07-31,0.0021607286523190835,0.003981576672788636,0.001962606777552899,0.0013369102453108974,0.0010440933604603869,0.0008726416393900195
2015-08-03,0.003013184237031581,0.005914297019891721,0.00275342417482025,0.0014067474166443413,0.0005718656460871909,0.0007281302727418009
2015-08-04,0.0015665893733883733,0.0018959053217335374,0.001938670296159747,0.0017293134897730668,0.0012233273804651236,0.0006565491544206315
2015-08-05,0.001615463710567122,0.001476326860027963,0.0014012172519020886,0.0016399572673316937,0.0017790711615032673,0.0017467427342805182
2015-08-06,0.0036998316530726465,0.0052036175676509295,0.0038551145110503403,0.003365109105351938,0.002937355234936693,0.0025597290002229846
2015-08-07,0.0039052906869943543,0.007143265031488531,0.0038796770047271165,0.00265633563702763,0.0016824374965482415,0.0005400303993243927
2015-08-10,0.00339015158543121,0.00333721937429475,0.00296932023251893,0.0032979677299064224,0.0036309727749551596,0.0036675862124324397
2015-08-11,0.004964683413793141,0.004120238021743653,0.005461005647167546,0.005670603204118667,0.005231349401867477,0.004113235429533012
2015-08-12,0.003957417969263526,0.005810499890995445,0.004632552962342401,0.0038751600858250904,0.002713191328523093,0.000839676193028586
2015-08-13,0.000926574910885335,0.0015311919208646845,0.0009353629971384198,0.0007226979449391284,0.0005932271523468971,0.0004461411419864059
2015-08-14,0.0018771372226017342,0.0018656520343819448,0.0020935246894556543,0.0020803960231238956,0.0018749777777782568,0.0013824356561659085
2015-08-17,0.0015853957156083372,0.0018746068291852459,0.0018330820917733862,0.0017032061624358478,0.0013810230932925268,0.0009407024716515837
2015-08-18,0.0028653684977021144,0.004713083645550115,0.003160493129721598,0.002386177918667695,0.0016149546500254894,0.0007401927343420274
2015-08-19,0.0058009012726180625,0.00772437452109688,0.006756334603728352,0.005860186051925901,0.004608145989454286,0.00271320268875936
2015-08-20,0.011262410814389518,0.014584687997982458,0.013373891462111062,0.011623552377879745,0.008941761509789039,0.005251030483848907
2015-08-21,0.02251352820963659,0.03663917852047837,0.02418397481938194,0.018548929607839312,0.013660368360043753,0.00873683399074671
2015-08-24,0.05432508583777935,0.09352523353982721,0.05942162015610111,0.041881328451015325,0.02537466986476188,0.008958625016586286
2015-08-25,0.0129411434863018,0.023759423901008204,0.013068902273297227,0.007922887859676046,0.004084216268946613,0.00475463651186224
2015-08-26,0.024667262383346548,0.03782270816076354,0.027777517312060077,0.021923366396550858,0.01605740910603584,0.010086975039733843
2015-08-27,0.009408977514960065,0.015215655952187246,0.010102894570439147,0.007791737129846394,0.0058023708121852265,0.003831572795296276
2015-08-28,0.004601302251579783,0.004604905858633952,0.004169952465374969,0.004265057966176229,0.004649066535948387,0.005240392295532781
2015-08-31,0.010878152037880087,0.015886106676307694,0.012523265837421648,0.010165438623507238,0.0075796758118227845,0.004656474890922234
2015-09-01,0.02135927669285257,0.03007993868358454,0.024483534894497394,0.02032422334537304,0.015739739823145582,0.010771900843304136
2015-09-02,0.018429843997912927,0.029016590363091826,0.020984858976483806,0.016035144231343453,0.011078586233289594,0.006008993503593472
2015-09-03,0.001862097036426869,0.002796844403646937,0.002084247164346337,0.0016715055477055244,0.0012744325345679366,0.0008674635000252769
2015-09-04,0.009561397221429258,0.01294664334629074,0.010285304653989661,0.008978658328744041,0.007785722955075372,0.006516496838856567
2015-09-08,0.01454371334645157,0.021519570548087247,0.016185947491196135,0.013226564048461311,0.010304849910371644,0.007168629475260217
2015-09-09,0.002794627949870598,0.0026039280287662794,0.0027377898062456297,0.0028042018138147357,0.002883659719162925,0.002931680661376324
2015-09-10,0.003340710718760785,0.005824793698854199,0.0036710951210994825,0.0025150524037382284,0.0014079054845049016,0.000298149397107496
2015-09-11,0.0066877388802820716,0.011654443168558347,0.0068017133597600915,0.0048735521162574305,0.0034784527135605084,0.002385112774342864
2015-09-14,0.003352901704795141,0.004319305360369776,0.0033428962213494996,0.003230589379428591,0.0030116026933337627,0.0026214379157796135
2015-09-15,0.012324401698275167,0.017176327951959117,0.01423879634771501,0.011923122865881004,0.009171243025265752,0.00595082055299139
2015-09-16,0.010395038728793198,0.014857508882250335,0.011940052556894154,0.00988641619669267,0.007560612315997668,0.004697833735985938
2015-09-17,0.006619139843813933,0.012801290615762738,0.00626145411557265,0.0036088140004452746,0.001611544474488976,0.0006046471749070997
2015-09-18,0.005441620422596838,0.00593087526982412,0.006234358805515604,0.005831051208152453,0.005039650725427738,0.0038228804989945994
2015-09-21,0.008604457598320637,0.012574266619219473,0.009587484750632936,0.007892330829568138,0.006213268874800849,0.004388372354043329
2015-09-22,0.010944771135941259,0.01544851408337263,0.012607439056638602,0.010512243248898498,0.008032017925315752,0.005129853707762063
2015-09-23,0.002070252863912125,0.0029308906691181934,0.002316676924905034,0.0019400097158353453,0.0015315426686507922,0.0011676308794035565
2015-09-24,0.005814555363961771,0.009261718241600346,0.006795421056145989,0.005042088314638599,0.003113139519235987,0.0014049220785987357
2015-09-25,0.0022929413925398294,0.0032928683968722065,0.002121341911021454,0.0018378214760875183,0.0018582471001186028,0.002028338557161715
2015-09-28,0.015692422878699343,0.021489424149397186,0.01830548580589441,0.015406563729168158,0.011795376895844315,0.007607982393591506
2015-09-29,0.0040918373910016495,0.0062401401632123646,0.004560386444128415,0.0035739136037327784,0.0026981981775105308,0.0019814289145973223
2015-09-30,0.01142291207782992,0.0184363687681298,0.01280240762303742,0.009699439470598871,0.006474850899757157,0.00355111914336695
2015-10-01,0.007155637006840969,0.012113140636122743,0.008032692758011906,0.005679134397251983,0.003304587210622934,0.0012611549145888229
2015-10-02,0.005941540905467368,0.007582541802015177,0.0060466577942087174,0.0055288565874801,0.005237332957641319,0.004945161202935584
2015-10-05,0.008324419518030951,0.01111382410678323,0.0101021979298912,0.008466665696766294,0.006209025293513647,0.0032667857525965596
2015-10-06,0.0026265426013858516,0.004036278634486496,0.002628894580858081,0.002120392416563727,0.0018605207760256865,0.0018257592102334927
2015-10-07,0.006134908547510544,0.009232654551054448,0.007082131603946815,0.005655045152107412,0.004035733840093031,0.002126107479977292
2015-10-08,0.004436235718669747,0.005728985058079489,0.0052686820163262964,0.004555567508172309,0.003536875822012739,0.002134940484251189
2015-10-09,0.001887054901783782,0.002364455534790341,0.00199731642894588,0.0018291596437873833,0.0016577553617936121,0.001459787750454614
2015-10-12,0.005056148316109167,0.007671887703523486,0.006126531687111764,0.0047379803763482305,0.00293126966450428,0.0006246019781464852
2015-10-13,0.006694616533418414,0.010053470201757167,0.007246701463663078,0.005979843169315234,0.004757714406926937,0.003479674803632349
2015-10-14,0.003679151793628659,0.00402900996240086,0.004201255451340083,0.003974671959826984,0.0034283891534886025,0.0024990901508892363
2015-10-15,0.011551320190430541,0.017709742575057162,0.012665659775797415,0.010241608617172743,0.007908989572229169,0.005066399901036211
2015-10-16,0.002051384036774799,0.0021613246551564504,0.002391716796777278,0.0022545492818026097,0.0019159179229529097,0.0013767769896137086
2015-10-19,0.00410710739010653,0.004632231918712911,0.004524308178697076,0.004271058039482152,0.003816842183268149,0.003099112372304381
2015-10-20,0.0031624172709455753,0.004978736229052735,0.0033479612115849926,0.002681224995447688,0.0020393851578195564,0.0016308577396469148
2015-10-21,0.006146634512985148,0.008580117823367935,0.007501413818321481,0.0061787994414672425,0.004250797421167425,0.0016640633373885365
2015-10-22,0.010689338654005908,0.013777419863351235,0.012317590377887908,0.010861061020874667,0.00879368373465728,0.005871793028307716
2015-10-23,0.0036396889952765507,0.00523381813996347,0.0039703764617370525,0.0034336445634432673,0.0027979605250892554,0.0018604946260439926
2015-10-26,0.004981065934526205,0.008536723405597607,0.005127533373008554,0.003745001022626121,0.002736246884682464,0.0018373253800259295
2015-10-27,0.0023483335426257006,0.004433846682926958,0.001969340999169059,0.0010449777739196416,0.0008688202575957788,0.0014796028421165761
2015-10-28,0.005685548271155085,0.008963270582355444,0.005972543802037806,0.004818338089940758,0.0038222026439554955,0.002791089700808596
2015-10-29,0.0022075338723253736,0.003560809850959946,0.0023199486842671495,0.001822735226726353,0.0013375979790244631,0.0010922308523171897
2015-10-30,0.003000125136849064,0.00484435042666609,0.00338875396679631,0.002579685808150719,0.0017143279746798439,0.0006772520995953307
2015-11-02,0.0060574664401693065,0.008918955412365578,0.006327450822550962,0.005356229551549,0.004572070917245643,0.0037798242456641737
2015-11-03,0.0021870030607273085,0.003957430162020257,0.0021755519173376316,0.0015691469235266779,0.0009785001063594661,0.0003177228038640406
2015-11-04,0.004164280739754161,0.0043622173924401965,0.004084322419019732,0.004069103131124504,0.004130592373116136,0.004168470529036993
2015-11-05,0.00036853340208187923,0.00016458997282373707,0.00017326285599741353,0.0003002461284977973,0.00042759129708406265,0.0005907557962540651
2015-11-06,0.0023299195598721306,0.004044917234666933,0.00229066370255184,0.0016306745828179288,0.0012604272031196176,0.0011341753896409736
2015-11-09,0.005411172054870846,0.007419861393386906,0.006538332510417169,0.005531952554150034,0.003929491702185696,0.0015988670439755141
2015-11-10,0.0026536701738892154,0.003335108904926775,0.0031003355989424114,0.0027622268414881617,0.002212269788316455,0.0013966960961566482
2015-11-11,0.0030178983499167633,0.004422554760962085,0.0033301354606152804,0.0027922404455199812,0.0022077749704132984,0.0014895913623590871
2015-11-12,0.009265090804774744,0.012656907416954414,0.010357388122024478,0.008988662794785532,0.007348271289530124,0.005190721939104783
2015-11-13,0.007041537802892556,0.008449459069636832,0.008440702213344132,0.007498744081369313,0.005949070376267338,0.003695248243941266
2015-11-16,0.009082377929049696,0.013717852159535549,0.010389558643835886,0.008318329060264189,0.006026483778507831,0.0032882278598680317
2015-11-17,0.003783378146480281,0.0074139456881823365,0.003451024572446222,0.001798115034489894,0.0006890777891383566,0.0009927456132541386
2015-11-18,0.007682056094389596,0.0115368935883749,0.008423675208696054,0.006947588163686792,0.005469993879263742,0.0035807676780645354
2015-11-19,0.006551440275303874,0.011316051792052069,0.006487569896067773,0.004707606671615555,0.003663848793400796,0.0029799175377944746
2015-11-20,0.003946284724893695,0.0056360417781771135,0.004785047312162792,0.003914787375311183,0.0026620719473949635,0.0008899346592021882
2015-11-23,0.000991906587988163,0.0016157510689786831,0.0009052556967664786,0.00048213332910435037,0.00041557991614038167,0.001041198727095451
2015-11-24,0.001664010490403055,0.0029575605719470784,0.0015878888696482416,0.0012340553088953316,0.0008434385896708792,0.0005846518637699034
2015-11-25,0.0018021589974037753,0.002569264073322496,0.0023569941575177053,0.001714417021260214,0.0006604275225296527,0.0008408065694779045
2015-11-27,0.0029633090904861645,0.0055943251856163095,0.0028835891749429444,0.0017857950763354039,0.0008877289450706093,0.0005633083364736163
2015-11-30,0.00410918397917822,0.00631438670458163,0.00467221014009743,0.003767906977366134,0.0026392605146110756,0.0012502474840521435
2015-12-01,0.005528843837704586,0.004987158808016185,0.0061149305836595185,0.006165132803406022,0.005655067551958168,0.004537377038381177
2015-12-02,0.003864812400534785,0.0047024810122296,0.004359907736245022,0.003982688783241217,0.003394079016664017,0.0024859945700209654
2015-12-03,0.007454519337468027,0.011089715121459585,0.008353323072517191,0.006901032562716925,0.005247572447455338,0.0031509106479674373
2015-12-04,0.010651629725935143,0.016378951788547015,0.011433947207971043,0.009311788339679725,0.00740437492754454,0.005171721038035979
2015-12-07,0.0015231323260675,0.0010271645323552524,0.0010179565617739637,0.001287566532531987,0.0017128681098981058,0.0022173437121405775
2015-12-08,0.007408207972296503,0.00989121901966992,0.008568542379409926,0.007444822536554852,0.005865277543480112,0.0036503056499855354
2015-12-09,0.005780336459210713,0.008712407542808335,0.006427975884504578,0.005258097406772748,0.004021301192622768,0.002453176945054653
2015-12-10,0.00048005911120442796,0.0007389160330981559,0.0005338818542850396,0.00042307412258283967,0.00029207443263435713,0.0002386583867155275
2015-12-11,0.018887726152307625,0.02864882675805196,0.021204874593804227,0.017058723207461206,0.012759956549318647,0.0077144336319469155
2015-12-14,0.008874557125037232,0.015256946057834501,0.009695436590074836,0.006890533484679823,0.004205889872756736,0.0013579270299469177
2015-12-15,0.007691469217318555,0.009467350646602883,0.008891807813289737,0.00793991298171848,0.006572839874371057,0.004566626433068316
2015-12-16,0.010532204148432346,0.015429471401959183,0.011248638089271288,0.009496910608103204,0.007918256075829811,0.006094758742827935
2015-12-17,0.01112348399378208,0.01701138215958477,0.012523586411255491,0.010000628674771302,0.00734053000927786,0.004305367175078298
2015-12-18,0.008734927183901167,0.01140065491269061,0.009821185041102217,0.008607923944175398,0.007078290819784693,0.005555681860248558
2015-12-21,0.010505366983143452,0.017014220029190133,0.010951450262305438,0.008468580203200122,0.006624751085849175,0.005176055795262015
2015-12-22,0.007628913858723794,0.010488964177198882,0.008954283389703478,0.007531266958799191,0.005727498544124934,0.003358548973560609
2015-12-23,0.0036750106009064087,0.0026305080471528204,0.003267666619928687,0.0037203710323656597,0.004155890348356828,0.0043380539015449695
2015-12-24,0.00265482977264665,0.004113884708894133,0.00301979395127327,0.002393365647617928,0.0015803036477066456,0.0009858214647101224
2015-12-28,0.004711554170702759,0.007234995399942509,0.005578595426434373,0.004452125887639913,0.002648786510279672,0.000830862956134156
2015-12-29,0.0037654001125346764,0.005508897620963475,0.0035617673330355227,0.003094247074156982,0.003011804287941542,0.0030350816265222024
2015-12-30,0.005925278947976698,0.010116156332667207,0.005900537684942976,0.004367989966507569,0.003444092476118615,0.002729575023097281
2015-12-31,0.00310752211940095,0.0041148030950079765,0.0034429705295304,0.00310233162062095,0.0025325758411271,0.0018599505798712946
2016-01-04,0.008918036332714712,0.01040737189974008,0.010473429104648005,0.009484058270393123,0.00788148403927018,0.005252199648816508
2016-01-05,0.004639704412583845,0.005781472164256006,0.005910947870506799,0.005018275935071324,0.0035049715915126127,0.0013422521555235814
2016-01-06,0.0060621483116021484,0.007840410168276012,0.007204595176286553,0.006218014434592538,0.004856828384490201,0.002849123028781951
2016-01-07,0.015249298296579698,0.01990497302579321,0.017723822602632725,0.015364995301654475,0.012275036260605457,0.008099633205531564
2016-01-08,0.0108119868567784,0.017650260487777607,0.011863064604835704,0.009002874044595023,0.006290625528685253,0.0034069915241816875
2016-01-11,0.01023228844868224,0.015389320600011748,0.012269645917438798,0.009553160070595213,0.006288608764608517,0.002305161054500468
2016-01-12,0.007891818530752473,0.01390127652409889,0.007999336566392186,0.005602440363344104,0.003863643211902347,0.0028025073088311946
2016-01-13,0.013548992786008868,0.018365296207506022,0.014706714416987371,0.012878354287546951,0.011016544374322996,0.008779989449728071
2016-01-14,0.0150440913584767,0.02538858324817788,0.01530782639650984,0.011517228177811572,0.008803131409771611,0.006524725906744303
2016-01-15,0.02017619003752509,0.03427095313970169,0.021250173607506036,0.01563118885664607,0.010988755962380872,0.006651187264388352
2016-01-19,0.0035405169803870307,0.005936708420129858,0.003880839786066284,0.0028395225936979733,0.001815393184678118,0.0010061496688821704
2016-01-20,0.007607955501265184,0.010391009277447258,0.008656481113915704,0.007435760830348477,0.005873779860375378,0.0040872198977160035
2016-01-21,0.0035755769226752544,0.007194766760620868,0.0026883221900278554,0.0012738452641205128,0.001125523029864498,0.001429168592234843
2016-01-22,0.017619669805416904,0.0272204026423567,0.019737042338050355,0.01562493863671088,0.011495625326334198,0.0067434821086107
2016-01-25,0.008011201249431143,0.01279468168166475,0.008706326841974777,0.006819110720991537,0.005075576805914638,0.003021749483682795
2016-01-26,0.007758825785039266,0.013136833974915926,0.007311657963160581,0.005499490572582903,0.0048030751293371855,0.004652548925289266
2016-01-27,0.003788436928875058,0.00634988860222881,0.0034404831781774314,0.002580158073628442,0.0024125295094536503,0.0026694096241284306
2016-01-28,0.002827922579129245,0.003409267221085689,0.0029129187030074053,0.0027444711002446083,0.002615298484730595,0.0023464067056529914
2016-01-29,0.012393160372755545,0.017620192957884362,0.013826274941937916,0.011666960369000983,0.009398501174651963,0.0064703363822354865
2016-02-01,0.002831411164591378,0.005076423374105702,0.0029905138294437287,0.0020630311636846543,0.0010126723391047528,0.0002993256234949732
2016-02-02,0.00710184570732416,0.007594952846125236,0.007847086862448694,0.00742015155176916,0.006774378541089826,0.005654213262896236
2016-02-03,0.002563413377912317,0.004234594414944738,0.0027884863721619685,0.0021870980826182657,0.0013293568664473376,0.0007729210322677298
2016-02-04,0.004396707774958084,0.005875703334910909,0.0050001623763668976,0.004436899444257023,0.003523823939421203,0.002241934652812129
2016-02-05,0.006311073820526272,0.006526440669144504,0.006353280685307021,0.00631401556816921,0.0063375934894000065,0.006013133686733839
2016-02-08,0.010947615910567454,0.015610470464225545,0.012239744709706754,0.010299397977181502,0.008241326662267515,0.0056352700118737905
2016-02-09,0.0055560735889984255,0.009754672846517431,0.005929441387551611,0.004131274967370174,0.002463894110451802,0.0009484956917647595
2016-02-10,0.0018345134845988373,0.0036622941686478036,0.001374435201327356,0.0008024734222938595,0.0006246349398977592,0.0007011387336941708
2016-02-11,0.009653046486983528,0.013468842581580237,0.010504293912018244,0.00901446547312513,0.007578614259041607,0.005954883665392533
2016-02-12,0.007717360219054127,0.011858578295495218,0.009173735951971133,0.00703870109535701,0.004553749580211805,0.0016507528274271176
2016-02-16,0.010420225045805361,0.014783187535011203,0.012021988946018239,0.010006930872656401,0.007602396469646822,0.004679690218468421
2016-02-17,0.009651308712915656,0.011938139556136823,0.010871441710934623,0.009761980603783672,0.00837214132407993,0.006296218131938007
2016-02-18,0.0030001682993368293,0.004140628949274259,0.003558053185155564,0.002981308742677868,0.0022301330776112465,0.0011570666336651464
2016-02-19,0.004216769919050946,0.007029678673048252,0.004264027126442757,0.003276877578893435,0.002609951392381991,0.0019384685274887333
2016-02-22,0.006749178765597052,0.008000497796623072,0.007694600473470696,0.006961069767557275,0.005975516958596643,0.004514303199669759
2016-02-23,0.00793461398150473,0.011655727724354482,0.008830139432193657,0.007301461673477644,0.005749293377576717,0.0038206579394751135
2016-02-24,0.003437892835481317,0.005592102119123425,0.003366033373871618,0.002659130848294604,0.002305943632207349,0.0020261776953853284
2016-02-25,0.007214831455573468,0.009761907914403034,0.008483425968017662,0.007192043825121853,0.005546750115162714,0.0032424791680147904
2016-02-26,0.003433801605742007,0.005739505285423029,0.0036064973618528044,0.0027199805278395267,0.0019940555889202214,0.0012773689490517763
2016-02-29,0.002125566312177822,0.0023032678437138964,0.0022839173253265035,0.0021793479998960083,0.0020219206476120902,0.001797531312278669
2016-03-01,0.01347664989849094,0.01829625287231709,0.01477508221196178,0.012904953781215821,0.010968502673569528,0.00825824774992008
2016-03-02,0.0024054798892241065,0.0027809862862226424,0.002646021464908119,0.0024847280151767976,0.002177239882074297,0.0018116584548131165
2016-03-03,0.003798631697403939,0.005141097179817694,0.0039367937455107894,0.0035066761741846092,0.0031906100424788997,0.0027824482783739466
2016-03-04,0.004254382839335002,0.008374946727456372,0.003879805822210788,0.0020687085077343917,0.0008782887117779776,0.0005052671186002239
2016-03-07,0.0016388205953657873,0.0032903707999190355,0.0013893333628151405,0.0006660854901855613,0.0002952603133809615,0.0003755382698084725
2016-03-08,0.007484287770705138,0.010944284840771442,0.008194525045665427,0.0068776169492507505,0.005534013737996239,0.0039010617555612337
2016-03-09,0.001670771004413023,0.002869911217237595,0.00182502433367576,0.0013358792538499002,0.0007590480982154754,0.0001718928047667818
2016-03-10,0.0010042876569786622,0.0015641474209493172,0.0011643526502102923,0.0009224831093159883,0.000571805495513396,0.0002505147293308508
2016-03-11,0.006705748539026501,0.008566226139652883,0.00743368459387022,0.00668010130716111,0.005744511198651442,0.004309554274063275
2016-03-14,0.000843713743933156,0.0010897832375228737,0.0007562388390365013,0.0008194963721639049,0.0008033824154323386,0.0006947964541070323
2016-03-15,0.00121814451729186,0.0024388209667889856,0.0010381579397656696,0.0005377076321655839,0.00016147692528546606,0.00028027917154911945
2016-03-16,0.005064459794034104,0.003943506129948457,0.00537274997990918,0.0056056585571978915,0.005439679355633801,0.0047762498606532455
2016-03-17,0.0039726712324522,0.005040788844368949,0.003140996062165959,0.003041652954680667,0.003628186838533368,0.0046064935403933365
2016-03-18,0.0021424485783816207,0.004223228711909502,0.0018243248703312678,0.0009314815840462612,0.0005667753107067413,0.0007731205437686233
2016-03-21,0.0038286369769178394,0.007129190780115951,0.0037114027789281597,0.002384968200977741,0.001509062376784333,0.0008526964065163819
2016-03-22,0.001493582482682799,0.002949562332454631,0.001324364287533944,0.0007014073096056581,0.00021705955923340196,0.00040124478505175243
2016-03-23,0.006935481483599203,0.012397932020956579,0.007228305618365344,0.004928769126595894,0.0029951058650898163,0.0011331250114635085
2016-03-24,0.004257263312243189,0.007120512860563795,0.0047237691502324585,0.003535689698122127,0.002130292040074311,0.0007526688178116956
2016-03-28,0.001728806627746617,0.00313968596076613,0.0017172536141969743,0.0011896109992817528,0.0007684538444619734,0.00036273713942485563
2016-03-29,0.006475171801608687,0.009906633304874062,0.007039871113778566,0.005755584593741809,0.004465592360576688,0.002978222862602572
2016-03-30,0.004297523567476504,0.0068630481548585314,0.004407931619872395,0.0035105820411844486,0.002756542231330212,0.0024268377742874036
2016-03-31,0.0018232678075425356,0.002482573420343923,0.002086962474427161,0.0018549304573341075,0.0014133942080327435,0.0008151651024138184
2016-04-01,0.005632882400680085,0.009889055940763319,0.005753824159955356,0.004035133352653789,0.002816938939895128,0.00187868429264431
2016-04-04,0.004176157447634446,0.006188912658149565,0.004500118882412468,0.0037844877213726595,0.0030742341022265197,0.00220782305962258
2016-04-05,0.0065562776786507685,0.008432933203086844,0.007153831288842657,0.006443061554464488,0.005591800147149931,0.004455440427234825
2016-04-06,0.005697788520116225,0.007787246533471066,0.006355402488484252,0.005543391887514209,0.004526949878390587,0.003173192700756343
2016-04-07,0.010221181761875043,0.014181644751312917,0.011048354423026463,0.009617484122843922,0.008167661007183887,0.006322255337753954
2016-04-08,0.002704824350539849,0.0036136177501637557,0.0026853616781488563,0.0024337295845631474,0.00232424312803711,0.002232896647987081
2016-04-11,0.002647282890499196,0.0032786398534384855,0.0029399969149198697,0.002681073190965413,0.00227935724987626,0.0018066126965895239
2016-04-12,0.004563805319471867,0.0040820099438718446,0.004656005463772298,0.004790528255775957,0.004757363667647536,0.004496524532793277
2016-04-13,0.004914366516262282,0.006640070920681395,0.005072579045843863,0.00452610349226357,0.004128851428678545,0.003660650806892831
2016-04-14,0.0012004353244630505,0.0019162155596403948,0.0013349953878300214,0.0010598571627913626,0.0007383336791876599,0.00028756956934839975
2016-04-15,0.004006941570708251,0.007832389363501264,0.003624991717372967,0.002096376614645617,0.0009972406268459648,0.0006338232281748724
2016-04-18,0.007038165775162387,0.012590805122075107,0.006885292383108486,0.004783283416570361,0.0034588468440519666,0.002626754810888526
2016-04-19,0.002255733535421237,0.0038189110899406625,0.0023891545967494646,0.0017610499993322047,0.0012461245033728548,0.0007038493702667411
2016-04-20,0.003076850392142705,0.004576634947002489,0.003587101550726516,0.002904324852541484,0.0020650602911923732,0.0009069618787164596
2016-04-21,0.004004755721605447,0.0035600858706052885,0.004073953917421793,0.004230669090978355,0.004182368289741632,0.003940591903877141
2016-04-22,0.002668018033882502,0.004724097805323246,0.00280722449959733,0.0019267473799226826,0.0011922025342121507,0.0005101855854403195
2016-04-25,0.0022390015237698,0.0031165948874702404,0.0024483893975863137,0.00211002243805247,0.0017680906522566347,0.0013339885826784807
2016-04-26,0.001465435357649896,0.0016740021117031016,0.0015067453601745127,0.0014464774690510645,0.0013842321859703168,0.0012870677813192248
2016-04-27,0.00354549691325913,0.005986376586084988,0.004033809978225346,0.002860368707019888,0.001566017215980503,0.00033210717840367036
2016-04-28,0.006663225872530098,0.010219859340156555,0.007614846560274694,0.006067289548299016,0.004288325070204696,0.0020880008864977216
2016-04-29,0.005016361608319106,0.007586629797312021,0.005645358587857235,0.004570422196746633,0.0033991682457817926,0.001987282023389628
2016-05-02,0.004552731473402015,0.006098335731173286,0.0051652208291185385,0.004509346737607674,0.003645713588472658,0.0024783419602053404
2016-05-03,0.004822865792201223,0.005988592188824722,0.005322336956095434,0.004852555596524835,0.004196273142219027,0.003309631560790214
2016-05-04,0.0024986072055149253,0.0026809312787615756,0.002776442097152454,0.002651002615742688,0.00238276098084106,0.001901000220010457
2016-05-05,0.0007577313353699796,0.0006581271403447809,0.0006848456290886234,0.0007291366926384961,0.00080093504127915,0.0008919090522957103
2016-05-06,0.0033628478692983637,0.004776254669792266,0.0037445314785093994,0.003167175566000631,0.002542861336570303,0.00179233352171603
2016-05-09,0.002344646169888239,0.0036930202647957352,0.002608278886817854,0.0020556156025074886,0.0014727944943110285,0.0008066174771854936
2016-05-10,0.005033046593215572,0.006208212344098221,0.005605967508025613,0.005105462108699608,0.00440098499593794,0.0033547884522132894
2016-05-11,0.006063316906970933,0.008774463974011057,0.006601540554956431,0.005576937028129179,0.0045599743508980125,0.0033692597325346366
2016-05-12,0.0028252039818892952,0.004155474320567965,0.003048614081803886,0.0025411519845379253,0.002089315714648913,0.0015887666549065558
2016-05-13,0.0028743618626403365,0.003902227432759154,0.0033263873605793204,0.002858510459325614,0.0022202011380917986,0.0013846203948187812
2016-05-16,0.0035997718894966823,0.004590395812753355,0.004064965854274676,0.0036218068759760963,0.003033049598147956,0.0022088984259573305
2016-05-17,0.003621589529594907,0.0046376166948129795,0.004255537347629242,0.0037392210088272827,0.0029400528903007826,0.0018266861056734976
2016-05-18,0.0019253051246345006,0.003225281211090786,0.002160851133735181,0.0015744598446293479,0.0009615211637533034,0.0002425610258135368
2016-05-19,0.002230841362426439,0.0029352792515641326,0.0024741633112673033,0.002186353043354746,0.0018018258464785103,0.0014557477579768428
2016-05-20,0.003032041136145061,0.004616922519199118,0.0034931352997650297,0.002797201693564945,0.0019324708374783125,0.000943195967675848
2016-05-23,0.0008635529508403541,0.0012921055878536535,0.0010269545729095244,0.0008183426687180693,0.0005484024631928034,0.00018443417379230556
2016-05-24,0.007878017974154862,0.010372700085182386,0.008892882687223398,0.007828194493067476,0.006449643726879115,0.004556427683472216
2016-05-25,0.002330722327596918,0.0026603193504041267,0.0024160825063457027,0.0023189776897262577,0.0021810093627937736,0.002027836224192519
2016-05-26,0.0012680131976151661,0.0015698013892656319,0.0014210769835683965,0.0012838635434386596,0.0010964113363334214,0.0008397188428585607
2016-05-27,0.0017739491847416256,0.0022791451702015753,0.001842918590630205,0.0016728348610302805,0.0015005983109626924,0.0014468777241154556
2016-05-31,0.0074471571748315705,0.011231513300766716,0.008630843475877335,0.007015064593204215,0.004790423044719499,0.0021220545724899864
2016-06-01,0.006649364382987162,0.010647178927183332,0.007477547031497453,0.005815112197082313,0.003864540026958075,0.0017446791362200104
2016-06-02,0.0013797329135830606,0.0017936407980118513,0.001671053407144128,0.0014464992798526445,0.001084430994051124,0.0004903029826836562
2016-06-03,0.0011396060908331486,0.0018592158430621867,0.000962950276465226,0.000665339397606366,0.0007053112385531532,0.0010813939929764623
2016-06-06,0.0004578819891618141,0.0006122042244641644,0.0006020000437546448,0.0004449844664195964,0.00016260511336653225,0.0002943296053981986
2016-06-07,0.001986540347160772,0.0018659125505644547,0.0019577759532402065,0.0020115175046593412,0.0020595101561786833,0.002032095389024484
2016-06-08,0.0009810109042896848,0.0018635265092902548,0.0009354690596454346,0.0005902099305448295,0.0003239561493929957,0.00010384223828299085
2016-06-09,0.003955052275828397,0.0056517092800217085,0.0041941235784511465,0.003591723954291983,0.003076817869386069,0.002512451587646082
2016-06-10,0.008515576196825636,0.011979073605342557,0.009300833565033398,0.008004152057305716,0.006624278938188933,0.0049622533959528215
2016-06-13,0.016193784918265584,0.023635535847846105,0.017947291810061775,0.014949666125087455,0.011854603319206826,0.008150176357451633
2016-06-14,0.003966043803396016,0.006321762600770334,0.004397613132911969,0.0034027547601165335,0.0023971430421942325,0.0014208444259613394
2016-06-15,0.003254883770028825,0.004665050017121718,0.003731195813550781,0.0030983673657140258,0.0023642632767711456,0.0014481735896876345
2016-06-16,0.004499113358180446,0.006721087969594245,0.00479341793970175,0.003998607396140563,0.0033108924312085612,0.0024717111905733368
2016-06-17,0.0028113376037431324,0.004664485711786238,0.003114316504794034,0.002324315206902047,0.001526785097477774,0.0005728764689652403
2016-06-20,0.009116264571762525,0.012857814310747884,0.009983258670102678,0.00855304886484231,0.007067952521398657,0.005237552716573221
2016-06-21,0.0011118311478033767,0.0016470119637770663,0.0012412641289393958,0.0010387781140710137,0.0007674207769360329,0.0005093749506663726
2016-06-22,0.00445456559248302,0.00781479040491116,0.0047017649875508724,0.003303762459302455,0.0020911445879057437,0.0008663128434887055
2016-06-23,0.014604308724322453,0.021120609795384177,0.01580914962208498,0.013418499145197365,0.011045743987304403,0.008267721399002451
2016-06-24,0.03092277297052285,0.0408239419943932,0.03320308854424326,0.029633696863390117,0.025957526653664943,0.021449963457475418
2016-06-27,0.004808930710013096,0.00663841441130289,0.006136666797956654,0.004881046764855893,0.003115472004652936,0.0006091504335642252
2016-06-28,0.020885580807794048,0.03161271972156217,0.022981376569487025,0.01864480162408961,0.014476054354574285,0.009815545521957474
2016-06-29,0.00736173242084475,0.009417438020520995,0.008297876518102421,0.007403378727812969,0.00620651385751882,0.0044835027321890744
2016-06-30,0.0060009768731992255,0.008756916276775896,0.006765297254738538,0.005592947098441486,0.004142745610563579,0.003026943854800673
2016-07-01,0.005858666921894971,0.00857429036525903,0.006967014789154387,0.005695187206327677,0.00389011354541082,0.0014120904564348896
2016-07-05,0.0028113197584423008,0.0029813045299362244,0.002509246203497393,0.0025216150106893258,0.002736967942637348,0.003237833369693043
2016-07-06,0.0030763110239461064,0.0056279385805059435,0.0030324509847006152,0.0016284140711126994,0.0004833466162498684,0.0018877604724288205
2016-07-07,0.001458952796156831,0.000462518712857917,0.000993813500376163,0.0013579850727836636,0.0017443690759547923,0.0021340526101164613
2016-07-08,0.006417483160651691,0.007308856437088245,0.007101468817076752,0.006763987509639569,0.005929838176094352,0.004599532691821439
2016-07-11,0.0016506774835800065,0.002266596824130869,0.001705895076022741,0.0015034071949834422,0.0013389490001980686,0.00123414909203546
2016-07-12,0.003966508013821742,0.005247734421792919,0.004194457256573832,0.0037618753659278627,0.0033174876371978245,0.0028941856173939668
2016-07-13,0.0010575572281389136,0.0007525458167510122,0.0011156535745126498,0.0012109761264283408,0.0011678554922692772,0.000975078827433508
2016-07-14,0.0030878051886374467,0.004281427199003349,0.003494245951841555,0.0030493800941145646,0.002443222439799992,0.001365384903179522
2016-07-15,0.0010123332919278409,0.001289165499831848,0.001107283738313006,0.0010048127735760711,0.0008709995510944226,0.0006839441341877628
2016-07-18,0.0016691090252667336,0.0029680885915301532,0.001580238317739082,0.0011399577730135681,0.0009067511762372441,0.0007079690976662436
2016-07-19,0.0019932961952912357,0.0036733612270965195,0.0019633929985905,0.0012419287365354262,0.00077213921299618,0.0006156848936619265
2016-07-20,0.0008047869041720937,0.0009674374152348538,0.0008063310556673022,0.0007628436481692185,0.0007397324119646527,0.0007233051977149803
2016-07-21,0.004801341131861183,0.007363728205031191,0.005277168539078246,0.004304181046802633,0.003282474866589396,0.001972502654410107
2016-07-22,0.00217046359318489,0.003128490130117793,0.002334365750839871,0.001977056632137912,0.0016565869244440153,0.0012902766869347453
2016-07-25,0.0028622365349055654,0.003675358248403839,0.0031301334650732857,0.002842370777049145,0.0024577705411250265,0.0018805021878249171
2016-07-26,0.0007663223077868897,0.0012824797338796708,0.0008211558439762298,0.0004713922332032403,9.462378939305493e-05,0.0006213162722054667
2016-07-27,0.0012581830873177006,0.0015072129681000237,0.0005735731575581927,0.0004795712104754294,0.001097941653354855,0.001969513109297037
2016-07-28,0.0007303224032120812,0.0005255433179955173,0.0005652857418997429,0.0006561929212870964,0.0007957958410428744,0.0010036085609011307
2016-07-29,0.005431009656246056,0.007604265543176662,0.006264601273140423,0.005321216189918119,0.004103796109434213,0.0022918904033480724
2016-08-01,0.0029840443550056147,0.004506479474026896,0.0033693369740614505,0.0027217209392894214,0.0020281234648108605,0.0011579140765696641
2016-08-02,0.0036239308959275397,0.0038155537997458517,0.003693555554226799,0.00369033669879196,0.0035746509350119584,0.003326688744644386
2016-08-03,0.001943840373284487,0.0024893641022927433,0.00209940195839579,0.001903473635358091,0.0016825019008117582,0.0013543006463173199
2016-08-04,0.002494628250944738,0.0018916967687725753,0.00230540644011233,0.0025376151763930347,0.0027434634226683624,0.002873386973239515
2016-08-05,0.0037725809029667467,0.004582001850759109,0.004036675967626388,0.0038030140772064955,0.0033890359673455365,0.002814934929937486
2016-08-08,0.0005865575215168734,0.0008310565914130939,0.0003608641085562114,0.00047710379173066523,0.0005711932650014083,0.0005877762271461147
2016-08-09,0.0011583478924441298,0.001576472403111835,0.0012380428876660127,0.0010982083892597963,0.0009291440474022082,0.0007883295269819789
2016-08-10,0.001317440786931111,0.0018491788443502554,0.0016168871516411526,0.0013585713326386888,0.0008825922523627076,0.00014063970284097544
2016-08-11,0.00016982068291559175,0.00022974724828525066,0.000163013148242607,0.0001616904094593346,0.00013016991517744524,0.00014747963183622492
2016-08-12,0.0021885188308133504,0.004173728804464819,0.0019622434551586337,0.0011847347232946974,0.0008535672463515771,0.0007385718955975618
2016-08-15,0.0006774938942140185,0.000988263924204545,0.000712806373492922,0.0006088709883612443,0.0005182515766001134,0.000413428103052489
2016-08-16,0.0041796634648221505,0.005401970963347168,0.004387587246781793,0.00402045708747419,0.0036352861238233693,0.003088096641070867
2016-08-17,0.0038049046653874916,0.006467617329768189,0.0039377279250361,0.0028982315883099375,0.0021468264283433305,0.001429024973399577
2016-08-18,0.0018504886253571623,0.0026309626551090054,0.0020454731581648466,0.0016956131527757488,0.001346230836126456,0.0011524644903537142
2016-08-19,0.0020309848376222094,0.0031386305170142473,0.002304208666446988,0.0018118604729913624,0.0012681574573070098,0.0007570047835266112
2016-08-22,0.002102188946379099,0.0037634089399725848,0.0020342324718733195,0.0014231499410370316,0.0010569079410395563,0.0008076094859501942
2016-08-23,0.0018467895885115274,0.0029807332833023314,0.0019220887087954797,0.0014493501219784053,0.001105241491365331,0.0010732140887042222
2016-08-24,0.0030016558480521786,0.004531784339976429,0.0034618146504935745,0.002832927738470008,0.0019762803077566847,0.0007728491095175302
2016-08-25,0.0005142841924405205,0.000737346058679524,0.0005744722797013247,0.0004720875675953316,0.0003635348305075695,0.00030613607775837557
2016-08-26,0.0016582205095737172,0.0031661937233282427,0.0016239039894801782,0.0009347939346385684,0.00038789456650323344,0.0002496548341250468
2016-08-29,0.002372852014464238,0.003684304197514643,0.0023254525267350887,0.0019084090312264592,0.0017113737113365192,0.0016122907704542284
2016-08-30,0.0010834957418377664,0.0015658647717304555,0.0011140889316545702,0.0009141436923019205,0.0007718704404758946,0.0008632762100656566
2016-08-31,0.0020537131201257977,0.0023616285116995965,0.0021898743373166287,0.0021006058493097863,0.0019111475016867466,0.0016281337018242152
2016-09-01,0.001190650286557055,0.0018184370373544598,0.001056678526568256,0.000956496393907382,0.0009427248797764372,0.0009280852366845067
2016-09-02,0.0025836246206367244,0.0030379048201875595,0.0030052479064912123,0.0027959771500059537,0.002278710340496861,0.0014509276986018063
2016-09-06,0.002028773836531853,0.0030991110631394185,0.0023021950435025288,0.001840509604447351,0.001334468575598448,0.0007118588453179682
2016-09-07,0.0009058465974497042,0.0012574689250774628,0.0009470453203281161,0.0008866637171224598,0.0007636553102217444,0.0005052973126525542
2016-09-08,0.001892876940955163,0.0020738109353355986,0.002069939298470453,0.002004318553387156,0.0018045274187199554,0.001433862965825162
2016-09-09,0.015560479992595062,0.021477624990859572,0.01714191946472705,0.014984254877901186,0.0123605064057913,0.00884301402029077
2016-09-12,0.00873013855407925,0.01314166165432382,0.009505504198040646,0.00785180634486505,0.006212769428316233,0.0042153704374262545
2016-09-13,0.007124902256832246,0.008583477757371057,0.008334347274318565,0.007582618617629068,0.006084858389598917,0.004020213828262615
2016-09-14,0.004573517829854995,0.007070165213999272,0.005259294953014216,0.004137602781764179,0.0028650866139768344,0.0012686327517093332
2016-09-15,0.007010626375614037,0.008914640156683024,0.00820753011169678,0.007238101763163898,0.005786892400728913,0.00360995989495601
2016-09-16,0.002040922379792464,0.0028490488880424064,0.0022494221950795307,0.0019299707357494369,0.001528506561998238,0.0012604450295810984
2016-09-19,0.0035144918215298457,0.006180779882955989,0.0037395027320773918,0.002610239665086549,0.0015621185879124719,0.0005646039154489949
2016-09-20,0.003698569811694544,0.006439692213492854,0.003999002935817897,0.0028085223674827477,0.0016834815008428853,0.00046208778642085744
2016-09-21,0.007613972430000688,0.009972200767296978,0.00834466177927623,0.007456230082721186,0.006419859855575882,0.004896401215030251
2016-09-22,0.004604148818587707,0.006468751859431085,0.005201073003208554,0.004472651584050755,0.003457683477928808,0.002266017098139674
2016-09-23,0.0027412861283336496,0.00433402396674496,0.0030950663043907514,0.0023856977514474516,0.0016098661041922264,0.0009627182242947456
2016-09-26,0.006199173582124977,0.008034777923603761,0.007196041832016255,0.00637880562516936,0.005045949244589626,0.003107623882350624
2016-09-27,0.005062794264762375,0.007368732689386931,0.00565698155624112,0.004742898089746601,0.003690328716611826,0.002397114668698685
2016-09-28,0.002061144620262222,0.002175542361959476,0.0025337184036891844,0.002362455940041096,0.001870068339615515,0.0010052455157016217
2016-09-29,0.004313460196773895,0.005718668320655228,0.004975849881451149,0.00437154057306579,0.0034500087394724248,0.002134131593169417
2016-09-30,0.0030878342185452047,0.0038053536536291135,0.003448263854106183,0.0031759997014814702,0.002653198468834411,0.0020435079032228025
2016-10-03,0.0028924119398802905,0.004683647781307058,0.0032656465438217603,0.0024946970917308076,0.0016249880746171206,0.0006042602412493841
2016-10-04,0.0016591103740473765,0.002316340553709446,0.0019770791620235756,0.0017190661421935768,0.0012069034131597695,0.00027777030575332337
2016-10-05,0.0011902624328553135,0.0016804287490914682,0.0011373723946671464,0.0010842499079743119,0.0010116567231972752,0.0008758535048035725
2016-10-06,0.0011886441389061054,0.0007615071173451772,0.0011314175333739837,0.0012673390698043302,0.0013402644471878131,0.0013423556212634538
2016-10-07,0.0026022118196015486,0.0033273285735663455,0.0029083331144432955,0.0026213420424913182,0.0022002455788548494,0.0016172507901771641
2016-10-10,0.0024666477146149863,0.0028783499705755653,0.002702268169375261,0.0025448267266051676,0.0022430327079349657,0.0018240789814137843
2016-10-11,0.005119338926268667,0.005443548163008646,0.005748712667305438,0.005518983673803504,0.004863035766270817,0.0037749097499246973
2016-10-12,0.0011362304893974852,0.001850199192671828,0.0012901218300228239,0.0009726961050391062,0.000619911457887429,0.0001924040226683272
2016-10-13,0.0026415064261438516,0.0034161485436563425,0.0031056732385188685,0.0027225897991331773,0.0021194117986879095,0.001291550337097681
2016-10-14,0.0014474889359684885,0.0023152588905459076,0.0015258975225657207,0.0011775055895438583,0.0009003891081021556,0.0007681888828509812
2016-10-17,0.0009172713730281661,0.0011123886616332455,0.0007178584444267131,0.0007604310786020444,0.0009018305989160975,0.001030849515533041
2016-10-18,0.0030025333884585816,0.004634639685916084,0.0035518165031349597,0.0027673407135045034,0.0017560966772296053,0.0004885673847446102
2016-10-19,0.002880934043143329,0.002587908993477497,0.0032110094945488007,0.0032254301098138248,0.0029671359744820646,0.002298641900720368
2016-10-20,0.0011806359206719917,0.0017477792918760907,0.0012763544166379324,0.0010631582823427397,0.0008568077130074912,0.0006490514968320075
2016-10-21,0.001256912129668831,0.0017601202286680287,0.001554398937011886,0.0012713991420489391,0.0008435292348361609,0.00023867108196647113
2016-10-24,0.002281345886334621,0.003205117380997651,0.0024694266918405742,0.002138515454246415,0.0017755107029503556,0.0013878627629522865
2016-10-25,0.0004169986689773198,0.0006224500567526188,0.000415505570191266,0.0003732225081434438,0.00033418231123722683,0.00024161465167542418
2016-10-26,0.002736191127201693,0.0034142646872416544,0.0028696555127142513,0.002654631796889648,0.002414109267537477,0.002160229102206946
2016-10-27,0.004670590789468493,0.007162803097692657,0.005226644000419707,0.0041999408692754885,0.0031255568645386,0.001743538606118562
2016-10-28,0.0016047045203244814,0.00296889177508648,0.0016134600664995573,0.0010237627069918443,0.0005862019569827389,0.00025707667102744863
2016-10-31,0.0022476264083934913,0.0033221208441514788,0.002545762856764001,0.0021112383677943545,0.0015598436020515466,0.0009226523852492189
2016-11-01,0.004446777909170023,0.005266036128933155,0.005219852510536728,0.00471432798243918,0.0038684904231460465,0.0025886416601076712
2016-11-02,0.0015463941797520806,0.0022619044718174305,0.0017334198271374691,0.0014439814284165767,0.001061831059980876,0.00078939919784763
2016-11-03,0.006975180123341415,0.012209967778558919,0.00740241023011149,0.005186400540718113,0.00324664704085846,0.0013954321267275623
2016-11-04,0.0037948710646268486,0.0063398921058034005,0.004292975027151666,0.003118224572310976,0.001856609782155486,0.00045939212245639944
2016-11-07,0.01622765589305406,0.021615742444619297,0.018565389787855283,0.0161462113159311,0.012974507943279184,0.008702417094165665
2016-11-08,0.002148613920118596,0.0034141340704394586,0.0024046545757361983,0.001719427063813245,0.0010472185063186948,0.0012613238209685336
2016-11-09,0.01037620562256749,0.01616089139060783,0.01119101146558572,0.009000039011956512,0.006971004471044091,0.004724347774567064
2016-11-10,0.005237656365545255,0.008004306875764004,0.0052282464122622085,0.004279296513301134,0.0038159575544119946,0.0035899611701413828
2016-11-11,0.002031273388476576,0.0036993677148466687,0.0020891980705026094,0.0013845814235719394,0.0007460544190438866,0.00032653470190542713
2016-11-14,0.0027769348219757496,0.0018904237276308638,0.0024715981737733223,0.0028555491353365356,0.0031663860761764868,0.0032701947919340345
2016-11-15,0.004890974096054964,0.006738160197196359,0.005403928358662324,0.004700699815979597,0.003865529122559017,0.0028220558703655517
2016-11-16,0.002581333971512275,0.00407435380176062,0.002823190580275664,0.0022233953962180132,0.0016600323671723837,0.0010229696280705566
2016-11-17,0.003064000809822158,0.0053177762428854025,0.003151651139555242,0.0022504299555130888,0.0015955816054996125,0.0010576105585793803
2016-11-18,0.00154203079810184,0.002090449464704257,0.001468078913252321,0.0013012604086792851,0.001263274771200749,0.0014404577233317441
2016-11-21,0.0014768550873092369,0.0021619469923530544,0.0015535144981263767,0.0013166742355472131,0.0011122734544677035,0.0009204886587325462
2016-11-22,0.0018223818219651605,0.0027044665693327086,0.002066386209561777,0.0016961716880005172,0.0012729006502563813,0.0007238865054981546
2016-11-23,0.001298901151340563,0.001789737446948803,0.0015280509018457424,0.001299225281322938,0.0009805276815276279,0.0004981972011725666
2016-11-25,0.0015123511211483853,0.002111574820805946,0.0017290879114360304,0.0014978228349575282,0.0011708622612896674,0.0006108556777385745
2016-11-28,0.003895041948347745,0.005718302246375997,0.004309749486666131,0.0035960629318142366,0.0028576843184382737,0.0018670322452488098
2016-11-29,0.0010445768361067934,0.0016254181937966153,0.00102992300956039,0.0008783373202354953,0.000765092679800207,0.0006293924574580454
2016-11-30,0.0013043466498961907,0.002204964415696246,0.0012635867019684325,0.0009503786307788246,0.0007752657602251768,0.0007374448771131171
2016-12-01,0.0025492487067931406,0.0031274950822922846,0.0028090943822151743,0.0025902940283443012,0.0022345034421516687,0.001765921663385276
2016-12-02,0.0021022493730240917,0.003278760127223792,0.002408577462868328,0.0018851550237575043,0.0012900593301690348,0.0005724388407828305
2016-12-05,0.005467327401871576,0.008595346219353312,0.0059583627383399266,0.004735063793884153,0.0035687432894187555,0.002217999920235819
2016-12-06,0.0012268412651852722,0.0018604596687228044,0.0011362067946045261,0.0010357882721388268,0.0009787496991755253,0.0008617500057562054
2016-12-07,0.0017494807503342996,0.0024181333119341133,0.0018460398047578715,0.0016100870752702846,0.0014026719902802897,0.001219964631309493
2016-12-08,0.003519399185391789,0.006153421642821801,0.0028794652578633525,0.0023010939019893675,0.0023296981193654913,0.002247756341764906
2016-12-09,0.005699712967738581,0.01045715675836074,0.005885113601335831,0.003711515338597781,0.0017828347344560598,0.0012219264316845955
2016-12-12,0.0017538891785668865,0.0016157104458610011,0.0017230236677453388,0.0017817379110350326,0.0018160296669353223,0.0018244866988242172
2016-12-13,0.0012244334827972902,0.0016351497099129945,0.0013341782031613312,0.0011733795253131031,0.0009902701345340086,0.0008276389717637473
2016-12-14,0.0018126002515904131,0.0032850044973369774,0.0018050847029985747,0.0012437996211584817,0.0008266705066633543,0.00038417626634592813
2016-12-15,0.002462013902583757,0.004747246273550348,0.0019924118300111084,0.001127481919087452,0.0010473746518301923,0.001197205521749338
2016-12-16,0.0017580404457757496,0.0021886827552586967,0.0020009190868810127,0.0018170692005110656,0.001528404368943896,0.0010108220689383112
2016-12-19,0.002834212398169271,0.005119043989762601,0.002802855208264079,0.001888443703448324,0.00129543503054126,0.0009267250739120661
2016-12-20,0.0012569233683274595,0.0025436760143815675,0.0009147069331767271,0.00029167481796783324,0.0003434352652854848,0.0006239257556939624
2016-12-21,0.0004182598738428529,0.0005791247600360728,0.00024675034129956083,0.00020144980714376505,0.0003481869242384309,0.0005626892861144848
2016-12-22,0.003920448020028811,0.007563967022182781,0.003655443829248779,0.0021339697013355464,0.0012107835044170131,0.0005038584190931011
2016-12-23,0.0009311974710378707,0.0017338213232406402,0.0008616234170969974,0.0005544621391149382,0.00037971486219773857,0.0003681042192600348
2016-12-27,0.002824608232699224,0.005311705604328,0.0024624426226133177,0.0011920834311786336,0.0009257592546031274,0.0018265062660924479
2016-12-28,0.004539479967974808,0.008239151085728416,0.004563573938091137,0.003087796950397148,0.001974820392473019,0.0009434874704675178
2016-12-29,0.0018661807518005153,0.0026431919589768225,0.0020803215990290807,0.001806671898643682,0.001420270658474685,0.0009042782823302536
2016-12-30,0.0028177495098008144,0.003801423720484804,0.002802924293468725,0.0025286155788689663,0.0023821933499810757,0.002307078823954457
2017-01-03,0.00564331802994257,0.0078100733971990105,0.006373176702619042,0.005503877148784597,0.004402593336311246,0.0028187004858776965
2017-01-04,0.004694261879020307,0.0062293689682885135,0.004901508674362092,0.004419291182151529,0.003952589813352031,0.0034924986944789385
2017-01-05,0.001859998306485795,0.002942318110436311,0.0018273014563457844,0.001464749254204865,0.0012957754821615274,0.001215391931609122
2017-01-06,0.0010691511311205178,0.0008303252151408361,0.0008307052422053858,0.0009430942581158434,0.0011419557679784608,0.0014637007166237504
2017-01-09,0.0007056907168556948,0.0012400661223610837,0.0005842021670745097,0.0004023490999860239,0.0004005510984784693,0.0005372288140889714
2017-01-10,0.0010742714254246637,0.001430779596465114,0.0009314162793224492,0.0010296833369068071,0.0010364513994908788,0.0008492053111950059
2017-01-11,0.0011496224622658286,0.001283485480594319,0.001249950403158383,0.0012464175104337262,0.0011196972044989846,0.0007688755422042293
2017-01-12,0.0019993109709269805,0.0029528890418679507,0.0018691355907223745,0.0015770323981739154,0.001530825428739663,0.001715384086462818
2017-01-13,0.00112607965623071,0.0018125726226058117,0.0012330434536034294,0.0009230636630432764,0.0006446338783973955,0.0005165868048841825
2017-01-17,0.003083831139950487,0.005538391337190421,0.0029587417893250398,0.0019948754464088297,0.0015062869366843279,0.0013688361978581216
2017-01-18,0.0013094755227729986,0.0008655100258308996,0.0012762011699747043,0.001443167845376724,0.0014885227788933276,0.0013774615056094564
2017-01-19,0.0004534461546849441,0.0007465541672648427,0.0004919349138535151,0.00036281506171633034,0.00025424831970718455,0.00018013054927494053
2017-01-20,0.001232792365025531,0.0008433750741464258,0.000991440199618589,0.001161024383282706,0.0013777374688055304,0.0016304943237212797
2017-01-23,0.0020961553520950898,0.004094643946568068,0.0019494725593811504,0.0010586265903964522,0.00048188966825817345,0.00022332953537194272
2017-01-24,0.004690596389617996,0.0063790006016701635,0.00513736220773783,0.004594904869710637,0.0038205772100579627,0.0026859583656827046
2017-01-25,0.004036666669015146,0.00668356922295703,0.00430999316512234,0.0031911969595521056,0.002317023921568965,0.0016355159597056781
2017-01-26,0.0013882839624953917,0.0018484308315786524,0.001270101173935055,0.0013692972518591813,0.0013254351007913883,0.000987448784033274
2017-01-27,0.001930756113826536,0.003240173055382849,0.0019708027406933636,0.0014606893550739948,0.0011341964738893452,0.0009144921817214884
2017-01-30,0.003694236784005217,0.005897247410057814,0.003815156823633293,0.0030366795949154472,0.0024474630061539666,0.0019215827716933596
2017-01-31,0.0007635915458110796,0.0010913573843476863,0.0007411323722758877,0.0007158272871145893,0.0006167066262733385,0.0005313062607366743
2017-02-01,0.0011622732187854868,0.0013609633740252246,0.0010593543127523945,0.0010054026445676725,0.0010584358433706827,0.0012840644056702063
2017-02-02,0.0009523093870196247,0.0013388642250164492,0.0010412989783117146,0.0008656890369919409,0.0006982284308797064,0.0006485864763543709
2017-02-03,0.003543985383545505,0.00495606817857103,0.003934758698061666,0.0034271624159802495,0.0027648053961928662,0.0018342936207106683
2017-02-06,0.0022198049816509985,0.004282752773601545,0.0020098014575592087,0.001243249924008241,0.0007733533489580037,0.0003356363930253133
2017-02-07,0.0008475234564253293,0.0015922900496408944,0.0007720925944568163,0.0004937424707537145,0.00020126059488902656,0.00041913961262824795
2017-02-08,0.0008565729532807579,0.0012561110308942553,0.0009391968202609301,0.0007973462996590508,0.0006332818465239652,0.000414576306150439
2017-02-09,0.0028325149732112615,0.005260502367134303,0.002775801608088749,0.0017598286127897622,0.0010998725965760225,0.0006565281183192715
2017-02-10,0.001406346148268056,0.001170798878598754,0.0014459806736509277,0.0015307766601793391,0.0015022079709703293,0.0013518547812710095
2017-02-13,0.001158687635151885,0.0007968554481053535,0.000927927077459106,0.0011848730395978722,0.0013491319280657442,0.0014116220576769348
2017-02-14,0.005531905167826812,0.008901034506296084,0.005884571327672843,0.004599571305639264,0.003525647290877499,0.0023594562765751905
2017-02-15,0.0010061439766832156,0.001290653627776455,0.0007395968922754236,0.0006233407070320925,0.0008275873499543385,0.0013324352518137125
2017-02-16,0.002889009531233406,0.005151717856972154,0.0029375504738484155,0.001998485464740665,0.0013491546720246492,0.0008650538779225568
2017-02-17,0.001644952200114431,0.0017867601577923997,0.0018654067802806313,0.001807416222327464,0.001569686531940485,0.001061327082772994
2017-02-21,0.0029145854567312157,0.005562321606252178,0.0027177915193202077,0.0013679968264863123,0.00043700002223617557,0.0014442455443468892
2017-02-22,0.0024869735045566295,0.003972665057807083,0.0027576526021694386,0.0021550138652400076,0.0015282800845532222,0.0007474929764496159
2017-02-23,0.0037458384358112326,0.0071216297527297275,0.0036939540408048124,0.0021740448275173164,0.0008763468568728261,0.0005469610770928234
2017-02-24,0.0014520481705349324,0.0019606948377330208,0.0016765400914263815,0.00143479295815908,0.0011173669731431152,0.0007615567854352258
2017-02-27,0.0019472633531108607,0.0035797297746901287,0.0020185807996457583,0.0012251354942764137,0.0005547195618066303,0.0005112419737798964
2017-02-28,0.0035286210323126526,0.006066709278867114,0.0035248067435462733,0.002591194279139445,0.001995890159092653,0.0015260218135225124
2017-03-01,0.003105543324557506,0.005436228724431682,0.0032888291351165846,0.0023037077589721138,0.0014660478585463552,0.0006298024427500679
2017-03-02,0.001247316151983189,0.0021818972553909314,0.0011162905659295541,0.0007876725900683077,0.0007227846079584416,0.0007933233613592839
2017-03-03,0.003532056307683183,0.006211178158588401,0.003597843616301062,0.002501848887814338,0.0017524401513679998,0.0012343426009639206
2017-03-06,0.0012153931021340282,0.00128589169286727,0.0011979184971914383,0.0012949849428206773,0.0012562916370234527,0.001020843333959279
2017-03-07,0.0016645587657576175,0.00333906173575596,0.001467072018152551,0.0007064225939210782,0.0002216383406196332,6.316174817088833e-05
2017-03-08,0.001814113625928195,0.0032230468315221773,0.0015786564955458482,0.0009931577539532648,0.0009318859310015142,0.0013115183251260426
2017-03-09,0.0012959821060234884,0.0014789458630457498,0.001434724843365924,0.0013923061525784074,0.0012080638899951506,0.0008684452019879932
2017-03-10,0.002214305633579433,0.002564387691844639,0.002470634536945177,0.002360047797539722,0.0020402907551041473,0.0014501779108929834
2017-03-13,0.000987365970163452,0.0014075192807029274,0.0011490474651557159,0.0009923720991155249,0.000711624696525868,0.0002860508707281356
2017-03-14,0.0017230613422402872,0.002540544900929619,0.0019046118427851096,0.001697347517398542,0.0012879623252398577,0.00047217765114569775
2017-03-15,0.0029873699994568373,0.004623249916888607,0.00339392022612308,0.002720737118650799,0.001913180910167167,0.0008161443555790565
2017-03-16,0.0021433894460416362,0.0029785619448030078,0.0022555547090172385,0.0021508972672219647,0.0017955067086919273,0.0010775109686282573
2017-03-17,0.002807004231897241,0.005237726457304326,0.0025753500295938006,0.0018616669038313434,0.0013018972586207832,0.0004116034987039067
2017-03-20,0.0013955875250228258,0.0022335723485518814,0.0014585965252707771,0.001153319102203532,0.0008687636509021832,0.0007328561984541569
2017-03-21,0.006305169599026409,0.011030356358272878,0.006402821946615953,0.004594949629873753,0.0032725404550425505,0.0020707112210323836
2017-03-22,0.0014106475841686105,0.002836881724425967,0.001117720125352501,0.000495234037635985,0.00032246027595373344,0.0005506355010369636
2017-03-23,0.0022141720712672117,0.004213461074990501,0.0020865451720694273,0.00123619629431933,0.0007462427446194666,0.0005663967764441302
2017-03-24,0.0033187475342958024,0.006071691666637959,0.0029247990223389034,0.0019250331202185188,0.001658585639788239,0.001787142447519748
2017-03-27,0.0020318802966919937,0.0033374041311354167,0.002182125620129585,0.0016563468354698079,0.0012045077716528014,0.0007405574471553174
2017-03-28,0.0033920353142389637,0.0038046543289161744,0.003606776261569704,0.0034804528167740054,0.0032144017453768466,0.0027566932929119947
2017-03-29,0.001460855942846475,0.001138909001684963,0.001588928339751415,0.001695348173709603,0.0015797194518679728,0.0012161309423966461
2017-03-30,0.0012163054776439834,0.0014543708397432476,0.0014331697665963918,0.001335500875552311,0.0010643910769256727,0.000557973119524925
2017-03-31,0.0023448549143413005,0.004359219554003805,0.002207852482936612,0.0015161900389714582,0.0010405466170622598,0.00048243719132988
2017-04-03,0.0016051982056964845,0.0022083052643675433,0.0017796434144384788,0.0014354985308062294,0.001053400838774135,0.0012919962134586623
2017-04-04,0.00257356882499034,0.004713656668723842,0.002581699126280676,0.0016941081379455041,0.0010466349337693527,0.0005168228399829888
2017-04-05,0.006793185212349904,0.012634948414152556,0.006742410961793777,0.0043370838854877355,0.0024852229194293903,0.0008050900890083396
2017-04-06,0.0039856733264806736,0.006997285998910335,0.0040035197735664085,0.002895477906707265,0.0020866717854888398,0.0013037583942697017
2017-04-07,0.0029098091131902256,0.004815341555970199,0.0030835386777022175,0.002322465319106468,0.001712601163603479,0.0011455882307605534
2017-04-10,0.0028857126436342907,0.005197547602272824,0.0028493352889910188,0.001956223170476226,0.0013649445975987115,0.0009019932338718237
2017-04-11,0.004200793824611138,0.00796487100960997,0.004087743478126791,0.0024758069603504178,0.0013103577714392348,0.00048771841022369165
2017-04-12,0.0017554831713468043,0.003076034211561309,0.0016469134147307268,0.0012717035098000187,0.0010262011091041546,0.0007509840377326671
2017-04-13,0.002550445683912962,0.003583167645628489,0.0024573350390411333,0.0022056908024108497,0.0021300348934793207,0.0020601357962265277
2017-04-17,0.006283857823708673,0.011223795666126376,0.006171333374857693,0.004311616015681076,0.0031369786642881665,0.002223675596272313
2017-04-18,0.002311851721992176,0.004146405850050929,0.0022867598331882764,0.0015541328161826275,0.0011039015658298147,0.0008169531424713687
2017-04-19,0.003825566397255727,0.007341505151280628,0.003515579998995874,0.002083203197710033,0.0012808561952060919,0.0009682264857428063
2017-04-20,0.0042088094735031134,0.005760102532267269,0.004382101686475883,0.003949684072011278,0.0035154578597935897,0.0028688571445293493
2017-04-21,0.0024602277665905494,0.004666549290208469,0.002264182427409676,0.0014013939289660704,0.0009402708968394869,0.0007158104996389574
2017-04-24,0.009600913757895508,0.0163788841411709,0.009789713263440263,0.007314647650480589,0.00546935016503321,0.00365561649575393
2017-04-25,0.0012161090159574905,0.0016717847106535579,0.0013190866365679103,0.001140846215000197,0.000973509153495301,0.0007813461855663119
2017-04-26,0.0021452388594031175,0.004160078215745477,0.001960868549952616,0.0011020123341514464,0.0006324365323471495,0.0004945557967341796
2017-04-27,0.0026089754942731623,0.005254085252005241,0.0022685653534451162,0.0010516479582594258,0.00030241568507212023,0.00029076859477950256
2017-04-28,0.0018826674622260207,0.0030528535283510616,0.002049278247817718,0.0015530757272737327,0.0011277657842907174,0.0007202971506362869
2017-05-01,0.004276279886606174,0.007537166335171944,0.004436460073711848,0.003092169629694978,0.0020479482515506587,0.0010891230111592571
2017-05-02,0.00244577665957817,0.004634236860435244,0.0023499749705805295,0.0014285996255563762,0.0008227059068541719,0.00043913756660359085
2017-05-03,0.0016938785553983046,0.00177948296828481,0.0018408446395505062,0.0018342220694382223,0.001666124997974964,0.001284722176940359
2017-05-04,0.0009346051841406495,0.001145920291850251,0.0011878392066709356,0.0010558369432098114,0.0007091302569861061,0.00016025474381205047
2017-05-05,0.0013634239499505654,0.0017787887210160957,0.0015429874530451908,0.0013790283090111847,0.0011397254350448778,0.0007409666644880615
2017-05-08,0.0017908909932531044,0.0025026512635244746,0.002044373357496327,0.001741836923592443,0.0013670274014601774,0.000831244363698816
2017-05-09,0.0023047409602774353,0.004593758219980749,0.0020388881811466853,0.0010178291941194692,0.00041688909139521094,0.0002995030686257133
2017-05-10,0.001001792759862127,0.0014835662992607795,0.0010245903764887722,0.0010210488785234657,0.0008017093142168528,0.0002862003281428487
2017-05-11,0.0017602374744552921,0.0027562726941538587,0.001518714747726086,0.0012114526549425026,0.0012675957177734419,0.0015856322852414566
2017-05-12,0.0015484831603080316,0.002015168393339224,0.001713365821327851,0.0015929907236135452,0.001321755737483153,0.0008413184429759363
2017-05-15,0.001546793740633041,0.002700990459849066,0.0016997694955577325,0.001179821692228159,0.0005797053190510028,0.00022416756164838394
2017-05-16,0.0005227633841717632,0.00048001992775811023,0.00038140027400024085,0.00036064736250038287,0.0004738109778852439,0.000797470448517159
2017-05-17,0.012349471072570822,0.017759259899028483,0.01343301990478014,0.011550108936484917,0.0094527898758315,0.006629448699293614
2017-05-18,0.0026200741575913154,0.004773193143845097,0.002726005241258622,0.0017611136759458908,0.0009502478643934153,0.0003239956931534732
2017-05-19,0.006158598782654794,0.00950041090526662,0.0066985505313216275,0.005470213957203955,0.004209291124270415,0.002621437722425755
2017-05-22,0.0034045116101896595,0.004533082537268528,0.0037795777903666277,0.00341960077066868,0.002833756456603665,0.0018427169805367869
2017-05-23,0.0008508570323710458,0.0006612296096958815,0.000719605564728425,0.0008379991077187966,0.0009525323818479006,0.0010272152837372008
2017-05-24,0.0012002469709435919,0.001368402123085197,0.001142112648722546,0.0012077195935707062,0.0012007274303533196,0.0010609831783599372
2017-05-25,0.0013880655158785915,0.001905280449203444,0.001143569981305825,0.0012177645410242114,0.0013064000781523187,0.001227253783055292
2017-05-26,0.0015963765010772466,0.002691337090107191,0.00110162210055721,0.0011101780858458349,0.0012614095740192584,0.0012089555761961113
2017-05-30,0.0015323207488698695,0.0016009675834908503,0.0013379919327690154,0.0013955231761418833,0.001538444983936127,0.0017528311007609188
2017-05-31,0.000322136135443744,0.0003938027976177628,0.0003736198929533646,0.0003347455083680974,0.0002600545528812142,0.00021095747231190124
2017-06-01,0.0020452846892674618,0.003334190699905337,0.0019545828987288017,0.0015752268867904355,0.001387775886930443,0.00125358035729988
2017-06-02,0.0024854249656622446,0.003669775312679019,0.002826123058608205,0.0023169332248948807,0.0017459071438997535,0.0010080141804550541
2017-06-05,0.00154427613692703,0.002585034544741454,0.0016216608179227428,0.0012787017430420636,0.0009111274069122264,0.00038278614164233916
2017-06-06,0.0028538491819415533,0.004730023949229169,0.0030553387044307007,0.0023383997964546484,0.00166747348474274,0.0008749132396354266
2017-06-07,0.0018598933232265226,0.0035510385225731265,0.0017926683335761915,0.0010602896027375839,0.00055233870398775,0.00020782069269331305
2017-06-08,0.0029241189564031705,0.004742835432762589,0.0031504746079522574,0.0024197147617097347,0.0017868538285792685,0.0011333640304938299
2017-06-09,0.0022111919447900612,0.003621600305050078,0.0024226726183788736,0.0018162735428669903,0.0012728421409509301,0.0007365738251129603
2017-06-12,0.002109632800561882,0.00370052104643925,0.0022293036890355445,0.0015714932023792262,0.0009865609798936229,0.0003823720188151032
2017-06-13,0.0038096691489724016,0.006898251516926105,0.003800432944508106,0.002529115850146384,0.0016892976099995027,0.0011351551295188482
2017-06-14,0.0002641697709394201,0.00042364469972351897,0.00023305930969278165,0.00016039217710294787,0.0001071879748599125,0.00027914504029666944
2017-06-15,0.00114172557640714,0.00167845808920288,0.0012693325708006769,0.0010608753669240861,0.0008295961381446514,0.0005249508834493077
2017-06-16,0.0003799611559824947,0.00046279999685089774,0.00037937893542900014,0.0003292611624268509,0.00030516777798387336,0.00040274048808511926
2017-06-19,0.004208246531940664,0.00651511885167878,0.004567105986911049,0.0037406665292933432,0.0028766036151323866,0.0017245373810984585
2017-06-20,0.002680017423248523,0.004954951976902747,0.0026341938779037726,0.0017427546476995797,0.0010881206030477918,0.00044804046237425013
2017-06-21,0.002230268917706841,0.0039332945618708514,0.002264442965884133,0.0015954336508516877,0.0011080209677809315,0.0007063074195767352
2017-06-22,0.0012021350258829804,0.0014943038937851388,0.0013965191460361328,0.0012834725318052907,0.0010335096579046524,0.0005718297798869683
2017-06-23,0.0009766086890429636,0.0013633920575756805,0.0011091181388448268,0.0009547814487039781,0.0007498699442212586,0.00045379418348008636
2017-06-26,0.0009501513912846533,0.0012974080744506328,0.0010447539414200405,0.0009248126868979836,0.0007705360113977969,0.0005386609057005239
2017-06-27,0.003697474043348714,0.005873751630923323,0.004003915194231545,0.0032286837506287102,0.002401417188956636,0.0012779174953120162
2017-06-28,0.0027254944279277945,0.0035157574270344607,0.002986590374098361,0.002762197078710405,0.002352012266738273,0.001643055881702965
2017-06-29,0.003706762470552726,0.005205385603444871,0.004179800464481982,0.003664443657226927,0.002857879857164812,0.001593124058909663
2017-06-30,0.0023908633173524573,0.003648920622318286,0.0026171371207045083,0.002245552921548669,0.001694554902459531,0.0007092843955942025
2017-07-03,0.0030970885594965697,0.006341082303582851,0.0024897747427025563,0.0010848699296521493,0.00042958543879542584,0.00043588790201493663
2017-07-05,0.0020860308389315124,0.003338656654800356,0.002331934301772614,0.001807698189105091,0.0012606112949850234,0.0005622845173953064
2017-07-06,0.005404928754565025,0.008749768439641313,0.006172108650864906,0.0047298403718183685,0.002941392621836908,0.0006242761932950939
2017-07-07,0.0026953654263237653,0.0028836766559229,0.003152211288605409,0.003069805180711439,0.002542676023027824,0.0014778503434306333
2017-07-10,0.0019656857326951264,0.0038029625444777958,0.00185429307157716,0.0010596319211368878,0.0005117262165270804,0.00018436800056522386
2017-07-11,0.0012678390507650642,0.0011956867488887432,0.0012610141475167475,0.0013355822595464309,0.0013303584772479662,0.0012098025299684641
2017-07-12,0.002932695744514331,0.005203312668112688,0.0029404608812110744,0.002065110368146688,0.0014609618807899082,0.0009400310014247473
2017-07-13,0.0017653717392760488,0.0027585292360464433,0.0018925452929974846,0.0015401202346036675,0.0012008410416558563,0.0007599250704128799
2017-07-14,0.003516275687793057,0.005788219628207493,0.003828756442913349,0.0029024642130998112,0.0020387898483189837,0.001037857719233254
2017-07-17,0.0006530289333644956,0.0011682092487898298,0.0006842408130481425,0.0004397174686506714,0.00024589029540041346,0.0002133591110037628
2017-07-18,0.004296916572294317,0.008135374688415553,0.004164039994982275,0.0024882292547250247,0.001386265368320546,0.0008251625597959155
2017-07-19,0.0029560526353427574,0.005685850743517517,0.002711998008582094,0.0016342174328894104,0.0010120535043277783,0.000559003689514275
2017-07-20,0.0005233829552160549,0.0007469696824531021,0.0004911569200761034,0.0005259427910173286,0.0004471423959497363,0.00030642718667238747
2017-07-21,0.0017006201438527376,0.0030744331818003635,0.0015214654590974235,0.0012299311216070357,0.0009929776953944058,0.0004413757677518854
2017-07-24,0.0022251766287554302,0.004295662496155721,0.001989748251554893,0.0011126945197790495,0.0007220482025162315,0.0007653744568831
2017-07-25,0.001148040823917878,0.0011441638935829705,0.0007941144940864855,0.0009517160757403316,0.0012144268833530595,0.0015065403008150242
2017-07-26,0.0012487169039436202,0.0019038419200721511,0.0007860531821888784,0.0003301237299823326,0.0007292235672317961,0.001706817852325113
2017-07-27,0.002759129418663205,0.003765480533240111,0.0030684734642734465,0.002641646407006934,0.0021962693679361484,0.0016333119179495312
2017-07-28,0.0015250758496618958,0.0021989403913160576,0.0017522610359175504,0.0014939147344419231,0.0011097816099992156,0.0005100271540600258
2017-07-31,0.000917348004044939,0.0015728758088442737,0.0008921213751958392,0.0006416284464926769,0.0004979073925756347,0.0005274647946235375
2017-08-01,0.0025310408009838474,0.004240588314183632,0.002650777729015912,0.002040462166301153,0.0014890543784125251,0.0008005354884146794
2017-08-02,0.002426995091855429,0.004259252353446938,0.002601448041480461,0.0018003238474357916,0.0008306114993437092,0.0007821009769191441
2017-08-03,0.0034768341599368687,0.005617471036075473,0.003915907974084725,0.0030537624040243914,0.0019920708701008406,0.000507692430645971
2017-08-04,0.004856480358890965,0.009777676028263727,0.004093273114298474,0.002098916092265006,0.0009152003965779722,0.0005710810374029964
2017-08-07,0.0025526194841424482,0.004784451784987875,0.00252907835989468,0.0015755788826230105,0.0008594293083923997,0.0002665471239117866
2017-08-08,0.005890637220284168,0.010251724637562914,0.00601742095540409,0.004368149850700634,0.003106749977518346,0.0018596216725584266
2017-08-09,0.0030430344563895186,0.004525364314263327,0.0034022698922588864,0.0027759009707922166,0.0021519784065171205,0.0013817719260170434
2017-08-10,0.01588573159958265,0.025311289494568803,0.01706683022665853,0.013787449782036209,0.010296254292639759,0.005808411870345159
2017-08-11,0.0026294214375713635,0.004214535138113012,0.0029935714462642586,0.0022730697401525455,0.0015174572861152871,0.0006131772898108673
2017-08-14,0.014530635551422744,0.02413083102301652,0.015230919557798553,0.01182377396870335,0.00870386044032441,0.005085284040858922
2017-08-15,0.0013064748661172638,0.0006596237810781913,0.0007594992648030361,0.0010004673542642864,0.0014432570654387804,0.0021067781870175196
2017-08-16,0.0022113980916502623,0.0033750664143890577,0.0025012273584062213,0.0020054652463413884,0.0014767017049176962,0.0007756656619996632
2017-08-17,0.012092985282672808,0.019559178803111848,0.012828641186555622,0.01023361352560804,0.007666414155383815,0.004534887352055985
2017-08-18,0.0006266891515101007,0.0007415723839458891,0.0005900603179040414,0.0004968373599439937,0.0005088745635902741,0.0007481944934311754
2017-08-21,0.004369734955302093,0.00778632525402369,0.004459689713317676,0.003157933294718622,0.002054499144397475,0.0008739079866919508
2017-08-22,0.006873200522078314,0.011174302788325862,0.007135302283150149,0.005695809196205379,0.0044078776074483435,0.002924930461489788
2017-08-23,0.0048642923684781535,0.007597168782495269,0.00527162273346023,0.0043057663290420704,0.003260189055753499,0.001905587866499824
2017-08-24,0.0022315743472660927,0.003445838927934785,0.0024852199682880716,0.0020006785670504713,0.001483963963845187,0.0008028900012988564
2017-08-25,0.002243112407473018,0.0037234327965442395,0.002393525920143312,0.0018537002584678181,0.0013197786143071643,0.0006219549846987772
2017-08-28,0.0014273995053128898,0.0024824416849655788,0.0014152016788758852,0.0010371249381078388,0.0007937199618571458,0.0005625075222553479
2017-08-29,0.0007261986751649944,0.0011080676548107812,0.00012531494130491388,0.00030746821855465303,0.0006213197451122105,0.0009553689788858404
2017-08-30,0.0017018888115544251,0.002371255932750593,0.0019642700921714993,0.001668028774052579,0.0012971263853760765,0.0007321605631008821
2017-08-31,0.002439063278859764,0.003471410564862979,0.0026050404724889185,0.0021032142336800006,0.0017394704223048594,0.0018598262702294297
2017-09-01,0.002818857436455351,0.004455550607185591,0.003106053041190895,0.0025005997477837625,0.0013912510703078084,0.0014288844908411035
2017-09-05,0.006021187435241983,0.00971564540753419,0.006309334308799536,0.005031196583519144,0.003890959453931843,0.0025728429824395022
2017-09-06,0.00042508366773360835,0.0005329166415376805,0.0004306839936996247,0.00032326544520521394,0.00029445221138639396,0.0004927363602966214
2017-09-07,0.0009123370283236483,0.0017188908402285036,0.0007884315929546143,0.0005901022023391929,0.00041167779376706943,0.0002605474117607723
2017-09-08,0.00427478898914037,0.007029740874147851,0.004367761848215484,0.0034175333425854023,0.002697047869088324,0.0019801269737444067
2017-09-11,0.005715026683858487,0.009377346673064085,0.0059960730319375734,0.004708217245248718,0.0035348752490357203,0.002181163657366137
2017-09-12,0.001717508943389701,0.0029803587607911564,0.0017353834651042497,0.0012995479026217027,0.0009389149666218747,0.0005335772421882154
2017-09-13,0.0026098046700085086,0.004318259342637705,0.002878587822766299,0.0021799750432937998,0.0014430647953296107,0.0005357642032007741
2017-09-14,0.0010555601988668337,0.0014644796326551228,0.0011523630920587157,0.0010169106203884845,0.000844678696810086,0.0005922888366789152
2017-09-15,0.001467729622660677,0.0026045606218212335,0.0015696412743907945,0.0010662735258887284,0.000563194465797361,0.0002636555041134989
2017-09-18,0.002850109717562113,0.004650779852859747,0.003027982497618629,0.0023348820264285117,0.0017558391291958972,0.0011324975232223408
2017-09-19,0.0018354199240016133,0.002673923449534018,0.002011603984995395,0.0016879970792577181,0.0013688482152316315,0.0009614232703485867
2017-09-20,0.002510490161483595,0.004138863955651014,0.0027115580541679004,0.0020878450386461736,0.001473206822084467,0.0007075500575818057
2017-09-21,0.0017539191544596508,0.002832597957900677,0.0020060392693803577,0.00154996644672728,0.0009543877512646869,0.00014179314073207034
2017-09-22,0.0018732589457750891,0.002436069679177182,0.002097327545790556,0.0018815031669561727,0.0015646618655986498,0.0011063707120893011
2017-09-25,0.0015933292426192744,0.0029555737974360087,0.0012474434990715844,0.00044671766727952814,0.0005228730062588482,0.0013888865203926682
2017-09-26,0.0007970607038353401,0.0012801212704415677,0.000903420578610882,0.0007035841650388843,0.00043730863141160515,0.0001880959933048276
2017-09-27,0.0018866548397348522,0.003434754398381151,0.0019319085960108116,0.0013087318808233008,0.0007218940692040539,0.00018334022444705905
2017-09-28,0.001893529967671664,0.003209976039385741,0.0019873099804209515,0.0015048240821095389,0.0010673589865198847,0.0005197892230898994
2017-09-29,0.0020244762521121366,0.0029302703734196264,0.001992034879419873,0.0017406285154677127,0.0016192668445879279,0.0015119590972717473
2017-10-02,0.002406283648282242,0.003532841277064802,0.002121287973664838,0.0023427487218686226,0.002167252474322173,0.001335934116089522
2017-10-03,0.0009652193585722264,0.0011934710716837243,0.0011097514025668418,0.001064682498356652,0.0008444028967378919,0.0003946588425990543
2017-10-04,0.001126821746753658,0.001375731987007174,0.001062579922915344,0.0010412817438534316,0.0010607389975540499,0.001057112463796034
2017-10-05,0.0028973478656810015,0.004767776291962059,0.002882090844703234,0.002278793875902596,0.001886471718752233,0.0014776020411499198
2017-10-06,0.002764142224613051,0.004675751495323251,0.0028158728097126802,0.00215535385560837,0.001638194848211352,0.0010398975234873155
2017-10-09,0.002347799642554588,0.0036623949276446545,0.00275938424154321,0.0021880911581813505,0.0013095451594646802,0.0001755743950414748
2017-10-10,0.001346460252002458,0.0024876057648880014,0.0013231248651741606,0.000827346256058351,0.00041393259256683365,0.0005197039370291376
2017-10-11,0.0020599437920731157,0.0037960248218825905,0.002091578270101829,0.0012795682824010535,0.0004149854315083248,0.0007891958733425974
2017-10-12,0.001859214096635723,0.003069508469354613,0.0020350580822037917,0.0015854718484002914,0.0010505496829665817,0.00032041539571506055
2017-10-13,0.0006063175130204005,0.0009204856468793489,0.0006606052205208629,0.0005320525271897617,0.000421742519424753,0.0003057203053546751
2017-10-16,0.002860372230986999,0.00502658666149965,0.003019116344193486,0.0021353870904370887,0.0013245994430767837,0.0004610507814336459
2017-10-17,0.0004095103552638289,0.0006617301070910157,0.0003207086158717684,0.00025051297445201305,0.00028899031147135276,0.0003892052850660688
2017-10-18,0.0005596367743672121,0.0007606839142243548,0.0006624229027580398,0.0005792795555198594,0.00042128990704232627,0.00018834141191888436
2017-10-19,0.0013075316089495976,0.00244372824597593,0.0011183798512969321,0.0005414256374427038,0.00028981735998544444,0.0009738980886185702
2017-10-20,0.000977555124776111,0.0013049479110851785,0.0009359751155596525,0.0008409283812852688,0.0008357828368589595,0.0008907514521170553
2017-10-23,0.00296672799741386,0.0042522426087335165,0.0032385112815695475,0.0028516763857785823,0.0023082309756986157,0.0014063655578946872
2017-10-24,0.000961634043315553,0.0011627042623356448,0.0007667716638962786,0.0007210598262517025,0.0008525520782280104,0.0011987943363998329
2017-10-25,0.002357633562515492,0.003416916941867342,0.0025743734132799784,0.0021860926579705237,0.0017870312835915054,0.0012316567294125592
2017-10-26,0.0022809657600833108,0.0039531405835000425,0.002515738917015503,0.001769219623578842,0.0009396939791135672,0.00021118326406710798
2017-10-27,0.004255852297143539,0.007097978974854569,0.004496470766740673,0.003484145065268925,0.002514057730720039,0.0012255961335805993
2017-10-30,0.0011265221111500696,0.0010977899586347764,0.0008656537713449851,0.0009920640799325022,0.001190535390247112,0.0014103883987411922
2017-10-31,0.0016568178176275734,0.002864042842349594,0.0017328735558009797,0.0012806609019369265,0.000871041102921784,0.0003476050806642574
2017-11-01,0.0011218996386663184,0.0016801461721340162,0.0012470360834455558,0.0010642250206584763,0.0008031226242445006,0.00037111049416225584
2017-11-02,0.0008480701342838525,0.000816884834042046,0.0008052975672899214,0.0008394294946058445,0.0008758048996144706,0.0008992406022568461
2017-11-03,0.003877019514315942,0.007634673436468944,0.0034162162214548377,0.0019771022694307825,0.0010157927287703886,0.0005068151211894386
2017-11-06,0.001209555820194678,0.0019199449969346406,0.0013742749880176167,0.0010632787884589314,0.0005539959693325362,0.0005503022450122631
2017-11-07,0.0033138128586292586,0.005570262659797455,0.0035468253429200578,0.0027293504261390747,0.001857435289843624,0.0006321096369675579
2017-11-08,0.0009652990929961396,0.0005569672734295893,0.0003311854413248108,0.000718688061426836,0.0011068507089388676,0.001580343106088931
2017-11-09,0.0018603908655544141,0.0030382373886408422,0.0019445965823499144,0.001566591691923141,0.001194188866349029,0.00064236437296509
2017-11-10,0.0050867936529426115,0.008081372067406235,0.005599885183200618,0.00449301597232315,0.0032241435469972696,0.001458686272646567
2017-11-13,0.0025695355930039298,0.005259595196047281,0.0018270032306230365,0.0006985941812231712,0.0007088035533316968,0.0010103697740555793
2017-11-14,0.0026630335485084006,0.005034788243691297,0.002470768014725842,0.001566987581527017,0.0010467459638260743,0.0006736645808974758
2017-11-15,0.00477128933147164,0.007555813743182082,0.0053648118682619785,0.004274420528176238,0.0029236812051423367,0.0010657856625863498
2017-11-16,0.005283961021436142,0.00824352309149335,0.005600048402369344,0.0046216506895792285,0.0036468239056988007,0.0023719244540571847
2017-11-17,0.0006642854542768041,0.0009605885429681248,0.0007482900852535068,0.0006226801237138189,0.0004833683127394862,0.00031989367142770946
2017-11-20,0.002535922848317878,0.0036917030987805317,0.002460022693466684,0.002103822561398646,0.0019900569205388457,0.0020218170353303298
2017-11-21,0.004037256129717464,0.006345830676220446,0.004321116660552494,0.0035011767435777575,0.0027116634681626554,0.001715870556016304
2017-11-22,0.0012334130117193285,0.0015200452000339853,0.001404208017394488,0.0012946687094393026,0.0010836235059464502,0.000688326776531685
2017-11-24,0.0010035626650508691,0.001371454081036905,0.0010731623008933748,0.0009361859190828607,0.000812920150347642,0.0006825271035191335
2017-11-27,0.00048694409066797926,0.0004642203790894505,0.0005724912759585585,0.0006059185923057463,0.0004827943175897096,0.000205178512941838
2017-11-28,0.0016716637217649183,0.0022591956259540736,0.0016662364273851956,0.0014893031035045359,0.0014096964972408746,0.0013735797525472842
2017-11-29,0.004654940107754853,0.007328754000650799,0.0050496745379932035,0.004106543107378052,0.003077471552479381,0.0016727108067857578
2017-11-30,0.002052914865454456,0.003302814067765374,0.0022100107625884513,0.0017322732110333725,0.0012949803233303027,0.000775773402197613
2017-12-01,0.005994787746749245,0.011833135335468084,0.005252161774361063,0.0029321707620915843,0.001699865825869905,0.0007693739450269942
2017-12-04,0.000674411145063254,0.000569856650761511,0.0006795174156280293,0.0007636152893264723,0.0007340659910160212,0.00060473982265867
2017-12-05,0.0006765802527650534,0.00045408694800128964,0.00044945048308772493,0.0005547258672743136,0.000743669282917677,0.0010098706396794944
2017-12-06,0.0006704664769747046,0.0008481028973327888,0.0006549850605339954,0.0005796593920059152,0.00057333771907698,0.0006592582035062638
2017-12-07,0.0023599275885008743,0.003706305894619233,0.0025202453606680995,0.0020309883805284617,0.0015868265975172025,0.0010559444113918866
2017-12-08,0.002882089874675072,0.004947337044983442,0.003069293094361482,0.0022764001330526896,0.0014889849831672324,0.00048624319728141963
2017-12-11,0.0019291489860820026,0.003219306357926317,0.0019254170996690996,0.0014691201053618984,0.0011927511101194137,0.0009777246667408304
2017-12-12,0.0024249267275424065,0.0035134437023270466,0.002883779995508241,0.0023825591962770547,0.0016505306852774694,0.0005831248502899281
2017-12-13,0.0011965126497892299,0.0017795597517923263,0.0012678172924746945,0.0010883251789235353,0.0008982953824875504,0.0006266041166109504
2017-12-14,0.001411412491695569,0.001587753860454829,0.0012913628439314827,0.0012202027979663535,0.0013093827442643324,0.0016026439883371918
2017-12-15,0.0029836041512394116,0.004992865496629107,0.002957790768258879,0.0023191925981892033,0.0018800855404067561,0.0013852294443507278
2017-12-18,0.002070736135889031,0.0037053471534929552,0.0022011221587742527,0.0013941314955116058,0.0005689947028386816,0.0007732055599915871
2017-12-19,0.0027239627621123545,0.00393270605452409,0.0029207251559453767,0.002487802513604143,0.0020909785011471783,0.0015942712630090462
2017-12-20,0.002955077407016376,0.005259996697916756,0.0029030076088077924,0.001964258383398498,0.0014418701990012398,0.0012767510724032588
2017-12-21,0.0018592673882839785,0.002795907150774296,0.002034313213097387,0.0017762159312838715,0.001341857337140291,0.0006110032022537319
2017-12-22,0.0014280333314233336,0.0009314352344711323,0.0010993147001374876,0.001387385517590959,0.0016442257082148635,0.0018686933451884636
2017-12-26,0.0018171203060234268,0.003269922761223729,0.0013960548961192776,0.001092161629192374,0.0011550449969441223,0.0011581541029672825
2017-12-27,0.0012621250333873177,0.0024234370417267636,0.0011312307160390815,0.0006847170293939875,0.0004161571552490278,0.00041236365405299634
2017-12-28,0.0010580547190137395,0.0018273253452746206,0.0010238878474737349,0.0008196452532637514,0.000634922853711185,0.00036740893985619515
2017-12-29,0.0010062586694824594,0.001715517072472048,0.0007823739193007888,0.0006872026182362819,0.0006262881088633764,0.0008019916085492659
2018-01-02,0.0019121696654727269,0.0013718643931917812,0.0015726454922636156,0.001930422774309097,0.0021865572025824734,0.002327911918949974
2018-01-03,0.003988260708381392,0.006444966445489903,0.003992021216277481,0.003149499649144892,0.0026476297259738703,0.002264508845107406
2018-01-04,0.002118684468030741,0.003222921448775643,0.0022440411690155355,0.0017909714293341912,0.0014621231503550356,0.0012945243043926721
2018-01-05,0.0016637447111862629,0.002737904072099584,0.001832345551412532,0.0013233520818887723,0.0008586467633016761,0.0007057537781923187
2018-01-08,0.002194798158138395,0.0037323815942271895,0.0022999470386538177,0.0017218029149862403,0.001206951497582817,0.000666279846406583
2018-01-09,0.0018583678753068527,0.0030215529588398307,0.001978315541660649,0.0015089894986056226,0.0011474203125645328,0.0007940519213659702
2018-01-10,0.0028621985676988877,0.004833704218613154,0.0032549096561599053,0.0022929966695535344,0.001133582842354293,0.000677440827543327
2018-01-11,0.0030044218439539802,0.005118657036965832,0.003164284589386522,0.002353425914657871,0.0016496542970781956,0.0008120550608046929
2018-01-12,0.0014092581564332885,0.001958680554508589,0.0015690493944424124,0.0013580480779555666,0.0011130665435952632,0.000740598088067113
2018-01-16,0.00850467681285374,0.014423140713315,0.008641233041263264,0.0064345553824444604,0.004939078468071929,0.003626533174043611
2018-01-17,0.0025877216548823964,0.0047992550646423935,0.0024532807616367007,0.001556207394170294,0.001074467461442325,0.0009240234658575537
2018-01-18,0.004135332364750337,0.007619707175331547,0.003962408689612747,0.0025933893294896662,0.0018049491423244106,0.001326928465574508
2018-01-19,0.002170142350209145,0.0031400900841396483,0.0024716853063730592,0.0021897729939950434,0.0015846407494101232,0.0005215391075294662
2018-01-22,0.0010752866860943933,0.001420504393334876,0.0010655595190700747,0.0009058296057117183,0.0008142053039513944,0.0010698130279298103
2018-01-23,0.0017400154245464908,0.002232956093364093,0.0016128476295160096,0.0017091594708765119,0.001682039992421181,0.0013417948294654285
2018-01-24,0.0034526985385299976,0.006003031904670544,0.003490080877262938,0.002507239803136725,0.0018480937695480914,0.001298798444729381
2018-01-25,0.00045335573548426015,0.0004458901902055646,0.00042807508935414646,0.0005262357258810936,0.0005006804853318442,0.0003434905865515453
2018-01-26,0.0014041455343320169,0.0013123108972896114,0.001355245289947917,0.001405431149904014,0.0014531583067935372,0.0014874030856254362
2018-01-29,0.006597562927820345,0.009076096523003143,0.00721070231102663,0.006384035406148897,0.0053302127843097066,0.003755309657891206
2018-01-30,0.005062960958414643,0.00742445336942465,0.005539825377628189,0.004706986929831294,0.0037601776875563937,0.002461916546753908
2018-01-31,0.004720325735683055,0.008664569164430118,0.004651001067202795,0.0030221488243809816,0.001966493971095683,0.001303964519218639
2018-02-01,0.0023546280187752068,0.003626213249845311,0.0025054978817387217,0.0020233761648247406,0.0016299558353995566,0.001242423533068097
2018-02-02,0.011818714952832746,0.01781927383458804,0.01279959914930487,0.010654464725645416,0.008439858107763943,0.0056837517396021485
2018-02-05,0.0815366416122117,0.13646005749568843,0.08569977969645631,0.06491371288704988,0.046911305163884066,0.029340405966552865
2018-02-06,0.05663446643934725,0.09650812771767664,0.059335867138258405,0.044069870095313754,0.030362198530323195,0.018404715426072745
2018-02-07,0.007762138847901274,0.014286424744246178,0.007445503535758814,0.005209397776516218,0.003480678415360939,0.0015695843944664156
2018-02-08,0.026625394472433214,0.03884633632631513,0.02960878785860883,0.024672288924338297,0.019371900690193535,0.013222995595300862
2018-02-09,0.018258502108689328,0.032499773841799105,0.018621578869268216,0.012989800605263046,0.008553586379134198,0.004686921932654221
2018-02-12,0.012113662825317678,0.014903584064849273,0.01386602089552636,0.01241863345591651,0.01032804424055797,0.007643940543128456
2018-02-13,0.002697099055820718,0.004877572808892542,0.0023091094908840397,0.0017368481430958644,0.0015152074227586868,0.0013915884562067334
2018-02-14,0.016630720145997636,0.02856203811861906,0.017040278029097262,0.01254990578998246,0.00910360863573616,0.006030534018143793
2018-02-15,0.005725774256005865,0.009848211539814912,0.005833201148682712,0.004220390268360703,0.003054827886268308,0.00240109986209747
2018-02-16,0.000661606658550888,0.001302425708602666,0.00046554906242082507,0.0001814957971163482,0.00019882394183140282,0.0004506623048669764
2018-02-20,0.0034875088342773333,0.004221908722888276,0.0036245534506364847,0.0033884621983274544,0.0031511102688223298,0.002905256678698043
2018-02-21,0.0012566948052903932,0.001969243386973382,0.001332455604982523,0.0010659506512307136,0.0008458088314567642,0.0006256263594207954
2018-02-22,0.007419136254181171,0.011868846321053048,0.007939366057062244,0.006301607520904243,0.004751611287595045,0.003004463385332391
2018-02-23,0.011960060661053725,0.017981755134185633,0.012968625836136092,0.010746633080998278,0.00854095162283451,0.00593704506431529
2018-02-26,0.0027589012342884227,0.004004080595889144,0.0024245309698307698,0.0021438734491409446,0.002228363996864751,0.002566099918610318
2018-02-27,0.012574887756107152,0.0189882430122844,0.013753430838039194,0.011349986049934823,0.008849449927712697,0.0058132461264222834
2018-02-28,0.006044558494743309,0.00915197699912601,0.006553086377758361,0.005388566254912594,0.004232903025346039,0.00300461288844459
2018-03-01,0.00664310918399216,0.008578328708570802,0.006980669413801878,0.0063519602474754085,0.0057384043634732965,0.005006030925882161
2018-03-02,0.00650799745087276,0.007610098484632829,0.007892540726762168,0.007138151234834925,0.00553565338616583,0.00315716559120309
2018-03-05,0.004273290061047402,0.006239372023925191,0.004236684763610238,0.0036534473844806025,0.00334751246132051,0.0031420154710346095
2018-03-06,0.0076807941311044185,0.011415049864076543,0.00926258250073865,0.00736861012177333,0.004762275428517548,0.001377865035456714
2018-03-07,0.001190182856533997,0.002247176361360826,0.0010699455140779357,0.0007918872843666682,0.00046403423864302694,0.00021372391538645267
2018-03-08,0.004233319363316996,0.006955369187112582,0.004250556183897325,0.0033044055600929445,0.0026936811753520778,0.002232837069212815
2018-03-09,0.010202167770999535,0.014976088310467591,0.011180365714000233,0.009400448038041489,0.007491858082850009,0.0051614897759183105
2018-03-12,0.006398482473943914,0.010679547627601068,0.006733454074044168,0.005089897751326686,0.0037213046231647858,0.002357028071964243
2018-03-13,0.002495719225491416,0.003920746475039801,0.00281252531804303,0.0022975702912787577,0.0014998393117997123,0.0005763449242256742
2018-03-14,0.007100725387338445,0.010372868397214465,0.008232675103606606,0.006860072497443446,0.0049209925025868245,0.0023348244267595948
2018-03-15,0.0013655853784058792,0.0023347478065472334,0.0014700266561066193,0.000977485533174168,0.0005531407233281268,0.0006713038145055984
2018-03-16,0.002972301751730584,0.004431249149893361,0.003337952654607962,0.002783780769313307,0.0020738267966896574,0.0011596545216579991
2018-03-19,0.006216356024417577,0.008601644751260656,0.006848803104335301,0.005978648396286169,0.004911360792123036,0.0035292085863408637
2018-03-20,0.0021691744478635,0.003253796716830081,0.0023415278065034373,0.001954210147306035,0.0015564864985245527,0.0011022957240747551
2018-03-21,0.0013366304464101633,0.0019314547667039848,0.001266077996053728,0.0010568925662596926,0.0010374344755831716,0.0011858083975477094
2018-03-22,0.01261000325478201,0.017348957656644848,0.014147103811737085,0.012226099292746371,0.009841447253942918,0.006899452473037889
2018-03-23,0.008985192815065355,0.011676716863661842,0.010678542249486646,0.009185260764730101,0.007039525491536642,0.004400856038230503
2018-03-26,0.011520073169132634,0.019285181420833575,0.01211746240680527,0.009114559973348084,0.006604081869588718,0.004256784073459091
2018-03-27,0.009833794097839545,0.014544267415570357,0.01085916796666055,0.008943179349577541,0.0070400131700499346,0.004951570043588635
2018-03-28,0.0038370965857658754,0.004211862176680638,0.0042176800920549285,0.003951798121014624,0.0036072170608402823,0.003075584395678218
2018-03-29,0.012031377124399691,0.01865234262341177,0.013196996119991616,0.010485647587771598,0.007971656733916609,0.005310693852698097
2018-04-02,0.012629881900380446,0.01600262222463677,0.014971580614861455,0.012905930955691328,0.01025438899047516,0.006754398012776877
2018-04-03,0.009544521799742092,0.01254406783237852,0.010547769862493287,0.009201735765511433,0.007867783617116653,0.006348734907779936
2018-04-04,0.005420961391769261,0.006283417063847838,0.0059423918428622765,0.005529959240671184,0.004983029375100523,0.004090199296647413
2018-04-05,0.004677753032070513,0.006712059393215404,0.005565928138069615,0.0045180959521617815,0.003191695370837998,0.0016659710189102144
2018-04-06,0.009836967245134838,0.013097485657347353,0.011621480554389494,0.009848469419429141,0.007573522087547726,0.004782896128163492
2018-04-09,0.0020685031267244163,0.0030954378420881973,0.0023307006263347204,0.0019143977136055759,0.0014150113278612849,0.0008440671884872253
2018-04-10,0.006290820887082463,0.010085299984164684,0.0071335759424550555,0.005447718910761717,0.0035558597240173888,0.0017173165001942354
2018-04-11,0.0018708062521974064,0.0027989240787153623,0.0012811838703178455,0.0009752546001460198,0.0014360377539366842,0.0022384919237048383
2018-04-12,0.008202530865998207,0.011745077300066098,0.0095530744157834,0.007856339192546295,0.005855668418188466,0.0033449324848394578
2018-04-13,0.006715377142654284,0.011272598225000723,0.007483104473117323,0.005462921841440481,0.003381057741685506,0.0010667994395579768
2018-04-16,0.005301318223435946,0.0056657872125067035,0.005691888967313996,0.00558030911167261,0.005109150918341789,0.0043333424615215835
2018-04-17,0.005648196596557109,0.0051907145344381655,0.005917158379775562,0.006073298923572697,0.005811965444400801,0.005185599401751209
2018-04-18,0.0018565028598882666,0.002076307043141582,0.0017933180889367945,0.0017858213559034653,0.0017779157218170366,0.001831892848742585
2018-04-19,0.003471786761050326,0.004552870468433749,0.004294854300259346,0.0036914099526513186,0.0025586653484782063,0.0009585602767655853
2018-04-20,0.004611281024277876,0.00711562659781019,0.005063708901803824,0.004084459060483736,0.0030763884108624476,0.0019746650934774966
2018-04-23,0.0033468257488134825,0.006275413526932402,0.003097700212144664,0.0019621716818404257,0.0013602466313210367,0.0011529366067744842
2018-04-24,0.004355225809654159,0.004846467012757564,0.0049352759513662465,0.004630639609468414,0.003991106763183457,0.0031020979442307867
2018-04-25,0.0006588119117826678,0.000676897159192712,0.0007809109671801229,0.00074640122324394,0.0006113141579711756,0.0004139253398286379
2018-04-26,0.005775169036440948,0.0073150277951736275,0.006524183779450186,0.005844591852955954,0.004848286675878837,0.0036087593084028614
2018-04-27,0.0012655423871860965,0.0025220341978956944,0.0010577937487399837,0.0006105471231987579,0.00035656727376886187,0.00016880624462801627
2018-04-30,0.002718615483599835,0.0033753337050559783,0.003037666071125948,0.002754306809033356,0.0023660006325517085,0.0017747937814474556
2018-05-01,0.0025327860502253373,0.004118414453321541,0.0026790418620167068,0.002084552399887132,0.001572975058237962,0.0010567940819292488
2018-05-02,0.0023059039235054954,0.003332128721986269,0.002693885104838672,0.002212800198396078,0.0016077344669232286,0.0008628852241625366
2018-05-03,0.002706277736606769,0.004582859191021869,0.002876362882688064,0.0021063540278246622,0.001464404977235686,0.0008731694639314004
2018-05-04,0.0038064365789298353,0.005417195606780759,0.003766814715369378,0.0034415888668204307,0.00312637970835441,0.0027002058802977867
2018-05-07,0.0005842279871608136,0.0008822349955993833,0.0007003500496208419,0.000546628238849512,0.0003512050408184314,0.00012504204589546637
2018-05-08,0.002400591282835115,0.004061795196835049,0.002572500006533619,0.0018791924152331075,0.0012900191464560687,0.000709043369462743
2018-05-09,0.0042055077634775085,0.006133005310292302,0.004793317436354304,0.003975608191519626,0.0029864941817754477,0.0017655660767469542
2018-05-10,0.003670683078447709,0.00543617645847883,0.004166409763735533,0.003459949765039622,0.0025600975680683765,0.0013904080589216222
2018-05-11,0.0023090721977090246,0.0033837476333337807,0.00271716102109786,0.0022465219867032816,0.0015585761672521196,0.0005918946735955906
2018-05-14,0.0026234918089237226,0.0032447530122274902,0.0030723868897911963,0.0027722382291789555,0.0022212725380502153,0.00135137210231373
2018-05-15,0.006091252853514557,0.010169885043892964,0.006362159940960019,0.00481209825216344,0.0035764587862491776,0.002380298020979432
2018-05-16,0.004194646332876697,0.0063291801405892046,0.004481159053763508,0.003734877563038275,0.0030232165030683856,0.0021787228224609996
2018-05-17,0.0003465843750077844,0.00033141510252605795,0.0002115978129150173,0.0002556249369240951,0.0003620062362239405,0.0004996012579472108
2018-05-18,0.0030618135828541326,0.005173237350345994,0.003059804717686048,0.0022811750034541166,0.0018085882542213355,0.0015079693689430222
2018-05-21,0.004346207507047194,0.0062198367861143,0.0047935249994357325,0.004116018895474624,0.003312300925513204,0.0022068978083253296
2018-05-22,0.0016233964628348408,0.0013379282214410922,0.0013614371304947858,0.0015462186575005159,0.001762397483167745,0.0020091491647526477
2018-05-23,0.001971441639187373,0.0027861646326935276,0.002282829780446432,0.001951938253865297,0.0014587600570091855,0.0007216936093769113
2018-05-24,0.001004459633679008,0.001180902574886498,0.0011007708474267393,0.0008016475205040229,0.00047931834843750824,0.0012514326199422738
2018-05-25,0.002526268956963711,0.004307306886921166,0.002530490208554843,0.0019125535653996641,0.0014739317240132865,0.00105998350614828
2018-05-29,0.009727533567127338,0.014020422540508224,0.01064805703789075,0.009149522532679023,0.007380579066469624,0.004998446725630762
2018-05-30,0.004098513981535805,0.004525716230842033,0.004131445246989594,0.004072630653389356,0.00395076108001067,0.0037740301407101656
2018-05-31,0.0025920132813146775,0.0038295301798282368,0.002866166613415634,0.0024146651494730215,0.0018770592588073921,0.0011655438873463958
2018-06-01,0.005818045904833701,0.00776411111894977,0.006105411495235476,0.005510564029692965,0.004910748472121837,0.004148379596711843
2018-06-04,0.002236346513676989,0.00339984242181117,0.0023993375657690597,0.0019656304058790664,0.0015767464585787112,0.0011578631660787329
2018-06-05,0.00130266481628108,0.0019262860565265535,0.0013774193423575238,0.001156415384854738,0.0009716748918081281,0.000771600585740302
2018-06-06,0.003426571409197932,0.005320155604712112,0.0036883987169674067,0.0030101655832712633,0.002336337354336126,0.0015096517101669
2018-06-07,0.002303793083551511,0.003332343953435751,0.002170772151166833,0.00181767006426308,0.0017923977323756881,0.0020503489481729542
2018-06-08,0.0003864660649644786,0.0006088832253872768,0.0003563395047281954,0.000299720491017557,0.0002874165401323536,0.0002768082942764464
2018-06-11,0.0006323616747230655,0.0009568667076835615,0.0007122483479903943,0.0005659939441851354,0.00039090681438023014,0.0003214926910855532
2018-06-12,0.0010746590518366044,0.0018118752284284126,0.001142436941548942,0.0008372646821835205,0.0005944166301355801,0.0003634048726282062
2018-06-13,0.0021846168543601975,0.0029556993597255883,0.002425876100327943,0.0021564774056352922,0.0017762139579525554,0.0011984947296954027
2018-06-14,0.002819839299832271,0.004707853312753425,0.0031017695587664145,0.0023514230188655797,0.0015092118596115047,0.0004070632917083481
2018-06-15,0.0024050909789389676,0.0029974159523582216,0.002167043625178341,0.0021360011348204723,0.002239792408992249,0.002379613778884449
2018-06-18,0.001028470303172445,0.0014807289944107304,0.00113935283836329,0.0009079324793896616,0.0006599675903856721,0.0007336034145728037
2018-06-19,0.004158840942935789,0.005400357292561985,0.004054432979182295,0.0036946155586474005,0.0035935309162869744,0.003783365657807477
2018-06-20,0.0026407860449369183,0.004003307367533949,0.002691895163193006,0.0022742309624057544,0.0019545965676457736,0.0016135089136650959
2018-06-21,0.0055489076842692425,0.009297108372219667,0.005874498677343271,0.0044851297705384135,0.0031856261399160124,0.0016556934154366306
2018-06-22,0.0008638958564817712,0.00045875426998694585,0.0006573890164724654,0.0008198767631122553,0.0009988574421713405,0.0011912390014390364
2018-06-25,0.010170164882981817,0.014518616552802378,0.01148456722602592,0.009842870926514102,0.007576296259858844,0.004493705004292018
2018-06-26,0.003102314944754967,0.002499880673078875,0.003136815411404015,0.003318305677276372,0.0033255204019128686,0.003156348723764806
2018-06-27,0.0068361007923695965,0.010296537815339454,0.007617620275003032,0.006273235466503547,0.0047312894647053415,0.0028064136122992883
2018-06-28,0.0020904626672340124,0.0017638323063080181,0.002069908365781514,0.0022058135066688133,0.0022185866287726683,0.0021602791283572846
2018-06-29,0.0014900158880990627,0.0017033005863809905,0.001712914549997551,0.0015951981946552129,0.001346034914721587,0.0009533941047112966
2018-07-02,0.002289550413309936,0.0046008979543241905,0.0019346618291296283,0.0008491498501269894,0.00014643237374138376,0.0007460088392187771
2018-07-03,0.002824986543698051,0.004662548685325051,0.0031755497516813215,0.0023804309766489594,0.001490968255449927,0.0004356953277191725
2018-07-05,0.00533946196895185,0.007484694512140618,0.005819945863691852,0.005048401215782444,0.0041757075661266576,0.0031199295312110812
2018-07-06,0.0034306649615432707,0.004114840518216993,0.004035150300354003,0.0037307689441607723,0.002950022604538034,0.0017354220446324626
2018-07-09,0.006015557895050984,0.0086943079499405,0.006509648124245075,0.005621968515803961,0.004586992290332894,0.003212654081814714
2018-07-10,0.0012688898561206946,0.0014786951910773453,0.0015951231821360197,0.0014936210964060276,0.0009991889679758785,0.00030027874912009914
2018-07-11,0.0040179061506920785,0.006424619668044677,0.004445953632695315,0.003538915632578151,0.002470698716830652,0.0010233921984695578
2018-07-12,0.0036496362287769596,0.006265601800785186,0.003754626689440012,0.0028053006346894552,0.002014087295787513,0.0011480314555389994
2018-07-13,0.0011477241743796096,0.001222111602610221,0.0012991804779134124,0.0013063291890832891,0.0011053413713974878,0.0006903996822689421
2018-07-16,0.0007171763852745842,0.0007372247416681017,0.0005766357408877902,0.0006708989056884042,0.000758180865274229,0.0008189976645014976
2018-07-17,0.002897567094944197,0.00498780673358856,0.0030230049766671544,0.0022585104030166587,0.0015527371553405893,0.0006714449596365623
2018-07-18,0.0002652386305971455,0.000353021425477158,0.00032611036562442804,0.0002684832724907839,0.000160096690500646,0.00015189252935876157
2018-07-19,0.0024389287296696063,0.003537167919060688,0.0025417894552247295,0.002215620316766123,0.0019011295210445834,0.0014987826312915548
2018-07-20,0.0015314624403379878,0.0023194074692438806,0.0017111108311006734,0.0014132953945722962,0.0010497065740428862,0.0005657269502396625
2018-07-23,0.0023963916080839095,0.003851201177152172,0.0022762554367162955,0.0018212450979678064,0.0016448462075262804,0.0016364356458812572
2018-07-24,0.0015243055196749464,0.0024113372152536547,0.0015297109739170573,0.001247150459616407,0.0010610374291836378,0.0008841883634825674
2018-07-25,0.0022072732271281215,0.0033129138386606893,0.0021985887043277953,0.0018698541141332606,0.0016710809379643326,0.0015040675494893358
2018-07-26,0.0002711286381078865,0.0004688636930405896,0.00018494221984029802,0.00015904056833356169,0.00019339651800897816,0.00022543466709051152
2018-07-27,0.0021935992699718496,0.003520962921978038,0.0024258737784992484,0.0019180909994907281,0.0013319364703774374,0.0005694009619784284
2018-07-30,0.0031345578441872627,0.0038848169158983603,0.003410333462370851,0.003177558168353518,0.002779540054290525,0.0021406468114772126
2018-07-31,0.0022715038428010106,0.003965852722511804,0.002382355214948681,0.001726161434987687,0.0011150989322077625,0.00041468714014505833
2018-08-01,0.0009084841039388687,0.0013658094000040442,0.0010244690965683656,0.0008492455840304081,0.0006258810576413462,0.0003143237634599669
2018-08-02,0.0024507268899896855,0.003828678625603919,0.002525766005343023,0.0020703849530986987,0.0017121120683499576,0.001331996969246832
2018-08-03,0.005076181928525169,0.009638226442806801,0.0043528410260340765,0.0032010615097976198,0.002305880673674692,0.0011964950588897647
2018-08-06,0.0020316490190303567,0.0035263223912004255,0.002045025873005547,0.001489259306119602,0.0011039654139399979,0.0007643790542995792
2018-08-07,0.0021831464126263853,0.0036852433991556672,0.002077070621608029,0.001585249573188883,0.0013610838985314605,0.0012529303366558568
2018-08-08,0.0010173910542789393,0.0015393933843103561,0.0008243322800439315,0.0007113768185624879,0.0007965815165145447,0.0009927577733830344
2018-08-09,0.000726025706531028,0.0009312546785158495,0.0008355716946258429,0.0008236262811930255,0.0006005920877719052,0.00017629575331176378
2018-08-10,0.005937153858955822,0.00984133747397766,0.006268430858153201,0.004839870004928974,0.0035472951862959975,0.0020239037084495387
2018-08-13,0.005211825878751371,0.007988902778018284,0.005568525888470793,0.004652223915497888,0.00368235536184208,0.002404510015387162
2018-08-14,0.004601563771311631,0.007213759525089242,0.004744806408983712,0.0038985756174235247,0.0032027128185913144,0.002421604864454894
2018-08-15,0.0037924293918348093,0.005967179625259583,0.0040213786835422635,0.003279350347922842,0.00256369657063957,0.0016754717105850344
2018-08-16,0.003593504412759874,0.005340040852403257,0.003674796333343563,0.0031357221669395074,0.002729110511573241,0.0022946476272223326
2018-08-17,0.0023065135891380977,0.0039024936009637605,0.0023691569836641686,0.001822913438157925,0.0013543982127077988,0.0007747616691492452
2018-08-20,0.0007194139446327568,0.0007960568351952033,0.0007143094583352213,0.000628283883387448,0.0005933494103654219,0.0008348853038751791
2018-08-21,0.001593942179398113,0.0026568741310627805,0.001835115836485032,0.001283961637075469,0.0005858225252616533,0.000533743906857782
2018-08-22,0.0004996024079318496,0.0007825405021290327,0.0005362657152195204,0.00040555132020869325,0.00031014486938263754,0.00029563586037025636
2018-08-23,0.000636409745778844,0.0006334744829650911,0.0006357156371528904,0.0006545372136035636,0.0006498214059405734,0.0006074337059403017
2018-08-24,0.0019433050877550426,0.002797921428287617,0.0019201506453079792,0.0016632006135143833,0.0015396724826511046,0.00149331941201401
2018-08-27,0.001938231654032638,0.0030310807975292846,0.0020994943798487336,0.0016813220296059649,0.0012872636694414366,0.0008393394720857257
2018-08-28,0.0026856501961807196,0.003859483519167911,0.0030236618220633154,0.00255249127187124,0.0019938390222715725,0.0012388846970497315
2018-08-29,0.0006856707347986003,0.0009205013899788138,0.0006872386218614048,0.0005846823552397428,0.0005465112894389669,0.0006249592022303827
2018-08-30,0.00426540201749772,0.006482047446849056,0.004653194923432135,0.0038351736026553474,0.0029788159159963743,0.001928006465708407
2018-08-31,0.0015071347501298797,0.002233365098994669,0.0015666761978212263,0.0013123629713428706,0.0011258153337274674,0.0009618342200246651
2018-09-04,0.0011111133785676084,0.0015497710127222774,0.0013988834423502184,0.001152318382996,0.0006756491871224982,0.00017280087717945535
2018-09-05,0.0032263484079411114,0.005069052212980095,0.0035723663711533737,0.002844142867583113,0.0020596082885231543,0.0011217813806966201
2018-09-06,0.0027255598996763605,0.003962882199256334,0.002948079883326043,0.002501590879521642,0.002046760154236915,0.001516769413090488
2018-09-07,0.005637184968767841,0.011313185135258912,0.004813380312875872,0.0024702795147125266,0.001010619671113929,0.0007802889971256552
2018-09-10,0.0022622614957508373,0.004156601930698747,0.0022619758067468428,0.0015053752646495278,0.0009044386855532082,0.0003333124537782083
2018-09-11,0.003404630606969004,0.004906912020175977,0.0035964725724225125,0.0030745428641883515,0.0026226535246770535,0.002148027461971394
2018-09-12,0.0026352288655914374,0.004237175210710104,0.002907802911519637,0.002257993151991252,0.0015973303019085122,0.0008143630418301597
2018-09-13,0.005878602055715905,0.010212168609950764,0.006277117650615227,0.004546843326121538,0.002810882900283392,0.0007241339780771399
2018-09-14,0.0019699366925949777,0.003365878492770137,0.002007875237994395,0.001519396717814533,0.001125537114971347,0.0006834849533332697
2018-09-17,0.0025807005115586266,0.0037116234112185313,0.0028564627308338337,0.002461286081828589,0.0019507262570521726,0.0012252697114883365
2018-09-18,0.002566690162971164,0.004533072855817888,0.0027218574333631776,0.0019173721011983805,0.0011223483218628725,0.00021506517550517768
2018-09-19,0.0026792060463551033,0.004746373032215438,0.0027865858361719076,0.0019860049290200445,0.0012361926685921648,0.0003538639835585657
2018-09-20,0.002626693872355496,0.004064223870393474,0.002910746850334527,0.0023415114667789468,0.0017446718547091452,0.000990295294480152
2018-09-21,0.002075425598690122,0.0030611714981238977,0.0023392833930927772,0.001960505713954872,0.0014812436638878279,0.0008101073373991635
2018-09-24,0.001549830197100174,0.002134770847734474,0.0015997388832375025,0.0014883262170492214,0.0013031422983518968,0.0009900314915339654
2018-09-25,0.0011659195944417563,0.0018541464499440962,0.0012350954261505682,0.0010247585900315188,0.0007746553615742387,0.00042813740425089956
2018-09-26,0.001118840696964364,0.001445774745351186,0.0012688679676704417,0.001137078545161575,0.0009367808094413917,0.0006230779160254994
2018-09-27,0.0013912700972110667,0.002315329977101585,0.001396916050683259,0.0010884068485361382,0.0008710561526229027,0.0006501282738691907
2018-09-28,0.00041151633493451264,0.000619372210385626,0.0004491506368784707,0.0003856639075533629,0.000300068046660406,0.00015030887454650646
2018-10-01,0.0011653311926863405,0.0022314186146497623,0.001054009526952584,0.0006599127289911783,0.0004399462400055461,0.00026604759451452794
2018-10-02,0.000958016999555655,0.0014076873931651772,0.0010672430850229403,0.0008787262319743866,0.000688061838993595,0.0004720194622507559
2018-10-03,0.001271659758283615,0.0023015117892188812,0.0013180235650755048,0.0008906249324294386,0.0005026339700075548,7.480903763164886e-05
2018-10-04,0.005788494538638714,0.009084604602225401,0.006277386349350834,0.005093797316639298,0.003836083979907168,0.0022215790684911125
2018-10-05,0.008103951969104949,0.015539567091551066,0.007346575239610475,0.004285131026344939,0.002747925103113611,0.0026469669734357367
2018-10-08,0.0019029684187178303,0.002840598617140344,0.002194807122942282,0.001825148726742864,0.0012807476132554712,0.0004987813939780682
2018-10-09,0.0007800216718392961,0.0011122027183594978,0.0008598190542349518,0.0007493562009264854,0.0006006023599868118,0.00037898210941204966
2018-10-10,0.022495224490616986,0.0340155311678392,0.02479222624380414,0.02048316026493668,0.01563637543153062,0.009716413463166583
2018-10-11,0.007014957696143015,0.010607459125237185,0.008434351515196887,0.006546981360098245,0.004193644351229019,0.0013935799022051275
2018-10-12,0.007242530820242182,0.009120107760897866,0.008561733150834406,0.007530927350418803,0.00590820030266771,0.0037642961786467323
2018-10-15,0.0055132856316900585,0.00881631108361277,0.006228359301415291,0.004785481873084605,0.003233208445875773,0.0014516604149513378
2018-10-16,0.014759874207552965,0.02303924141871813,0.0160350787939362,0.012891716751982632,0.009770075462621495,0.006299865131695167
2018-10-17,0.0007224053661549577,0.0009564219037187019,0.0002642700597072105,0.0003243997242511688,0.0006581506437149195,0.0010422900709304661
2018-10-18,0.009871429008267164,0.013945726674107997,0.011105245444505415,0.009455633392195604,0.007445646937899258,0.004956725058262112
2018-10-19,0.002198710249522782,0.003450729075512651,0.002533765615676304,0.0019747481788363577,0.0012878780790233876,0.0005346719954928301
2018-10-22,0.002947608139564928,0.004849784056280766,0.0031245765585278503,0.002387892670965822,0.0017773058036703545,0.0011391827472699925
2018-10-23,0.0021636346724988524,0.002669010671342703,0.0020559212832969055,0.002101538032211381,0.002064810244670597,0.0018374551004076607
2018-10-24,0.012552464180091687,0.015810530325366206,0.014455870288481205,0.01276596798288949,0.010440175338031597,0.007543840558144344
2018-10-25,0.001000678215497075,0.001623361831910785,0.0010978088290426015,0.0007618533929232928,0.0004747141048934694,0.0006004352743884092
2018-10-26,0.0018508362212446385,0.0037036684157582566,0.001621130904307682,0.0008063641756066429,0.00024997182847551804,0.00026464948107972396
2018-10-29,0.004745674091574656,0.007726299343872177,0.005509095732738815,0.004025379593527401,0.0024243027069234136,0.0006930736518084172
2018-10-30,0.003916827148865921,0.006236552661409664,0.00446374881682375,0.003376657025009762,0.00226981699675492,0.0011550541584397541
2018-10-31,0.007112299207175429,0.011117917176095513,0.008025283053128357,0.006227981198859499,0.004421360955045947,0.00256409187363483
2018-11-01,0.004794006451016212,0.006549753637576626,0.005686512446418298,0.004764671632323318,0.0035642063550262422,0.002066671246384113
2018-11-02,0.0025369758717035855,0.003199030659672903,0.00289343507334239,0.0025721140626145302,0.0021174543383112397,0.0015735582470703757
2018-11-05,0.0022817254565387465,0.002337193109223347,0.0025265731520801105,0.0024564870985509337,0.00222375095004255,0.0017905068051558188
2018-11-06,0.0047500972802641695,0.006608291120156567,0.005359682967953933,0.004563198945086893,0.003629961546220426,0.002534166998180772
2018-11-07,0.01132954652731744,0.01460605546702477,0.013425545227366492,0.011726886245671244,0.009040062493970618,0.005382231015255517
2018-11-08,0.0008787965952754699,0.0010483636341351704,0.0009616988144644648,0.0009096691066886114,0.0007874611867987126,0.0006244144103407927
2018-11-09,0.006055604815767489,0.008843777637562385,0.006733146459733049,0.005660553359414734,0.004409444165237917,0.0028842715010441926
2018-11-12,0.010418206145235545,0.015230089506708195,0.011909621704741283,0.009829050097584512,0.007324648636514686,0.004317369270922747
2018-11-13,0.001262524217976695,0.0016832937286080912,0.0012324824122901766,0.0010812202484214556,0.00103486499691325,0.0011736113258142863
2018-11-14,0.006736353637393469,0.009029769711110884,0.007894370705638297,0.006726406523144139,0.005186799178957069,0.003299551686056721
2018-11-15,0.00548378127191075,0.009398636449841156,0.0058158493591676875,0.004225114897491226,0.002841053731710624,0.001509182594158935
2018-11-16,0.004134300322479561,0.005199017603202192,0.0047756388002907985,0.004224471371977614,0.0034313042110593723,0.0024506486552608097
2018-11-19,0.00789996994635323,0.009568084923235482,0.009127369396447477,0.00817922838546398,0.006790671521090087,0.004917062932284441
2018-11-20,0.011497941269358795,0.015282965440876711,0.013408815016095288,0.011437297697911646,0.00899832595590157,0.005988845107858404
2018-11-21,0.005850796751969279,0.009891174353515539,0.00649729662448948,0.004668060795618816,0.0028737893593590515,0.001029302080278997
2018-11-23,0.0037384542247912603,0.00576935042989704,0.004276774943196737,0.0033466730789886295,0.0023620717665591238,0.0012346610581801525
2018-11-26,0.013874096883134327,0.02316950402141436,0.01505220725519426,0.011154035086410647,0.007616207200831478,0.004079074763528099
2018-11-27,0.0026701017817857406,0.0050308137871813985,0.0022007984698066536,0.0012269966268048495,0.0010583958535702238,0.001693780934605787
2018-11-28,0.006744212595466529,0.011635977252557618,0.007092486730316785,0.005146569600887785,0.0034601484452462822,0.001806343572681123
2018-11-29,0.001559237644680745,0.002796317024895836,0.0016123746300250733,0.0010830851477991513,0.0006384025762437435,0.0003953960355633811
2018-11-30,0.0028250949824712456,0.0028065156032205806,0.0031655162870273357,0.0030906150125090967,0.0027660208983739994,0.0021922619231234254
2018-12-03,0.007918329292104538,0.011025452508007943,0.009019171513589162,0.007681678084956658,0.0060234443089872075,0.003911978597685985
2018-12-04,0.015569420013786191,0.021161237078233964,0.018000571990734716,0.015375301506398311,0.011979589680558511,0.007765641366067884
2018-12-06,0.002574904615848225,0.0031811070188969733,0.002699445541451176,0.0024195265390197247,0.0022487151228857685,0.002198497766596622
2018-12-07,0.01122480811687377,0.015175844701147632,0.013122025982530091,0.01108759960571419,0.008583744000711855,0.005556278605077381
2018-12-10,0.004216809847891537,0.006814754909812388,0.004747378486460587,0.0035593010761366013,0.0023396241971553903,0.0013365904224377056
2018-12-11,0.0016641226323183534,0.003244622693185022,0.0013661968226473095,0.0005927149578656743,0.00048559553330517814,0.0009302346232990636
2018-12-12,0.002468596181843854,0.004025668339237777,0.002766643458510015,0.0020656257248984917,0.001345087176895546,0.0007303730500239827
2018-12-13,0.0023673547599185702,0.004282638958199562,0.0023913646931537093,0.0016642767411649767,0.0009954384382595408,0.00044889475275111657
2018-12-14,0.005415469912017033,0.005769047655164902,0.00595445079157974,0.005698123126370665,0.005171759911503902,0.004322437855814885
2018-12-17,0.007732200775218358,0.009815246733545068,0.00892092001262516,0.007830374113385278,0.00638480416778313,0.004575180741008878
2018-12-18,0.0025789647555073208,0.004272182540610057,0.0025146052042511026,0.0021097426046208473,0.0016880370584014123,0.001174746819070261
2018-12-19,0.0050200161694515045,0.009442733354378952,0.004956534527168217,0.0030293960588884256,0.0016084203722966201,0.0007114122653102282
2018-12-20,0.006033400964378487,0.009671988392325389,0.007087796571773356,0.005209455202762974,0.003162716944365545,0.0010412561168732467
2018-12-21,0.006806042810426983,0.011461247062884,0.007497935356845101,0.005382137507709071,0.0034675062398814363,0.0017438093816193481
2018-12-24,0.01473259309818411,0.0226373212769585,0.01710697803276827,0.013226309991628481,0.009069720302094523,0.0047910732222101685
2018-12-26,0.019927554244927904,0.027681765538764544,0.02215935938777395,0.0187296244435677,0.015314996719662955,0.01195289850967904
2018-12-27,0.004034258707398378,0.007367897889004937,0.0037624699836696783,0.0024140907563987898,0.0018320397969502887,0.0019364691870876088
2018-12-28,0.003985817397102345,0.005972813408170807,0.004644226113205374,0.0036557544584750238,0.002573617175711268,0.0014840213570022672
2018-12-31,0.008375720702159226,0.011306711629654726,0.009270904576446432,0.008001509059198046,0.006695270077244975,0.005302951841141691
2019-01-02,0.006767151287586296,0.012068103076400175,0.0073381740599895075,0.004820095588827529,0.0024856416614955873,0.0002683959636151501
2019-01-03,0.01097363586913574,0.01596402299241764,0.01238943920683437,0.010067041930398948,0.00783212538032966,0.005573837616760484
2019-01-04,0.015386202930704891,0.023771966672427054,0.017446429697213436,0.013615481794257362,0.009771406227871164,0.005773228759501264
2019-01-07,0.002059926840761131,0.002120835745318754,0.0021964601737146645,0.002157088084227056,0.0020089541150267896,0.0017903032574697628
2019-01-08,0.0035401808357001085,0.005681212746803662,0.004256890951083645,0.0030819231762349284,0.0016377231769686435,0.0002944745062566883
2019-01-09,0.0028246703575677563,0.003276237351960489,0.00280700314135038,0.002791315806713692,0.0027105303752769164,0.0024783858607104053
2019-01-10,0.0019384039822739302,0.002990998574073893,0.0019380774733720346,0.0014940475987468553,0.0013557060262178516,0.0014194069792446162
2019-01-11,0.006107700835072216,0.009012824854841122,0.00727969510753941,0.005781038848884369,0.003960709082453306,0.001785342578553396
2019-01-14,0.001608861257228475,0.0028687365902798573,0.0014813233475340522,0.0007160647743298679,0.0005642496669320756,0.0012988755879701915
2019-01-15,0.01029163396506683,0.016221529738315216,0.011551639709384097,0.00898504017028148,0.006369468107395833,0.003421866522150883
2019-01-16,0.002808952225975498,0.004670134440962076,0.0030941918460426986,0.002287820590893753,0.0014855010279984564,0.0007912318256897412
2019-01-17,0.002231015625212635,0.003918964314972672,0.002325875275068901,0.0016474952111141788,0.0010634198182098327,0.0005235210808582403
2019-01-18,0.004127181268668973,0.0061570526629168894,0.004387408452300842,0.0036477981105652495,0.003009947524504638,0.002375554786842924
2019-01-22,0.010112994508000314,0.014713023957781755,0.011517378330931213,0.009485956317127377,0.007184540117738772,0.004543041716769974
2019-01-23,0.003034373563480331,0.003045494321022023,0.003257309896067776,0.003188553145414056,0.002991233889808097,0.0026528588071506555
2019-01-24,0.0019457936553936598,0.002920960183963187,0.002138429688485343,0.0018125475294205324,0.0013831435942984378,0.0007919975183673529
2019-01-25,0.006902091213675293,0.013037323693357411,0.006765965187151405,0.004154718661415322,0.00219178680092138,0.0006153089257756541
2019-01-28,0.003846234326738597,0.006057771862866346,0.003971608892317803,0.0031965045587254914,0.002577072543847016,0.0021536877802122356
2019-01-29,0.0009354284697607089,0.0016626708180054938,0.00099368545640859,0.0006635744410008858,0.0003733623464255377,0.00020860631436100081
2019-01-30,0.005714063921819111,0.008157723275185814,0.006298998779236822,0.005324250150023663,0.004308810758661045,0.0031801427709866226
2019-01-31,0.005656209640171028,0.00840246885072743,0.006249121193531094,0.005132309965158274,0.004025523104575377,0.002786592389460839
2019-02-01,0.0016768618695136783,0.002783921425018679,0.0017482323454054876,0.0013367016677646958,0.0009639204189885394,0.0007327208815071276
2019-02-04,0.003932338596683973,0.006610390262913816,0.0038578992615609133,0.0029263763033363097,0.002386850216498737,0.002115432775993125
2019-02-05,0.004391772938030504,0.007477702340468832,0.004859144709162813,0.0034901216536134955,0.002088112084543002,0.0006081668062391185
2019-02-06,0.0017427421376943382,0.0030986617646897407,0.001719891942978041,0.001280973983429877,0.0009062193265267851,0.00040483323852095766
2019-02-07,0.0031808185831835225,0.00414258006204017,0.003253757728571201,0.002970073150260791,0.0027411896760760877,0.0025504254568311548
2019-02-08,0.0013042015001221421,0.002326534681141401,0.0012399500575476315,0.0008454869179187264,0.0006583680524551751,0.0006373157584532218
2019-02-11,0.0005483090399041478,0.00086682398679493,0.0005979645238199898,0.0004952248159947184,0.0002993186270351464,0.00024378138055542652
2019-02-12,0.004434679789691952,0.007010510077440068,0.004760323590237091,0.0038019827430191325,0.002887776311540633,0.0019312346186168732
2019-02-13,0.0028345411702740365,0.005528554654802249,0.0025773606699492175,0.0014220534610051062,0.0007554717779357134,0.0006102786105885468
2019-02-14,0.0033686410923969208,0.0049750523083103605,0.003944678800282406,0.0032008716321583856,0.002248160046567187,0.00106173204650073
2019-02-15,0.004728325349527438,0.006175306193745975,0.005730710510182512,0.00495940694940398,0.003632882040239434,0.0017367510785355428
2019-02-19,0.0015569996471441717,0.0013839237379702008,0.0016148740969425244,0.0016805163130408159,0.0016421709032485982,0.0014412896623057481
2019-02-20,0.004071782297418544,0.005740524809881829,0.0044641527747683275,0.0038703876009284852,0.0031774024118773167,0.0022223825121004395
2019-02-21,0.0021873668301410484,0.0031700227694834455,0.00249693853720664,0.0020867877723705314,0.001569292058729742,0.0009065103738336182
2019-02-22,0.003442448905632575,0.005029290271155588,0.003401954412017472,0.0029217054013638173,0.002672840233965137,0.0025893590940245918
2019-02-25,0.0012374234669219287,0.0019763194165551673,0.001242322116750507,0.0009545428609790948,0.0008089140211627647,0.0008008667413153967
2019-02-26,0.0024518849949321966,0.003908391944359971,0.002633110733636203,0.002087378860841778,0.0015758326345042158,0.0010047394761243224
2019-02-27,0.003205660850714618,0.004746427884169013,0.003750238744052449,0.0030355791079824585,0.002156391769540939,0.000961079168148559
2019-02-28,0.0020599057258143144,0.0038266017042885947,0.0020220547654149026,0.0012825910211027634,0.0007807452102597658,0.0004794466684152661
2019-03-01,0.003116410016410558,0.0034838313304306344,0.003366869070924219,0.003269760763940105,0.0029626683231770813,0.0023703227260702276
2019-03-04,0.003809677928610061,0.005975331431936882,0.004161722273129487,0.0033637106991821104,0.002498297551535931,0.0014098479615673684
2019-03-05,0.0004219147185788266,0.0007521288286506828,0.0003240886467694325,0.00018835569321254647,0.00023055823311365095,0.00036151619174373703
2019-03-06,0.004471459804437632,0.005680474351970184,0.004819357492234517,0.0044306874822918965,0.0038855036359111616,0.003122120808319575
2019-03-07,0.003923136677080441,0.004870538507540663,0.0041490932979702895,0.0039047699457305236,0.0034654237950134266,0.002959982428739197
2019-03-08,0.0018383284002551313,0.002918506345793418,0.0020090810866409334,0.0016173765762842022,0.0011952816590081613,0.0005464111994771675
2019-03-11,0.006347983024666081,0.008780077732458015,0.007162352620710622,0.006191975452141568,0.00491236147132388,0.0032593752669748217
2019-03-12,0.001786764196692219,0.002179540833116295,0.0020855220085341385,0.0018899012720789462,0.0015288907815037822,0.0009765230881200627
2019-03-13,0.002587499968204924,0.003739655291986931,0.0029784014214655637,0.0025053832850925883,0.0018499510128338298,0.0009594892088617878
2019-03-14,0.0007216026977819753,0.001401586540638835,0.0006237300710553793,0.0002968341320233562,0.00018099547061210033,0.0003594417511590496
2019-03-15,0.001959147863452314,0.0023601050019437155,0.001811859041666596,0.001828955650032306,0.0018637701485088802,0.0018760743618050383
2019-03-18,0.002632809272057897,0.004723926545632559,0.002734909410344311,0.001838848996264564,0.001110287127581329,0.0004991078912543234
2019-03-19,0.002263983459833169,0.0035928940602177753,0.0026528927052709077,0.001874343949764487,0.0008349160692857437,0.0012129006610571084
2019-03-20,0.0016651435186697905,0.0015379712375686006,0.0010627779615110383,0.0011398143278651726,0.0016514841193129067,0.002518349790523298
2019-03-21,0.0034024760180318804,0.005443833454354622,0.0036704953981664813,0.002921452137483752,0.0021651608455009225,0.001246415677532924
2019-03-22,0.01075468879260788,0.01622568975172597,0.011699677234641959,0.009737035055534714,0.0076164138420313585,0.005034042940754925
2019-03-25,0.0008489398867879762,0.0014301219591745366,0.0006821935074464224,0.0005679223619551935,0.0005950770464686453,0.0006451397962767681
2019-03-26,0.0055071183561052756,0.007746904968396638,0.0065220870018533475,0.0054697046805301875,0.0039767998228398575,0.0018322121516059521
2019-03-27,0.0034530201803809747,0.004276477566902681,0.003910456172311576,0.0035481809771226746,0.0029870537705702703,0.002127142566944308
2019-03-28,0.002210606328306536,0.002988219777625035,0.0025884776926541233,0.0022574475249593135,0.0017085537864409979,0.0008882579129286115
2019-03-29,0.003614046395177403,0.004368183152368387,0.004084890316207905,0.0037727916713157935,0.0031940075646462013,0.002259128696250566
2019-04-01,0.0039893911213804475,0.00546928490240909,0.004388545765917664,0.003862095310423267,0.0031690025504222384,0.0023335464345274584
2019-04-02,0.0006749471350044797,0.00045956207560101606,0.0005455460381611834,0.0007111252960743512,0.0007873910493182867,0.0008020389908890416
2019-04-03,0.0008539643135262114,0.0010974585189753943,0.0008904843777876966,0.000926317161431871,0.0007803045693208694,0.0004265664209236748
2019-04-04,0.0005604188591593153,0.0008208475275434828,0.0006273901769843257,0.000516142812401593,0.00040138937128332693,0.0002746280405993161
2019-04-05,0.002347235192828029,0.0027227948256451215,0.0024740198345735414,0.0024828773991519863,0.0022360191564162984,0.0016878144449994036
2019-04-08,0.0010091095680709772,0.0017456715271668638,0.0010901812694911325,0.0007719647247808403,0.0004474626350706478,0.00024391386730003258
2019-04-09,0.00386196607051156,0.005453668997072541,0.004087034339446432,0.0036032351974228014,0.0030863223257720663,0.0023704145293518414
2019-04-10,0.0029282170595073677,0.0043077220369745406,0.0030087232581376255,0.0025804385361797235,0.0022483885876868675,0.0018840054845497656
2019-04-11,0.0017871038954198524,0.003545777038881557,0.001504431379153531,0.0007356930315114767,0.0004595179308667137,0.0006168080055252429
2019-04-12,0.0029890596984774357,0.004485612259253218,0.0032862352830308043,0.0027595208768307036,0.002131402457433123,0.001262734265114532
2019-04-15,0.0010685341752471867,0.0013665979320608645,0.0012080984037102056,0.001122353088372037,0.0009032569098645909,0.0005533400918055465
2019-04-16,0.0006904628531504447,0.000699907634323625,0.0008239670170887713,0.0008068039549996094,0.0006613441700884212,0.00035580006036487356
2019-04-17,0.0017042496067614416,0.002347782406946752,0.0017492890959440396,0.001575587471322248,0.001416313035378801,0.0012090577096250167
2019-04-18,0.0009348314212789918,0.0007082070102980882,0.0009433762502811104,0.0010601929902551957,0.001042253035566154,0.0008762034268876028
2019-04-22,0.0019213968256540114,0.0036928182660494204,0.0018046189045407557,0.0010546738626297553,0.0005915476499992246,0.00032094718060525306
2019-04-23,0.0025623125185174522,0.003678615595234711,0.0027638144661585725,0.0024020392815197068,0.0019795637440910975,0.0014028110296904388
2019-04-24,0.0029280962659976066,0.004414687961950619,0.0031362527193863387,0.0026526472490066805,0.002127626234466408,0.0014070739043288765
2019-04-25,0.0013498624190284784,0.0021266110357912914,0.0015074979743696115,0.0012227223710208773,0.0008501848465977675,0.0003126561070407841
2019-04-26,0.0021409495123934606,0.0033525754308726397,0.00214691747015839,0.001774535627360267,0.001514699409001612,0.0012751534955941911
2019-04-29,0.00160586895863366,0.0018687489471803757,0.0017631329084488575,0.0016910686128396768,0.0014844342124451112,0.0011090343983229925
2019-04-30,0.0003243709443372087,0.000616016671959625,0.00030733975357564726,0.0001832866173006534,0.00010712139379881775,8.413861360869493e-05
2019-05-01,0.005516171176412044,0.00833085693074491,0.0059416411862780565,0.0049898202324318245,0.003961019254627119,0.002616575159032544
2019-05-02,0.0013740976593126922,0.0017718718972387292,0.001440766659724411,0.0012748665121051412,0.0011613892716063339,0.0011186034305131858
2019-05-03,0.003821119806422871,0.004767253397249046,0.004458505107932583,0.004142365807555955,0.0032305407417885976,0.0016745811882908483
2019-05-06,0.004995656474651527,0.007152838868951345,0.005456334513769788,0.004738412480045327,0.0038401808248409637,0.002578504654596638
2019-05-07,0.010805478522509146,0.014737778096946933,0.011848185379845761,0.010531676934641349,0.00868512659282767,0.0063136825611439865
2019-05-08,0.0015621038492303508,0.0023111969821408844,0.0011053839078329238,0.0011396867365986432,0.0013717706782870806,0.0015673852281941447
2019-05-09,0.0026425530364649484,0.004452540937775674,0.0029342211021602324,0.00212681379481304,0.0012572693570070167,0.0006136736264856352
2019-05-10,0.007382614477145841,0.010889310704754409,0.008104086988284742,0.006829347981928467,0.005329147312344483,0.0036361881301045103
2019-05-13,0.01457504114044532,0.0199367267699536,0.01679436898773271,0.014553732115170004,0.011137494213964119,0.006839614125537394
2019-05-14,0.007287272832734595,0.010005961266826601,0.008237762857483035,0.007118527523232279,0.00565868465109209,0.0038532561353583103
2019-05-15,0.004182837778392207,0.0060897427809994496,0.004648281923352257,0.003932731037956131,0.0030390293937861846,0.0020216563384579116
2019-05-16,0.004323510733576927,0.0057079541056210235,0.004815671229533211,0.00429185732663049,0.0035394909168944204,0.002596971426684316
2019-05-17,0.0031778690619811045,0.004896150621835626,0.0035809840047866777,0.002886445845869695,0.0020635512101640917,0.001052952184638886
2019-05-20,0.0023469884374445527,0.003068119936628735,0.002663155159737719,0.0024467016849165826,0.0019328428419792163,0.0011462057801074905
2019-05-21,0.004990827038307434,0.00669800150108575,0.0055850720053160765,0.004929376043591075,0.003996649169270423,0.002865932039848624
2019-05-22,0.001057679126337891,0.002135231200222172,0.0008593576611243437,0.00042836777342352664,0.0002356051063401446,0.00023813669998074872
2019-05-23,0.007353571048327903,0.008730993115372043,0.008618961148733709,0.007879128524438686,0.006351386920910657,0.0041758258615797504
2019-05-24,0.002692660745431677,0.004106833716058132,0.003131419951493993,0.0024952850167359896,0.0016859436567704133,0.0007151098079493501
2019-05-28,0.004896743510210376,0.006273696452905257,0.005713896445258941,0.005039556755814199,0.003986545909501421,0.0025676691122423325
2019-05-29,0.0044298570244493555,0.006504003455945032,0.005057310952885319,0.004170174666570834,0.0030039539520711417,0.001955917984048601
2019-05-30,0.005234858245091504,0.008451171780036185,0.005888234005123134,0.0045407933384593235,0.0028926248271137784,0.0013924861016227535
2019-05-31,0.005607509600016426,0.006964869015936555,0.006528944265846897,0.005757504935184584,0.004676386392605069,0.003326688017244346
2019-06-03,0.0007750780036638353,0.001231257383249957,0.0007635214032870271,0.000600073225492897,0.0005030820487638541,0.0005399911647339906
2019-06-04,0.007843164030203189,0.009868415121613195,0.00911126882808106,0.008020405127648277,0.0064924259454738524,0.0045493714163883404
2019-06-05,0.0024157769875925556,0.0027434746962685546,0.0027767978470534514,0.002588402372868701,0.0021781263292207633,0.0015806870109307716
2019-06-06,0.002181918835543113,0.002582233930587064,0.002497042420678063,0.002295885314306391,0.0019267726359786723,0.0013846132797081798
2019-06-07,0.004206182626359046,0.007758830318433661,0.004196802407070927,0.002724182209616935,0.0016045845527786458,0.0008070952725499374
2019-06-10,0.002202645840432833,0.0035303719015857284,0.002470165072894531,0.0019257230508988572,0.0012955767659102013,0.0005532393838987641
2019-06-11,0.0021840417585425893,0.0031596136735516987,0.002203878814376708,0.0018794644439339198,0.0016776613912095088,0.0016318753877575384
2019-06-12,0.0001928402746657754,0.00025152955095854974,0.0002575712823419977,0.00020616599507525967,0.0001116711656902757,3.676833421778524e-05
2019-06-13,0.0012877669512121933,0.001162791962726637,0.001108207264759937,0.0012396974214913203,0.0013738517407328827,0.0015123464585062418
2019-06-14,0.0013571606542751504,0.002541537273057901,0.0012713064633783186,0.0007986685635830692,0.0005395963362587992,0.0004525015942877216
2019-06-17,0.0008052826135311399,0.0012125957507818264,0.0009815073453473971,0.0007517538642459431,0.00042971619610104964,0.0002426219958957082
2019-06-18,0.0019465619396882403,0.002875997194752677,0.0022820242651652905,0.0018769448190617015,0.0012838024709162861,0.000543554667032167
2019-06-19,0.0025932929245759753,0.004360789279566354,0.0027641615563814784,0.0021072124747024638,0.001442066252911437,0.0006699770304967517
2019-06-20,0.0014891893533947025,0.0014377351029586692,0.0015378295825300419,0.0016146143166020997,0.0015369383719260896,0.001298947131203297
2019-06-21,0.0041189830266503205,0.0061486693702567765,0.004518284353443901,0.003780909340064291,0.0029465061808633913,0.001905755292320028
2019-06-24,0.0016585921984580924,0.002218253938904191,0.0019729788516691673,0.0016968255070758016,0.0012805386862015757,0.0006498832118239335
2019-06-25,0.004814343053368972,0.0069745548032674985,0.005349509523311433,0.0045435018083225115,0.003544248406979525,0.0023286740607526206
2019-06-26,0.000693454513537578,0.0010536172624649827,0.0008046776452412725,0.0006270134751040978,0.00041561014155973574,0.0002844339562772536
2019-06-27,0.0023325262429715796,0.003271820531881368,0.0027449851755970344,0.0023185301993980073,0.0016929972856470344,0.0008495987693840069
2019-06-28,0.004109354399189033,0.005834956687980558,0.004657303283097472,0.003968196466273324,0.0030767038546621545,0.0018665702947049019
2019-07-01,0.0046491107382951565,0.006411968908259592,0.005181299119980504,0.004560746147379809,0.003688419758556165,0.002388954101131065
2019-07-02,0.004156845421055238,0.006572334044575046,0.004389246198395286,0.003555449766044463,0.0027910351494226083,0.0018720742626706197
2019-07-03,0.0032132983788522207,0.004516180526174934,0.003461736439077037,0.0029720345478011488,0.0025346025749320915,0.00199743011714055
2019-07-05,0.005443398323542475,0.010711623409771982,0.004820441074786227,0.0026104814403141116,0.001405958556363304,0.0011773128314208601
2019-07-08,0.003784422791925485,0.005647999831393121,0.003933606262223669,0.003357474910490516,0.0028528949670319445,0.002196467971793336
2019-07-09,0.0010954231578429617,0.0020220540597330945,0.0009443679444885145,0.0005715648224737675,0.00039353611648078676,0.0007332591747591239
2019-07-10,0.0022729584902872134,0.0034241987821743785,0.0023048408026697686,0.001928446983717244,0.0016623805057237565,0.0015204789878617913
2019-07-11,0.00110445968226433,0.0021150884264169623,0.0009608444532577161,0.0006408249075388242,0.00044873468473372074,0.0003005252974589785
2019-07-12,0.0004409818961348218,0.0008436668379426172,0.0004033808876769096,0.00023882069907108175,0.00014789705515215183,0.00013757334181711632
2019-07-15,0.0013244800146772762,0.0011586117229512199,0.0014172820311792375,0.0014881547485477286,0.0013934701320694415,0.001124190153550221
2019-07-16,0.001477084596442374,0.0020229769292031325,0.001728456943679089,0.0014900455000570148,0.0011263526507621982,0.0005830862516616846
2019-07-17,0.004327620772484487,0.006507144024346053,0.004634838929405644,0.00393301679125806,0.0031424257761431085,0.0021150393987330466
2019-07-18,0.002318252612012671,0.0036724234509308783,0.0025485187705262496,0.0020021714666385924,0.001470580655049667,0.0008476649656663428
2019-07-19,0.0027227871357494698,0.003177834875759138,0.003222387584542171,0.0030425767582918976,0.002386466894329068,0.001277863499198847
2019-07-22,0.002119267816168843,0.0016139952126402268,0.0021981995703853974,0.0023779027044062394,0.0023109396028057998,0.002006129448998352
2019-07-23,0.0035403947870836735,0.005526032040412884,0.0037396535858348666,0.003087367353332184,0.0024298143777464433,0.0016474532174250572
2019-07-24,0.002394662356883935,0.00392849138058533,0.0025070993117911546,0.001963269048148133,0.0014814116396123548,0.0009510214137821768
2019-07-25,0.0032141672471560794,0.0048559956409469545,0.0035165322328695884,0.002919248294508582,0.002263431603778136,0.001436150975272068
2019-07-26,0.0028283595380871715,0.004607776308448477,0.002873270810547257,0.0023014427643843413,0.0018384778111760396,0.0013543120999524973
2019-07-29,0.001354620691333005,0.0019019879323496952,0.0015434693891560067,0.001337769086728014,0.0010200506602141544,0.0005873676515297886
2019-07-30,0.0033262203789850378,0.0049544397855906695,0.003628921633214286,0.0030510190721985166,0.0024017376914143183,0.0015893718638327525
2019-07-31,0.007313413145020418,0.011140999830853792,0.007950846313944455,0.006587080840801431,0.00510433498916203,0.003263181748677494
2019-08-01,0.006639971544720816,0.010021740968037552,0.007361401251942594,0.006085198801294434,0.004549149816180962,0.002845378999295522
2019-08-02,0.001228523423201287,0.0018905103329527675,0.0012800560882610958,0.0009288263422220317,0.0006973228549153866,0.0009923701732129277
2019-08-05,0.02639336100627383,0.03810493299043916,0.03134737409792188,0.025325572967790345,0.01771696997373128,0.009650288793584778
2019-08-06,0.013289233491147148,0.01864835406897503,0.015674676488553647,0.012697666874791081,0.009507617258771622,0.006159262245269506
2019-08-07,0.001893553643135534,0.0030165575063878414,0.002187628039280271,0.0016310674128326766,0.0010047275251262656,0.0006103548677762512
2019-08-08,0.012111357877734989,0.017140685333885665,0.014335798317105658,0.01191119860038691,0.008420659269347333,0.004617638626024147
2019-08-09,0.004445915249308395,0.006326208376083144,0.005216716240222217,0.004330480886899504,0.0031579680143469014,0.0016940910778650278
2019-08-12,0.012099686639494836,0.01738149942833106,0.014196486274224297,0.011633548532484866,0.008376106765347302,0.00478087052286083
2019-08-13,0.0113049569498672,0.015514583128722944,0.013393076058686074,0.01123173076009518,0.008245879969524663,0.004978671497585716
2019-08-14,0.020050780345552757,0.027889039655580376,0.023822275555839368,0.019581446708095494,0.014261916442594502,0.00883370256243759
2019-08-15,0.0009013694764035833,0.0014683012078519075,0.0011013239530285658,0.000733938432194004,0.0003543627906875259,0.00017109403493771982
2019-08-16,0.009872322713809178,0.014316879288634305,0.011665460389185197,0.009190238358581338,0.006887800258100284,0.0037888661480662265
2019-08-19,0.0074417522228059155,0.010656879437388897,0.008765759951641998,0.007171009617869765,0.005118155173341588,0.0029785671953721105
2019-08-20,0.004799522176089328,0.006333604901611567,0.00538287845982097,0.004741286443149622,0.003774399059360398,0.0030596157660151492
2019-08-21,0.007927773427802405,0.012127258172645703,0.008900075355280044,0.007181947500770136,0.005129386896119459,0.003174152747314456
2019-08-22,0.005395124490823387,0.009325073558142615,0.0058117213545155234,0.004131805177784081,0.0025896835035764867,0.0010126523165676156
2019-08-23,0.013980620310167878,0.017064519055452393,0.016154423955872087,0.014076911434274118,0.011906530831924632,0.009230416315934601
2019-08-26,0.0038911216183919587,0.005153548024183633,0.004655667503724292,0.0038172743303866133,0.003054744517836825,0.001888595435794062
2019-08-27,0.005342345064346943,0.00707016910554474,0.006090735796177894,0.00517281340543004,0.004332742011287247,0.0031762003005396844
2019-08-28,0.009224408750685913,0.014784296030305955,0.010684252056396754,0.00831028454309337,0.0046261612488670755,0.001502576385618891
2019-08-29,0.007358944053219512,0.010392745689509684,0.008561680326777463,0.007094609453795362,0.005245137115782938,0.0034079037900265636
2019-08-30,0.004361426608003782,0.006970591367612065,0.004713779555302872,0.0037053799572354233,0.0026937956594333284,0.001820706701403019
2019-09-03,0.005079325731277468,0.006761314181913646,0.0058427335305928745,0.005026355409561267,0.003956841022975687,0.002867752650020045
2019-09-04,0.008778341323444358,0.013305884382465374,0.010008958034374904,0.007994765042886291,0.005734189558031815,0.0033575860141837814
2019-09-05,0.005737938572606895,0.00784905424402071,0.006754576214108143,0.005729067532366404,0.004242861541975857,0.0025619629393265294
2019-09-06,0.002710739022841345,0.002134807393347171,0.0028448239079424988,0.0029815724593974264,0.0029236139104673008,0.002579304547308858
2019-09-09,0.001447905460095816,0.002799021979074816,0.0013730214665153763,0.0007817856067837761,0.0003249930641130478,0.0002136115477322876
2019-09-10,0.0025735282759513744,0.0044370518489094245,0.0028133592556165723,0.0020040394987650917,0.0011741571230798635,0.0003435116624548168
2019-09-11,0.0028798467014928054,0.004790559757604427,0.003166802152065058,0.002369277936352193,0.0015658407509169935,0.000651268962928899
2019-09-12,0.001999389542846388,0.002394965684016214,0.0023941537031264685,0.0021559072744702585,0.0016845815538698936,0.0010169606436118968
2019-09-13,0.001482974474448132,0.0020377418730418125,0.0017942748342540567,0.0015116085315700159,0.0010914066632816504,0.0003848681332188248
2019-09-16,0.0032620225211089423,0.0040613183851502645,0.0036733235618290516,0.0033281258782078813,0.002777835757568452,0.002103223304463604
2019-09-17,0.0009297716896572768,0.0007026027095666246,0.0007133685623689667,0.0008757198639005191,0.0010562960661440958,0.0011988265269806857
2019-09-18,0.002544769368742285,0.004931442303900737,0.0023094438354254528,0.0012953917757929693,0.0006823232589650293,0.0007635422661790764
2019-09-19,0.0015280391111736913,0.0018251159809470872,0.0014985985882164292,0.001409257135521845,0.0013746431204971913,0.0014906448843102125
2019-09-20,0.006436984890022999,0.009317230899301107,0.007056409612668561,0.0059534591307685535,0.004758679601810269,0.0035329105486627864
2019-09-23,0.002852028281107234,0.004068736361731884,0.003419316146923551,0.002803889853542371,0.0019935219610768694,0.0007668506811579845
2019-09-24,0.006343262911385717,0.008950247393909566,0.0074758286252713975,0.00629126225231936,0.004446608243485421,0.002416127929085049
2019-09-25,0.0036469639057924302,0.005749569728445398,0.004079557140256251,0.003245380570191598,0.0021830218951680957,0.001226095627482608
2019-09-26,0.0010134288423043307,0.0014237082440164285,0.0011979316300621656,0.00100864574581674,0.0006960993367757533,0.00041386496647323196
2019-09-27,0.003987796085833593,0.005480482295405596,0.0046427804022162325,0.003901378129370519,0.0030207350379626886,0.0018910051770382014
2019-09-30,0.005694417239025858,0.007609953769978798,0.006535625796359953,0.005604376687009804,0.004592381452241283,0.0030011884440210444
2019-10-01,0.00977034928843801,0.013725050932427733,0.011471925776415377,0.009512779962586362,0.006995078600590319,0.004229942638862309
2019-10-02,0.010660218309741495,0.014353901189279629,0.012692637251841467,0.010460362632157596,0.008288388798562986,0.004790321181916598
2019-10-03,0.006614781195724669,0.010279416226594383,0.007592055438065638,0.005836762406662384,0.004197581466808941,0.0019451123463708614
2019-10-04,0.009065713416185403,0.011757374882333594,0.010636210025704149,0.00897389436706595,0.007452294888132307,0.004848039982968456
2019-10-07,0.002108587647420848,0.003250958454596677,0.0025612465680614925,0.0019007979254868287,0.0011914781381484438,0.00026332787763134324
2019-10-08,0.010949311729486945,0.0154019527017962,0.012246244070240943,0.010195172968403124,0.008544136339001702,0.005941605696780628
2019-10-09,0.006538921612123494,0.009523794490502242,0.0075114296862793094,0.006054722067508887,0.004706130918743998,0.0028028403948677336
2019-10-10,0.005162469970928859,0.007267067966843711,0.005373851311756936,0.004612832023691942,0.004206630893415379,0.0035486565762100444
2019-10-11,0.007870947941022582,0.011162799328725947,0.009124762328583542,0.007618862205077979,0.005606475474358324,0.0035227975389382485
2019-10-14,0.0025241733647138748,0.003290680722600041,0.0026386104911878413,0.002378967759272704,0.0021237426061104007,0.001973991052839189
2019-10-15,0.006483469923295955,0.009477514533621707,0.007393979025024964,0.006213664549190444,0.004432353835141872,0.002725310261994689
2019-10-16,0.0009553151629495506,0.0006625166704222927,0.00048428167608748106,0.0007063165473667315,0.0010622306373417323,0.0015041480081539882
2019-10-17,0.0015758843037185896,0.002225310635697244,0.0018753147544195306,0.0015674133276416028,0.0011359079578448887,0.00044852247622432297
2019-10-18,0.0030535319744695597,0.0026759101540123854,0.0028323380107286187,0.0029989396434851718,0.003256072598112037,0.003441221598027661
2019-10-21,0.0030056120980997336,0.0041205864576063945,0.0034145868054947155,0.002947500098664777,0.0023124427273049863,0.0015794734615228617
2019-10-22,0.002044771652967409,0.002218424859072313,0.0024395328702875546,0.002263565247980507,0.0018796650487034302,0.0011729696313841971
2019-10-23,0.001719742404657475,0.001966371805541599,0.0020029281731411587,0.0018449142366632107,0.0015357783266435486,0.0010709373176163075
2019-10-24,0.0023825575758197617,0.0035364395137780546,0.00263454694299355,0.0021938730807316916,0.0017328656721903055,0.001058186396065714
2019-10-25,0.003190409123973627,0.004316472641765631,0.0036732747720151365,0.0031845114924153486,0.002466849745023068,0.001594430043617783
2019-10-28,0.004577699981327087,0.007758885301233046,0.00493913357536914,0.003627006073017137,0.002403473528296491,0.0011178040737338235
2019-10-29,0.0015927254476864614,0.002384377929757928,0.0017501745747470633,0.0014374861621195116,0.001119981190864089,0.0007840779746670618
2019-10-30,0.002952244166876983,0.00440539939359814,0.003048812202785451,0.0025666916305984912,0.0022047360646542413,0.0018512594086070463
2019-10-31,0.004044753014891322,0.006044628759927921,0.004672909172340636,0.003826641750898744,0.0026682136573129215,0.0012899482812409849
2019-11-01,0.003664385991022475,0.00589519743820128,0.003958497844907788,0.003113170099763852,0.002261537629781237,0.0013817325759762932
2019-11-04,0.0011000951223181744,0.002189300110856806,0.0009189852065342127,0.0004942879634871258,0.0003074166191815634,0.000273225249414417
2019-11-05,0.003218043751249522,0.0052842634871561964,0.0034514083556848926,0.002624850328016603,0.0019111862770610673,0.0011835942950527447
2019-11-06,0.0004259503356418283,0.000280447664789014,0.00017203298869458383,0.00030183216561893684,0.0004828548607390833,0.000688963516842911
2019-11-07,0.0011310792553273288,0.0018391756338631694,0.0012814296955974403,0.000965070166900036,0.0006253655516081017,0.00022277753932032046
2019-11-08,0.0009337095191554146,0.0015113978604388784,0.0010272743516709492,0.0007842603163526517,0.000553027100049155,0.00031392360133104244
2019-11-11,0.000542174546577483,0.0007501867091251356,0.0007072913381108655,0.0005534860883241108,0.00030349753234074355,9.092555835732134e-05
2019-11-12,0.002211557470313493,0.0037034710624853223,0.0024638676626900467,0.0018063647428473723,0.0011316219377876672,0.00035365047475839704
2019-11-13,0.0015985803900068244,0.0024337343469279906,0.0018510141861334372,0.0014904797990492587,0.0010192940683291195,0.0004092548091137889
2019-11-14,0.0008624865866166661,0.0012131969171170099,0.0009812623430889191,0.0008390561633336847,0.0006725890443108972,0.00035819233247862543
2019-11-15,0.003473915495337354,0.005058801053430933,0.003954459816837465,0.0033272989966862472,0.0024470941417862554,0.001432492740098469
2019-11-18,0.0011505300028152384,0.001720125429747936,0.001356684102984461,0.0010826509854209043,0.000659439813964712,0.00046062909489004097
2019-11-19,0.0021403247641103565,0.0029574171260921675,0.002603370371732213,0.0021643505313261938,0.0015188832787082056,0.0006242415337131351
2019-11-20,0.0031641686548094256,0.005423670143292211,0.003273684112121621,0.002419819187504362,0.0017164916824704791,0.0010605386815156655
2019-11-21,0.003268150889684423,0.004964430451436897,0.0036627148537456836,0.0030026134182460293,0.0021705984557573938,0.001271147664968444
2019-11-22,0.002431250611309938,0.0036111395766292337,0.0026467869616640127,0.0022004622568444657,0.0017632669903547389,0.0012481757847236322
2019-11-25,0.003928554856400635,0.004988104476768729,0.004415757586066295,0.003989708850443475,0.0032947492331935786,0.002452440773545026
2019-11-26,0.001794721792929617,0.0025869535103596386,0.0018956236884305633,0.0016453188834090002,0.001400823402248039,0.0010723961510530223
2019-11-27,0.0012428362092958005,0.001808520266043552,0.0014280186202835757,0.0011860622112201428,0.0009020558504240148,0.0004390650942039457
2019-11-29,0.0031288033924848726,0.004515356990170317,0.0034970307172326708,0.0029633171364053953,0.002309251580147177,0.001488452030415943
2019-12-02,0.006954630547217626,0.008800502832947657,0.008110981537161043,0.007282992437926138,0.005653612407127341,0.003686766405898553
2019-12-03,0.006223438754206941,0.009252227846371412,0.007255525316931311,0.006041788369145736,0.003989584194329417,0.0017290439988139764
2019-12-04,0.005677788010607972,0.00900937110458345,0.0063295708500986855,0.005023611989621445,0.0034147005209890294,0.0017485112382209342
2019-12-05,0.003684446930945226,0.005681065087715178,0.004195784473473348,0.003387833567195117,0.002259256062063809,0.0011895309256493227
2019-12-06,0.0036959358421045927,0.004693760935284312,0.004346274835732822,0.0038706527436635483,0.002967392063755235,0.001894952178123179
2019-12-09,0.005154257256068324,0.00803341355177918,0.0057983949908513455,0.004572196395762883,0.0032743822750089815,0.0017458987314576374
2019-12-10,0.0012470498174936206,0.002067618943721189,0.001318530613382976,0.0009877493382359852,0.0006938920735978163,0.0005522320134726406
2019-12-11,0.003350525155742289,0.005112588980728873,0.0037784107287471293,0.0030754096932450316,0.002195630482565811,0.0011984166128897172
2019-12-12,0.005478032252653491,0.007800170010543529,0.00629860431375258,0.00527195637990097,0.004012380517829916,0.002374109689865774
2019-12-13,0.003733963862777683,0.005468266595608501,0.0043375953148998975,0.0035746267160085728,0.0025645135948010834,0.0012810432582223928
2019-12-16,0.005039173403786653,0.007391841740471064,0.005600579504975186,0.0046464058014272554,0.0035833689217677246,0.002555564156582207
2019-12-17,0.003057330850076084,0.004351419158244827,0.0033983092702800774,0.002881580342151145,0.0023492742755813196,0.0015589772790977677
2019-12-18,0.0010200544819874908,0.0018378952508794025,0.0010511662041111642,0.0006918059190506901,0.0004197401123352922,0.00025489056025378756
2019-12-19,0.001697135904149967,0.0030244668939141124,0.0018283243478520472,0.0012020910631348489,0.0005567408308915189,0.0003952191741212609
2019-12-20,0.0019157909487592382,0.003723570507279068,0.0017177587844391345,0.0008762129970017192,0.00038270226867091403,0.0007882842063508621
2019-12-23,0.002864069044734394,0.005716372517528878,0.0024488386406894933,0.0012274537750252797,0.0006507705630672921,0.0006407705690469576
2019-12-24,0.0013022037412249205,0.002080628348472768,0.001518856442980364,0.0010927993633775494,0.000376619643279153,0.0007118152113767455
2019-12-26,0.0012880393084597193,0.0019765001312105667,0.001337182525821975,0.001085546214984977,0.0008809489135994907,0.0008038251373324936
2019-12-27,0.003143045767916114,0.005073588223297334,0.0033598743246151964,0.0026422013702653447,0.0019580304878666233,0.0012443950686337045
2019-12-30,0.0035948895218556104,0.005142689256966384,0.0035367786866776435,0.00308863040815301,0.002817418195834141,0.002860526876485673
2019-12-31,0.005759757787993884,0.008423952639884338,0.006726121287390668,0.0055132542217643426,0.004014291262483722,0.0017775985981714824
2020-01-02,0.004312678387324393,0.006229318225042145,0.004473135138170019,0.0038663988675020577,0.0033504845220855826,0.0028298134415443103
2020-01-03,0.005931469074792976,0.009257051507629375,0.006129864230527879,0.005013301051723348,0.004063300155381841,0.003316593619752384
2020-01-06,0.00103943394168683,0.0009032325864152285,0.0010234649021861049,0.001117563094442919,0.001111213574858186,0.0010271622099133142
2020-01-07,0.001576632185402983,0.002286139436248548,0.0017392543017968986,0.0014336398522227169,0.0011466995303086457,0.000898422591691596
2020-01-08,0.004017372134386743,0.005921516519076914,0.004409086814591283,0.003724192481455474,0.0028931227374042875,0.00198801938969841
2020-01-09,0.0026115254961629262,0.003118021313319912,0.0028793854865607404,0.002694192610224462,0.002347862591262085,0.001821064750791475
2020-01-10,0.002101262012418765,0.0033932688625264227,0.0022874807724440486,0.001791684755740232,0.001268718964788884,0.0007140632261300794
2020-01-13,0.0029669454073429588,0.003978893297361004,0.0032189508801334344,0.0028591333191970558,0.0024000339981319796,0.0019712387174411657
2020-01-14,0.0010715577685523883,0.0015644490514607385,0.0011580824199731337,0.0009456834232099275,0.0007650671747185429,0.000687662425825182
2020-01-15,0.000752484116062266,0.0014910198310506397,0.0005620817501679674,0.000337564788709757,0.000293088868776958,0.000303701535383452
2020-01-16,0.002637193541876222,0.0047155611287519154,0.0025932983166948973,0.0017975326327680436,0.0012970167605292,0.000948082235483795
2020-01-17,0.0011731390434373886,0.0018884042260099208,0.0013182186633299516,0.001001762375231986,0.0006801505197533746,0.0003337252239061488
2020-01-21,0.0027754867237072675,0.004383654235368047,0.0030845444930989343,0.0024738228945588646,0.0017356514545199537,0.0008083983529105614
2020-01-22,0.0025988558188166978,0.003949507987469291,0.002971706665827138,0.00240703858571261,0.0017395999821571552,0.0007214992260226778
2020-01-23,0.0011670750073061492,0.0023930781130041727,0.0007743833470213129,0.0003459169997874109,0.0003649983756224641,0.00048056795082562
2020-01-24,0.006408866178899592,0.009992218864495698,0.006978648104573744,0.005632228088229921,0.004241580318241421,0.0026662453858978946
2020-01-27,0.012209903143123837,0.018651254554788926,0.013448852223796836,0.011093579221030018,0.008106522749279359,0.00528058142626492
2020-01-28,0.008759362687551587,0.01300077947564223,0.009988901505554397,0.008352464424084542,0.00588939449643441,0.0032225958027928005
2020-01-29,0.002100834728841697,0.00325856558226267,0.002422893133786027,0.0019089523157017191,0.0013048761798766584,0.00048173769776719985
2020-01-30,0.003358859867499814,0.0037164845772462325,0.003943434769417605,0.003693692796044372,0.0030287418239557705,0.0020567253453522972
2020-01-31,0.010793380282644083,0.016220076301155493,0.012194318613366503,0.010027917777533138,0.007334945254829137,0.004041342737870906
2020-02-03,0.0037800438525301848,0.005846634582057304,0.004169205760592162,0.003362673758288094,0.0024626088569360024,0.0015831070204044854
2020-02-04,0.008945346692355631,0.01375378894754824,0.010002783301966856,0.008109156383634065,0.00585303675963522,0.003295041193749744
2020-02-05,0.003234446213353221,0.004162209015759025,0.0036218881226934576,0.0032567198489165225,0.002727110381996486,0.0019551979084689664
2020-02-06,0.0011578051262715254,0.002023281151797778,0.0010794951009600738,0.0008153577634658088,0.0006597731336485134,0.000586070294041447
2020-02-07,0.003843449396129611,0.004795122274700514,0.003931706247593257,0.0036884875223384787,0.0034205423120861086,0.003178671852383386
2020-02-10,0.002327836690312637,0.0028555477737355877,0.002460209916688262,0.002317623821118577,0.002064281055841649,0.0018040775781124096
2020-02-11,0.001210315818513118,0.001666787659019737,0.0013544687798785246,0.0011714028867075425,0.0009686408894466968,0.0006333286911978864
2020-02-12,0.002833855663383961,0.003785955558822286,0.0030601778575355828,0.0027631061939758913,0.002347633702234338,0.0018191761190945374
2020-02-13,0.002032994062161565,0.003041025785895851,0.0022899711081463027,0.0018670234228313903,0.0014092856068301407,0.00083764932655198
2020-02-14,0.001076925487788121,0.0016420674266698053,0.000984235539339753,0.0008496724757088726,0.000837780770996378,0.000842566059357052
2020-02-18,0.003382710256596403,0.005128210079382497,0.003698445440879888,0.0030266487134688463,0.0023582455557413723,0.0015857747529363947
2020-02-19,0.0020253265569421075,0.0031593851294027,0.0023115117647997587,0.0018378677275191773,0.0012418281991532043,0.0005148225097134442
2020-02-20,0.0035957983862377474,0.0047585930675332,0.004195800945981413,0.003694398517342459,0.002835957428337242,0.0016457951486722234
2020-02-21,0.006512717673953746,0.009845847170654776,0.0074004630462574175,0.0060602241923464325,0.004318255923887384,0.002235228447059874
2020-02-24,0.024283073265904568,0.03704934367483922,0.027432097181741326,0.022213418393464773,0.01565501352170108,0.009200489583377276
2020-02-25,0.015031155328513124,0.02083654400056407,0.017939844919221726,0.01440518907480948,0.011278431223711671,0.006242280655919694
2020-02-26,0.0027966268343620235,0.005204199189110838,0.0027740430174559966,0.0018097407087178372,0.001011817109959676,0.00016634029557745458
2020-02-27,0.04402789242067618,0.06793478080105445,0.04985169456866515,0.039574039576659156,0.0279924326943062,0.015565017334334453
2020-02-28,0.01430995734565349,0.028533050434299177,0.011716105331023017,0.006492370048018786,0.003867727466944949,0.0039194540894432
2020-03-02,0.017862134306946865,0.0298264983105401,0.019834311861216838,0.014652504108091173,0.009188845841061161,0.0036233295450408968
2020-03-03,0.017587673587936167,0.02648506336074965,0.019216090434898657,0.015835471829818447,0.012380488529979795,0.008477967565394142
2020-03-04,0.02120945274637634,0.0351227456468214,0.023543844449274483,0.017587119043150967,0.011385271636150454,0.0047279371097777995
2020-03-05,0.04025879048706915,0.06318354849123063,0.04401457358992226,0.03473074504393599,0.02595068689186998,0.01716813232985799
2020-03-06,0.027783685014788572,0.04015123636893402,0.03091471652092216,0.025961862072785852,0.020107253700621233,0.01461178811146827
2020-03-09,0.07627460694996778,0.12541515704551665,0.08536103759469031,0.06208733257050236,0.04063387598677305,0.023825642225090496
2020-03-10,0.039463559362418875,0.0655039159811918,0.04450478649753121,0.031314828955218456,0.01986884985335501,0.011833589933074715
2020-03-11,0.045265325160897006,0.07353686323095932,0.05051205104085403,0.0371732528724059,0.025298994468771655,0.016239485988147766
2020-03-12,0.13085973496500955,0.2232609328901374,0.14010117568361094,0.09866653155081082,0.0670942232943163,0.04371325136527294
2020-03-13,0.11741665522401601,0.199190621101137,0.1280191996390031,0.08909904951730249,0.0590877447720205,0.03791481770995934
2020-03-16,0.18454352022896267,0.3188024569035252,0.19630487374877809,0.13612284785939305,0.09064209129841189,0.058013152671949064
2020-03-17,0.039538743420869556,0.07330860094927817,0.03930417618534009,0.024943186082768423,0.014724466490616876,0.007656335439693259
2020-03-18,0.04219477141990357,0.04846520428247383,0.044331707319210746,0.04210363163074813,0.039164071778526724,0.03579493066259723
2020-03-19,0.06725840586489197,0.12383622824257522,0.06855966224556645,0.0431310414232797,0.024503149171338372,0.011042464910055243
2020-03-20,0.038644491424143744,0.03987171295258039,0.04052306215002257,0.03964214048478088,0.03769478180959335,0.035252172266089954
2020-03-23,0.0707912333696376,0.1258988577320199,0.07394154928227904,0.05005892670605988,0.031099980512935506,0.016309923071974493
2020-03-24,0.03834246285819301,0.052882174991158395,0.03825140674335752,0.03413176827730541,0.03193990369941473,0.030098051206925602
2020-03-25,0.03490816145271654,0.06369733911633628,0.03623864759002806,0.023184051691335104,0.012766195726036204,0.004672481594064223
2020-03-26,0.03337367362584958,0.0537466012968481,0.036003420683458895,0.027337175181398457,0.020359485918623195,0.01490762190230503
2020-03-27,0.037855157478338224,0.06134104035004921,0.040378279859708315,0.030777559044877542,0.023151271605650278,0.016991071336855894
2020-03-30,0.031872430826267596,0.058313934811729286,0.03308146030703129,0.020908842829443868,0.011363719540545705,0.004248222491960344
2020-03-31,0.019857389364807312,0.039714524222473985,0.017936659000911716,0.007608843857455866,0.0026954713066584327,0.0027298939875368268
2020-04-01,0.03981870412239792,0.057284299944263435,0.04439352312671815,0.036171841184163785,0.028884592045040344,0.023079175071214545
2020-04-02,0.031144269809910394,0.05187092005810938,0.03375125622072135,0.02451894145283053,0.017076679865784473,0.011282578632790688
2020-04-03,0.014513265410019224,0.026137255289612957,0.01480475082559076,0.00994437355522877,0.0062902999236695255,0.0035184037133935554
2020-04-06,0.027328236898612943,0.0438436892882093,0.027214593459992022,0.022366443052362697,0.018637979773620025,0.014954176924305033
2020-04-07,0.01163081452712701,0.021341551397273412,0.011792554446021269,0.00743677938521262,0.00453187916915859,0.0024514199944375282
2020-04-08,0.009449147512554852,0.014395168983025928,0.010294076546918239,0.008258357844033847,0.006453536919106773,0.0048367787338304226
2020-04-09,0.00653253708651949,0.009641007332726312,0.006742700262316313,0.00573539589355242,0.004939705826224624,0.004202584325296075
2020-04-13,0.004661236047568144,0.009385383895075268,0.0032384182592133846,0.0015260864930971949,0.0016231411593519043,0.0022581622104274647
2020-04-14,0.02137164822756491,0.03393875780059522,0.023276763692678913,0.018032905359320554,0.013396487968437114,0.009243276755292006
2020-04-15,0.023562299825180703,0.037390187242551456,0.024929839106788403,0.01942294733667787,0.015418940101402205,0.01189084892853104
2020-04-16,0.0035205601145420116,0.006607620920414365,0.0029498501988263082,0.0013222744676563976,0.001667521622142276,0.0022539762751588783
2020-04-17,0.014027259974496843,0.020886993991699243,0.015271310310459472,0.012521948085387107,0.010000343146462172,0.007585158432943689
2020-04-20,0.027853799470858438,0.045754524606166996,0.03032096035132976,0.022591117564339305,0.01592368816787575,0.010119838367146552
2020-04-21,0.02349774517093648,0.033725055830177535,0.026054958883665793,0.02146907005159193,0.017191942040695008,0.013711164334310157
2020-04-22,0.01858572901199654,0.030699949144402355,0.020728356222017436,0.014932070037433388,0.009844447713966899,0.005925801127718145
2020-04-23,0.002156863020185432,0.0013621185444729605,0.0016603495345548444,0.0021721630839552537,0.002509147811879705,0.00276297805419529
2020-04-24,0.024067423919864328,0.03911307534863093,0.02637456849844735,0.019897945389354802,0.01400563463761317,0.008869493315024282
2020-04-27,0.021190180421962152,0.034079137152671884,0.02316687519054734,0.01768035101884486,0.01283405909904654,0.008349799476881735
2020-04-28,0.004132842127340672,0.005232138682715461,0.004528318190621072,0.004029456643163764,0.0034719471687152965,0.0030380983255064234
2020-04-29,0.01648997867190047,0.025398025023742263,0.018237133583922486,0.01441813128667953,0.010867142902436495,0.007481106995110269
2020-04-30,0.013840888046355117,0.02178910272273736,0.015141655089121757,0.011786481503493986,0.008838121513393044,0.006064870579084575
2020-05-01,0.022525383232927278,0.03443822211984062,0.023931766126569557,0.019108650606859217,0.015869270777763355,0.012699196557495658
2020-05-04,0.006215159239120394,0.010068456164214921,0.006859960323986264,0.005213303458651085,0.003585955177017216,0.0021611453392067033
2020-05-05,0.011156343606466248,0.019053874779189385,0.012035600253997542,0.008589508358438774,0.005634355019016582,0.0029813730784052613
2020-05-06,0.004587787867090883,0.006485840786269921,0.004625463942200261,0.004000426586533808,0.0037857683919384874,0.0033826742364654783
2020-05-07,0.014033592418657254,0.022262148545668388,0.015339712256848494,0.011807601793231034,0.008869233922051816,0.005976268099832153
2020-05-08,0.019082123756107086,0.03003270382777533,0.02093068122394,0.016152505835344128,0.012196871275772703,0.008421009787030975
2020-05-11,0.00824392507773211,0.01221803172937343,0.009207282926617062,0.007507621783314938,0.005784757483047735,0.003991157880436484
2020-05-12,0.024508701640147467,0.03884909400502811,0.02705675574702739,0.020848712039198424,0.015230141095837788,0.009769142867748432
2020-05-13,0.01532502099600707,0.024139154361227766,0.016806053987450772,0.013017536886166903,0.009743937005889632,0.006688687747124612
2020-05-14,0.014849780550675392,0.02488932833890922,0.0161849510135365,0.011747514845328147,0.007980230762282157,0.004411396545653116
2020-05-15,0.002200679134631983,0.004027773043491981,0.002449564867149067,0.001311468683190904,0.0003803987231048022,0.000356323230004638
2020-05-18,0.023782650892577032,0.03437697629028424,0.02645316439631449,0.021782221638193783,0.01741668970494087,0.012989216765308828
2020-05-19,0.006297880521907293,0.009946105098984427,0.0071402381608738985,0.005360648325303281,0.003772448359061805,0.0023325030798881205
2020-05-20,0.011440455301518795,0.017643308370075488,0.012843969404251152,0.009986521599633385,0.007373838736414542,0.004905313023726455
2020-05-21,0.010741678267370809,0.014968916309659953,0.011804401565562216,0.009900674094791166,0.008319055527857113,0.006802637413903622
2020-05-22,0.005344215183892217,0.008399145626716663,0.0060127080543174085,0.004549190387921766,0.0032704211937818373,0.0021711946672687706
2020-05-26,0.009063892573210728,0.0103678345021251,0.009703394769713556,0.009142633352103722,0.008394957648099954,0.007420230592695331
2020-05-27,0.007375387227972938,0.01024311719088909,0.008392293882806373,0.007013058541716375,0.005573839104551065,0.004047093393794008
2020-05-28,0.006493770388694536,0.011710482544114128,0.006646452924132854,0.00448214463801027,0.0027590209590888154,0.00135377775427819
2020-05-29,0.00564052681630662,0.009930494574268292,0.005865560603759027,0.0040918103017874,0.0026758532894672477,0.0014680217194791058
2020-06-01,0.004790191392288364,0.008294252049290183,0.005222857845118047,0.0036021930320582303,0.002195235597978588,0.0009284141185165652
2020-06-02,0.006954068319151658,0.011690723253006883,0.007745530597876265,0.005542511370719588,0.0034855625933436015,0.001503495137816706
2020-06-03,0.006652184715590454,0.011815284941743179,0.007065736142668104,0.004770674500413531,0.0027824253291986053,0.0011095026173132763
2020-06-04,0.00669695338035717,0.011811567931268138,0.007253135590019479,0.00480293578911553,0.0025428961323499953,0.0016094399886078842
2020-06-05,0.013702782425582453,0.01915785754601747,0.015715492209986793,0.012970720741711562,0.010185771592436096,0.007269215251033495
2020-06-08,0.0034263953298317553,0.0060760969903882606,0.003782966528317985,0.0024603087533629562,0.00112307317998226,0.0003958811198010726
2020-06-09,0.01128040704758085,0.015867686480050637,0.012729834456126706,0.010612753246798149,0.008465554379653033,0.006173298458174428
2020-06-10,0.0026678360655996783,0.005193810550963573,0.002262373494738583,0.0013676251905114347,0.0009332294122505715,0.0008668498704877712
2020-06-11,0.06664308880317218,0.10371793331843113,0.07424265619905136,0.057853655772003944,0.042641668242852475,0.027780701540482844
2020-06-12,0.02250594313020846,0.0376653088109229,0.02473487778928387,0.01802275157148858,0.01185473395767957,0.006061635291976649
2020-06-15,0.010525029756129855,0.016571043298501318,0.011593205374602848,0.008855287415362758,0.006656842854167452,0.004706346564460201
2020-06-16,0.00599480266646564,0.010610383274477502,0.0066237313520891745,0.004251405825834167,0.0021782198968850965,0.0006443224179196934
2020-06-17,0.004365217739517939,0.006811491676623175,0.004767537918015271,0.0036331871983173573,0.0028096405841807584,0.0022484802592634997
2020-06-18,0.0030516395019907793,0.0057208379029007874,0.0024696109549884283,0.001733050300896475,0.001579492174772386,0.001495758936019757
2020-06-19,0.010979953893159434,0.01403389898432625,0.01139359851070591,0.010345546240343976,0.009594508027464248,0.008771979164015986
2020-06-22,0.02027035732057908,0.02827752082250545,0.022409465103212216,0.018959031844438562,0.015629046438386474,0.012203386349238343
2020-06-23,0.004226160372481628,0.00769628864480374,0.004459264144713713,0.002820511459961146,0.0013758712878678705,0.0005796163874965871
2020-06-24,0.016509131714796753,0.026290920953996842,0.018350423259269017,0.013586544027671192,0.009916321137721732,0.007202706988114539
2020-06-25,0.009379607167952508,0.013862808552734468,0.010130974017615884,0.00827988983886506,0.006832528083960956,0.005461780098859557
2020-06-26,0.013907725549418595,0.021346682009265826,0.015165361151970966,0.011966446553385968,0.009447845478583912,0.006999822198676821
2020-06-29,0.01619993429002083,0.02532584776688668,0.01789737170838069,0.013987838562911012,0.01041540579095637,0.006806950152098314
2020-06-30,0.010025218590485128,0.01409760690878178,0.011018965329596349,0.009339212867742959,0.0077267073934242925,0.005953319856437387
2020-07-01,0.006565906497513722,0.01048624900145536,0.007385837927701249,0.005328728662167228,0.0037537616146711686,0.002925328227889898
2020-07-02,0.0058453768514230625,0.008062705557292943,0.006438907861351975,0.005405868436491012,0.004570627586159846,0.0037764198973584844
2020-07-06,0.004943458685229727,0.008538596186662311,0.005428363335886235,0.003634943722117998,0.002072634352334014,0.0015183993203857445
2020-07-07,0.008897158162765817,0.013431649834464696,0.009832852458983764,0.007673105658845604,0.005997785113913092,0.004883946701802517
2020-07-08,0.005591754716914724,0.008221846384136203,0.0061309274655891146,0.005050565009860011,0.004062840968424717,0.003022695959654101
2020-07-09,0.006786473547031039,0.010571134039834026,0.007738692015227865,0.0058537339601243965,0.004151668039345127,0.0026725153401314008
2020-07-10,0.00778872963124855,0.012003214906844762,0.008844544950937252,0.006744073681939163,0.004907998797139244,0.0033834037350353647
2020-07-13,0.020713463622243144,0.03246674658082932,0.02296963231462557,0.017859955574167637,0.013141712463992443,0.008477122998964425
2020-07-14,0.013671759033580743,0.022228656739773256,0.014781441402194255,0.01122622795520315,0.008195794507946922,0.0053648432653374154
2020-07-15,0.00729300463564628,0.011694576760864337,0.008209638016601658,0.0060120677440025395,0.004153875202275505,0.002894592085917488
2020-07-16,0.0014138352113899934,0.002374785844843933,0.0015105329348168873,0.001060338859607318,0.0007573431385832698,0.0006127359480565828
2020-07-17,0.008037089881150136,0.012766024201972532,0.00902101390781846,0.006837186657691627,0.004830299158262122,0.002923198862137667
2020-07-20,0.0106839840254943,0.015971680913883558,0.011953948859751741,0.009601692527803563,0.007375460679699016,0.005114310226447899
2020-07-21,0.0020411373468248394,0.0030820978014015174,0.0022551825675631923,0.001805727031273954,0.0013934774855474334,0.001021569115806511
2020-07-22,0.0030102700309301966,0.004167224190483696,0.003397769752721065,0.0028560933800610383,0.0023066677382464506,0.001708814237718158
2020-07-23,0.008824895004597225,0.014070255511296998,0.009867745394965717,0.007469261913412866,0.005256845908367846,0.0032596115477600738
2020-07-24,0.003910080489479769,0.0044230453520797625,0.00427122448191784,0.004007519662846331,0.0036193254137314936,0.0030785106969085587
2020-07-27,0.005745614429013279,0.009080916321358677,0.006722398097844254,0.004995731659409099,0.0032367964588349363,0.0014044793641277583
2020-07-28,0.003857688473745112,0.005378540143205826,0.0041765757015471295,0.0034704135321704417,0.0029832613506675714,0.002663213241338438
2020-07-29,0.005228130690148188,0.008162252237054562,0.005903048901871681,0.004512590362220994,0.0032249212540347736,0.002105900229170679
2020-07-30,0.003936891231657184,0.005791122971977482,0.0044911698340783625,0.0036059051337190362,0.002737251955156482,0.001814593892584797
2020-07-31,0.002000263288711527,0.0026374977770115583,0.0022516582722200366,0.0019769949399545453,0.0016300096936916822,0.0011888927740140041
2020-08-03,0.0023937851608612304,0.003439245322869744,0.0026743861268369432,0.002176751563538333,0.0017462582178628461,0.0013720868422507782
2020-08-04,0.003905792696915964,0.00585580499316941,0.004404096819052176,0.003527762166220017,0.0026613138397414016,0.0017498185025266659
2020-08-05,0.0035832342924614537,0.005671850627904061,0.004056127057779556,0.0030693608527533954,0.0021104858187763905,0.0013040925134284993
2020-08-06,0.0038739461254174846,0.006466723653871749,0.003900239344112879,0.002909997535624911,0.0022889155082617104,0.0020735696986046185
2020-08-07,0.0009486372872852232,0.0013915785389122662,0.001143273478904028,0.0009008115562657444,0.0006093593465566241,0.00027058855015501057
2020-08-10,0.0014879949887241747,0.0021774753375626843,0.0017466852078301665,0.0014065973324552973,0.0010003834996177784,0.000546858454645233
2020-08-11,0.007064028030171965,0.011243064646054032,0.007800940756810703,0.006015255294893943,0.0043529121338239255,0.002666484656080797
2020-08-12,0.006864292116230138,0.010694750673158957,0.007841771210295868,0.0060426568375819625,0.004213560841261338,0.0023353087567279055
2020-08-13,0.0028305737100041773,0.0037732217939605546,0.0030713236351454115,0.002693411343576277,0.002314519891626646,0.0019439750682998837
2020-08-14,0.0035697922308349905,0.004829764759744245,0.003575257457147167,0.00316594570221258,0.0029626142642765366,0.002967775912875224
2020-08-17,0.006896638956529852,0.01001872696301176,0.007789962741114244,0.006389846859364026,0.004945228488580373,0.003387374695233417
2020-08-18,0.0018916673267462966,0.0032229924460293216,0.001984356377983219,0.0014563312006056713,0.001022640417062552,0.0006324411790239652
2020-08-19,0.004753499717804042,0.0065918153013940365,0.005304475202134609,0.004484615817415209,0.0036467500920647922,0.0028246674909229094
2020-08-20,0.00245864214795155,0.0037479842880301572,0.0026727495543709175,0.002161082055130219,0.0016858515251332586,0.0012333931412604044
2020-08-21,0.0013543874917337714,0.0024617434746245243,0.0013389325987453419,0.0006987228064709849,0.00029112144057663933,0.0008636785840455917
2020-08-24,0.0018804894405814463,0.002237052141393097,0.0015427686796642595,0.0014142801935789746,0.0017038143359766023,0.0023223895971602156
2020-08-25,0.002155992835112634,0.0034026749445644796,0.0023745758629608905,0.0018334734103591542,0.0013398216986686012,0.0009316497664060668
2020-08-26,0.003953729621658645,0.006474407049133323,0.004529056369176172,0.003319762013258487,0.0020496800611603007,0.0007124487315382165
2020-08-27,0.003765030196668764,0.005621950169825801,0.004103683836166415,0.0033540288299177823,0.0026790204629031263,0.0020010140272739125
2020-08-28,0.0021441022101335518,0.0034782312709365887,0.002287382689737157,0.001718224967767658,0.0012355567715777221,0.0010847863929898064
2020-08-31,0.013835314791478159,0.021107026354799052,0.015497031678250561,0.012311853182611642,0.009192900486331392,0.005943397713077281
2020-09-01,0.0018757787344637808,0.0033879131418977264,0.001912050198733351,0.0012759501194107572,0.0007826984372401247,0.00046708921303182554
2020-09-02,0.011193251431603607,0.017186939968770833,0.012719441077048215,0.009953713944174117,0.00711195963187722,0.004428646538723726
2020-09-03,0.01946575235565415,0.03040640729919487,0.021977265890383284,0.01686740895584814,0.012052400978788017,0.007566894921949345
2020-09-04,0.012533849426541382,0.02225816751190272,0.013464623829650172,0.008980312543172247,0.0050376799799671315,0.001655463204222686
2020-09-08,0.003632874596493583,0.006791728824768705,0.0032857627162028676,0.0020438073257756663,0.001496469088970772,0.0016274225000656223
2020-09-09,0.012836356229698007,0.020137691225185262,0.014413899117961128,0.011040880176477424,0.007929196398109602,0.005079362167018976
2020-09-10,0.006998644000305266,0.01099729731093959,0.00796939804132927,0.006089618932083627,0.004228453375489156,0.002343066205216061
2020-09-11,0.00983504863364466,0.017922835638975756,0.01033875818776628,0.006629150476179323,0.003372729589406106,0.0004494541187381101
2020-09-14,0.004282086784038152,0.0053483939598501385,0.004665989711369517,0.004195836407780749,0.003696183135991186,0.0031682400884654053
2020-09-15,0.001703290734447317,0.002681878764971141,0.0019956272883335006,0.0015009950095103883,0.0009611474791283001,0.00039268836386653156
2020-09-16,0.0028156353202155836,0.004082691939916528,0.003052836849094979,0.0025359039006592364,0.0020901377544796144,0.0016885912923784142
2020-09-17,0.004213677931703083,0.00619567274583482,0.004619167411989291,0.003719324667254829,0.0030301894376257997,0.002457013674930287
2020-09-18,0.002179474265472584,0.0041146401280111565,0.0019955972299067555,0.0012028114391432576,0.0008803709802045758,0.0007848950638874425
2020-09-21,0.008028323685474445,0.012564009438461674,0.009068232687467115,0.00689202100225301,0.004955456015794482,0.003182173931446623
2020-09-22,0.0031148649752423384,0.005733012702376712,0.0033031951691775167,0.0019814425743019328,0.0008693579445990772,0.00022691008697949967
2020-09-23,0.0105823389974889,0.01739669173832238,0.011801405753911354,0.008562894171529672,0.005777969705703536,0.003362044254521506
2020-09-24,0.002765067450827362,0.004569493853959325,0.0029645487072966943,0.0021283582863866036,0.0015444717427750092,0.0012821329725723047
2020-09-25,0.007393743340579087,0.011859227223875264,0.008221406784453333,0.006204629296625833,0.00439680984701705,0.0026972284904054366
2020-09-28,0.003460792407165338,0.0042235333979985384,0.00378112745480109,0.003435978380403604,0.003036958464192433,0.002592527162861674
2020-09-29,0.002322547195366981,0.0024976114037392923,0.002295725419588699,0.0022648537667349705,0.0022869095107833646,0.0022590245133897705
2020-09-30,0.0030545394647069324,0.004938688259097185,0.0032416907694273636,0.0025262538212303272,0.0019161107444465838,0.0013032333589427293
2020-10-01,0.0034984934629814887,0.005758476185216706,0.003725233986046932,0.0027428821310877213,0.0020219545626057956,0.0015962968670743074
2020-10-02,0.005161587477073138,0.0077721161235031885,0.005774711889356268,0.0045917040925519854,0.0035147177006116556,0.002453538869989389
2020-10-05,0.008462432143263048,0.012776050208970727,0.009435176340240319,0.00746339315619161,0.005739659111709281,0.004143410824498493
2020-10-06,0.004599117116697533,0.007533563383565683,0.004898638457373019,0.0037243270756749216,0.0027610767785293745,0.0018745661182540804
2020-10-07,0.010022033257904753,0.016024772596916988,0.011189948600040944,0.008485844342266681,0.0059738161622348625,0.003535736545180809
2020-10-08,0.008951372128359064,0.014520675623707083,0.009859183169172326,0.0074473450549732405,0.005234910349431288,0.003116819987613696
2020-10-09,0.009674178374814978,0.015532733684327445,0.010796863381622678,0.008177218626236368,0.005716158430447594,0.003251029050282312
2020-10-12,0.0045726537338820605,0.005650446338453443,0.0051617103738983445,0.004671632074036277,0.003935744704604176,0.002942920390902844
2020-10-13,0.0033654939170675515,0.005390032698873917,0.0038620470646279453,0.0028632153598491914,0.0018609089364064696,0.0010019492194159752
2020-10-14,0.0015733646165808602,0.0027343337057187172,0.0015313786891337532,0.001101656293937556,0.0008674295761720009,0.0007678534496833068
2020-10-15,0.0025063186770082056,0.004384638142594872,0.002611268764076546,0.0018385803592174126,0.001213495627647744,0.0007151510177864002
2020-10-16,0.004220142677074885,0.006159961647403217,0.004744195128530609,0.0038550034578557894,0.0030089514935109827,0.002163484552500831
2020-10-19,0.009008861905781537,0.012372517610369022,0.009850668463193909,0.008439224878937165,0.0071367867332813315,0.005790411173909986
2020-10-20,0.0015048543866630964,0.0019673159609329117,0.0016558667563677174,0.0014553725761235789,0.0012305174499767377,0.0010384720941271621
2020-10-21,0.007075249900011164,0.011510424618712708,0.00793119489842508,0.005908707275904477,0.003928042477883198,0.002135354522740186
2020-10-22,0.002450689372804193,0.0023279451628693956,0.002137230976502392,0.002317928765995149,0.002598030016723268,0.0028142056338522525
2020-10-23,0.003879505822359558,0.005114497025891342,0.004387983849247742,0.0037969994568944985,0.0030669843629765815,0.002452905844319786
2020-10-26,0.01776923001106785,0.02867046667114873,0.01950657454504565,0.014888785442439835,0.010672098704728775,0.0063762013451440554
2020-10-27,0.0027372320831063955,0.005219436251548595,0.0026279740744556135,0.0012431050273859926,0.00029789048267238013,0.001295911268245359
2020-10-28,0.03323726716537768,0.05541593037553955,0.036447833802909044,0.026579771973194385,0.017951274147861112,0.009771243171862157
2020-10-29,0.013187173286319218,0.02271978596636631,0.014440426755010552,0.009951476258094828,0.006161217551432847,0.0027929582455215344
2020-10-30,0.0029128331356847188,0.005412669875155198,0.0031430440463280757,0.0016533232666560076,0.0005921807550726739,0.0004038656415181598
2020-11-02,0.012011111221329586,0.019308480969410558,0.013262296245632946,0.009745830834574767,0.007158646390612825,0.0051381502508924225
2020-11-03,0.012931689872935366,0.021944927669048715,0.014306822696123885,0.00998168699825505,0.0062870911243394865,0.003273591094487494
2020-11-04,0.020306701141925232,0.03214124158783566,0.023233941830113933,0.01761997043901923,0.011953108168990667,0.005966149461176772
2020-11-05,0.004038119153768194,0.008119641976910152,0.0033112202427737236,0.0017694992825106135,0.0009747630345038484,0.000746977567635818
2020-11-06,0.008841376571904735,0.015754125862309155,0.009101840113274565,0.006237846725581922,0.0040088954815390675,0.002198123869184823
2020-11-09,0.007479662541540169,0.010601284476228417,0.008182680369967894,0.006935602617507639,0.00575183764602834,0.004381443611341878
2020-11-10,0.0022215411873073372,0.003778324029931363,0.0025161652153357695,0.001759956669835902,0.0008835096652289559,0.0004374580668351363
2020-11-11,0.004839416131664247,0.007818022080640957,0.0055653479996797635,0.004136781515595297,0.0026189248590895203,0.0010165855304909693
2020-11-12,0.008826528502982708,0.013819101702478652,0.009645277537136983,0.007608144845669862,0.005744435699311867,0.0038284026619154884
2020-11-13,0.008176129103042745,0.013565437486431964,0.008897941333343913,0.006632386998552983,0.004569599339667298,0.0024861990979257367
2020-11-16,0.0028629914207350705,0.0051605452747141255,0.003061619241325922,0.00199201425205812,0.0009864186870003212,0.00019420828590864598
2020-11-17,0.0029500585458306435,0.00474623553311625,0.0032081625556375217,0.0024062813141761943,0.001691481286116239,0.0014296397083521184
2020-11-18,0.0068993699678216,0.01140769404322623,0.007700277650593494,0.005688612054070035,0.0036905669288872915,0.0016112663113206163
2020-11-19,0.003679669746252855,0.00563969719177234,0.0038532961631031907,0.0031394440118962677,0.0026001192722554215,0.002104529053775869
2020-11-20,0.0036377751669127794,0.0050311464306133594,0.003978306588824428,0.003426283584633643,0.0028790241460208157,0.0022359525639821273
2020-11-23,0.005207603525210844,0.006823832404533227,0.005937452761735165,0.00516858668168054,0.004230396631688031,0.003027720999118789
2020-11-24,0.004575420387647536,0.006332104692336662,0.005289693092054782,0.004431848411975888,0.003432374344384178,0.0022745289158284275
2020-11-25,0.003494148804859141,0.00622797274682534,0.0037162136160561344,0.002502816410705049,0.0014005767112171177,0.0004709416815640306
2020-11-27,0.0038510188966527185,0.006414087983540373,0.004360027793445532,0.003164016050271819,0.0018461572259814221,0.0007629361849106144
2020-11-30,0.0005414217532357176,0.0005737118401511887,0.000500004837052796,0.0004976264533379696,0.0005307137500493771,0.0005977025098032766
2020-12-01,0.0012926797769380542,0.0017482447804105553,0.0011237516081261858,0.0011439221520158848,0.0011817139123857575,0.0011536558754348901
2020-12-02,0.0017871618057996785,0.003064594834575302,0.001964904848923261,0.0014227839918989204,0.000727316046850006,0.00040477291844776773
2020-12-03,0.00207681799469819,0.003527227912434264,0.0023185749987846426,0.0016236380193152813,0.0009303619343486243,0.0004969551263600313
2020-12-04,0.0020388829337797116,0.0033730304129833506,0.0022360107549906044,0.0016757628695570398,0.0011405443276132742,0.0005469161423012435
2020-12-07,0.003034650348208274,0.005463283654755237,0.003202035753958462,0.002122972570289969,0.001169994499677079,0.00026289304665717334
2020-12-08,0.005558951551736367,0.008232817739565699,0.006318239429880824,0.005164104399773422,0.0038416310249103,0.0023203816848182215
2020-12-09,0.006336394094786142,0.009950497289677248,0.0073460401281689605,0.005613252769423055,0.003684789057315959,0.001639045971078771
2020-12-10,0.002322663910996775,0.003148020295601821,0.002736782610927018,0.0023091983542749906,0.0017527410313539344,0.0010813552671822138
2020-12-11,0.0036544543925850726,0.005147099547726924,0.0039679675180942595,0.0033539508539947942,0.0028076612595005694,0.0023250454790061876
2020-12-14,0.004502282516720999,0.006311928232882877,0.004904143234869516,0.004158267011831205,0.0034844847116979223,0.002833524690017243
2020-12-15,0.00638860593199233,0.008320868018240184,0.0073791675606929156,0.006400478665029286,0.005206439300327379,0.0035084659006743278
2020-12-16,0.003225336336623546,0.005084952086392478,0.0036323962769259925,0.002801960255273858,0.00197108205815994,0.00110760382630866
2020-12-17,0.002373236203464818,0.003110921921069773,0.002628204286737209,0.002327461293207469,0.00196243245966662,0.0015191248089712894
2020-12-18,0.007994141285016038,0.012994411881473664,0.009181742740939016,0.006996857474019632,0.003963065041600152,0.0013078361832131293
2020-12-21,0.010565284369812694,0.01575750250316328,0.011504140604033214,0.009499109958651115,0.007609108292483718,0.005417602226741093
2020-12-22,0.0017909803729855055,0.0027983011113368477,0.001961407092881445,0.0015450749497167933,0.0011034658909421632,0.0008692255263547537
2020-12-23,0.00466437844653557,0.006309122740232426,0.005339375822088793,0.004537859610336015,0.0036766721549370044,0.0025215232625727607
2020-12-24,0.005336477832548684,0.007960094702526831,0.00588512912694338,0.004847083023532349,0.0038166200095186447,0.0025162121608383447
2020-12-28,0.0016825119539449684,0.0018096396401831934,0.0017631195875383102,0.0016527040638086475,0.001669985923392066,0.0015001874421877069
2020-12-29,0.006804944761651942,0.009792824520871738,0.0076958051588015795,0.006314466729600774,0.0049986003932258076,0.003398976454236611
2020-12-30,0.006865355817082461,0.010870852148494103,0.007775198193926831,0.006218001124500532,0.003887644551378877,0.0018052980209157415
2020-12-31,0.002491994551784535,0.003432445580825087,0.0029314770120396657,0.0025505754345940906,0.0018799266451597248,0.0007971103151007563
