time_elapsed,butterfly_ok,calendar_ok,no_arbitrage,max_cond1,max_cond2,pct_butterfly_violations,n_calendar_violations,pct_calendar_violations,worst_negative_diff
100,True,True,True,0.3800937605346105,1.1951467857389424,0.0,0,0.0,0.0
101,True,True,True,0.5319105612872085,1.3290844765779202,0.0,0,0.0,0.0
102,True,True,True,0.5480928836256271,1.3398134106838924,0.0,0,0.0,0.0
105,True,True,True,0.5343537668656868,1.2478165832695787,0.0,0,0.0,0.0
106,True,True,True,0.5375869000339917,1.3177821638672729,0.0,0,0.0,0.0
107,True,True,True,0.5369009830337677,1.3034900444881912,0.0,0,0.0,0.0
108,True,True,True,0.5336473335671177,1.2630478696092848,0.0,0,0.0,0.0
109,True,True,True,0.528019166647145,1.2948431645024356,0.0,0,0.0,0.0
112,True,True,True,0.5172906381693367,1.2173554157937243,0.0,0,0.0,0.0
113,True,True,True,0.5336412835702239,1.210505492262548,0.0,0,0.0,0.0
114,True,True,True,0.5348013007561057,1.2236337643190531,0.0,0,0.0,0.0
115,True,True,True,0.5246948270959916,1.208670484983153,0.0,0,0.0,0.0
116,True,True,True,0.5479794763430232,1.221549238589664,0.0,0,0.0,0.0
119,True,True,True,0.5461647473120104,1.2681076897859709,0.0,0,0.0,0.0
120,True,True,True,0.5750780805115225,1.2540981124773838,0.0,0,0.0,0.0
121,True,True,True,0.5881967159255789,1.2146648011309142,0.0,0,0.0,0.0
126,True,True,True,0.6215927457235774,1.4605059527371167,0.0,0,0.0,0.0
127,True,True,True,0.619892991237128,1.2438910568558756,0.0,0,0.0,0.0
128,True,True,True,0.600225593014668,1.276651060906009,0.0,0,0.0,0.0
129,True,True,True,0.6345345714188017,1.4355118821078139,0.0,0,0.0,0.0
168,True,True,True,0.6346172149285595,1.4236850698240688,0.0,0,0.0,0.0
169,True,True,True,0.6541475783947543,1.4188563319180365,0.0,0,0.0,0.0
170,True,True,True,0.6409896946680848,1.349596811099448,0.0,0,0.0,0.0
171,True,True,True,0.68010830536977,1.4189798011587482,0.0,0,0.0,0.0
172,True,True,True,0.6779045822189217,1.404385861765964,0.0,0,0.0,0.0
175,True,True,True,0.6796754873503458,1.404483003001767,0.0,0,0.0,0.0
189,True,True,True,0.6810491051148336,1.392816494581639,0.0,0,0.0,0.0
190,True,True,True,0.6608623218880713,1.3199384608701996,0.0,0,0.0,0.0
191,True,True,True,0.7129846809212055,1.5138248689437455,0.0,0,0.0,0.0
192,True,True,True,0.6826162448283343,1.31931839243083,0.0,0,0.0,0.0
196,True,True,True,0.7036689407648558,1.3474755457652592,0.0,0,0.0,0.0
197,True,True,True,0.6410473233960075,1.2056999489274298,0.0,0,0.0,0.0
198,True,True,True,0.6725351251751601,1.3104360911777173,0.0,0,0.0,0.0
199,True,True,True,0.6879056163282086,1.4583458420783753,0.0,0,0.0,0.0
200,True,True,True,0.6641394271150836,1.3874508915961898,0.0,0,0.0,0.0
203,True,True,True,0.6662630027358056,1.4650844941656478,0.0,0,0.0,0.0
204,True,True,True,0.6333314391483968,1.3694210920807632,0.0,0,0.0,0.0
205,True,True,True,0.6401025379625275,1.4014922044651845,0.0,0,0.0,0.0
206,True,True,True,0.6250068429652379,1.34225187554343,0.0,0,0.0,0.0
207,True,True,True,0.6306471926040567,1.3760960259082338,0.0,0,0.0,0.0
210,True,True,True,0.6226398275061753,1.4575651393884161,0.0,0,0.0,0.0
211,True,True,True,0.637188833983867,1.4899841327417573,0.0,0,0.0,0.0
212,True,True,True,0.6196584427781843,1.443872533497807,0.0,0,0.0,0.0
213,True,True,True,0.6102995174198862,1.377445834792561,0.0,0,0.0,0.0
214,True,True,True,0.6102941237233213,1.3821768457629908,0.0,0,0.0,0.0
217,True,True,True,0.6031686983224337,1.3455853066537626,0.0,0,0.0,0.0
218,True,True,True,0.6346462231619335,1.4790457712120244,0.0,0,0.0,0.0
219,True,True,True,0.6459790891164052,1.370987776781248,0.0,0,0.0,0.0
220,True,True,True,0.6276897839871989,1.262690020265605,0.0,0,0.0,0.0
221,True,True,True,0.6744881478511291,1.4141168416909045,0.0,0,0.0,0.0
224,True,True,True,0.6643149422782838,1.3743520325361451,0.0,0,0.0,0.0
225,True,True,True,0.6962198061360235,1.5907832189725433,0.0,0,0.0,0.0
226,True,True,True,0.6880401817559509,1.5344714577083571,0.0,0,0.0,0.0
231,True,True,True,0.7292461471645635,1.6603578212042212,0.0,0,0.0,0.0
240,True,True,True,0.7726806024241696,1.8971264480611192,0.0,0,0.0,0.0
241,True,True,True,0.716608642343276,1.7217897263407131,0.0,0,0.0,0.0
242,True,True,True,0.651774474815925,1.4595448034562069,0.0,0,0.0,0.0
246,True,True,True,0.7017349188593245,1.6704877805410774,0.0,0,0.0,0.0
247,True,True,True,0.6919362759949655,1.6500514750921988,0.0,0,0.0,0.0
248,True,True,True,0.7114692790161039,1.7952632590478945,0.0,0,0.0,0.0
249,True,True,True,0.7546258397892378,2.0747392605158996,0.0,0,0.0,0.0
252,True,True,True,0.7067791405690881,1.9149347806242651,0.0,0,0.0,0.0
253,True,True,True,0.670063134784573,1.7060422711345389,0.0,0,0.0,0.0
254,True,True,True,0.6474150178033592,1.5908435809149513,0.0,0,0.0,0.0
255,True,True,True,0.6626177861355553,1.656190162485143,0.0,0,0.0,0.0
256,True,True,True,0.7240015797933104,1.9672551721362275,0.0,0,0.0,0.0
259,True,True,True,0.5931096176254866,1.3255763746831208,0.0,0,0.0,0.0
260,True,True,True,0.6298660094372472,1.4851167585612075,0.0,0,0.0,0.0
261,True,True,True,0.5794845655614242,1.2181342451755477,0.0,0,0.0,0.0
262,True,True,True,0.6245048504042237,1.3811431464721156,0.0,0,0.0,0.0
263,True,True,True,0.5993490632557283,1.3336715296616797,0.0,0,0.0,0.0
266,True,True,True,0.6374867965063787,1.4962984428334736,0.0,0,0.0,0.0
267,True,True,True,0.6557454112145071,1.5915276685783921,0.0,0,0.0,0.0
268,True,True,True,0.6738201000115117,1.6452223117201283,0.0,0,0.0,0.0
269,True,True,True,0.6465307002199511,1.4862748940104442,0.0,0,0.0,0.0
270,True,True,True,0.6360919385236838,1.458994633461307,0.0,0,0.0,0.0
273,True,True,True,0.6771929447040986,1.622529200503921,0.0,0,0.0,0.0
274,True,True,True,0.6583118263529216,1.6074036052963527,0.0,0,0.0,0.0
275,True,True,True,0.6382098935675639,1.4834202846589764,0.0,0,0.0,0.0
276,True,True,True,0.6554071894636123,1.5618535379258989,0.0,0,0.0,0.0
277,True,True,True,0.6372623155452927,1.5156897982753001,0.0,0,0.0,0.0
280,True,True,True,0.6502094381900019,1.6104540052043077,0.0,0,0.0,0.0
281,True,True,True,0.6047743076596218,1.408052631523364,0.0,0,0.0,0.0
282,True,True,True,0.6126298586087194,1.4973398576380004,0.0,0,0.0,0.0
283,True,True,True,0.6179419135437296,1.517945711804083,0.0,0,0.0,0.0
284,True,True,True,0.6115102893261706,1.4871513269247598,0.0,0,0.0,0.0
287,True,True,True,0.5779926645204219,1.3541411218811739,0.0,0,0.0,0.0
288,True,True,True,0.58701320630618,1.353900401084293,0.0,0,0.0,0.0
289,True,True,True,0.5931416673628658,1.4642349442879987,0.0,0,0.0,0.0
290,True,True,True,0.6351025190991111,1.7819383756451066,0.0,0,0.0,0.0
291,True,True,True,0.6071840682252527,1.6622498604888685,0.0,0,0.0,0.0
294,True,True,True,0.5854204190827864,1.5930955235307702,0.0,0,0.0,0.0
295,True,True,True,0.5820011821904623,1.6126423732237016,0.0,0,0.0,0.0
296,True,True,True,0.5863416924072175,1.6535769593245917,0.0,0,0.0,0.0
297,True,True,True,0.592641426545179,1.712564814062451,0.0,0,0.0,0.0
298,True,True,True,0.5376135561806833,1.3858619059222719,0.0,0,0.0,0.0
301,True,True,True,0.5762906433131146,1.6126714122816255,0.0,0,0.0,0.0
302,True,True,True,0.5524337451087212,1.4976747503475698,0.0,0,0.0,0.0
303,True,True,True,0.5482365112576878,1.5898872266066604,0.0,0,0.0,0.0
304,True,True,True,0.5285675171802752,1.6086287792478005,0.0,0,0.0,0.0
305,True,True,True,0.5388111674864019,1.6363329892275604,0.0,0,0.0,0.0
308,True,True,True,0.5359422205714764,1.6244356506984823,0.0,0,0.0,0.0
309,True,True,True,0.5398107822393399,1.6075809794965537,0.0,0,0.0,0.0
310,True,True,True,0.5397834665317957,1.6124510559253291,0.0,0,0.0,0.0
311,True,True,True,0.5419131302913016,1.605531054735404,0.0,0,0.0,0.0
312,True,True,True,0.5606505107279406,1.6067515296823023,0.0,0,0.0,0.0
315,True,True,True,0.5596422146967013,1.6149183124904576,0.0,0,0.0,0.0
316,True,True,True,0.5869669634804826,1.6847366913748698,0.0,0,0.0,0.0
317,True,True,True,0.5703772669953419,1.5865382488750044,0.0,0,0.0,0.0
318,True,True,True,0.5470907144995328,1.5266371121473212,0.0,0,0.0,0.0
319,True,True,True,0.549067248630936,1.5684867718518318,0.0,0,0.0,0.0
322,True,True,True,0.5228271643170944,1.4358034412186262,0.0,0,0.0,0.0
323,True,True,True,0.513130553829703,1.3101584311315986,0.0,0,0.0,0.0
324,True,True,True,0.5188098032994016,1.3817698330791415,0.0,0,0.0,0.0
326,True,True,True,0.5331829418639514,1.388162112303686,0.0,0,0.0,0.0
329,True,True,True,0.5400633481527852,1.445970223426038,0.0,0,0.0,0.0
330,True,True,True,0.5537320012080514,1.4528809524989335,0.0,0,0.0,0.0
331,True,True,True,0.5303281588625728,1.3881022035718527,0.0,0,0.0,0.0
332,True,True,True,0.49919965851880477,1.307104060730024,0.0,0,0.0,0.0
333,True,True,True,0.5070397059101647,1.3930008153919244,0.0,0,0.0,0.0
336,True,True,True,0.5128702511079762,1.443330677308434,0.0,0,0.0,0.0
337,True,True,True,0.5144008177185708,1.4676135490067137,0.0,0,0.0,0.0
338,True,True,True,0.5175917781386454,1.5549771346899914,0.0,0,0.0,0.0
339,True,True,True,0.5038051079554754,1.5378901629548956,0.0,0,0.0,0.0
340,True,True,True,0.4870245776657707,1.460137989231241,0.0,0,0.0,0.0
343,True,True,True,0.48680019330631563,1.4718126910229754,0.0,0,0.0,0.0
344,True,True,True,0.4899994263064287,1.5009840020786605,0.0,0,0.0,0.0
345,True,True,True,0.4954769020411882,1.5094857097970187,0.0,0,0.0,0.0
346,True,True,True,0.4869176960760516,1.4379979170360713,0.0,0,0.0,0.0
347,True,True,True,0.5043160578272139,1.5657544321463774,0.0,0,0.0,0.0
350,True,True,True,0.4962370547912959,1.5393408917952776,0.0,0,0.0,0.0
351,True,True,True,0.5020392682018706,1.5770783182401715,0.0,0,0.0,0.0
352,True,True,True,0.7026695234253664,1.954395169061276,0.0,0,0.0,0.0
353,True,True,True,0.7039791243143664,1.935451313550463,0.0,0,0.0,0.0
357,True,True,True,0.712618398260702,1.9626125181616276,0.0,0,0.0,0.0
358,True,True,True,0.7021749402113531,1.8930780686813493,0.0,0,0.0,0.0
359,True,True,True,0.7134186527013051,1.9744463067464235,0.0,0,0.0,0.0
360,True,True,True,0.701191918131924,1.8628909879766589,0.0,0,0.0,0.0
361,True,True,True,0.7153778679394918,1.9428466096297825,0.0,0,0.0,0.0
364,True,True,True,0.7194575653061434,2.010513282539218,0.0,0,0.0,0.0
365,True,True,True,0.7097037533904488,1.9689547661355324,0.0,0,0.0,0.0
366,True,True,True,0.6905866145083732,1.9086337920663283,0.0,0,0.0,0.0
367,True,True,True,0.6904357957556148,1.931506506672315,0.0,0,0.0,0.0
368,True,True,True,0.6938528917661261,1.941376311554416,0.0,0,0.0,0.0
371,True,True,True,0.6950041079413404,1.9306226412554837,0.0,0,0.0,0.0
372,True,True,True,0.6700503960322834,1.8069349759816502,0.0,0,0.0,0.0
373,True,True,True,0.6490711612513692,1.7636178740435366,0.0,0,0.0,0.0
374,True,True,True,0.655712814975612,1.7991028734056778,0.0,0,0.0,0.0
375,True,True,True,0.6504591123913251,1.8220578798077263,0.0,0,0.0,0.0
379,True,True,True,0.6436278919668289,1.8118571411427264,0.0,0,0.0,0.0
380,True,True,True,0.6570396733152607,1.8159643258693619,0.0,0,0.0,0.0
381,True,True,True,0.6637475927402047,1.8541031717579146,0.0,0,0.0,0.0
382,True,True,True,0.6586637867349507,1.834159556139155,0.0,0,0.0,0.0
385,True,True,True,0.615045013294661,1.6444441227980444,0.0,0,0.0,0.0
386,True,True,True,0.588819670449433,1.5198426569237622,0.0,0,0.0,0.0
387,True,True,True,0.5886399448928473,1.5535452567573316,0.0,0,0.0,0.0
388,True,True,True,0.5935029339732607,1.6579552338742447,0.0,0,0.0,0.0
389,True,True,True,0.5846175360290277,1.4929588571138863,0.0,0,0.0,0.0
392,True,True,True,0.5871209818941276,1.5519547859586058,0.0,0,0.0,0.0
393,True,True,True,0.5688625001302516,1.5529071773788523,0.0,0,0.0,0.0
394,True,True,True,0.582542263329982,1.6496982177236452,0.0,0,0.0,0.0
395,True,True,True,0.5776573337981701,1.6549872790629407,0.0,0,0.0,0.0
396,True,True,True,0.5666962862043289,1.6144975268350308,0.0,0,0.0,0.0
399,True,True,True,0.5597011522012932,1.65610914444915,0.0,0,0.0,0.0
400,True,True,True,0.5552879037556158,1.680672121887205,0.0,0,0.0,0.0
401,True,True,True,0.5648767223666461,1.7426883954561843,0.0,0,0.0,0.0
402,True,True,True,0.5602829021483579,1.701811607806273,0.0,0,0.0,0.0
403,True,True,True,0.5564899943449103,1.7148031673359698,0.0,0,0.0,0.0
406,True,True,True,0.5557604709008557,1.7519472959530222,0.0,0,0.0,0.0
407,True,True,True,0.5640972663761863,1.7853099736847833,0.0,0,0.0,0.0
408,True,True,True,0.5433971566132094,1.655696023419396,0.0,0,0.0,0.0
409,True,True,True,0.549047444871311,1.6223003247888204,0.0,0,0.0,0.0
410,True,True,True,0.5633108356162178,1.6691284607298131,0.0,0,0.0,0.0
414,True,True,True,0.6046682108566194,1.765331038532384,0.0,0,0.0,0.0
415,True,True,True,0.6139979580721915,1.7411845563077673,0.0,0,0.0,0.0
416,True,True,True,0.6235588249113131,1.7709334975972335,0.0,0,0.0,0.0
417,True,True,True,0.6030072865989038,1.792527475603498,0.0,0,0.0,0.0
420,True,True,True,0.5995683130243572,1.811951589499865,0.0,0,0.0,0.0
421,True,True,True,0.6177783614434958,1.805588820266978,0.0,0,0.0,0.0
422,True,True,True,0.612200490607603,1.7602261529053256,0.0,0,0.0,0.0
423,True,True,True,0.6108470701889656,1.8484885840176855,0.0,0,0.0,0.0
424,True,True,True,0.6138049991209248,1.818501674330328,0.0,0,0.0,0.0
427,True,True,True,0.62716097258815,1.8268523244629058,0.0,0,0.0,0.0
428,True,True,True,0.6257391794811735,1.8451970371874722,0.0,0,0.0,0.0
429,True,True,True,0.6316224464978377,1.8350338933708938,0.0,0,0.0,0.0
430,True,True,True,0.6398314752587246,1.7920543246860525,0.0,0,0.0,0.0
431,True,True,True,0.6433628813577704,1.8654493077940626,0.0,0,0.0,0.0
434,True,True,True,0.6671193139488225,1.9294673229291956,0.0,0,0.0,0.0
435,True,True,True,0.6722665059469832,1.879173739768672,0.0,0,0.0,0.0
436,True,True,True,0.6829734372315955,1.8236320556544434,0.0,0,0.0,0.0
437,True,True,True,0.6456247914531615,1.7030547572161066,0.0,0,0.0,0.0
438,True,True,True,0.6357896075720001,1.6827816683265802,0.0,0,0.0,0.0
441,True,True,True,0.6136306427241295,1.6813350310533153,0.0,0,0.0,0.0
442,True,True,True,0.6088238427829775,1.61970094198691,0.0,0,0.0,0.0
443,True,True,True,0.6074752475951752,1.6271476627465782,0.0,0,0.0,0.0
444,True,True,True,0.5852832927639207,1.5802160357579322,0.0,0,0.0,0.0
445,True,True,True,0.5833982982334344,1.5986855629683945,0.0,0,0.0,0.0
448,True,True,True,0.5918460019793512,1.6261111490034095,0.0,0,0.0,0.0
449,True,True,True,0.5870641793062517,1.6753685665303577,0.0,0,0.0,0.0
450,True,True,True,0.5882680897584561,1.708070032766507,0.0,0,0.0,0.0
451,True,True,True,0.5856946564486364,1.6653925426366718,0.0,0,0.0,0.0
452,True,True,True,0.5890011674501475,1.7180752303420312,0.0,0,0.0,0.0
455,True,True,True,0.5872472843788127,1.7125458878493374,0.0,0,0.0,0.0
456,True,True,True,0.5844295068223027,1.6954740225049936,0.0,0,0.0,0.0
457,True,True,True,0.5985297487455552,1.7672878047744212,0.0,0,0.0,0.0
458,True,True,True,0.6188821605701048,1.8536778339698614,0.0,0,0.0,0.0
459,True,True,True,0.6261112234558973,1.8721319917318175,0.0,0,0.0,0.0
462,True,True,True,0.6196478349770396,1.82611960587923,0.0,0,0.0,0.0
463,True,True,True,0.6216901190977188,1.8107117523533927,0.0,0,0.0,0.0
464,True,True,True,0.6216185670008527,1.81402123959153,0.0,0,0.0,0.0
465,True,True,True,0.6292417808450496,1.8760413514762295,0.0,0,0.0,0.0
466,True,True,True,0.6321045100101824,1.93997449323098,0.0,0,0.0,0.0
469,True,True,True,0.6361583262821301,1.9013466448270906,0.0,0,0.0,0.0
470,True,True,True,0.6309044029310918,1.898456675009143,0.0,0,0.0,0.0
471,True,True,True,0.6070185385288084,1.8214169106709341,0.0,0,0.0,0.0
472,True,True,True,0.5985660126934328,1.7792220703038049,0.0,0,0.0,0.0
476,True,True,True,0.6002955041531167,1.796759627468554,0.0,0,0.0,0.0
477,True,True,True,0.5953246777916523,1.7857162376638767,0.0,0,0.0,0.0
478,True,True,True,0.5911804011044326,1.7876160201655202,0.0,0,0.0,0.0
479,True,True,True,0.5845571210586701,1.7807375489017798,0.0,0,0.0,0.0
480,True,True,True,0.5843980923976766,1.8011917508323536,0.0,0,0.0,0.0
483,True,True,True,0.5701848119668828,1.6732359789644424,0.0,0,0.0,0.0
484,True,True,True,0.5737472458170192,1.639367362124891,0.0,0,0.0,0.0
485,True,True,True,0.5885415193055495,1.68627828563055,0.0,0,0.0,0.0
486,True,True,True,0.5942293697920664,1.7117933841012811,0.0,0,0.0,0.0
487,True,True,True,0.5930566688417843,1.7113350431939374,0.0,0,0.0,0.0
490,True,True,True,0.5838455149677235,1.6760902947958194,0.0,0,0.0,0.0
491,True,True,True,0.5853091286273657,1.7217162965206265,0.0,0,0.0,0.0
492,True,True,True,0.5895870691206873,1.6855113795646661,0.0,0,0.0,0.0
493,True,True,True,0.5836346526314505,1.68431932533317,0.0,0,0.0,0.0
494,True,True,True,0.5908064617806754,1.6758941942164212,0.0,0,0.0,0.0
497,True,True,True,0.5884036327666545,1.626105144044642,0.0,0,0.0,0.0
498,True,True,True,0.5875011017567706,1.6327850761440246,0.0,0,0.0,0.0
499,True,True,True,0.5858473887315193,1.6869466661935208,0.0,0,0.0,0.0
500,True,True,True,0.580795609937281,1.651549540988138,0.0,0,0.0,0.0
501,True,True,True,0.603105220505107,1.7139653579378924,0.0,0,0.0,0.0
504,True,True,True,0.5967481916741485,1.6177079766035045,0.0,0,0.0,0.0
505,True,True,True,0.5939512769568629,1.6038475582809757,0.0,0,0.0,0.0
506,True,True,True,0.5923261610708366,1.6171036061103372,0.0,0,0.0,0.0
507,True,True,True,0.5733327632030545,1.5889498881535942,0.0,0,0.0,0.0
508,True,True,True,0.5647591622606771,1.5940826941625608,0.0,0,0.0,0.0
512,True,True,True,0.5423058496982763,1.5119610058508688,0.0,0,0.0,0.0
513,True,True,True,0.5608240995899824,1.525742717493639,0.0,0,0.0,0.0
514,True,True,True,0.5615399021398209,1.5398935757230958,0.0,0,0.0,0.0
515,True,True,True,0.5659668259392375,1.533823230453425,0.0,0,0.0,0.0
518,True,True,True,0.5648616795139717,1.5013911258978898,0.0,0,0.0,0.0
519,True,True,True,0.5627998205432555,1.4965793067360615,0.0,0,0.0,0.0
520,True,True,True,0.5542272890998328,1.4537295405686343,0.0,0,0.0,0.0
521,True,True,True,0.5448411287922081,1.4667212734127142,0.0,0,0.0,0.0
525,True,True,True,0.542396545072373,1.4227826529620136,0.0,0,0.0,0.0
526,True,True,True,0.5378159131551646,1.4724779359212017,0.0,0,0.0,0.0
527,True,True,True,0.5524028586551796,1.4442032294805178,0.0,0,0.0,0.0
528,True,True,True,0.5741678701900205,1.484894214371804,0.0,0,0.0,0.0
529,True,True,True,0.5733090691707798,1.472667346040779,0.0,0,0.0,0.0
532,True,True,True,0.58350823183333,1.5976484708415115,0.0,0,0.0,0.0
533,True,True,True,0.5671129545054616,1.5599548931932243,0.0,0,0.0,0.0
534,True,True,True,0.5687969916087481,1.5377317478846242,0.0,0,0.0,0.0
535,True,True,True,0.5843401220891646,1.5987194045862465,0.0,0,0.0,0.0
536,True,True,True,0.5968316325712724,1.5913471363756417,0.0,0,0.0,0.0
539,True,True,True,0.5819313372818318,1.5738049176561584,0.0,0,0.0,0.0
540,True,True,True,0.5658021576951235,1.504603620248566,0.0,0,0.0,0.0
541,True,True,True,0.5641447751491823,1.5270671855354832,0.0,0,0.0,0.0
542,True,True,True,0.532672550469769,1.4281345707832322,0.0,0,0.0,0.0
543,True,True,True,0.5228419525036918,1.476329790324128,0.0,0,0.0,0.0
547,True,True,True,0.51216227475531,1.431789337247803,0.0,0,0.0,0.0
548,True,True,True,0.5093369892809015,1.4029882114424643,0.0,0,0.0,0.0
549,True,True,True,0.5088734031535611,1.4745735163627793,0.0,0,0.0,0.0
550,True,True,True,0.5114947346425244,1.4447071845633805,0.0,0,0.0,0.0
553,True,True,True,0.5214240507756959,1.3872879811503538,0.0,0,0.0,0.0
554,True,True,True,0.5459309118611947,1.4754144119624228,0.0,0,0.0,0.0
555,True,True,True,0.5453808582536884,1.4714403820361734,0.0,0,0.0,0.0
556,True,True,True,0.5501764741914441,1.4576761205243016,0.0,0,0.0,0.0
557,True,True,True,0.5441189068321759,1.4735981403354352,0.0,0,0.0,0.0
560,True,True,True,0.5528716607685294,1.440259859152067,0.0,0,0.0,0.0
561,True,True,True,0.5382427131303849,1.4390242404828675,0.0,0,0.0,0.0
562,True,True,True,0.5350274903985137,1.4282955502545074,0.0,0,0.0,0.0
563,True,True,True,0.5124710412987367,1.381484886397271,0.0,0,0.0,0.0
564,True,True,True,0.5137363639631722,1.3865201063598382,0.0,0,0.0,0.0
567,True,True,True,0.5090369350717804,1.3453489647571018,0.0,0,0.0,0.0
568,True,True,True,0.5124379331677024,1.3357865765396573,0.0,0,0.0,0.0
569,True,True,True,0.5179837172527205,1.2811117721585108,0.0,0,0.0,0.0
570,True,True,True,0.5124688212165931,1.2661956844221893,0.0,0,0.0,0.0
571,True,True,True,0.510911475240176,1.2698382410937172,0.0,0,0.0,0.0
574,True,True,True,0.5040808776985752,1.2555852910097498,0.0,0,0.0,0.0
575,True,True,True,0.5165702469076274,1.2310542041442738,0.0,0,0.0,0.0
576,True,True,True,0.5181256274877517,1.2345100136259137,0.0,0,0.0,0.0
577,True,True,True,0.5532978015741075,1.2164546379409453,0.0,0,0.0,0.0
578,True,True,True,0.5598598673466809,1.1915426316363766,0.0,0,0.0,0.0
581,True,True,True,0.5954893446437584,1.0785191497802926,0.0,0,0.0,0.0
582,True,True,True,0.5649024858505973,1.4911903372995192,0.0,0,0.0,0.0
583,True,True,True,0.588691814721514,1.1400563899760754,0.0,0,0.0,0.0
584,True,True,True,0.6017840020564774,1.9758206064237434,0.0,0,0.0,0.0
585,True,True,True,0.5682622187890373,1.4966239104876333,0.0,0,0.0,0.0
588,True,True,True,0.5499423937115526,1.2741723159136047,0.0,0,0.0,0.0
589,True,True,True,0.5439903711781865,1.1897947989932178,0.0,0,0.0,0.0
590,True,True,True,0.5360372260265043,1.1906835464783014,0.0,0,0.0,0.0
591,True,True,True,0.5787673900254192,1.455502785590658,0.0,0,0.0,0.0
592,True,True,True,0.5891465587194639,1.2752886326634223,0.0,0,0.0,0.0
595,True,True,True,0.5766366689737419,1.1807661982931412,0.0,0,0.0,0.0
596,True,True,True,0.5966161175177919,1.33130906740096,0.0,0,0.0,0.0
597,True,True,True,0.6182612015123526,1.4156563578930887,0.0,0,0.0,0.0
598,True,True,True,0.6362365469293892,1.4628479855696248,0.0,0,0.0,0.0
599,True,True,True,0.6276384767286356,1.46549107604354,0.0,0,0.0,0.0
602,True,True,True,0.6115756543949906,1.4810314034122143,0.0,0,0.0,0.0
603,True,True,True,0.6154542631837157,1.4746079591474277,0.0,0,0.0,0.0
604,True,True,True,0.5931495504465291,1.4339978045841888,0.0,0,0.0,0.0
605,True,True,True,0.5909727991377226,1.369548576910077,0.0,0,0.0,0.0
606,True,True,True,0.6067601808092425,1.3606101196285156,0.0,0,0.0,0.0
610,True,True,True,0.6161566097393288,1.4008105049463193,0.0,0,0.0,0.0
611,True,True,True,0.6053448847792192,1.4387277874396636,0.0,0,0.0,0.0
612,True,True,True,0.612840798900292,1.4385438206376062,0.0,0,0.0,0.0
613,True,True,True,0.6257904201252267,1.3829729412534728,0.0,0,0.0,0.0
616,True,True,True,0.6347792566128582,1.39821927765705,0.0,0,0.0,0.0
617,True,True,True,0.6421486406740314,1.462768462541992,0.0,0,0.0,0.0
618,True,True,True,0.6220949590384957,1.360153195455168,0.0,0,0.0,0.0
619,True,True,True,0.6229466679821068,1.4492994483701314,0.0,0,0.0,0.0
620,True,True,True,0.6125575867668183,1.4215628808395186,0.0,0,0.0,0.0
623,True,True,True,0.6200197809783102,1.4047352660175942,0.0,0,0.0,0.0
624,True,True,True,0.6167178209816467,1.3850422835109786,0.0,0,0.0,0.0
625,True,True,True,0.6217391702118299,1.2995962577897664,0.0,0,0.0,0.0
626,True,True,True,0.6697528645149607,1.417437218581734,0.0,0,0.0,0.0
627,True,True,True,0.6588482293578848,1.343488124879177,0.0,0,0.0,0.0
630,True,True,True,0.6589380733991935,1.3869863668355031,0.0,0,0.0,0.0
631,True,True,True,0.64138241790595,1.347479437389104,0.0,0,0.0,0.0
632,True,True,True,0.6921071726271427,1.4955219092467538,0.0,0,0.0,0.0
633,True,True,True,0.6725550981511902,1.4526873033778065,0.0,0,0.0,0.0
634,True,True,True,0.717668033033359,1.5463749775536275,0.0,0,0.0,0.0
637,True,True,True,0.723722309248054,1.4072267529526687,0.0,0,0.0,0.0
638,True,True,True,0.7047071404372298,1.4271036936721389,0.0,0,0.0,0.0
639,True,True,True,0.6771066548587258,1.3783128974673284,0.0,0,0.0,0.0
640,True,True,True,0.6641994059983456,1.3641153925424212,0.0,0,0.0,0.0
641,True,True,True,0.6898270014496654,1.4576800363890114,0.0,0,0.0,0.0
644,True,True,True,0.6639826068399153,1.4599181743104794,0.0,0,0.0,0.0
645,True,True,True,0.6567517156371336,1.4317279814269475,0.0,0,0.0,0.0
646,True,True,True,0.6350163455750519,1.4037542731026194,0.0,0,0.0,0.0
647,True,True,True,0.6235462621850913,1.3530257674611188,0.0,0,0.0,0.0
648,True,True,True,0.6068373341240088,1.3504245125728453,0.0,0,0.0,0.0
651,True,True,True,0.6340528480396563,1.3941653382368435,0.0,0,0.0,0.0
652,True,True,True,0.6258442121710445,1.3891830221163843,0.0,0,0.0,0.0
653,True,True,True,0.6402420058724085,1.367515011847096,0.0,0,0.0,0.0
654,True,True,True,0.6441907614731281,1.3758714152768683,0.0,0,0.0,0.0
655,True,True,True,0.6351679171777319,1.4491821201032278,0.0,0,0.0,0.0
658,True,True,True,0.611278894987067,1.4031178634085868,0.0,0,0.0,0.0
659,True,True,True,0.6144078492852173,1.3632951675445573,0.0,0,0.0,0.0
660,True,True,True,0.6059479837692681,1.3987680606121784,0.0,0,0.0,0.0
661,True,True,True,0.56870478372857,1.4184334165598012,0.0,0,0.0,0.0
662,True,True,True,0.5684125040095601,1.4256566024541002,0.0,0,0.0,0.0
665,True,True,True,0.5915304642522959,1.4311818542936936,0.0,0,0.0,0.0
666,True,True,True,0.6548545300633851,1.5189175334536285,0.0,0,0.0,0.0
667,True,True,True,0.652530126821447,1.5445177202623572,0.0,0,0.0,0.0
668,True,True,True,0.6290878350734813,1.4837872151553668,0.0,0,0.0,0.0
669,True,True,True,0.6242816696421692,1.4357790739006675,0.0,0,0.0,0.0
672,True,True,True,0.6372931169664144,1.5212635240525807,0.0,0,0.0,0.0
673,True,True,True,0.6351486432889607,1.5603258998495615,0.0,0,0.0,0.0
674,True,True,True,0.686371973285231,1.576561722535874,0.0,0,0.0,0.0
675,True,True,True,0.6673852450929477,1.5467855584920962,0.0,0,0.0,0.0
676,True,True,True,0.6502078014830569,1.5409110846498106,0.0,0,0.0,0.0
679,True,True,True,0.6765315603499927,1.63036784068949,0.0,0,0.0,0.0
680,True,True,True,0.6547573822725348,1.5119939244010552,0.0,0,0.0,0.0
681,True,True,True,0.697803926658916,1.648982565149809,0.0,0,0.0,0.0
682,True,True,True,0.7099820188234978,1.6056917075624997,0.0,0,0.0,0.0
683,True,True,True,0.6971928869195891,1.5467316136040175,0.0,0,0.0,0.0
686,True,True,True,0.7116711789502633,1.716989460089348,0.0,0,0.0,0.0
687,True,True,True,0.6425411227308307,1.2814166846582262,0.0,0,0.0,0.0
688,True,True,True,0.6545178816472347,1.278865584070906,0.0,0,0.0,0.0
690,True,True,True,0.6742656234864701,1.3385339624865746,0.0,0,0.0,0.0
693,True,True,True,0.6632961185221404,1.417929921312086,0.0,0,0.0,0.0
694,True,True,True,0.6101166403125005,1.203758503631317,0.0,0,0.0,0.0
695,True,True,True,0.6068041323300315,1.3326094314870773,0.0,0,0.0,0.0
696,True,True,True,0.5985886171531326,1.3094281827851768,0.0,0,0.0,0.0
697,True,True,True,0.6013585721830393,1.3131429160033679,0.0,0,0.0,0.0
700,True,True,True,0.5612460110776527,1.1739905628337355,0.0,0,0.0,0.0
701,True,True,True,0.6261105290432217,1.5197452726591867,0.0,0,0.0,0.0
702,True,True,True,0.5729583401942232,1.2128130152702497,0.0,0,0.0,0.0
703,True,True,True,0.5997727123595364,1.2933311086183201,0.0,0,0.0,0.0
704,True,True,True,0.5717380353622349,1.2512645896162624,0.0,0,0.0,0.0
707,True,True,True,0.6046404976671105,1.3719708818306826,0.0,0,0.0,0.0
708,True,True,True,0.5913622623029859,1.2362994966416958,0.0,0,0.0,0.0
709,True,True,True,0.5920320875234591,1.2066625864526777,0.0,0,0.0,0.0
710,True,True,True,0.5424197219588165,0.9855982843029952,0.0,0,0.0,0.0
711,True,True,True,0.6089493011487213,1.3234150593990974,0.0,0,0.0,0.0
714,True,True,True,0.5660373347891801,1.1302569325119527,0.0,0,0.0,0.0
715,True,True,True,0.560759959707186,1.241194761744068,0.0,0,0.0,0.0
716,True,True,True,0.711422370750608,1.3305490609509387,0.0,0,0.0,0.0
717,True,True,True,0.6982482478169618,1.2964663678097068,0.0,0,0.0,0.0
718,True,True,True,0.6998148833239008,1.2797629030834958,0.0,0,0.0,0.0
722,True,True,True,0.698629149403994,1.3304413416471865,0.0,0,0.0,0.0
723,True,True,True,0.7061785952547999,1.3060781254416896,0.0,0,0.0,0.0
724,True,True,True,0.6926325373595522,1.287910004589268,0.0,0,0.0,0.0
725,True,True,True,0.7119769061826369,1.358133720289925,0.0,0,0.0,0.0
729,True,True,True,0.7273004576915719,1.4949585160122028,0.0,0,0.0,0.0
730,True,True,True,0.7017788471650835,1.4123983451927955,0.0,0,0.0,0.0
731,True,True,True,0.6941654684030248,1.3991054708688988,0.0,0,0.0,0.0
732,True,True,True,0.6815633466861338,1.342433224412417,0.0,0,0.0,0.0
735,True,True,True,0.67045789650735,1.325319489303908,0.0,0,0.0,0.0
736,True,True,True,0.6724225765930375,1.386117272537796,0.0,0,0.0,0.0
737,True,True,True,0.6583347022243797,1.3180717420331283,0.0,0,0.0,0.0
738,True,True,True,0.6603287719423702,1.3260164134178576,0.0,0,0.0,0.0
739,True,True,True,0.667058571475685,1.3472337361972277,0.0,0,0.0,0.0
743,True,True,True,0.6645611593184482,1.3491614608100653,0.0,0,0.0,0.0
744,True,True,True,0.6677481030845506,1.3993564060219554,0.0,0,0.0,0.0
745,True,True,True,0.6523956659032982,1.3427198931188096,0.0,0,0.0,0.0
746,True,True,True,0.6607400502270551,1.4298992136135813,0.0,0,0.0,0.0
749,True,True,True,0.656877554603445,1.4501670952191223,0.0,0,0.0,0.0
750,True,True,True,0.6585208710303949,1.4710034899733153,0.0,0,0.0,0.0
751,True,True,True,0.6419666213589673,1.4097298281102426,0.0,0,0.0,0.0
752,True,True,True,0.6396273722662088,1.3985986791718765,0.0,0,0.0,0.0
753,True,True,True,0.6450626185665319,1.4219737519336024,0.0,0,0.0,0.0
756,True,True,True,0.6356565010868792,1.3567180034689126,0.0,0,0.0,0.0
757,True,True,True,0.6528586077506973,1.4232335274773045,0.0,0,0.0,0.0
758,True,True,True,0.6478843568354314,1.4147441017844726,0.0,0,0.0,0.0
759,True,True,True,0.6412705780253479,1.4067338675916017,0.0,0,0.0,0.0
760,True,True,True,0.6429219478051897,1.4721714737083371,0.0,0,0.0,0.0
763,True,True,True,0.6350300844898173,1.4506608767254319,0.0,0,0.0,0.0
764,True,True,True,0.6278132252230517,1.4309714119485641,0.0,0,0.0,0.0
765,True,True,True,0.6192941580515087,1.3988875642401633,0.0,0,0.0,0.0
766,True,True,True,0.6304271299381162,1.382937678109603,0.0,0,0.0,0.0
767,True,True,True,0.6385148883542855,1.7018675469315938,0.0,0,0.0,0.0
770,True,True,True,0.6465908906815049,1.6301368971663452,0.0,0,0.0,0.0
771,True,True,True,0.6487254922703852,1.7302296457537547,0.0,0,0.0,0.0
772,True,True,True,0.6644109731667697,1.6417813786442945,0.0,0,0.0,0.0
773,True,True,True,0.6557783208768472,1.7750057144854108,0.0,0,0.0,0.0
774,True,True,True,0.6981160420826369,1.607718779402522,0.0,0,0.0,0.0
778,True,True,True,0.6681284500363127,1.6169031948674848,0.0,0,0.0,0.0
779,True,True,True,0.6682967970018833,1.4895059624159388,0.0,0,0.0,0.0
780,True,True,True,0.6555795953754914,1.6273754249040036,0.0,0,0.0,0.0
781,True,True,True,0.6557517645529585,1.6785874596910921,0.0,0,0.0,0.0
784,True,True,True,0.6746841375762233,1.6251543687744168,0.0,0,0.0,0.0
785,True,True,True,0.6691740571046956,1.6828378846813203,0.0,0,0.0,0.0
786,True,True,True,0.6851252885442748,1.5507018438220461,0.0,0,0.0,0.0
787,True,True,True,0.6713887616909213,1.5971507423291043,0.0,0,0.0,0.0
788,True,True,True,0.6683977344913584,1.6300772872347187,0.0,0,0.0,0.0
791,True,True,True,0.6684890640240924,1.6100885859644605,0.0,0,0.0,0.0
792,True,True,True,0.6860191578217488,1.7928524408501885,0.0,0,0.0,0.0
793,True,True,True,0.6806714165847227,1.6237780562512674,0.0,0,0.0,0.0
794,True,True,True,0.6753916247533172,1.7157622748883816,0.0,0,0.0,0.0
795,True,True,True,0.659040262511719,1.57158254538093,0.0,0,0.0,0.0
798,True,True,True,0.6454827004018673,1.6281134895050469,0.0,0,0.0,0.0
799,True,True,True,0.638960678036713,1.6935760868563074,0.0,0,0.0,0.0
800,True,True,True,0.6479530569350498,1.5979350698369523,0.0,0,0.0,0.0
801,True,True,True,0.6414974590460043,1.609903736065532,0.0,0,0.0,0.0
802,True,True,True,0.6477604003977052,1.7627464074209038,0.0,0,0.0,0.0
805,True,True,True,0.6397155790012524,1.6210721546741953,0.0,0,0.0,0.0
806,True,True,True,0.6362517009711651,1.5590803544336116,0.0,0,0.0,0.0
807,True,True,True,0.6297385292959864,1.540935368779716,0.0,0,0.0,0.0
808,True,True,True,0.6170078738467899,1.4913731405886692,0.0,0,0.0,0.0
809,True,True,True,0.6156398980379408,1.542206755008464,0.0,0,0.0,0.0
812,True,True,True,0.6119205550517992,1.6408609646728387,0.0,0,0.0,0.0
813,True,True,True,0.5998167389628442,1.5330200642147382,0.0,0,0.0,0.0
814,True,True,True,0.5916694850343689,1.5970015030369626,0.0,0,0.0,0.0
815,True,True,True,0.5866515438644436,1.7173437003057805,0.0,0,0.0,0.0
816,True,True,True,0.5907288380142915,1.68518767708792,0.0,0,0.0,0.0
819,True,True,True,0.5937116198436349,1.6630824460164328,0.0,0,0.0,0.0
820,True,True,True,0.5900738746852833,1.627645334573723,0.0,0,0.0,0.0
821,True,True,True,0.5953135784645409,1.601968122385973,0.0,0,0.0,0.0
822,True,True,True,0.604824403229564,1.5264556280759833,0.0,0,0.0,0.0
826,True,True,True,0.6065539424654403,1.4582208037523547,0.0,0,0.0,0.0
827,True,True,True,0.6316673510869105,1.4690936945047923,0.0,0,0.0,0.0
828,True,True,True,0.6296161816478902,1.4635982151998115,0.0,0,0.0,0.0
829,True,True,True,0.6218051831011862,1.5211336698506113,0.0,0,0.0,0.0
830,True,True,True,0.6388646767515214,1.5203963319963145,0.0,0,0.0,0.0
833,True,True,True,0.6392760697415033,1.5121409126199246,0.0,0,0.0,0.0
834,True,True,True,0.6283915364871479,1.5261411430873941,0.0,0,0.0,0.0
835,True,True,True,0.6211750367901019,1.4572326949106897,0.0,0,0.0,0.0
836,True,True,True,0.631701371866241,1.4891813133711216,0.0,0,0.0,0.0
837,True,True,True,0.6209839134905634,1.458100716431098,0.0,0,0.0,0.0
840,True,True,True,0.6438412606406122,1.5005751332750248,0.0,0,0.0,0.0
841,True,True,True,0.6359960463696228,1.500309200286213,0.0,0,0.0,0.0
842,True,True,True,0.6285032406708926,1.5235828652004435,0.0,0,0.0,0.0
843,True,True,True,0.6120915573055643,1.5169371183109848,0.0,0,0.0,0.0
844,True,True,True,0.6148337243832322,1.5522744242292748,0.0,0,0.0,0.0
847,True,True,True,0.6052922982441522,1.5070819442626064,0.0,0,0.0,0.0
848,True,True,True,0.594850336449256,1.4979079609521344,0.0,0,0.0,0.0
849,True,True,True,0.5942354897454952,1.5030498480659444,0.0,0,0.0,0.0
850,True,True,True,0.5952775368801052,1.4773675554934043,0.0,0,0.0,0.0
851,True,True,True,0.6146780943019281,1.5011891213467863,0.0,0,0.0,0.0
854,True,True,True,0.6033752491904008,1.4447308359057753,0.0,0,0.0,0.0
855,True,True,True,0.6102363753868462,1.4887815199954664,0.0,0,0.0,0.0
856,True,True,True,0.6126126791097634,1.4426774321481741,0.0,0,0.0,0.0
857,True,True,True,0.6087788854334353,1.4799661716259092,0.0,0,0.0,0.0
858,True,True,True,0.6017270052457522,1.4174388810568974,0.0,0,0.0,0.0
861,True,True,True,0.6174540798128544,1.4287171796263005,0.0,0,0.0,0.0
862,True,True,True,0.627479389364217,1.4307058196966502,0.0,0,0.0,0.0
863,True,True,True,0.6395643347940162,1.483043609089482,0.0,0,0.0,0.0
864,True,True,True,0.6723684297054912,1.558780479915653,0.0,0,0.0,0.0
865,True,True,True,0.6802884994538629,1.5451496176662094,0.0,0,0.0,0.0
868,True,True,True,0.6982384188924031,1.7784667427105412,0.0,0,0.0,0.0
869,True,True,True,0.7106159421588457,2.013623891537975,0.0,0,0.0,0.0
870,True,True,True,0.6525250825182334,1.5820060847426347,0.0,0,0.0,0.0
871,True,True,True,0.6807618792415953,1.7457875875249511,0.0,0,0.0,0.0
872,True,True,True,0.6813460891053167,1.6207424515304698,0.0,0,0.0,0.0
876,True,True,True,0.682223541260789,1.7645476423078483,0.0,0,0.0,0.0
877,True,True,True,0.6595403238968843,1.4325525651825375,0.0,0,0.0,0.0
878,True,True,True,0.657226021793747,1.4498756405802051,0.0,0,0.0,0.0
879,True,True,True,0.7196679857696052,1.7579376983949564,0.0,0,0.0,0.0
882,True,True,True,0.7529432566171103,1.8327343721202625,0.0,0,0.0,0.0
883,True,True,True,0.6789555966964594,1.5492320922870124,0.0,0,0.0,0.0
884,True,True,True,0.6336998750155329,1.317028394873911,0.0,0,0.0,0.0
885,True,True,True,0.6648506655847587,1.4956980088313054,0.0,0,0.0,0.0
886,True,True,True,0.6555285030920635,1.4775729345069688,0.0,0,0.0,0.0
889,True,True,True,0.6586390084546988,1.4259057397970145,0.0,0,0.0,0.0
890,True,True,True,0.6702594205470594,1.5300950680633838,0.0,0,0.0,0.0
891,True,True,True,0.6748891697635718,1.4672765571727473,0.0,0,0.0,0.0
892,True,True,True,0.6742589626957146,1.5561352241979622,0.0,0,0.0,0.0
893,True,True,True,0.6764487724113812,1.6286046785644737,0.0,0,0.0,0.0
896,True,True,True,0.6719318873659333,1.629182490844186,0.0,0,0.0,0.0
897,True,True,True,0.6559601546274816,1.5891400400212354,0.0,0,0.0,0.0
898,True,True,True,0.6501016446383433,1.609957482012609,0.0,0,0.0,0.0
899,True,True,True,0.6441585134960988,1.468179403194303,0.0,0,0.0,0.0
900,True,True,True,0.6314082046026345,1.4572442446290717,0.0,0,0.0,0.0
903,True,True,True,0.6402383474837933,1.445390078437435,0.0,0,0.0,0.0
904,True,True,True,0.6270704417452885,1.4367399019696137,0.0,0,0.0,0.0
905,True,True,True,0.6306847337225636,1.4822600722167645,0.0,0,0.0,0.0
906,True,True,True,0.6183293823620106,1.4274601243540614,0.0,0,0.0,0.0
907,True,True,True,0.6110305375246283,1.517255686500938,0.0,0,0.0,0.0
910,True,True,True,0.6121979300178112,1.5458986594860393,0.0,0,0.0,0.0
911,True,True,True,0.6061094153718689,1.5374151829335532,0.0,0,0.0,0.0
913,True,True,True,0.6092745007638585,1.5155935483567575,0.0,0,0.0,0.0
914,True,True,True,0.5956692345192169,1.40658158670241,0.0,0,0.0,0.0
917,True,True,True,0.5949441125653676,1.4322689611550474,0.0,0,0.0,0.0
918,True,True,True,0.5861204397759252,1.3598627551833602,0.0,0,0.0,0.0
919,True,True,True,0.596264238126721,1.4371579482286794,0.0,0,0.0,0.0
920,True,True,True,0.5896937961497857,1.3947479360852948,0.0,0,0.0,0.0
921,True,True,True,0.5843911604525343,1.4604193859371246,0.0,0,0.0,0.0
924,True,True,True,0.5738877384768998,1.407868700001354,0.0,0,0.0,0.0
925,True,True,True,0.5605708892825972,1.408236993228034,0.0,0,0.0,0.0
926,True,True,True,0.5588071512459482,1.4172669011506724,0.0,0,0.0,0.0
927,True,True,True,0.5474672195527016,1.3719169827882374,0.0,0,0.0,0.0
928,True,True,True,0.5532825166452592,1.353304773883033,0.0,0,0.0,0.0
931,True,True,True,0.5738881616816793,1.3964764154575473,0.0,0,0.0,0.0
932,True,True,True,0.5838994756248465,1.3895211592865646,0.0,0,0.0,0.0
933,True,True,True,0.5111114588167655,1.056584718329965,0.0,0,0.0,0.0
934,True,True,True,0.5174312556547109,1.0660064873414092,0.0,0,0.0,0.0
935,True,True,True,0.5705155297709559,1.4630254654323143,0.0,0,0.0,0.0
938,True,True,True,0.5431749757208426,1.3021419988820782,0.0,0,0.0,0.0
939,True,True,True,0.5669679521209615,1.4180015724679311,0.0,0,0.0,0.0
940,True,True,True,0.5573708345849828,1.3774049270763384,0.0,0,0.0,0.0
941,True,True,True,0.5631602278338218,1.4039064831030679,0.0,0,0.0,0.0
942,True,True,True,0.5581988930151476,1.4767793626898293,0.0,0,0.0,0.0
945,True,True,True,0.5424222604858465,1.3668538740080713,0.0,0,0.0,0.0
946,True,True,True,0.5446318962321651,1.3498694969912453,0.0,0,0.0,0.0
947,True,True,True,0.5409108457824834,1.3457080116939648,0.0,0,0.0,0.0
948,True,True,True,0.5425541855682839,1.369207489844654,0.0,0,0.0,0.0
949,True,True,True,0.5416460343411112,1.366306540370494,0.0,0,0.0,0.0
952,True,True,True,0.5393568695219801,1.3626939991923464,0.0,0,0.0,0.0
953,True,True,True,0.5448756413333585,1.360761077290157,0.0,0,0.0,0.0
954,True,True,True,0.5550136597705467,1.3999298177918151,0.0,0,0.0,0.0
955,True,True,True,0.5546399017372734,1.4100953572396648,0.0,0,0.0,0.0
956,True,True,True,0.5435689349805847,1.3667871196938246,0.0,0,0.0,0.0
959,True,True,True,0.5561206299659782,1.4181884297292704,0.0,0,0.0,0.0
960,True,True,True,0.5570875076605173,1.3729517331069876,0.0,0,0.0,0.0
961,True,True,True,0.5776445085184961,1.4311371085125937,0.0,0,0.0,0.0
962,True,True,True,0.567986700415081,1.3401854345684878,0.0,0,0.0,0.0
963,True,True,True,0.5679269459826214,1.4082255809037914,0.0,0,0.0,0.0
966,True,True,True,0.5640861632665591,1.3565649082625493,0.0,0,0.0,0.0
967,True,True,True,0.5507916649815466,1.3152427777417588,0.0,0,0.0,0.0
968,True,True,True,0.5638547611570925,1.3283594675853254,0.0,0,0.0,0.0
969,True,True,True,0.5607078928507584,1.3218913081221852,0.0,0,0.0,0.0
970,True,True,True,0.5667238862398306,1.3758973704641657,0.0,0,0.0,0.0
974,True,True,True,0.5797329266580259,1.4535882510276164,0.0,0,0.0,0.0
975,True,True,True,0.5306408553080845,1.2444105843333217,0.0,0,0.0,0.0
976,True,True,True,0.5308312282191966,1.3399688580900924,0.0,0,0.0,0.0
977,True,True,True,0.5429522595494695,1.4898400564503926,0.0,0,0.0,0.0
980,True,True,True,0.5260216212308182,1.3749101212806238,0.0,0,0.0,0.0
981,True,True,True,0.5281594199163435,1.409990996001369,0.0,0,0.0,0.0
982,True,True,True,0.510557186206134,1.3611737024080843,0.0,0,0.0,0.0
983,True,True,True,0.4882314127023544,1.324614206350588,0.0,0,0.0,0.0
984,True,True,True,0.5029630525006886,1.374981529373846,0.0,0,0.0,0.0
987,True,True,True,0.49778517910020065,1.357393703556664,0.0,0,0.0,0.0
988,True,True,True,0.49403636472490775,1.342878112294122,0.0,0,0.0,0.0
989,True,True,True,0.492644270164843,1.3556240428603226,0.0,0,0.0,0.0
990,True,True,True,0.5069082823704152,1.4118670271682203,0.0,0,0.0,0.0
991,True,True,True,0.5010662932585895,1.3438468626189208,0.0,0,0.0,0.0
994,True,True,True,0.49546543602267334,1.3782112159267974,0.0,0,0.0,0.0
995,True,True,True,0.5041966703639205,1.3935480656171517,0.0,0,0.0,0.0
996,True,True,True,0.5155082799400441,1.4102501716972857,0.0,0,0.0,0.0
997,True,True,True,0.5061354723546969,1.414012145705845,0.0,0,0.0,0.0
998,True,True,True,0.503614914344669,1.3778419675514049,0.0,0,0.0,0.0
1001,True,True,True,0.5051229700386907,1.406864431753381,0.0,0,0.0,0.0
1002,True,True,True,0.5041623669641824,1.4232580457334476,0.0,0,0.0,0.0
1003,True,True,True,0.5015635790919609,1.3996330816098896,0.0,0,0.0,0.0
1004,True,True,True,0.5003012027858831,1.4354983198500741,0.0,0,0.0,0.0
1005,True,True,True,0.47999815798682416,1.3410166629493065,0.0,0,0.0,0.0
1008,True,True,True,0.4830465690093014,1.3537118344713888,0.0,0,0.0,0.0
1009,True,True,True,0.4780783966866778,1.3126027577070518,0.0,0,0.0,0.0
1010,True,True,True,0.47374038631440296,1.273555132970375,0.0,0,0.0,0.0
1011,True,True,True,0.4665850939384173,1.2771715563409316,0.0,0,0.0,0.0
1012,True,True,True,0.4597727253727436,1.2501491194024326,0.0,0,0.0,0.0
1015,True,True,True,0.46342397045209033,1.3210461544052552,0.0,0,0.0,0.0
1016,True,True,True,0.4520506405363008,1.2874857363727525,0.0,0,0.0,0.0
1017,True,True,True,0.4477873054128685,1.2766098842904692,0.0,0,0.0,0.0
1018,True,True,True,0.4485165731375747,1.2776294060150954,0.0,0,0.0,0.0
1019,True,True,True,0.46323119114033784,1.2866376136270565,0.0,0,0.0,0.0
1022,True,True,True,0.45802244812871407,1.2722116223757245,0.0,0,0.0,0.0
1023,True,True,True,0.4655438661087879,1.2341824796801142,0.0,0,0.0,0.0
1024,True,True,True,0.46636168206160566,1.2467299005476404,0.0,0,0.0,0.0
1025,True,True,True,0.45130408106456876,1.195393795912401,0.0,0,0.0,0.0
1026,True,True,True,0.4578709820586508,1.2287058468426308,0.0,0,0.0,0.0
1031,True,True,True,0.44193724038303633,1.1493533390589374,0.0,0,0.0,0.0
1032,True,True,True,0.43349573095409366,1.198964667304572,0.0,0,0.0,0.0
1033,True,True,True,0.4337027223185163,1.169685339826864,0.0,0,0.0,0.0
1036,True,True,True,0.4351375269073032,1.1669302216507558,0.0,0,0.0,0.0
1037,True,True,True,0.431831932512817,1.2010170741424637,0.0,0,0.0,0.0
1038,True,True,True,0.4383147017709201,1.1414064225732947,0.0,0,0.0,0.0
1039,True,True,True,0.4410758420827351,1.1390747347149843,0.0,0,0.0,0.0
1040,True,True,True,0.43446875862082446,1.104422215813776,0.0,0,0.0,0.0
1043,True,True,True,0.4279812254120474,1.1054007884139603,0.0,0,0.0,0.0
1044,True,True,True,0.4183874444632533,1.0607454550622317,0.0,0,0.0,0.0
1045,True,True,True,0.4227898063171111,1.0570848841484768,0.0,0,0.0,0.0
1046,True,True,True,0.415247250234897,1.0287883000375448,0.0,0,0.0,0.0
1047,True,True,True,0.4158766380073618,1.0934269135588255,0.0,0,0.0,0.0
1050,True,True,True,0.39697955637462645,1.0611625721619569,0.0,0,0.0,0.0
1051,True,True,True,0.39169819339570183,1.048633956640987,0.0,0,0.0,0.0
1052,True,True,True,0.3886536141992446,1.0368111666082191,0.0,0,0.0,0.0
1054,True,True,True,0.3919797854620471,1.0817326452271834,0.0,0,0.0,0.0
1057,True,True,True,0.3878497277158921,1.0601839386247283,0.0,0,0.0,0.0
1058,True,True,True,0.3866722277941662,1.0329112688899276,0.0,0,0.0,0.0
1059,True,True,True,0.38502441517864605,1.0465502313219994,0.0,0,0.0,0.0
1060,True,True,True,0.38113900452935157,1.0386841647979173,0.0,0,0.0,0.0
1061,True,True,True,0.381723299066201,1.0291663946257013,0.0,0,0.0,0.0
1064,True,True,True,0.37715782420813804,0.9830815346681859,0.0,0,0.0,0.0
1065,True,True,True,0.3790319022229695,0.9824174962458315,0.0,0,0.0,0.0
1066,True,True,True,0.3750813754398312,0.9773391242989323,0.0,0,0.0,0.0
1067,True,True,True,0.3754468995536098,0.9830221830625785,0.0,0,0.0,0.0
1068,True,True,True,0.375354032892008,0.9932494269877953,0.0,0,0.0,0.0
1071,True,True,True,0.3811998929620261,1.0443974518146606,0.0,0,0.0,0.0
1072,True,True,True,0.3806452680954647,1.0342087679747265,0.0,0,0.0,0.0
1073,True,True,True,0.37665609087113516,0.9946132847235818,0.0,0,0.0,0.0
1074,True,True,True,0.3728064541412697,0.9399662726389041,0.0,0,0.0,0.0
1075,True,True,True,0.3810247470525939,0.9720315018401108,0.0,0,0.0,0.0
1078,True,True,True,0.3783309204107372,0.990587050670534,0.0,0,0.0,0.0
1079,True,True,True,0.36494027158786024,0.9570948826363308,0.0,0,0.0,0.0
1080,True,True,True,0.37178583651377795,0.9458569704620554,0.0,0,0.0,0.0
1081,True,True,True,0.3674263722570303,1.1102690142744425,0.0,0,0.0,0.0
1082,True,True,True,0.39094739406425444,1.048242684294378,0.0,0,0.0,0.0
1085,True,True,True,0.38221135352594343,1.138905661474268,0.0,0,0.0,0.0
1087,True,True,True,0.46154351118649406,1.5528260841924943,0.0,0,0.0,0.0
1088,True,True,True,0.4762995031420646,1.475233560169794,0.0,0,0.0,0.0
1089,True,True,True,0.45712560573208433,1.6868771464790078,0.0,0,0.0,0.0
1092,True,True,True,0.4802772681913667,1.3928088227274875,0.0,0,0.0,0.0
1094,True,True,True,0.467863814221976,1.5421734463454784,0.0,0,0.0,0.0
1095,True,True,True,0.47250014162148724,1.271878347609123,0.0,0,0.0,0.0
1096,True,True,True,0.4787964185434732,1.0797363708662593,0.0,0,0.0,0.0
1099,True,True,True,0.4789531555745971,0.9929103060833756,0.0,0,0.0,0.0
1100,True,True,True,0.4775199529300451,0.9928377084091481,0.0,0,0.0,0.0
1101,True,True,True,0.47356543247494637,1.095472076844372,0.0,0,0.0,0.0
1102,True,True,True,0.4711813819915338,1.176274796913382,0.0,0,0.0,0.0
1103,True,True,True,0.4636490145387811,1.0330289753242097,0.0,0,0.0,0.0
1106,True,True,True,0.46165672705518723,1.0613036937084004,0.0,0,0.0,0.0
1107,True,True,True,0.46330913182073596,0.9657685463027692,0.0,0,0.0,0.0
1108,True,True,True,0.4574220558885832,1.0370765318716544,0.0,0,0.0,0.0
1109,True,True,True,0.45613880622884734,0.9972537649404838,0.0,0,0.0,0.0
1110,True,True,True,0.45181717511918035,1.064382811229248,0.0,0,0.0,0.0
1114,True,True,True,0.45493201960743,1.1301451494171075,0.0,0,0.0,0.0
1115,True,True,True,0.4285270921304902,1.3854677824666044,0.0,0,0.0,0.0
1116,True,True,True,0.43057947302190985,1.5824869587686825,0.0,0,0.0,0.0
1117,True,True,True,0.44539142227627043,1.3090938137732613,0.0,0,0.0,0.0
1120,True,True,True,0.43265247916743443,1.4442522113643528,0.0,0,0.0,0.0
1121,True,True,True,0.4266879673443863,1.4805299253133657,0.0,0,0.0,0.0
1122,True,True,True,0.4210962314756125,1.5855440829773548,0.0,0,0.0,0.0
1123,True,True,True,0.42470569014980225,1.7926080975432879,0.0,0,0.0,0.0
1124,True,True,True,0.4337126377859249,1.3688769361180906,0.0,0,0.0,0.0
1127,True,True,True,0.42501979333292433,1.4880221000468166,0.0,0,0.0,0.0
1128,True,True,True,0.42930169489319464,1.338740234090973,0.0,0,0.0,0.0
1129,True,True,True,0.42345071628099973,1.5259606304321724,0.0,0,0.0,0.0
1130,True,True,True,0.42954458321497524,1.5789980820204244,0.0,0,0.0,0.0
1131,True,True,True,0.4279722927055351,1.368784145966624,0.0,0,0.0,0.0
1134,True,True,True,0.43096597392358443,1.3481959169046607,0.0,0,0.0,0.0
1135,True,True,True,0.4227299831924,1.4153528032403342,0.0,0,0.0,0.0
1136,True,True,True,0.4127914179986846,1.7039159392419658,0.0,0,0.0,0.0
1137,True,True,True,0.4076199064235443,1.6026925625811674,0.0,0,0.0,0.0
1138,True,True,True,0.42003597928561326,1.480212750840278,0.0,0,0.0,0.0
1142,True,True,True,0.41601976184424,1.8547077543698147,0.0,0,0.0,0.0
1143,True,True,True,0.4074643836073489,1.6325043494537035,0.0,0,0.0,0.0
1144,True,True,True,0.4196069052821511,1.5381453605362099,0.0,0,0.0,0.0
1145,True,True,True,0.4138444595425157,1.4346445732237576,0.0,0,0.0,0.0
1148,True,True,True,0.4150512575870576,1.8074799845684995,0.0,0,0.0,0.0
1149,True,True,True,0.40862988941312123,1.7374658441359243,0.0,0,0.0,0.0
1150,True,True,True,0.4048469154178513,1.9175164392120922,0.0,0,0.0,0.0
1151,True,True,True,0.41365119788697813,2.220392521261537,0.0,0,0.0,0.0
1152,True,True,True,0.42116639995107996,1.5671606440467512,0.0,0,0.0,0.0
1155,True,True,True,0.41145793990159274,1.7015546150374832,0.0,0,0.0,0.0
1156,True,True,True,0.4141634407980179,1.654687753111637,0.0,0,0.0,0.0
1157,True,True,True,0.41234916757658163,1.6298015675479842,0.0,0,0.0,0.0
1158,True,True,True,0.4077085458273135,1.7587094602146083,0.0,0,0.0,0.0
1159,True,True,True,0.4047408745031233,1.911870800642708,0.0,0,0.0,0.0
1162,True,True,True,0.3992515417224661,1.8924392271522503,0.0,0,0.0,0.0
1163,True,True,True,0.40959587150987525,1.9792806837222434,0.0,0,0.0,0.0
1164,True,True,True,0.4021449699535539,2.303188411589035,0.0,0,0.0,0.0
1165,True,True,True,0.40831360079471885,2.1037639051078743,0.0,0,0.0,0.0
1166,True,True,True,0.40652333592546913,2.3390611341515215,0.0,0,0.0,0.0
1169,True,True,True,0.4180842980531876,2.094258507160761,0.0,0,0.0,0.0
1170,True,True,True,0.41768212494953627,2.1525335854877596,0.0,0,0.0,0.0
1171,True,True,True,0.41593032850215134,2.3074371127498376,0.0,0,0.0,0.0
1172,True,True,True,0.4094825435083792,2.249574320609917,0.0,0,0.0,0.0
1173,True,True,True,0.41243533101515195,2.6476381613944726,0.0,0,0.0,0.0
1176,True,True,True,0.4135971057574235,2.511613516083817,0.0,0,0.0,0.0
1177,True,True,True,0.41229722794069434,2.6115809270782155,0.0,0,0.0,0.0
1178,True,True,True,0.41016980258241653,2.5323794333223284,0.0,0,0.0,0.0
1179,True,True,True,0.4149989468572102,2.3990875320284517,0.0,0,0.0,0.0
1183,True,True,True,0.40821863830564514,2.7616115683046316,0.0,0,0.0,0.0
1184,True,True,True,0.40324138855962455,2.7531825605279936,0.0,0,0.0,0.0
1185,True,True,True,0.42039017826341596,2.66901385424686,0.0,0,0.0,0.0
1186,True,True,True,0.4171296186804357,2.301819870905481,0.0,0,0.0,0.0
1187,True,True,True,0.42079591931229765,1.6020663484516273,0.0,0,0.0,0.0
1190,True,True,True,0.42705843424117507,1.795289628774609,0.0,0,0.0,0.0
1191,True,True,True,0.4183658648744153,1.7820421449904609,0.0,0,0.0,0.0
1192,True,True,True,0.4068533486560865,1.795897735667025,0.0,0,0.0,0.0
1193,True,True,True,0.4011867219744847,1.6275134275220045,0.0,0,0.0,0.0
1194,True,True,True,0.39152993829423627,1.4813490385173138,0.0,0,0.0,0.0
1197,True,True,True,0.38786829271202095,1.5503936362393629,0.0,0,0.0,0.0
1198,True,True,True,0.38492726847619063,1.4855154313211971,0.0,0,0.0,0.0
1199,True,True,True,0.39798821342022567,1.5252250151244993,0.0,0,0.0,0.0
1200,True,True,True,0.4011810692606587,1.5896027968903275,0.0,0,0.0,0.0
1201,True,True,True,0.4060677287300067,1.43974927617802,0.0,0,0.0,0.0
1204,True,True,True,0.4043378077823932,1.7654365650339503,0.0,0,0.0,0.0
1205,True,True,True,0.4062900224925401,1.8413828856949013,0.0,0,0.0,0.0
1206,True,True,True,0.39812942342807034,1.739313948789637,0.0,0,0.0,0.0
1207,True,True,True,0.38772032345612456,2.0063349416112257,0.0,0,0.0,0.0
1208,True,True,True,0.391924598396016,1.785834102560309,0.0,0,0.0,0.0
1211,True,True,True,0.38532766680524977,2.15094805590783,0.0,0,0.0,0.0
1212,True,True,True,0.3823200977778376,2.3547461838247146,0.0,0,0.0,0.0
1213,True,True,True,0.3860780534136303,2.328419401677609,0.0,0,0.0,0.0
1214,True,True,True,0.3865602871697518,2.029599967305875,0.0,0,0.0,0.0
1215,True,True,True,0.37586180373249695,1.8124990529276082,0.0,0,0.0,0.0
1218,True,True,True,0.37659459999937034,1.7812237553718093,0.0,0,0.0,0.0
1219,True,True,True,0.376211339128233,1.7010767675511351,0.0,0,0.0,0.0
1220,True,True,True,0.3783183553797651,1.5375501125734645,0.0,0,0.0,0.0
1221,True,True,True,0.3709111862408558,1.5436549580537662,0.0,0,0.0,0.0
1222,True,True,True,0.38222379457259975,1.555823338595354,0.0,0,0.0,0.0
1225,True,True,True,0.3802397630183094,1.3990867271920326,0.0,0,0.0,0.0
1226,True,True,True,0.38659678418308857,1.3512642950375078,0.0,0,0.0,0.0
1227,True,True,True,0.3884429711916641,1.3070321949277337,0.0,0,0.0,0.0
1228,True,True,True,0.39766884353789034,1.245576269199806,0.0,0,0.0,0.0
1229,True,True,True,0.3985004420596521,1.2556466340474999,0.0,0,0.0,0.0
1232,True,True,True,0.4068478567036859,1.2348748206305387,0.0,0,0.0,0.0
1233,True,True,True,0.41131574992470415,1.1044669905376368,0.0,0,0.0,0.0
1234,True,True,True,0.4059490849276822,1.04762745084278,0.0,0,0.0,0.0
1235,True,True,True,0.41046776036939775,1.1254250486598598,0.0,0,0.0,0.0
1236,True,True,True,0.41773798723204003,1.1302353625454329,0.0,0,0.0,0.0
1240,True,True,True,0.4076498220473512,1.2740772828503175,0.0,0,0.0,0.0
1241,True,True,True,0.40692874020028713,1.2986012421533881,0.0,0,0.0,0.0
1242,True,True,True,0.4042380084046757,1.3770465595990307,0.0,0,0.0,0.0
1243,True,True,True,0.4108440548590092,1.4948527947258337,0.0,0,0.0,0.0
1246,True,True,True,0.4155790987067531,1.3121541671738544,0.0,0,0.0,0.0
1247,True,True,True,0.40539127466127717,1.4303061510334456,0.0,0,0.0,0.0
1248,True,True,True,0.41281119732193383,1.3973025241921435,0.0,0,0.0,0.0
1249,True,True,True,0.40807307773931706,1.5621144802656683,0.0,0,0.0,0.0
1250,True,True,True,0.39441809665775274,1.5440027219876458,0.0,0,0.0,0.0
1253,True,True,True,0.4011724380162486,1.4457004105706466,0.0,0,0.0,0.0
1254,True,True,True,0.40946960625604645,1.5038564113960697,0.0,0,0.0,0.0
1255,True,True,True,0.4108378534044163,1.4724728465460761,0.0,0,0.0,0.0
1256,True,True,True,0.41206573977962235,1.4569175444829812,0.0,0,0.0,0.0
1257,True,True,True,0.40663606000967756,1.5283427370173368,0.0,0,0.0,0.0
1260,True,True,True,0.4008975894229355,1.6449188326159436,0.0,0,0.0,0.0
1261,True,True,True,0.3973356191536218,1.8705223338514831,0.0,0,0.0,0.0
1262,True,True,True,0.40506497546687886,1.3984420580839503,0.0,0,0.0,0.0
1263,True,True,True,0.41059799800366076,1.7003109236274867,0.0,0,0.0,0.0
1264,True,True,True,0.4039350109229409,1.7511700252695013,0.0,0,0.0,0.0
1267,True,True,True,0.4114871201149749,1.8309636066666348,0.0,0,0.0,0.0
1268,True,True,True,0.4083258185500776,1.9672224623603702,0.0,0,0.0,0.0
1269,True,True,True,0.40528360365142674,1.98232254990247,0.0,0,0.0,0.0
1270,True,True,True,0.4044314647500025,1.7905481526926406,0.0,0,0.0,0.0
1271,True,True,True,0.40931532195451564,1.5871946047541665,0.0,0,0.0,0.0
1274,True,True,True,0.39635067499331633,1.6577560132710008,0.0,0,0.0,0.0
1275,True,True,True,0.3931863321869854,1.4813585358234527,0.0,0,0.0,0.0
1276,True,True,True,0.39517436032690895,1.473721012428683,0.0,0,0.0,0.0
1278,True,True,True,0.3961135830659307,1.3933494983258692,0.0,0,0.0,0.0
1281,True,True,True,0.38513124437770224,1.407768063712443,0.0,0,0.0,0.0
1282,True,True,True,0.38271216989895734,1.2579532519053676,0.0,0,0.0,0.0
1283,True,True,True,0.3829201395552302,1.3708351220928885,0.0,0,0.0,0.0
1284,True,True,True,0.3756503543850768,1.077476027946093,0.0,0,0.0,0.0
1285,True,True,True,0.3736540341240303,1.1431895571475503,0.0,0,0.0,0.0
1288,True,True,True,0.3743625822542647,1.0387596331990723,0.0,0,0.0,0.0
1289,True,True,True,0.37572299910075013,1.1928195376535078,0.0,0,0.0,0.0
1290,True,True,True,0.3753441090693222,1.1817469304132344,0.0,0,0.0,0.0
1291,True,True,True,0.370781407029101,1.277540692844671,0.0,0,0.0,0.0
1292,True,True,True,0.37799818368697385,1.4485496533003244,0.0,0,0.0,0.0
1295,True,True,True,0.3734112959385826,1.5379113436392473,0.0,0,0.0,0.0
1296,True,True,True,0.37201982132580513,1.4970227180727798,0.0,0,0.0,0.0
1297,True,True,True,0.37903147608572013,1.6059687187044394,0.0,0,0.0,0.0
1298,True,True,True,0.37055903938780527,1.2076301335862034,0.0,0,0.0,0.0
1299,True,True,True,0.37004707589017816,1.3247437349513347,0.0,0,0.0,0.0
1302,True,True,True,0.3754023210187233,1.5737958032604622,0.0,0,0.0,0.0
1303,True,True,True,0.38646701812083767,1.8922040947708483,0.0,0,0.0,0.0
1304,True,True,True,0.38319564183096844,1.4653864953035358,0.0,0,0.0,0.0
1305,True,True,True,0.36005316792845776,1.443303633383014,0.0,0,0.0,0.0
1306,True,True,True,0.3539011256217395,1.277974105176864,0.0,0,0.0,0.0
1309,True,True,True,0.354076302631551,1.2474006496179169,0.0,0,0.0,0.0
1310,True,True,True,0.355031500620782,1.2555078242939244,0.0,0,0.0,0.0
1311,True,True,True,0.3599178493285722,1.5019021654991216,0.0,0,0.0,0.0
1312,True,True,True,0.34941611669152656,1.2662776102991071,0.0,0,0.0,0.0
1313,True,True,True,0.34576284913520217,1.1356736969713161,0.0,0,0.0,0.0
1316,True,True,True,0.359378092784346,1.484061102299987,0.0,0,0.0,0.0
1317,True,True,True,0.3486642553267845,1.2930962496763232,0.0,0,0.0,0.0
1318,True,True,True,0.3550094472495668,1.4454112248579702,0.0,0,0.0,0.0
1319,True,True,True,0.3539556619840219,1.3068293163434594,0.0,0,0.0,0.0
1320,True,True,True,0.35048346823594895,1.3611154599953827,0.0,0,0.0,0.0
1323,True,True,True,0.3500962946253093,1.402852695789034,0.0,0,0.0,0.0
1324,True,True,True,0.34854635246346083,1.3772418211684065,0.0,0,0.0,0.0
1325,True,True,True,0.3443697559004826,1.2732246808742083,0.0,0,0.0,0.0
1326,True,True,True,0.3448126926057644,1.3429813975059066,0.0,0,0.0,0.0
1327,True,True,True,0.34958802436314573,1.3390626912487071,0.0,0,0.0,0.0
1330,True,True,True,0.34437835545014267,1.281295113529352,0.0,0,0.0,0.0
1331,True,True,True,0.3601275027132439,1.2859201669620597,0.0,0,0.0,0.0
1332,True,True,True,0.3658299907093286,1.373206078560417,0.0,0,0.0,0.0
1333,True,True,True,0.36490206555432686,1.3949797229497023,0.0,0,0.0,0.0
1334,True,True,True,0.363823000034693,1.3296162892852283,0.0,0,0.0,0.0
1338,True,True,True,0.36024872208657205,1.1250485315023775,0.0,0,0.0,0.0
1339,True,True,True,0.3593648218931454,1.1859416798770173,0.0,0,0.0,0.0
1340,True,True,True,0.3670033867260863,1.1898383160872197,0.0,0,0.0,0.0
1341,True,True,True,0.36007028318685363,1.2677463183404192,0.0,0,0.0,0.0
1344,True,True,True,0.3553158386068106,1.3563788991794554,0.0,0,0.0,0.0
1345,True,True,True,0.3546599690301294,1.2686200153275908,0.0,0,0.0,0.0
1346,True,True,True,0.3459050584909308,1.2815835541972318,0.0,0,0.0,0.0
1347,True,True,True,0.35047845150072043,1.2811007878499694,0.0,0,0.0,0.0
1348,True,True,True,0.3487354925415731,1.2301099197553538,0.0,0,0.0,0.0
1351,True,True,True,0.34527261854096825,1.3207410221223002,0.0,0,0.0,0.0
1352,True,True,True,0.35098009782640904,1.2876129534570215,0.0,0,0.0,0.0
1353,True,True,True,0.3465198786613091,1.1500842166108554,0.0,0,0.0,0.0
1354,True,True,True,0.3444380564150582,1.0144200307411693,0.0,0,0.0,0.0
1355,True,True,True,0.3536337086578884,1.0853664955354911,0.0,0,0.0,0.0
1358,True,True,True,0.3536535829909862,1.1629932356226593,0.0,0,0.0,0.0
1359,True,True,True,0.35703062925486756,1.1635905910844375,0.0,0,0.0,0.0
1360,True,True,True,0.3564881822474639,1.198295765273774,0.0,0,0.0,0.0
1361,True,True,True,0.3534173304452585,1.1922792610359416,0.0,0,0.0,0.0
1362,True,True,True,0.35816322973581877,1.2625235700965074,0.0,0,0.0,0.0
1365,True,True,True,0.3551426870298488,1.2698327010548316,0.0,0,0.0,0.0
1366,True,True,True,0.35713373090542466,1.30588738998846,0.0,0,0.0,0.0
1367,True,True,True,0.35858939848856886,1.4368663629254028,0.0,0,0.0,0.0
1368,True,True,True,0.3608891371762069,1.5117537458497035,0.0,0,0.0,0.0
1369,True,True,True,0.35871107913326555,1.3132877675525838,0.0,0,0.0,0.0
1372,True,True,True,0.3637723119508985,1.3916479215722168,0.0,0,0.0,0.0
1373,True,True,True,0.3644161771797388,1.2830997822445493,0.0,0,0.0,0.0
1374,True,True,True,0.3591282700215735,1.3452923358010973,0.0,0,0.0,0.0
1375,True,True,True,0.3514844634485251,1.424186371690415,0.0,0,0.0,0.0
1376,True,True,True,0.35275809040686007,1.4285168038320608,0.0,0,0.0,0.0
1379,True,True,True,0.3511479902836166,1.650928594921054,0.0,0,0.0,0.0
1380,True,True,True,0.35250498967302735,1.947583901018147,0.0,0,0.0,0.0
1381,True,True,True,0.35767732603525504,1.6298732592345138,0.0,0,0.0,0.0
1382,True,True,True,0.3522552893465802,1.5690620358346148,0.0,0,0.0,0.0
1383,True,True,True,0.3501510370846867,1.5073874538463699,0.0,0,0.0,0.0
1386,True,True,True,0.3483532858909412,1.4983727312939834,0.0,0,0.0,0.0
1387,True,True,True,0.3460364915437568,1.3414844135150745,0.0,0,0.0,0.0
1388,True,True,True,0.34695089966062065,1.4719039420325382,0.0,0,0.0,0.0
1389,True,True,True,0.34673900769384597,1.403008826011293,0.0,0,0.0,0.0
1390,True,True,True,0.3439585940479719,1.5306270660560135,0.0,0,0.0,0.0
1393,True,True,True,0.34531391106380654,1.4638694247506643,0.0,0,0.0,0.0
1394,True,True,True,0.3444544244473355,1.5764591325613992,0.0,0,0.0,0.0
1395,True,True,True,0.347083008838926,1.5767957655123543,0.0,0,0.0,0.0
1396,True,True,True,0.34872301810818385,1.5121668354520672,0.0,0,0.0,0.0
1397,True,True,True,0.3338025160322463,1.5050219615755693,0.0,0,0.0,0.0
1400,True,True,True,0.33291710409061687,1.5896127054348936,0.0,0,0.0,0.0
1401,True,True,True,0.33752375070340196,1.4667414591803059,0.0,0,0.0,0.0
1402,True,True,True,0.3342981920418412,1.3158458666854673,0.0,0,0.0,0.0
1403,True,True,True,0.34356835810369324,1.2331206991611956,0.0,0,0.0,0.0
1404,True,True,True,0.33346392182414525,1.2484945160370207,0.0,0,0.0,0.0
1407,True,True,True,0.3342967230422926,1.3542414749216265,0.0,0,0.0,0.0
1408,True,True,True,0.33933362908601894,1.3781432346564209,0.0,0,0.0,0.0
1409,True,True,True,0.3418218239386039,1.3018790810530627,0.0,0,0.0,0.0
1410,True,True,True,0.3364886250153144,1.3751900440871996,0.0,0,0.0,0.0
1411,True,True,True,0.34162417680587176,1.2710958039006273,0.0,0,0.0,0.0
1414,True,True,True,0.3431842409609544,1.1592326905688477,0.0,0,0.0,0.0
1415,True,True,True,0.3449191414581643,1.2998791911823369,0.0,0,0.0,0.0
1416,True,True,True,0.34477771653601424,1.2925462450981657,0.0,0,0.0,0.0
1417,True,True,True,0.3472826535381659,1.3286384931777846,0.0,0,0.0,0.0
1418,True,True,True,0.33925833782968334,1.2857111068723373,0.0,0,0.0,0.0
1421,True,True,True,0.3397098025043498,1.5351705938485984,0.0,0,0.0,0.0
1422,True,True,True,0.33712273969457157,1.5405685972831724,0.0,0,0.0,0.0
1423,True,True,True,0.3487119036060377,1.2262176257135013,0.0,0,0.0,0.0
1425,True,True,True,0.34301406336606205,1.5134616486007468,0.0,0,0.0,0.0
1428,True,True,True,0.343822006194685,1.5909858984786955,0.0,0,0.0,0.0
1429,True,True,True,0.33555643096667964,1.6413359315295437,0.0,0,0.0,0.0
1430,True,True,True,0.34192313064653246,1.5685746464322652,0.0,0,0.0,0.0
1431,True,True,True,0.3402815110431015,1.7400536742742814,0.0,0,0.0,0.0
1432,True,True,True,0.3352459199614264,1.5622232057234653,0.0,0,0.0,0.0
1435,True,True,True,0.3335247213909167,1.4714666373047864,0.0,0,0.0,0.0
1436,True,True,True,0.33061105359539267,1.5607821079781665,0.0,0,0.0,0.0
1437,True,True,True,0.3324872910769782,1.3572652226660125,0.0,0,0.0,0.0
1438,True,True,True,0.33598872142786074,1.4286878239636127,0.0,0,0.0,0.0
1439,True,True,True,0.3347845501353819,1.4583471826937011,0.0,0,0.0,0.0
1442,True,True,True,0.33606153831286106,1.525558579932731,0.0,0,0.0,0.0
1443,True,True,True,0.3342870308226844,1.4638897922583727,0.0,0,0.0,0.0
1444,True,True,True,0.3241975351600408,1.6021847215658889,0.0,0,0.0,0.0
1445,True,True,True,0.32806733641740793,1.4442715928944818,0.0,0,0.0,0.0
1446,True,True,True,0.3290481251608588,1.4560518094078652,0.0,0,0.0,0.0
1449,True,True,True,0.32736109292944554,1.8252909404626354,0.0,0,0.0,0.0
1450,True,True,True,0.31681959046063213,0.9384991448243369,0.0,0,0.0,0.0
1452,True,True,True,0.408143191317815,1.8220414544712362,0.0,0,0.0,0.0
1453,True,True,True,0.41326203671345124,1.779011084749157,0.0,0,0.0,0.0
1456,True,True,True,0.41366596474016354,1.6617740019983689,0.0,0,0.0,0.0
1457,True,True,True,0.4137202430610369,1.7827322268365147,0.0,0,0.0,0.0
1459,True,True,True,0.4075213036615278,1.6202964758980645,0.0,0,0.0,0.0
1460,True,True,True,0.411356220377527,1.3440487760098285,0.0,0,0.0,0.0
1463,True,True,True,0.4066266491744252,1.392048951149398,0.0,0,0.0,0.0
1464,True,True,True,0.39981301166249333,1.437889389371508,0.0,0,0.0,0.0
1465,True,True,True,0.4035689990372781,1.377287315402333,0.0,0,0.0,0.0
1466,True,True,True,0.3998989922827115,1.6093340950236352,0.0,0,0.0,0.0
1467,True,True,True,0.3946636185406468,1.5435550494683923,0.0,0,0.0,0.0
1470,True,True,True,0.3949784886712251,1.6704017841847458,0.0,0,0.0,0.0
1471,True,True,True,0.3863214608847033,1.6688780672345522,0.0,0,0.0,0.0
1472,True,True,True,0.3845966383146334,1.7233265668241369,0.0,0,0.0,0.0
1473,True,True,True,0.3973266367985408,1.613523286139605,0.0,0,0.0,0.0
1474,True,True,True,0.40142138574448216,1.606564285969588,0.0,0,0.0,0.0
1478,True,True,True,0.3962289320637359,1.6124020170141973,0.0,0,0.0,0.0
1479,True,True,True,0.3831424963460936,1.6548926191150566,0.0,0,0.0,0.0
1480,True,True,True,0.3860971543252116,1.3673953830529066,0.0,0,0.0,0.0
1481,True,True,True,0.38114275301450956,1.657279480882328,0.0,0,0.0,0.0
1484,True,True,True,0.3856335067052445,1.2173605490636297,0.0,0,0.0,0.0
1485,True,True,True,0.3810490272089162,1.2333000223208057,0.0,0,0.0,0.0
1486,True,True,True,0.3743797781938898,1.4530490220085404,0.0,0,0.0,0.0
1487,True,True,True,0.38100540388162707,1.5904720281825635,0.0,0,0.0,0.0
1488,True,True,True,0.3773618427019232,1.7461214804804501,0.0,0,0.0,0.0
1491,True,True,True,0.38975829488442726,1.837372669492432,0.0,0,0.0,0.0
1492,True,True,True,0.380722623651997,1.7069768511249503,0.0,0,0.0,0.0
1493,True,True,True,0.39232666082251993,2.1991159887737117,0.0,0,0.0,0.0
1494,True,True,True,0.3953009697845326,1.904388088909275,0.0,0,0.0,0.0
1495,True,True,True,0.4081439131314434,1.6752309560981928,0.0,0,0.0,0.0
1498,True,True,True,0.38960710440192403,1.6089115333847481,0.0,0,0.0,0.0
1499,True,True,True,0.4051847039624997,1.7157488647098964,0.0,0,0.0,0.0
1500,True,True,True,0.38915472357435826,1.778709713050757,0.0,0,0.0,0.0
1501,True,True,True,0.3871803382600318,1.7802374850478508,0.0,0,0.0,0.0
1502,True,True,True,0.39586990377031894,2.196998005149938,0.0,0,0.0,0.0
1506,True,True,True,0.3817601774388375,1.780296761430617,0.0,0,0.0,0.0
1507,True,True,True,0.4025134492165506,2.131033380023325,0.0,0,0.0,0.0
1508,True,True,True,0.38547651304309083,1.974301498466729,0.0,0,0.0,0.0
1509,True,True,True,0.39467490491588625,2.0439317290904584,0.0,0,0.0,0.0
1512,True,True,True,0.3893784332537076,1.9337051484271763,0.0,0,0.0,0.0
1513,True,True,True,0.3912907975710772,1.8402161137143411,0.0,0,0.0,0.0
1514,True,True,True,0.39288194859866354,1.8013662668433468,0.0,0,0.0,0.0
1515,True,True,True,0.3935600114714782,1.882417322930924,0.0,0,0.0,0.0
1516,True,True,True,0.3907078436733998,1.7981677519331065,0.0,0,0.0,0.0
1519,True,True,True,0.39756845863863627,2.6392007615504234,0.0,0,0.0,0.0
1520,True,True,True,0.3884487238138381,2.169886483557074,0.0,0,0.0,0.0
1521,True,True,True,0.3827176023308085,2.307690222377542,0.0,0,0.0,0.0
1522,True,True,True,0.39259707832688384,2.0015602778819583,0.0,0,0.0,0.0
1523,True,True,True,0.3892027166694043,1.7686848289986732,0.0,0,0.0,0.0
1526,True,True,True,0.38998258817205383,1.7535387736749815,0.0,0,0.0,0.0
1527,True,True,True,0.38981685840357505,1.7744008720595132,0.0,0,0.0,0.0
1528,True,True,True,0.39031034897522154,1.8624248052157137,0.0,0,0.0,0.0
1529,True,True,True,0.39184818225994633,1.7551593602616575,0.0,0,0.0,0.0
1530,True,True,True,0.3959271658099142,1.7778779765247865,0.0,0,0.0,0.0
1533,True,True,True,0.3842874181924169,2.306764923903877,0.0,0,0.0,0.0
1534,True,True,True,0.3850962342288731,2.0389662136764954,0.0,0,0.0,0.0
1535,True,True,True,0.3891683010792569,1.9386649891350798,0.0,0,0.0,0.0
1536,True,True,True,0.37881834979242973,1.911144360687161,0.0,0,0.0,0.0
1537,True,True,True,0.3805761996708332,1.94336496402748,0.0,0,0.0,0.0
1540,True,True,True,0.3841277919785502,1.7749761835163125,0.0,0,0.0,0.0
1541,True,True,True,0.38574307508931815,1.7857471131596478,0.0,0,0.0,0.0
1542,True,True,True,0.39182044433649754,1.742728419068044,0.0,0,0.0,0.0
1543,True,True,True,0.38724052002381165,1.730023288044301,0.0,0,0.0,0.0
1544,True,True,True,0.3848270082365936,1.7116414013718715,0.0,0,0.0,0.0
1547,True,True,True,0.3842424506497221,1.7294748218877436,0.0,0,0.0,0.0
1548,True,True,True,0.376488394060317,1.6138218621662683,0.0,0,0.0,0.0
1549,True,True,True,0.37673272421669707,1.5416370812644853,0.0,0,0.0,0.0
1550,True,True,True,0.37588708949635335,1.6140678130435795,0.0,0,0.0,0.0
1551,True,True,True,0.38099486930186677,1.4329094341738022,0.0,0,0.0,0.0
1554,True,True,True,0.38131880126537904,1.3532396670198374,0.0,0,0.0,0.0
1555,True,True,True,0.3757178929750536,1.407365702967142,0.0,0,0.0,0.0
1556,True,True,True,0.36794292567652664,1.4602532897597513,0.0,0,0.0,0.0
1557,True,True,True,0.38367847193921656,1.3081698333590996,0.0,0,0.0,0.0
1558,True,True,True,0.39350287598345063,1.5417701749841768,0.0,0,0.0,0.0
1561,True,True,True,0.3680787303526663,1.2922348741630947,0.0,0,0.0,0.0
1562,True,True,True,0.36966749618797423,1.2437768690810942,0.0,0,0.0,0.0
1563,True,True,True,0.3672731660701347,1.4138572580397404,0.0,0,0.0,0.0
1564,True,True,True,0.3758761446932774,1.3446110368199062,0.0,0,0.0,0.0
1568,True,True,True,0.3670304038003751,1.295635515693864,0.0,0,0.0,0.0
1569,True,True,True,0.36522069902287646,1.4402999024732657,0.0,0,0.0,0.0
1570,True,True,True,0.37114973167255905,1.4755456333098287,0.0,0,0.0,0.0
1571,True,True,True,0.36247589916238376,1.2222076441514726,0.0,0,0.0,0.0
1572,True,True,True,0.365684607596291,1.3738995767443622,0.0,0,0.0,0.0
1575,True,True,True,0.3651822966057923,1.4176093052011811,0.0,0,0.0,0.0
1576,True,True,True,0.35901665826167434,1.4915487630823665,0.0,0,0.0,0.0
1577,True,True,True,0.35828532860567497,1.4976625548992728,0.0,0,0.0,0.0
1578,True,True,True,0.35536673280636033,1.5403649542694848,0.0,0,0.0,0.0
1579,True,True,True,0.35531682651442215,1.3361946719599243,0.0,0,0.0,0.0
1582,True,True,True,0.35503073028980836,1.3833807219832772,0.0,0,0.0,0.0
1583,True,True,True,0.3610849769422557,1.3107850510446406,0.0,0,0.0,0.0
1584,True,True,True,0.3579669911182703,1.2799323695861975,0.0,0,0.0,0.0
1585,True,True,True,0.3568789468629013,1.2485437085976525,0.0,0,0.0,0.0
1586,True,True,True,0.35092922938441073,1.3061717062326998,0.0,0,0.0,0.0
1589,True,True,True,0.35379466823156247,1.2545750405183327,0.0,0,0.0,0.0
1590,True,True,True,0.3488246415763273,1.296918287667767,0.0,0,0.0,0.0
1591,True,True,True,0.3528051725724176,1.3165535817195422,0.0,0,0.0,0.0
1592,True,True,True,0.3545418896822814,1.3692152623752818,0.0,0,0.0,0.0
1593,True,True,True,0.35074875762164476,1.3577603755254728,0.0,0,0.0,0.0
1596,True,True,True,0.3498427182713579,1.4428842850459622,0.0,0,0.0,0.0
1597,True,True,True,0.34291649962655263,1.3643936100600176,0.0,0,0.0,0.0
1598,True,True,True,0.3419410053111371,1.4619278610755855,0.0,0,0.0,0.0
1599,True,True,True,0.33920485737273476,1.4442734279385077,0.0,0,0.0,0.0
1600,True,True,True,0.34160727175125727,1.4072850121494769,0.0,0,0.0,0.0
1604,True,True,True,0.33614103214975316,1.5361807501897204,0.0,0,0.0,0.0
1605,True,True,True,0.35089191287903326,1.5519653148766366,0.0,0,0.0,0.0
1606,True,True,True,0.35396865150613066,1.4568431150005932,0.0,0,0.0,0.0
1610,True,True,True,0.36270915767147455,1.4651174837877134,0.0,0,0.0,0.0
1611,True,True,True,0.3623157955774726,1.4261919570307342,0.0,0,0.0,0.0
1612,True,True,True,0.360758902848792,1.3951035223934163,0.0,0,0.0,0.0
1613,True,True,True,0.37361488893720546,1.8009203305934318,0.0,0,0.0,0.0
1614,True,True,True,0.35486416447224917,1.338094513219864,0.0,0,0.0,0.0
1617,True,True,True,0.35322453970629647,1.3357952155976203,0.0,0,0.0,0.0
1618,True,True,True,0.3627998734469944,1.3310712065008024,0.0,0,0.0,0.0
1619,True,True,True,0.36468501351438737,1.3969059615271089,0.0,0,0.0,0.0
1620,True,True,True,0.3689301663720125,1.4960494622735991,0.0,0,0.0,0.0
1621,True,True,True,0.36631471734579735,1.503025076571769,0.0,0,0.0,0.0
1624,True,True,True,0.3663875111955939,1.4900676242513429,0.0,0,0.0,0.0
1625,True,True,True,0.3616872864984102,1.5130509735259894,0.0,0,0.0,0.0
1626,True,True,True,0.35974612225442887,1.426869477047574,0.0,0,0.0,0.0
1627,True,True,True,0.35882692135320404,1.531198311779288,0.0,0,0.0,0.0
1628,True,True,True,0.3645806212923581,1.712346168611332,0.0,0,0.0,0.0
1631,True,True,True,0.3699396881568909,1.6061753652224713,0.0,0,0.0,0.0
1632,True,True,True,0.3772058126343903,1.5678500329786051,0.0,0,0.0,0.0
1633,True,True,True,0.36621470160856734,1.4797579736312967,0.0,0,0.0,0.0
1634,True,True,True,0.3596573704808137,1.6804413023897322,0.0,0,0.0,0.0
1635,True,True,True,0.3564586037647091,1.5819926641219086,0.0,0,0.0,0.0
1638,True,True,True,0.35784217562310766,1.5601710148879424,0.0,0,0.0,0.0
1639,True,True,True,0.35576498155590125,1.563912463421153,0.0,0,0.0,0.0
1640,True,True,True,0.34854408376152574,1.4520103960186976,0.0,0,0.0,0.0
1641,True,True,True,0.3540612297950983,1.400097439990418,0.0,0,0.0,0.0
1645,True,True,True,0.3517989756992683,1.3510981457289226,0.0,0,0.0,0.0
1646,True,True,True,0.36379869048481156,1.3133447071687345,0.0,0,0.0,0.0
1647,True,True,True,0.3552206573175153,1.371147167545887,0.0,0,0.0,0.0
1648,True,True,True,0.356718928227492,1.497210434604971,0.0,0,0.0,0.0
1649,True,True,True,0.36284680965213995,1.5325615340556653,0.0,0,0.0,0.0
1652,True,True,True,0.351936594819508,1.4912631308070583,0.0,0,0.0,0.0
1653,True,True,True,0.3535982108606685,1.5575843565227638,0.0,0,0.0,0.0
1654,True,True,True,0.35190150442051377,1.4989725659587778,0.0,0,0.0,0.0
1655,True,True,True,0.3882308920145446,1.6571762519309041,0.0,0,0.0,0.0
1656,True,True,True,0.3494631420717821,1.6555541909113258,0.0,0,0.0,0.0
1659,True,True,True,0.3464046264858021,1.5228110932347507,0.0,0,0.0,0.0
1660,True,True,True,0.39179036017982044,2.173274664380971,0.0,0,0.0,0.0
1661,True,True,True,0.35579763907455464,1.205820496682349,0.0,0,0.0,0.0
1662,True,True,True,0.35439452350069917,1.1952737824044712,0.0,0,0.0,0.0
1663,True,True,True,0.35339837485180436,1.3626947413089185,0.0,0,0.0,0.0
1666,True,True,True,0.3644699239432355,1.3258000331681041,0.0,0,0.0,0.0
1667,True,True,True,0.3599535857314747,1.412308275463879,0.0,0,0.0,0.0
1668,True,True,True,0.3623506351117648,1.2729484466909236,0.0,0,0.0,0.0
1669,True,True,True,0.38623430405213227,1.1820124062582882,0.0,0,0.0,0.0
1670,True,True,True,0.38130772842876515,1.3187296119395457,0.0,0,0.0,0.0
1673,True,True,True,0.37851401355779196,1.2195501622991631,0.0,0,0.0,0.0
1674,True,True,True,0.38341288764497616,1.2733139756376353,0.0,0,0.0,0.0
1675,True,True,True,0.39328663911309314,1.414215589672759,0.0,0,0.0,0.0
1676,True,True,True,0.39637556949001435,1.510354043511652,0.0,0,0.0,0.0
1677,True,True,True,0.3794759740702464,1.1621284802168994,0.0,0,0.0,0.0
1680,True,True,True,0.3709502351182518,1.2406124514222765,0.0,0,0.0,0.0
1681,True,True,True,0.37042083060523434,1.2979069129841787,0.0,0,0.0,0.0
1682,True,True,True,0.3630223669575221,1.4194586685047197,0.0,0,0.0,0.0
1683,True,True,True,0.36119163139123983,1.4556295212056685,0.0,0,0.0,0.0
1684,True,True,True,0.36502373538153765,1.5345491297039755,0.0,0,0.0,0.0
1687,True,True,True,0.36692550020664944,1.6149263550165098,0.0,0,0.0,0.0
1688,True,True,True,0.3634107730869507,1.8272858861142798,0.0,0,0.0,0.0
1689,True,True,True,0.35984345245305877,1.6254999081699772,0.0,0,0.0,0.0
1690,True,True,True,0.3599292862544536,1.8042599731389688,0.0,0,0.0,0.0
1691,True,True,True,0.3611025710328219,1.796208216091185,0.0,0,0.0,0.0
1694,True,True,True,0.35335313967256976,1.6541868756770577,0.0,0,0.0,0.0
1695,True,True,True,0.3523091548807283,1.6767172899429157,0.0,0,0.0,0.0
1696,True,True,True,0.35031621317833256,2.0594386922574643,0.0,0,0.0,0.0
1697,True,True,True,0.35560519927247747,2.3068003715200196,0.0,0,0.0,0.0
1698,True,True,True,0.3572667960414421,2.0542530716857583,0.0,0,0.0,0.0
1702,True,True,True,0.3525892112866636,2.2895592411219643,0.0,0,0.0,0.0
1703,True,True,True,0.3471337136861843,2.3797454857525633,0.0,0,0.0,0.0
1704,True,True,True,0.35808968139191144,2.799889123834167,0.0,0,0.0,0.0
1705,True,True,True,0.366902191373035,1.8339287039088015,0.0,0,0.0,0.0
1708,True,True,True,0.3607296450932085,2.036589521718979,0.0,0,0.0,0.0
1709,True,True,True,0.3703627977122906,2.142504694863936,0.0,0,0.0,0.0
1710,True,True,True,0.36655992095263445,2.2697110723038483,0.0,0,0.0,0.0
1711,True,True,True,0.3610957405934267,2.284815903637699,0.0,0,0.0,0.0
1712,True,True,True,0.3627272382794236,2.036270665984794,0.0,0,0.0,0.0
1715,True,True,True,0.36802055124489924,2.268835407217582,0.0,0,0.0,0.0
1716,True,True,True,0.36344148644585444,2.4561449106434514,0.0,0,0.0,0.0
1717,True,True,True,0.36419795708410957,2.431806017237488,0.0,0,0.0,0.0
1718,True,True,True,0.364649259699954,2.335951151874526,0.0,0,0.0,0.0
1719,True,True,True,0.36041129310511155,2.7931631335483638,0.0,0,0.0,0.0
1722,True,True,True,0.3664461791152728,2.5543371766335765,0.0,0,0.0,0.0
1723,True,True,True,0.36553638279028733,2.6499574544693356,0.0,0,0.0,0.0
1724,True,True,True,0.36320932907814535,2.717841833654982,0.0,0,0.0,0.0
1725,True,True,True,0.3675888600452784,2.6852615721719317,0.0,0,0.0,0.0
1726,True,True,True,0.3761272328444523,2.362750715827589,0.0,0,0.0,0.0
1729,True,True,True,0.37387633510674806,2.833629598315793,0.0,0,0.0,0.0
1730,True,True,True,0.37133980007970313,2.6622249476642055,0.0,0,0.0,0.0
1731,True,True,True,0.37127103994363597,2.2722543375581417,0.0,0,0.0,0.0
1732,True,True,True,0.3710493830301467,1.9617537746695561,0.0,0,0.0,0.0
1733,True,True,True,0.36312841703669896,1.7108557333638115,0.0,0,0.0,0.0
1736,True,True,True,0.36343949134267195,1.6636276623398147,0.0,0,0.0,0.0
1737,True,True,True,0.3724184477462753,1.574756334014252,0.0,0,0.0,0.0
1738,True,True,True,0.36807202675775347,1.6181807652789522,0.0,0,0.0,0.0
1739,True,True,True,0.38258272977935415,1.4637986238285687,0.0,0,0.0,0.0
1740,True,True,True,0.44963581330460006,1.4033538424305172,0.0,0,0.0,0.0
1743,True,True,True,0.42451985308217516,1.3734120231695663,0.0,0,0.0,0.0
1744,True,True,True,0.38912613292280407,1.6547411598619388,0.0,0,0.0,0.0
1745,True,True,True,0.41910237875999123,1.6263864786282787,0.0,0,0.0,0.0
1746,True,True,True,0.3923020918350426,1.6988234458461662,0.0,0,0.0,0.0
1747,True,True,True,0.39344361735596695,1.4135814796871102,0.0,0,0.0,0.0
1750,True,True,True,0.3856002175529454,1.3630768433574032,0.0,0,0.0,0.0
1751,True,True,True,0.37517125688445596,1.4576586414972443,0.0,0,0.0,0.0
1752,True,True,True,0.3753394814364818,1.6603013736188494,0.0,0,0.0,0.0
1753,True,True,True,0.37351708127870464,1.3790812213799328,0.0,0,0.0,0.0
1754,True,True,True,0.3803288793099939,1.2973561465020818,0.0,0,0.0,0.0
1757,True,True,True,0.3757768929838557,1.2977137481177865,0.0,0,0.0,0.0
1758,True,True,True,0.3849458718798983,1.2422064241483954,0.0,0,0.0,0.0
1759,True,True,True,0.381777769008827,1.2645287606847913,0.0,0,0.0,0.0
1760,True,True,True,0.37807319382537924,1.4627237913795617,0.0,0,0.0,0.0
1761,True,True,True,0.372870578447608,1.5180468259630557,0.0,0,0.0,0.0
1764,True,True,True,0.3727657241320404,1.5641709321294763,0.0,0,0.0,0.0
1765,True,True,True,0.37504463961842477,1.708698616072498,0.0,0,0.0,0.0
1766,True,True,True,0.3769076121863644,1.6621694292500682,0.0,0,0.0,0.0
1767,True,True,True,0.37315787709268444,1.877363491734142,0.0,0,0.0,0.0
1768,True,True,True,0.36814273651123225,1.6665870994205858,0.0,0,0.0,0.0
1771,True,True,True,0.36465294862424197,1.585816834593906,0.0,0,0.0,0.0
1772,True,True,True,0.3654368449261555,1.6925994053560676,0.0,0,0.0,0.0
1773,True,True,True,0.3703824087584169,1.8451861882379779,0.0,0,0.0,0.0
1774,True,True,True,0.3688371848801278,1.9452354314064333,0.0,0,0.0,0.0
1775,True,True,True,0.369150570254912,2.0432632094635634,0.0,0,0.0,0.0
1778,True,True,True,0.37095499725810516,2.052886334936381,0.0,0,0.0,0.0
1779,True,True,True,0.37182269413278846,2.0898817725893903,0.0,0,0.0,0.0
1780,True,True,True,0.37343758427553775,2.2105735861460114,0.0,0,0.0,0.0
1781,True,True,True,0.3744860593570954,2.2024336024911864,0.0,0,0.0,0.0
1782,True,True,True,0.36973508617468637,2.4520578398469026,0.0,0,0.0,0.0
1785,True,True,True,0.3802222512328407,2.3870784224584813,0.0,0,0.0,0.0
1786,True,True,True,0.3813489075010873,2.267032941505093,0.0,0,0.0,0.0
1787,True,True,True,0.3789645454327894,2.345440767390741,0.0,0,0.0,0.0
1789,True,True,True,0.375871986876018,2.0992829774812938,0.0,0,0.0,0.0
1792,True,True,True,0.3717942580636737,2.0610955927165535,0.0,0,0.0,0.0
1793,True,True,True,0.37613507800818446,1.9280891961488023,0.0,0,0.0,0.0
1794,True,True,True,0.3701756475835085,2.064042935524837,0.0,0,0.0,0.0
1795,True,True,True,0.36427367966216734,2.356047238776486,0.0,0,0.0,0.0
1796,True,True,True,0.3667667708777302,2.068368467364526,0.0,0,0.0,0.0
1799,True,True,True,0.37129379507289473,2.194649380146323,0.0,0,0.0,0.0
1800,True,True,True,0.38090923782626807,2.0504353844838974,0.0,0,0.0,0.0
1801,True,True,True,0.3902591572452888,1.9926415817005907,0.0,0,0.0,0.0
1802,True,True,True,0.3954134235634235,2.3819603629432877,0.0,0,0.0,0.0
1803,True,True,True,0.40719973920863195,2.0439093714109298,0.0,0,0.0,0.0
1806,True,True,True,0.4014834162015791,1.8796854500852846,0.0,0,0.0,0.0
1807,True,True,True,0.40477862202975984,1.7547796609199682,0.0,0,0.0,0.0
1808,True,True,True,0.38352051501682793,1.860656246512683,0.0,0,0.0,0.0
1809,True,True,True,0.39711115851123685,2.317180543802399,0.0,0,0.0,0.0
1810,True,True,True,0.3829919003802378,2.7716580392536088,0.0,0,0.0,0.0
1813,True,True,True,0.37957603023816644,2.757836708684885,0.0,0,0.0,0.0
1814,True,True,True,0.3800523295053854,2.901890699133252,0.0,0,0.0,0.0
1815,True,True,True,0.47479567622117425,2.703201706325495,0.0,0,0.0,0.0
1817,True,True,True,0.45609517083485546,3.588131793699063,0.0,0,0.0,0.0
1820,True,True,True,0.4553911065403367,3.8799933393469526,0.0,0,0.0,0.0
1821,False,True,False,0.448674990938533,4.000004520699914,0.5,0,0.0,0.0
1822,False,True,False,0.453966943916145,4.000003619546852,0.5,0,0.0,0.0
1824,True,True,True,0.4571989532668813,2.8507971331435944,0.0,0,0.0,0.0
1827,True,True,True,0.4576198844628591,2.7651262716233616,0.0,0,0.0,0.0
1828,True,True,True,0.4698411866378752,2.5386634040720817,0.0,0,0.0,0.0
1829,True,True,True,0.4768568811805978,2.2288458612368207,0.0,0,0.0,0.0
1830,True,True,True,0.4764708532233241,2.3087689385245596,0.0,0,0.0,0.0
1831,True,True,True,0.4657976196521273,2.6103256593430966,0.0,0,0.0,0.0
1834,True,True,True,0.47309254374352,2.1912418223115013,0.0,0,0.0,0.0
1835,True,True,True,0.4750670741712416,2.7142770951192072,0.0,0,0.0,0.0
1836,True,True,True,0.4905637021413617,2.593334904090925,0.0,0,0.0,0.0
1837,True,True,True,0.4810889892998469,2.262179801669084,0.0,0,0.0,0.0
1838,True,True,True,0.47754320268124717,2.593446860521936,0.0,0,0.0,0.0
1842,True,True,True,0.47129943864463886,3.0698237228418557,0.0,0,0.0,0.0
1843,True,True,True,0.47301219400570765,3.0518899534653716,0.0,0,0.0,0.0
1844,True,True,True,0.4751832618060974,3.0590286251583283,0.0,0,0.0,0.0
1845,True,True,True,0.4767787636407452,2.8003432958549714,0.0,0,0.0,0.0
1848,True,True,True,0.4702526976007373,2.9579329283539955,0.0,0,0.0,0.0
1849,True,True,True,0.47280177805860707,3.0333138145468856,0.0,0,0.0,0.0
1850,True,True,True,0.4847202811569117,3.124520528076202,0.0,0,0.0,0.0
1851,True,True,True,0.4762356515689216,3.4775044076061974,0.0,0,0.0,0.0
1852,True,True,True,0.4814575581671613,3.5410016099541215,0.0,0,0.0,0.0
1855,True,True,True,0.47294450909184277,3.8386109775548696,0.0,0,0.0,0.0
1856,False,True,False,0.47841376277872666,4.000022318080741,0.5,0,0.0,0.0
1857,False,True,False,0.4833111446472795,4.000003559218379,0.5,0,0.0,0.0
1858,False,True,False,0.48240548204922157,4.000007065943028,0.5,0,0.0,0.0
1859,True,True,True,0.4746163109938627,3.5244484636275866,0.0,0,0.0,0.0
1862,True,True,True,0.49564487838225957,3.2371088447976097,0.0,0,0.0,0.0
1863,True,True,True,0.5009030797173615,3.483106283790362,0.0,0,0.0,0.0
1864,True,True,True,0.4864210491081397,3.7597898442540827,0.0,0,0.0,0.0
1865,True,True,True,0.4899268458714209,3.4044417161084537,0.0,0,0.0,0.0
1866,True,True,True,0.473342525239848,3.657269352544004,0.0,0,0.0,0.0
1870,True,True,True,0.472941602931008,3.9123593114563775,0.0,0,0.0,0.0
1871,False,True,False,0.4788223895914357,4.000004965900388,0.5,0,0.0,0.0
1872,False,True,False,0.48009334201876014,4.000004986790854,0.5,0,0.0,0.0
1873,True,True,True,0.49249034843434636,3.42843569357596,0.0,0,0.0,0.0
1876,True,True,True,0.48261301860307676,3.83429326145415,0.0,0,0.0,0.0
1877,True,True,True,0.48142281106772594,3.572467564427647,0.0,0,0.0,0.0
1878,True,True,True,0.4704603149590887,3.7620172887602483,0.0,0,0.0,0.0
1879,True,True,True,0.4735770737960765,3.7041376106340214,0.0,0,0.0,0.0
1880,True,True,True,0.4741037836804589,3.278015618102017,0.0,0,0.0,0.0
1883,True,True,True,0.48353577248015206,3.692200683927043,0.0,0,0.0,0.0
1884,True,True,True,0.4763283103001974,3.51710180603458,0.0,0,0.0,0.0
1885,True,True,True,0.4742960230199171,3.729014164356479,0.0,0,0.0,0.0
1886,True,True,True,0.4760004355598788,3.714109733845619,0.0,0,0.0,0.0
1887,True,True,True,0.4582838808061172,2.9355856473011244,0.0,0,0.0,0.0
1890,True,True,True,0.47133513984884307,2.4525319777631682,0.0,0,0.0,0.0
1891,True,True,True,0.46627006861955855,2.3174760123022895,0.0,0,0.0,0.0
1892,True,True,True,0.46409174287031546,2.0451317033530683,0.0,0,0.0,0.0
1893,True,True,True,0.45885133391354127,2.13843492664731,0.0,0,0.0,0.0
1894,True,True,True,0.4459463656920593,2.023880526342326,0.0,0,0.0,0.0
1897,True,True,True,0.4568535685566454,2.0276939745668385,0.0,0,0.0,0.0
1898,True,True,True,0.45344867701743374,2.1155662474560426,0.0,0,0.0,0.0
1899,True,True,True,0.4428147411856362,2.6475186074763393,0.0,0,0.0,0.0
1900,True,True,True,0.44559213234975176,2.188574353715373,0.0,0,0.0,0.0
1901,True,True,True,0.44611502941510695,2.563151759403671,0.0,0,0.0,0.0
1904,True,True,True,0.4370595413521483,2.4054518266640947,0.0,0,0.0,0.0
1905,True,True,True,0.4434302479794579,2.5533185144074584,0.0,0,0.0,0.0
1906,True,True,True,0.438561542174939,2.3981935434114368,0.0,0,0.0,0.0
1907,True,True,True,0.44121563392199653,2.3070044635062663,0.0,0,0.0,0.0
1908,True,True,True,0.4471159013711139,2.2251156022132412,0.0,0,0.0,0.0
1911,True,True,True,0.45606488522768096,2.3135494275373727,0.0,0,0.0,0.0
1912,True,True,True,0.4615622618712916,1.9809027795518903,0.0,0,0.0,0.0
1913,True,True,True,0.43774399645738993,2.7376457327735144,0.0,0,0.0,0.0
1914,True,True,True,0.45175702767858256,2.438166797536359,0.0,0,0.0,0.0
1918,True,True,True,0.44981870018447767,1.9004300780250223,0.0,0,0.0,0.0
1919,True,True,True,0.44852368474503485,1.9560165291469898,0.0,0,0.0,0.0
1920,True,True,True,0.4476801217922038,2.022282946409567,0.0,0,0.0,0.0
1921,True,True,True,0.4623438029653063,1.9016622502433578,0.0,0,0.0,0.0
1922,True,True,True,0.4542313451501444,1.919332692944978,0.0,0,0.0,0.0
1925,True,True,True,0.4544895162827016,1.7360041227815624,0.0,0,0.0,0.0
1926,True,True,True,0.4499364349078857,1.8774877318728336,0.0,0,0.0,0.0
1927,True,True,True,0.45702335276710515,1.7170928125542904,0.0,0,0.0,0.0
1928,True,True,True,0.45567492822782185,1.6373240519651437,0.0,0,0.0,0.0
1929,True,True,True,0.4551034090228038,1.7770016849853334,0.0,0,0.0,0.0
1932,True,True,True,0.4631669202238673,1.6842654377959663,0.0,0,0.0,0.0
1933,True,True,True,0.45726577881527036,1.8083491876751767,0.0,0,0.0,0.0
1934,True,True,True,0.4719086807284925,1.6178685079397763,0.0,0,0.0,0.0
1935,True,True,True,0.46712963026622545,1.6661497673479262,0.0,0,0.0,0.0
1936,True,True,True,0.47459038158685923,1.5322923753814162,0.0,0,0.0,0.0
1939,True,True,True,0.45831377038779997,1.7927110801493127,0.0,0,0.0,0.0
1940,True,True,True,0.4762105238402211,1.5153047812610818,0.0,0,0.0,0.0
1941,True,True,True,0.4553183391935668,1.918164881653042,0.0,0,0.0,0.0
1943,True,True,True,0.44914931466070945,1.5834152455251158,0.0,0,0.0,0.0
1946,True,True,True,0.4443013195327145,1.7615262626651558,0.0,0,0.0,0.0
1947,True,True,True,0.44834316126252566,1.5199987413678304,0.0,0,0.0,0.0
1948,True,True,True,0.44717067037266217,1.5857279756539622,0.0,0,0.0,0.0
1949,True,True,True,0.45385119989960077,1.6106379519902938,0.0,0,0.0,0.0
1950,True,True,True,0.44982856981194846,1.6800604734543132,0.0,0,0.0,0.0
1953,True,True,True,0.4473800572927505,1.693470831140698,0.0,0,0.0,0.0
1954,True,True,True,0.46002334288841307,1.5805603983648626,0.0,0,0.0,0.0
1955,True,True,True,0.4569344797241807,1.605019173740993,0.0,0,0.0,0.0
1956,True,True,True,0.4626679257119319,1.5617297640260677,0.0,0,0.0,0.0
1957,True,True,True,0.4627220740267398,1.6249347470180615,0.0,0,0.0,0.0
1960,True,True,True,0.46342131878101933,1.6310839930536554,0.0,0,0.0,0.0
1961,True,True,True,0.4509364556853969,1.8494647952004717,0.0,0,0.0,0.0
1962,True,True,True,0.4550890791955139,1.5251888239824682,0.0,0,0.0,0.0
1963,True,True,True,0.434167619089308,1.8577717446333484,0.0,0,0.0,0.0
1964,True,True,True,0.4375815988452516,1.9293799265508345,0.0,0,0.0,0.0
1968,True,True,True,0.44295163617726235,1.7775023694846006,0.0,0,0.0,0.0
1969,True,True,True,0.4454317939308626,1.7238597732899437,0.0,0,0.0,0.0
1970,True,True,True,0.44988552015289046,1.789734608383394,0.0,0,0.0,0.0
1971,True,True,True,0.4342146036739415,1.888059261308972,0.0,0,0.0,0.0
1974,True,True,True,0.43772360788450054,1.9226803413917781,0.0,0,0.0,0.0
1975,True,True,True,0.430848790148439,2.0858217009341273,0.0,0,0.0,0.0
1976,True,True,True,0.4334203749601212,2.0480470946686387,0.0,0,0.0,0.0
1977,True,True,True,0.4325560644299749,1.976337851265747,0.0,0,0.0,0.0
1978,True,True,True,0.43567775829752964,1.4844534485256178,0.0,0,0.0,0.0
1981,True,True,True,0.4317231863294926,1.3854622085849557,0.0,0,0.0,0.0
1982,True,True,True,0.42809159117369483,1.4452098696781812,0.0,0,0.0,0.0
1983,True,True,True,0.4177459695209673,1.5685791640595708,0.0,0,0.0,0.0
1984,True,True,True,0.40652959449264114,1.7687705472484043,0.0,0,0.0,0.0
1985,True,True,True,0.4092924545433135,1.7271022378478709,0.0,0,0.0,0.0
1988,True,True,True,0.4189694259401571,1.640229452996581,0.0,0,0.0,0.0
1989,True,True,True,0.42818519637896507,1.6351205883980502,0.0,0,0.0,0.0
1990,True,True,True,0.4261223980670913,1.725448237682181,0.0,0,0.0,0.0
1991,True,True,True,0.4269858660159776,1.8052770098852378,0.0,0,0.0,0.0
1992,True,True,True,0.428134801972383,1.6487950216923657,0.0,0,0.0,0.0
1995,True,True,True,0.4032396782711113,2.004474865957567,0.0,0,0.0,0.0
1996,True,True,True,0.4030538858780028,1.9608015820330982,0.0,0,0.0,0.0
1997,True,True,True,0.4026932375587594,1.731759713394569,0.0,0,0.0,0.0
1998,True,True,True,0.40358970463023747,1.7036248206465185,0.0,0,0.0,0.0
1999,True,True,True,0.38990096850342254,1.8733679209276872,0.0,0,0.0,0.0
2002,True,True,True,0.3988568007566492,1.9516857293539827,0.0,0,0.0,0.0
2003,True,True,True,0.3865392695689894,2.5221443676282593,0.0,0,0.0,0.0
2004,True,True,True,0.38523767773202083,2.274913045021529,0.0,0,0.0,0.0
2005,True,True,True,0.3745254537887675,2.8967307135318583,0.0,0,0.0,0.0
2009,True,True,True,0.383846352975285,1.9368560650893136,0.0,0,0.0,0.0
2010,True,True,True,0.3812776531091014,1.717188168759522,0.0,0,0.0,0.0
2011,True,True,True,0.37669279425587204,1.8769957935023003,0.0,0,0.0,0.0
2012,True,True,True,0.38306536961733817,2.002850719942658,0.0,0,0.0,0.0
2013,True,True,True,0.3811199798877121,2.081958940134497,0.0,0,0.0,0.0
2016,True,True,True,0.3726700579390992,1.9329442846432685,0.0,0,0.0,0.0
2017,True,True,True,0.3829200989743688,1.8905772774685563,0.0,0,0.0,0.0
2018,True,True,True,0.37921663644291026,2.0649088474991886,0.0,0,0.0,0.0
2019,True,True,True,0.37815042321810205,1.8622917313164467,0.0,0,0.0,0.0
2020,True,True,True,0.3842897908089945,1.8017894181848035,0.0,0,0.0,0.0
2023,True,True,True,0.3845300767314377,1.8311594572733738,0.0,0,0.0,0.0
2024,True,True,True,0.38178528877930545,1.97488551710624,0.0,0,0.0,0.0
2025,True,True,True,0.38247551098925703,2.0274888021706863,0.0,0,0.0,0.0
2026,True,True,True,0.37945446883443096,1.84291833824202,0.0,0,0.0,0.0
2027,True,True,True,0.37535594309603204,1.844176849652219,0.0,0,0.0,0.0
2030,True,True,True,0.37950102175160094,1.769110159334004,0.0,0,0.0,0.0
2031,True,True,True,0.3782402580614559,1.7866570344417048,0.0,0,0.0,0.0
2032,True,True,True,0.37394179680491185,2.046809775994978,0.0,0,0.0,0.0
2033,True,True,True,0.37837794242415584,1.9353413565063338,0.0,0,0.0,0.0
2034,True,True,True,0.3666673472700726,2.068197563122616,0.0,0,0.0,0.0
2037,True,True,True,0.3660408029778936,1.7873437337738451,0.0,0,0.0,0.0
2038,True,True,True,0.3721527062298266,1.598146339455454,0.0,0,0.0,0.0
2039,True,True,True,0.3640301531869227,1.7806024490832022,0.0,0,0.0,0.0
2040,True,True,True,0.36263704068990565,1.8443093545709202,0.0,0,0.0,0.0
2041,True,True,True,0.3698458510000585,1.3735240451229256,0.0,0,0.0,0.0
2044,True,True,True,0.36617132655354384,1.6161300762432924,0.0,0,0.0,0.0
2045,True,True,True,0.3873948343131702,1.3215333347226395,0.0,0,0.0,0.0
2046,True,True,True,0.37577247569883093,1.4777087268893916,0.0,0,0.0,0.0
2047,True,True,True,0.3739869496249121,1.5099797517164906,0.0,0,0.0,0.0
2048,True,True,True,0.3760950110550782,1.6864167052231327,0.0,0,0.0,0.0
2051,True,True,True,0.37709922041490973,1.8266985914439873,0.0,0,0.0,0.0
2052,True,True,True,0.3799012524280569,1.892280856872379,0.0,0,0.0,0.0
2053,True,True,True,0.38998126938174504,1.838314523039516,0.0,0,0.0,0.0
2054,True,True,True,0.3819712002895802,1.4355301562548652,0.0,0,0.0,0.0
2055,True,True,True,0.38244533726105673,1.779759541831358,0.0,0,0.0,0.0
2058,True,True,True,0.4059230718730928,2.3838137513658992,0.0,0,0.0,0.0
2059,True,True,True,0.43966314029559056,2.385993862387063,0.0,0,0.0,0.0
2060,True,True,True,0.3999985570588638,2.42061660064147,0.0,0,0.0,0.0
2061,True,True,True,0.39431242515491727,2.280778164891172,0.0,0,0.0,0.0
2062,True,True,True,0.39953330871239884,2.267175529274818,0.0,0,0.0,0.0
2065,True,True,True,0.41238455609355273,2.18269280628377,0.0,0,0.0,0.0
2066,True,True,True,0.4518369842656643,1.8434664133236662,0.0,0,0.0,0.0
2067,True,True,True,0.42917895810543377,1.9890555968894552,0.0,0,0.0,0.0
2068,True,True,True,0.4297871504253346,1.9963353049485,0.0,0,0.0,0.0
2069,True,True,True,0.4441687769323571,1.735473506555645,0.0,0,0.0,0.0
2073,True,True,True,0.4299801543875766,1.7637849820448093,0.0,0,0.0,0.0
2074,True,True,True,0.4376400238471775,1.7204422937936898,0.0,0,0.0,0.0
2075,True,True,True,0.43721167865892085,1.7041946870472913,0.0,0,0.0,0.0
2076,True,True,True,0.43109613118465323,1.4937601158228866,0.0,0,0.0,0.0
2079,True,True,True,0.4415218340659709,1.3194808071887247,0.0,0,0.0,0.0
2080,True,True,True,0.42132939333073416,1.427788535360286,0.0,0,0.0,0.0
2081,True,True,True,0.4138847089603957,1.509921526633899,0.0,0,0.0,0.0
2082,True,True,True,0.3988725843319974,1.771214963458263,0.0,0,0.0,0.0
2083,True,True,True,0.4150086987760398,1.5143548899435038,0.0,0,0.0,0.0
2086,True,True,True,0.4062200524210035,1.5333029990359754,0.0,0,0.0,0.0
2087,True,True,True,0.42493947443752805,1.4723018216462875,0.0,0,0.0,0.0
2088,True,True,True,0.4187734086512997,1.497586587826655,0.0,0,0.0,0.0
2089,True,True,True,0.406654595018756,1.3405698351776367,0.0,0,0.0,0.0
2090,True,True,True,0.40210237722657804,1.4056709679146027,0.0,0,0.0,0.0
2093,True,True,True,0.4257423907243929,1.1385996324931187,0.0,0,0.0,0.0
2094,True,True,True,0.4193518090576815,1.3001731205567593,0.0,0,0.0,0.0
2095,True,True,True,0.4087680491829867,1.1754523240642138,0.0,0,0.0,0.0
2096,True,True,True,0.42152174967392064,1.1400014113292203,0.0,0,0.0,0.0
2097,True,True,True,0.41926942369333464,1.1121531579986779,0.0,0,0.0,0.0
2100,True,True,True,0.4115942411462546,1.3535644338747201,0.0,0,0.0,0.0
2101,True,True,True,0.41764807852417685,1.4447026496803312,0.0,0,0.0,0.0
2102,True,True,True,0.4106185221059469,1.4534034640522129,0.0,0,0.0,0.0
2103,True,True,True,0.4083181378939139,1.5721168574862758,0.0,0,0.0,0.0
2104,True,True,True,0.407903299083815,1.5983799620399306,0.0,0,0.0,0.0
2107,True,True,True,0.4045604389696852,1.7008518528322671,0.0,0,0.0,0.0
2108,True,True,True,0.39834497385434164,1.710473865352728,0.0,0,0.0,0.0
2109,True,True,True,0.4051041884742152,1.564608936970511,0.0,0,0.0,0.0
2110,True,True,True,0.4082949857449835,1.4907195395464485,0.0,0,0.0,0.0
2111,True,True,True,0.4014641051520014,1.575353272764842,0.0,0,0.0,0.0
2114,True,True,True,0.4020849251418993,1.713001306121289,0.0,0,0.0,0.0
2115,True,True,True,0.39611206685257017,1.7693627440048953,0.0,0,0.0,0.0
2116,True,True,True,0.4112460829212404,1.6738697880311901,0.0,0,0.0,0.0
2117,True,True,True,0.39505912783222974,1.860347723884568,0.0,0,0.0,0.0
2118,True,True,True,0.38917130979320735,2.047944077482601,0.0,0,0.0,0.0
2121,True,True,True,0.3921893328954382,2.3400818122861393,0.0,0,0.0,0.0
2122,True,True,True,0.39738798274474896,2.1692054651825945,0.0,0,0.0,0.0
2123,True,True,True,0.40224870751864217,2.078876102396375,0.0,0,0.0,0.0
2124,True,True,True,0.3968394355754018,2.185226626792981,0.0,0,0.0,0.0
2125,True,True,True,0.4022685673436558,2.2811703342009118,0.0,0,0.0,0.0
2128,True,True,True,0.3985288625376689,2.2160834114560317,0.0,0,0.0,0.0
2129,True,True,True,0.3952346158227391,2.6356016845829853,0.0,0,0.0,0.0
2130,True,True,True,0.40742888828410784,2.6834920777343423,0.0,0,0.0,0.0
2131,True,True,True,0.40300742239075876,2.7290598904682812,0.0,0,0.0,0.0
2132,True,True,True,0.3992640262633215,2.061637744025546,0.0,0,0.0,0.0
2135,True,True,True,0.39545521028105723,1.8924067983524162,0.0,0,0.0,0.0
2136,True,True,True,0.39217941770267634,1.97048757316588,0.0,0,0.0,0.0
2137,True,True,True,0.39303224192209846,1.9770713332599255,0.0,0,0.0,0.0
2138,True,True,True,0.397204908581224,1.8937874013479983,0.0,0,0.0,0.0
2139,True,True,True,0.41048616948960404,1.6675616850968373,0.0,0,0.0,0.0
2142,True,True,True,0.39632789857296863,1.6670389085074357,0.0,0,0.0,0.0
2143,True,True,True,0.3908846449643552,1.890073376320145,0.0,0,0.0,0.0
2144,True,True,True,0.3964589838699857,1.891012268840663,0.0,0,0.0,0.0
2145,True,True,True,0.400020242563808,2.260441568195894,0.0,0,0.0,0.0
2146,True,True,True,0.398260375604766,2.4033679012143976,0.0,0,0.0,0.0
2149,True,True,True,0.39632311245320007,2.4758680600363308,0.0,0,0.0,0.0
2150,True,True,True,0.40268814462955327,2.1829764265400167,0.0,0,0.0,0.0
2151,True,True,True,0.40323126115965147,2.3711643762706434,0.0,0,0.0,0.0
2153,True,True,True,0.41022583252336364,2.2487436436310837,0.0,0,0.0,0.0
2156,True,True,True,0.40221972603695466,2.2461258784047584,0.0,0,0.0,0.0
2157,True,True,True,0.39672529050673205,2.791210407834778,0.0,0,0.0,0.0
2158,True,True,True,0.4044803974427932,2.718740526512685,0.0,0,0.0,0.0
2159,True,True,True,0.4049678791485064,2.711020491017259,0.0,0,0.0,0.0
2160,True,True,True,0.40037009271572066,2.055128540529008,0.0,0,0.0,0.0
2163,True,True,True,0.3985245880205275,2.0877220128072493,0.0,0,0.0,0.0
2164,True,True,True,0.4020839723027425,1.9418215349557995,0.0,0,0.0,0.0
2165,True,True,True,0.3967729223393609,1.9240051433287801,0.0,0,0.0,0.0
2166,True,True,True,0.3977194999544791,1.9368071170849357,0.0,0,0.0,0.0
2167,True,True,True,0.4154101053935367,1.9983406474835248,0.0,0,0.0,0.0
2170,True,True,True,0.40905386867180404,1.8771053231240675,0.0,0,0.0,0.0
2171,True,True,True,0.3992829917722896,2.0697406146126354,0.0,0,0.0,0.0
2172,True,True,True,0.4007851206117079,2.0252865662557475,0.0,0,0.0,0.0
2173,True,True,True,0.42475358729547125,2.2076520760949037,0.0,0,0.0,0.0
2174,True,True,True,0.41339403002751,1.8494110261068588,0.0,0,0.0,0.0
2177,True,True,True,0.3909191719944563,1.5010207193406446,0.0,0,0.0,0.0
2178,True,True,True,0.3905741350476737,1.6716670552159965,0.0,0,0.0,0.0
2179,True,True,True,0.48417902973081306,1.9109533087642332,0.0,0,0.0,0.0
2180,True,True,True,0.5006780171504592,1.9526766228822103,0.0,0,0.0,0.0
2184,True,True,True,0.47118304703597347,2.4701558253650573,0.0,0,0.0,0.0
2185,True,True,True,0.47645806677804553,2.3297636649287163,0.0,0,0.0,0.0
2186,True,True,True,0.47348537740327346,2.762062732418353,0.0,0,0.0,0.0
2187,True,True,True,0.4813014747032298,2.4408581472011073,0.0,0,0.0,0.0
2191,True,True,True,0.4799504604632261,1.6631446005024382,0.0,0,0.0,0.0
2192,True,True,True,0.46535291487570263,1.871657948284303,0.0,0,0.0,0.0
2193,True,True,True,0.4666376292935901,1.7297520088021618,0.0,0,0.0,0.0
2194,True,True,True,0.4943675262125817,1.546264360876745,0.0,0,0.0,0.0
2195,True,True,True,0.4971768946608226,1.676990406437868,0.0,0,0.0,0.0
2198,True,True,True,0.49151478013270256,1.876045983177115,0.0,0,0.0,0.0
2199,True,True,True,0.4787674951529616,1.5323300043190269,0.0,0,0.0,0.0
2200,True,True,True,0.49890632283671127,1.608813002786019,0.0,0,0.0,0.0
2201,True,True,True,0.5042407084978805,1.183036709308547,0.0,0,0.0,0.0
2202,True,True,True,0.5091175042404127,1.656504342784157,0.0,0,0.0,0.0
2206,True,True,True,0.49924310565101304,1.5905649209529698,0.0,0,0.0,0.0
2207,True,True,True,0.511794066572614,1.5571881430820051,0.0,0,0.0,0.0
2208,True,True,True,0.4939617286120896,1.8512933619879033,0.0,0,0.0,0.0
2209,True,True,True,0.49220587147675376,1.8122624364439979,0.0,0,0.0,0.0
2212,True,True,True,0.48076611822084,1.9353607480997113,0.0,0,0.0,0.0
2213,True,True,True,0.4782535830016364,1.5479529753973995,0.0,0,0.0,0.0
2214,True,True,True,0.4812709791994905,1.784156508751536,0.0,0,0.0,0.0
2215,True,True,True,0.4822447213191408,1.7959870257139399,0.0,0,0.0,0.0
2216,True,True,True,0.48163941523210185,1.8272430063416518,0.0,0,0.0,0.0
2219,True,True,True,0.4663757699298389,1.9556789144723892,0.0,0,0.0,0.0
2220,True,True,True,0.4801023452077764,1.7183335635693302,0.0,0,0.0,0.0
2221,True,True,True,0.4685589870831518,1.8647241597388484,0.0,0,0.0,0.0
2222,True,True,True,0.48389408926100674,1.5013341915961878,0.0,0,0.0,0.0
2223,True,True,True,0.4871968018003523,1.3039013754407558,0.0,0,0.0,0.0
2226,True,True,True,0.4857653234816869,1.290553489885835,0.0,0,0.0,0.0
2227,True,True,True,0.48470003877552525,1.3989860670686554,0.0,0,0.0,0.0
2228,True,True,True,0.4960784995799689,1.2923469948926447,0.0,0,0.0,0.0
2229,True,True,True,0.5078638261268527,1.3318002864294405,0.0,0,0.0,0.0
2230,True,True,True,0.5094356034790455,1.4689592201233201,0.0,0,0.0,0.0
2234,True,True,True,0.49935499824511276,1.5771216083710498,0.0,0,0.0,0.0
2235,True,True,True,0.4922065055699519,1.7394664088227507,0.0,0,0.0,0.0
2236,True,True,True,0.49418661506663625,1.815971763804297,0.0,0,0.0,0.0
2237,True,True,True,0.49815190985801683,1.6930939560660565,0.0,0,0.0,0.0
2240,True,True,True,0.4884405519370482,1.9125294287783874,0.0,0,0.0,0.0
2241,True,True,True,0.4920415959681451,1.9573351982280582,0.0,0,0.0,0.0
2242,True,True,True,0.49349854337135113,1.8288378358103299,0.0,0,0.0,0.0
2243,True,True,True,0.490563628583269,1.9997515864002056,0.0,0,0.0,0.0
2244,True,True,True,0.4917408997404437,2.148495037923373,0.0,0,0.0,0.0
2247,True,True,True,0.49764232208466314,2.156439088659972,0.0,0,0.0,0.0
2248,True,True,True,0.4892883728755753,2.1692930341940992,0.0,0,0.0,0.0
2249,True,True,True,0.48159451241486234,2.339445033959796,0.0,0,0.0,0.0
2250,True,True,True,0.47866306355812127,2.3013070928581154,0.0,0,0.0,0.0
2251,True,True,True,0.4723610797944385,2.182072866021778,0.0,0,0.0,0.0
2254,True,True,True,0.4750974579286994,2.064600802815681,0.0,0,0.0,0.0
2255,True,True,True,0.472279370685194,2.0760063538267874,0.0,0,0.0,0.0
2256,True,True,True,0.4773978596628035,2.074303644690517,0.0,0,0.0,0.0
2257,True,True,True,0.47388773679345514,2.06588761029782,0.0,0,0.0,0.0
2258,True,True,True,0.47503519914785036,2.1827173385267926,0.0,0,0.0,0.0
2261,True,True,True,0.4653804004059174,2.3272011469889136,0.0,0,0.0,0.0
2262,True,True,True,0.4697255956002411,2.172922839284521,0.0,0,0.0,0.0
2263,True,True,True,0.452769180162353,2.4727461671674225,0.0,0,0.0,0.0
2264,True,True,True,0.4592079744787149,2.3212617993580458,0.0,0,0.0,0.0
2265,True,True,True,0.4548361666020191,2.600139197527431,0.0,0,0.0,0.0
2268,True,True,True,0.45930743387299217,2.4009644347195453,0.0,0,0.0,0.0
2269,True,True,True,0.4569790313670937,2.690105532632649,0.0,0,0.0,0.0
2270,True,True,True,0.4640413201023142,3.2593732856686106,0.0,0,0.0,0.0
2271,True,True,True,0.45053571813278365,2.7632801234702464,0.0,0,0.0,0.0
2275,True,True,True,0.4519231045186597,2.701744063547549,0.0,0,0.0,0.0
2276,True,True,True,0.45133959690052833,2.6565018566775853,0.0,0,0.0,0.0
2277,True,True,True,0.4619019734340426,3.371830198109567,0.0,0,0.0,0.0
2278,True,True,True,0.45579806049642235,3.0505722625991716,0.0,0,0.0,0.0
2279,True,True,True,0.44903870719320543,2.0380292254335934,0.0,0,0.0,0.0
2282,True,True,True,0.44608407031911373,2.0697889956790103,0.0,0,0.0,0.0
2283,True,True,True,0.4574579193107857,2.045663006969667,0.0,0,0.0,0.0
2284,True,True,True,0.4567839685127747,2.1257525124980523,0.0,0,0.0,0.0
2285,True,True,True,0.4647612694432614,2.151511229993072,0.0,0,0.0,0.0
2286,True,True,True,0.4632549564806349,2.127259316813078,0.0,0,0.0,0.0
2289,True,True,True,0.45955447091769214,2.061993323580854,0.0,0,0.0,0.0
2290,True,True,True,0.45086190995883185,2.21088746786192,0.0,0,0.0,0.0
2291,True,True,True,0.4461484074625484,2.1710889376839386,0.0,0,0.0,0.0
2292,True,True,True,0.4487984415786282,2.145981151202709,0.0,0,0.0,0.0
2293,True,True,True,0.4455965560605008,2.7420332291040572,0.0,0,0.0,0.0
2296,True,True,True,0.4490718956199355,2.3526691927269887,0.0,0,0.0,0.0
2297,True,True,True,0.44864017489996627,2.254443967613909,0.0,0,0.0,0.0
2298,True,True,True,0.45529012476213465,2.301574875734773,0.0,0,0.0,0.0
2299,True,True,True,0.46455319969550973,2.138427639336086,0.0,0,0.0,0.0
2300,True,True,True,0.4609030057126966,2.0080735214303855,0.0,0,0.0,0.0
2303,True,True,True,0.4640713879712921,2.0625886888566596,0.0,0,0.0,0.0
2304,True,True,True,0.461075630283421,2.0813823014026305,0.0,0,0.0,0.0
2305,True,True,True,0.4533943671664017,2.0224814844156103,0.0,0,0.0,0.0
2306,True,True,True,0.4620141513413354,2.0516495446173635,0.0,0,0.0,0.0
2307,True,True,True,0.466804859000915,2.083267063027457,0.0,0,0.0,0.0
2310,True,True,True,0.46374280763596143,2.218487248641737,0.0,0,0.0,0.0
2311,True,True,True,0.46740944485238495,2.1260014724885026,0.0,0,0.0,0.0
2312,True,True,True,0.4685128192761005,2.0408145834494924,0.0,0,0.0,0.0
2313,True,True,True,0.47186951981878367,2.0627751540790507,0.0,0,0.0,0.0
2314,True,True,True,0.4657308970196413,1.8011685726765676,0.0,0,0.0,0.0
2317,True,True,True,0.4652054302053206,1.8082117153810866,0.0,0,0.0,0.0
2318,True,True,True,0.456797556191264,1.8737969503011431,0.0,0,0.0,0.0
2319,True,True,True,0.4623348346897799,1.917973834040848,0.0,0,0.0,0.0
2320,True,True,True,0.45682382220457185,1.8745779666683258,0.0,0,0.0,0.0
2321,True,True,True,0.46015592406779615,1.833272476429786,0.0,0,0.0,0.0
2324,True,True,True,0.4506454105134711,1.884251939092764,0.0,0,0.0,0.0
2325,True,True,True,0.4532467904623243,1.7848272974894808,0.0,0,0.0,0.0
2326,True,True,True,0.4536394316855068,1.8201372338594437,0.0,0,0.0,0.0
2327,True,True,True,0.45404569675795653,1.7725268054593897,0.0,0,0.0,0.0
2328,True,True,True,0.4538201783505312,1.8115178644899324,0.0,0,0.0,0.0
2331,True,True,True,0.4536217748957016,1.829982608833024,0.0,0,0.0,0.0
2332,True,True,True,0.44620833624277606,1.9471761142583783,0.0,0,0.0,0.0
2333,True,True,True,0.44583028676354314,2.0071648377436198,0.0,0,0.0,0.0
2334,True,True,True,0.44045544752702886,2.025541431441854,0.0,0,0.0,0.0
2335,True,True,True,0.44389598932093305,2.066219110741014,0.0,0,0.0,0.0
2339,True,True,True,0.42792272781844887,1.745088337173644,0.0,0,0.0,0.0
2340,True,True,True,0.4413247857274868,2.206431023757546,0.0,0,0.0,0.0
2341,True,True,True,0.44078820915274197,2.2983533070239073,0.0,0,0.0,0.0
2342,True,True,True,0.4417420886902592,2.054872079729369,0.0,0,0.0,0.0
2345,True,True,True,0.44263339129991797,2.1325204625877587,0.0,0,0.0,0.0
2346,True,True,True,0.44746278526503025,2.1188913892005994,0.0,0,0.0,0.0
2347,True,True,True,0.4516104236570328,2.085474806558143,0.0,0,0.0,0.0
2348,True,True,True,0.4576667994840468,2.1537267546313625,0.0,0,0.0,0.0
2349,True,True,True,0.4662198790138454,2.168149358113722,0.0,0,0.0,0.0
2352,True,True,True,0.48869286782367544,2.288409958848928,0.0,0,0.0,0.0
2353,True,True,True,0.4764875171690033,2.17628755636046,0.0,0,0.0,0.0
2354,True,True,True,0.470039995321105,2.200628818485415,0.0,0,0.0,0.0
2355,True,True,True,0.47300054593366914,2.1710215320611503,0.0,0,0.0,0.0
2356,True,True,True,0.4685443729720088,2.20564849986357,0.0,0,0.0,0.0
2359,True,True,True,0.4631314442853922,2.252208445302765,0.0,0,0.0,0.0
2360,True,True,True,0.45586046427648713,2.288652643705752,0.0,0,0.0,0.0
2361,True,True,True,0.45721765092959377,2.4832495456460917,0.0,0,0.0,0.0
2362,True,True,True,0.448115669027585,2.4194858160878128,0.0,0,0.0,0.0
2363,True,True,True,0.4692123872872681,2.318766909804899,0.0,0,0.0,0.0
2366,True,True,True,0.46437226422281197,1.989609503845224,0.0,0,0.0,0.0
2367,True,True,True,0.4573447413360885,1.8297013094205834,0.0,0,0.0,0.0
2368,True,True,True,0.4600416746331952,2.0026925997403278,0.0,0,0.0,0.0
2369,True,True,True,0.47367839519944205,2.2792865165909726,0.0,0,0.0,0.0
2370,True,True,True,0.4508980909981145,1.974830220778712,0.0,0,0.0,0.0
2374,True,True,True,0.45234419306739787,2.00635118658372,0.0,0,0.0,0.0
2375,True,True,True,0.4593047620268997,1.961795548222178,0.0,0,0.0,0.0
2376,True,True,True,0.45380377575013764,2.008090814284633,0.0,0,0.0,0.0
2377,True,True,True,0.45616007416224447,2.2787663008575723,0.0,0,0.0,0.0
2380,True,True,True,0.45450466559549885,2.2997420464396217,0.0,0,0.0,0.0
2381,True,True,True,0.45141755104659503,2.343306301223233,0.0,0,0.0,0.0
2382,True,True,True,0.44651479087275925,2.4327493725427494,0.0,0,0.0,0.0
2383,True,True,True,0.44602190674427444,2.253025404773401,0.0,0,0.0,0.0
2384,True,True,True,0.4495517310053417,2.2360639834412868,0.0,0,0.0,0.0
2387,True,True,True,0.4538283890289372,2.5373329510756046,0.0,0,0.0,0.0
2388,True,True,True,0.4509307153938596,2.319372017908858,0.0,0,0.0,0.0
2389,True,True,True,0.44855072913001065,2.325208751351566,0.0,0,0.0,0.0
2390,True,True,True,0.4483874004211944,2.370386462718921,0.0,0,0.0,0.0
2391,True,True,True,0.4436197726296427,2.337492940113403,0.0,0,0.0,0.0
2394,True,True,True,0.4457348153301133,2.339813710223046,0.0,0,0.0,0.0
2395,True,True,True,0.4453075875402334,2.358981547420141,0.0,0,0.0,0.0
2396,True,True,True,0.4465855846852251,2.3159767680686123,0.0,0,0.0,0.0
2397,True,True,True,0.4416541608637326,2.339651485809887,0.0,0,0.0,0.0
2398,True,True,True,0.4315371559320185,2.358492563460804,0.0,0,0.0,0.0
2401,True,True,True,0.4369810432343745,2.555845664348878,0.0,0,0.0,0.0
2402,True,True,True,0.43990769979978855,2.449076102985365,0.0,0,0.0,0.0
2403,True,True,True,0.435733118359421,2.4705940958768258,0.0,0,0.0,0.0
2404,True,True,True,0.4276473114251533,2.575258618985443,0.0,0,0.0,0.0
2405,True,True,True,0.42991151622282936,2.2804927829113293,0.0,0,0.0,0.0
2408,True,True,True,0.4228082357699559,2.377039515770102,0.0,0,0.0,0.0
2409,True,True,True,0.4269781889893226,2.4297272867101247,0.0,0,0.0,0.0
2410,True,True,True,0.42619140581401205,2.3688477945740707,0.0,0,0.0,0.0
2411,True,True,True,0.4290944388541979,2.369711144887039,0.0,0,0.0,0.0
2412,True,True,True,0.4202086440937408,2.5433093775677653,0.0,0,0.0,0.0
2415,True,True,True,0.4199516903276854,2.600388656466384,0.0,0,0.0,0.0
2416,True,True,True,0.42442969309321815,2.5998062555840207,0.0,0,0.0,0.0
2417,True,True,True,0.42464370875303115,2.399008098256375,0.0,0,0.0,0.0
2418,True,True,True,0.4233242931074689,2.4415678074829277,0.0,0,0.0,0.0
2419,True,True,True,0.42685316648961863,2.4532604945449528,0.0,0,0.0,0.0
2422,True,True,True,0.42163281865835717,2.637967424013515,0.0,0,0.0,0.0
2423,True,True,True,0.42389941882652116,2.83449727885303,0.0,0,0.0,0.0
2424,True,True,True,0.4228335435091838,2.77840324355748,0.0,0,0.0,0.0
2425,True,True,True,0.4232441227434178,2.7629730112883313,0.0,0,0.0,0.0
2426,True,True,True,0.4228505635620946,2.934053571817159,0.0,0,0.0,0.0
2429,True,True,True,0.42240349678849565,2.9044356673448646,0.0,0,0.0,0.0
2430,True,True,True,0.4200232570195229,3.007191858257922,0.0,0,0.0,0.0
2431,True,True,True,0.4210191782977053,2.9320207322619285,0.0,0,0.0,0.0
2432,True,True,True,0.4216224878467727,2.740211471486583,0.0,0,0.0,0.0
2433,True,True,True,0.4219954570550725,2.333285597853271,0.0,0,0.0,0.0
2437,True,True,True,0.4147656651360524,2.3283701314526772,0.0,0,0.0,0.0
2438,True,True,True,0.4170994500932208,2.483066687794036,0.0,0,0.0,0.0
2439,True,True,True,0.4200534824262809,2.43167741613982,0.0,0,0.0,0.0
2440,True,True,True,0.4258393309628524,2.271004479484107,0.0,0,0.0,0.0
2443,True,True,True,0.42092521658054155,2.2482819516758052,0.0,0,0.0,0.0
2444,True,True,True,0.42129572608755356,1.8757030191277702,0.0,0,0.0,0.0
2445,True,True,True,0.42814934467373655,1.9152558259688715,0.0,0,0.0,0.0
2446,True,True,True,0.4212156296758766,2.0944295676995894,0.0,0,0.0,0.0
2447,True,True,True,0.42262464991741905,2.1793555045325634,0.0,0,0.0,0.0
2450,True,True,True,0.417120797168252,2.002353763606758,0.0,0,0.0,0.0
2451,True,True,True,0.41981471654394925,2.1489851213043636,0.0,0,0.0,0.0
2452,True,True,True,0.41250096643096923,2.205485007057764,0.0,0,0.0,0.0
2453,True,True,True,0.41677058957806384,2.378105477059711,0.0,0,0.0,0.0
2454,True,True,True,0.41113130580706453,2.263950034394267,0.0,0,0.0,0.0
2457,True,True,True,0.41016104558944466,2.088850500847343,0.0,0,0.0,0.0
2458,True,True,True,0.4052474263743895,2.112732929589092,0.0,0,0.0,0.0
2459,True,True,True,0.40290147722591774,2.2953672630813298,0.0,0,0.0,0.0
2460,True,True,True,0.40519127002585514,2.1882390845409616,0.0,0,0.0,0.0
2461,True,True,True,0.40820997532604797,2.4354657896234575,0.0,0,0.0,0.0
2464,True,True,True,0.3987845554273364,2.291605180994221,0.0,0,0.0,0.0
2465,True,True,True,0.40340034097743743,2.044453746007181,0.0,0,0.0,0.0
2466,True,True,True,0.3988794240332125,2.2386495392302543,0.0,0,0.0,0.0
2467,True,True,True,0.39487555692873194,2.333306598027567,0.0,0,0.0,0.0
2468,True,True,True,0.3965030326033185,1.9158211450629075,0.0,0,0.0,0.0
2471,True,True,True,0.39478673425080174,2.0165036050065615,0.0,0,0.0,0.0
2472,True,True,True,0.3986758448665278,1.8177493387460002,0.0,0,0.0,0.0
2473,True,True,True,0.3986134220092214,1.8282394149998493,0.0,0,0.0,0.0
2474,True,True,True,0.3971997423544291,1.7467904411638457,0.0,0,0.0,0.0
2475,True,True,True,0.39246371944075936,1.6760781114234584,0.0,0,0.0,0.0
2478,True,True,True,0.3918835860378438,1.6225116644630022,0.0,0,0.0,0.0
2479,True,True,True,0.39355828799050024,1.6778110857502375,0.0,0,0.0,0.0
2480,True,True,True,0.3875837067797698,1.8659270869264037,0.0,0,0.0,0.0
2481,True,True,True,0.3853637555853087,1.8589224246728986,0.0,0,0.0,0.0
2482,True,True,True,0.38167430129806035,1.8950699364163446,0.0,0,0.0,0.0
2485,True,True,True,0.37982952179861196,1.930338930847467,0.0,0,0.0,0.0
2486,True,True,True,0.379583255109209,1.8862327595447181,0.0,0,0.0,0.0
2487,True,True,True,0.38080936041026314,1.8790836366455148,0.0,0,0.0,0.0
2488,True,True,True,0.3842130117630197,1.9435976776819173,0.0,0,0.0,0.0
2489,True,True,True,0.38677203802815907,2.075458327078007,0.0,0,0.0,0.0
2492,True,True,True,0.38367080382047386,2.0962810654415556,0.0,0,0.0,0.0
2493,True,True,True,0.39036699175833817,1.931898301869786,0.0,0,0.0,0.0
2494,True,True,True,0.3841534807370775,1.9202799661338654,0.0,0,0.0,0.0
2495,True,True,True,0.3944585733330029,2.2765678708036616,0.0,0,0.0,0.0
2496,True,True,True,0.4013756237698123,1.9549919273158607,0.0,0,0.0,0.0
2499,True,True,True,0.3840645598489497,2.260422083597443,0.0,0,0.0,0.0
2500,True,True,True,0.3873894499374503,2.30534934068488,0.0,0,0.0,0.0
2501,True,True,True,0.3780264356411432,2.1707515980557597,0.0,0,0.0,0.0
2502,True,True,True,0.38513834204751324,2.402148320367743,0.0,0,0.0,0.0
2503,True,True,True,0.3781933145902121,2.1531622877379086,0.0,0,0.0,0.0
2506,True,True,True,0.3762334727650276,1.9939071593252355,0.0,0,0.0,0.0
2507,True,True,True,0.3704255519207182,2.0397533604521985,0.0,0,0.0,0.0
2508,True,True,True,0.37393389069127925,2.1131319980052687,0.0,0,0.0,0.0
2509,True,True,True,0.3702354236768087,1.9724579985376578,0.0,0,0.0,0.0
2510,True,True,True,0.3694255720315023,1.8830575057386243,0.0,0,0.0,0.0
2513,True,True,True,0.36797646890679947,1.895548766032045,0.0,0,0.0,0.0
2514,True,True,True,0.36692710063325423,1.9412135596825832,0.0,0,0.0,0.0
2515,True,True,True,0.3666412719406949,1.9266769889821989,0.0,0,0.0,0.0
2517,True,True,True,0.36716973876212233,2.077479489152639,0.0,0,0.0,0.0
2520,True,True,True,0.3671779161344823,2.174757769316741,0.0,0,0.0,0.0
2521,True,True,True,0.37554953841932187,2.1877075266037953,0.0,0,0.0,0.0
2522,True,True,True,0.3737726870843773,2.3038159318130904,0.0,0,0.0,0.0
2523,True,True,True,0.37309102187446536,2.2180910959894993,0.0,0,0.0,0.0
2524,True,True,True,0.37619037809215716,1.8649329433628592,0.0,0,0.0,0.0
2527,True,True,True,0.3717076523881869,1.8165351890877866,0.0,0,0.0,0.0
2528,True,True,True,0.37135208823216054,1.960056480172231,0.0,0,0.0,0.0
2529,True,True,True,0.36820154261685345,1.954672923549378,0.0,0,0.0,0.0
2530,True,True,True,0.3738120640388173,1.6243628865981778,0.0,0,0.0,0.0
2531,True,True,True,0.3792620931145221,1.4788854086712715,0.0,0,0.0,0.0
2534,True,True,True,0.38538228890739906,1.473361813109018,0.0,0,0.0,0.0
2535,True,True,True,0.38527619096934856,1.4868177893737433,0.0,0,0.0,0.0
2536,True,True,True,0.3905851931163789,1.6923974178153673,0.0,0,0.0,0.0
2537,True,True,True,0.38828436438585423,1.9738726659887473,0.0,0,0.0,0.0
2538,True,True,True,0.3930518905006014,2.049354874857752,0.0,0,0.0,0.0
2541,True,True,True,0.3881195726914129,1.8186337243104758,0.0,0,0.0,0.0
2542,True,True,True,0.38265961363279044,1.9450606799648424,0.0,0,0.0,0.0
2543,True,True,True,0.4877309019502659,1.9216359148985336,0.0,0,0.0,0.0
2544,True,True,True,0.48068040761818087,2.329999136150981,0.0,0,0.0,0.0
2545,True,True,True,0.48327501208672163,2.2409883861974476,0.0,0,0.0,0.0
2549,True,True,True,0.48396095434533654,2.016469939538933,0.0,0,0.0,0.0
2550,True,True,True,0.470609649237271,2.2670044480157276,0.0,0,0.0,0.0
2551,True,True,True,0.4753297924727965,2.1030109237058867,0.0,0,0.0,0.0
2552,True,True,True,0.47280695697148056,2.1619100684136296,0.0,0,0.0,0.0
2556,True,True,True,0.46480866043535835,2.2694095941953787,0.0,0,0.0,0.0
2557,True,True,True,0.4655900973649218,2.2903964163178974,0.0,0,0.0,0.0
2558,True,True,True,0.4675334723556266,2.2055525137454186,0.0,0,0.0,0.0
2559,True,True,True,0.4577710256106416,1.9033117383300144,0.0,0,0.0,0.0
2562,True,True,True,0.4518602469514186,1.9591101195343124,0.0,0,0.0,0.0
2563,True,True,True,0.460374304150371,1.8384238346331165,0.0,0,0.0,0.0
2564,True,True,True,0.4581625720962003,1.950214756323588,0.0,0,0.0,0.0
2565,True,True,True,0.45499271107863526,2.030513167251425,0.0,0,0.0,0.0
2566,True,True,True,0.46626685902029436,2.173874964101277,0.0,0,0.0,0.0
2570,True,True,True,0.4625215389022952,2.4579352530126015,0.0,0,0.0,0.0
2571,True,True,True,0.46103536285267066,2.5912264070852298,0.0,0,0.0,0.0
2572,True,True,True,0.45826602222665364,2.570709380926755,0.0,0,0.0,0.0
2573,True,True,True,0.4547057682736862,2.6063167162929415,0.0,0,0.0,0.0
2576,True,True,True,0.45482114629554293,2.391031339483421,0.0,0,0.0,0.0
2577,True,True,True,0.46253996436012595,2.564579725783718,0.0,0,0.0,0.0
2578,True,True,True,0.44737724902541953,2.2883077296781154,0.0,0,0.0,0.0
2579,True,True,True,0.4540695074815591,2.0385181580810703,0.0,0,0.0,0.0
2580,True,True,True,0.4545813606013107,2.1704419654915186,0.0,0,0.0,0.0
2583,True,True,True,0.44938536824662595,2.3857551696222505,0.0,0,0.0,0.0
2584,True,True,True,0.43542000644265666,2.459284098515514,0.0,0,0.0,0.0
2585,True,True,True,0.4381851747287472,2.583732923005244,0.0,0,0.0,0.0
2586,True,True,True,0.4385298354721024,2.531361357098015,0.0,0,0.0,0.0
2587,True,True,True,0.43842482864918336,2.155880639443406,0.0,0,0.0,0.0
2590,True,True,True,0.4253296829787187,2.36011058417101,0.0,0,0.0,0.0
2591,True,True,True,0.4273538557256486,2.2247225669386648,0.0,0,0.0,0.0
2592,True,True,True,0.4268089344324741,2.229883493900183,0.0,0,0.0,0.0
2593,True,True,True,0.42572679457322343,1.998226235161688,0.0,0,0.0,0.0
2594,True,True,True,0.4176899001222511,2.0623041974896834,0.0,0,0.0,0.0
2597,True,True,True,0.40767908722069757,2.191889737160999,0.0,0,0.0,0.0
2598,True,True,True,0.4056032119899152,2.029378366566181,0.0,0,0.0,0.0
2599,True,True,True,0.4042021861554116,1.9512181477375186,0.0,0,0.0,0.0
2600,True,True,True,0.40650998971409186,2.1829806563835663,0.0,0,0.0,0.0
2601,True,True,True,0.41407545575080057,2.1064823153494645,0.0,0,0.0,0.0
2605,True,True,True,0.4043983309471176,2.3475608264364562,0.0,0,0.0,0.0
2606,True,True,True,0.4060525202567143,2.4144322781874314,0.0,0,0.0,0.0
2607,True,True,True,0.3969355869989773,2.672861603392196,0.0,0,0.0,0.0
2608,True,True,True,0.4077364620977956,2.740226418477324,0.0,0,0.0,0.0
2611,True,True,True,0.4018081927345948,2.643810478551138,0.0,0,0.0,0.0
2612,True,True,True,0.3980079160666348,2.923412296482004,0.0,0,0.0,0.0
2613,True,True,True,0.3954028862548678,2.7462695502385013,0.0,0,0.0,0.0
2614,True,True,True,0.3964430779544069,2.6188146699375143,0.0,0,0.0,0.0
2615,True,True,True,0.3905721446754955,1.833380469548721,0.0,0,0.0,0.0
2618,True,True,True,0.3975885244709187,1.7627523796089097,0.0,0,0.0,0.0
2619,True,True,True,0.39465757914612826,1.9226846811172789,0.0,0,0.0,0.0
2620,True,True,True,0.39169223094909,2.042383485221834,0.0,0,0.0,0.0
2621,True,True,True,0.3977644723909808,1.9587331440447435,0.0,0,0.0,0.0
2622,True,True,True,0.40269865944145894,2.0823616867596586,0.0,0,0.0,0.0
2625,True,True,True,0.39301019082024996,2.1365167936182785,0.0,0,0.0,0.0
2626,True,True,True,0.39879150241865957,1.949102804277464,0.0,0,0.0,0.0
2627,True,True,True,0.3991069015331735,1.9668207608738713,0.0,0,0.0,0.0
2628,True,True,True,0.3950184145578739,2.3099574564864014,0.0,0,0.0,0.0
2629,True,True,True,0.40597898239075614,1.9336838017278426,0.0,0,0.0,0.0
2632,True,True,True,0.40069092935378725,2.0540574492840133,0.0,0,0.0,0.0
2633,True,True,True,0.3933147395531663,2.352536695706335,0.0,0,0.0,0.0
2634,True,True,True,0.3995470149103243,2.1982956412925185,0.0,0,0.0,0.0
2635,True,True,True,0.3971494030555887,2.425957121275686,0.0,0,0.0,0.0
2636,True,True,True,0.4089892229192005,2.1742351444504773,0.0,0,0.0,0.0
2639,True,True,True,0.4045843197549751,2.13185498749791,0.0,0,0.0,0.0
2640,True,True,True,0.3909041828961937,2.2587513352735686,0.0,0,0.0,0.0
2641,True,True,True,0.3822513999400477,2.4189585534903126,0.0,0,0.0,0.0
2642,True,True,True,0.38261739563032776,2.539375450531021,0.0,0,0.0,0.0
2643,True,True,True,0.3713722833410369,2.8501752338607242,0.0,0,0.0,0.0
2646,True,True,True,0.3730362974525042,2.7638308159870704,0.0,0,0.0,0.0
2647,True,True,True,0.37701232343095914,2.5858232758035067,0.0,0,0.0,0.0
2648,True,True,True,0.36196900498312606,3.162109149728947,0.0,0,0.0,0.0
2649,True,True,True,0.369533767859515,2.953866287578485,0.0,0,0.0,0.0
2650,True,True,True,0.37485091675130267,2.4364529929251635,0.0,0,0.0,0.0
2653,True,True,True,0.3715979012376267,2.642214515844415,0.0,0,0.0,0.0
2654,True,True,True,0.3702438876300103,2.9948384363330374,0.0,0,0.0,0.0
2655,True,True,True,0.3689670184654406,2.6965736315666207,0.0,0,0.0,0.0
2656,True,True,True,0.3650263958439247,2.755539529603551,0.0,0,0.0,0.0
2660,True,True,True,0.37286309708734405,2.496773560802594,0.0,0,0.0,0.0
2661,True,True,True,0.3713876033264807,2.7301501410925595,0.0,0,0.0,0.0
2662,True,True,True,0.3593058250546271,3.0878442660689243,0.0,0,0.0,0.0
2663,True,True,True,0.3608721102506531,3.1732684392460673,0.0,0,0.0,0.0
2664,True,True,True,0.3558471521205155,3.4572805323980957,0.0,0,0.0,0.0
2667,True,True,True,0.3586457796927583,3.095825694512684,0.0,0,0.0,0.0
2668,True,True,True,0.3532279873409494,3.1017346809103765,0.0,0,0.0,0.0
2669,True,True,True,0.3495397062622852,3.453057784986264,0.0,0,0.0,0.0
2670,True,True,True,0.352825839033433,3.0123472679569177,0.0,0,0.0,0.0
2671,True,True,True,0.35634917359398105,3.217999069892193,0.0,0,0.0,0.0
2674,True,True,True,0.3552916006628423,2.9932463573564267,0.0,0,0.0,0.0
2675,True,True,True,0.3501227890062189,3.3250285903425407,0.0,0,0.0,0.0
2676,True,True,True,0.3538397652180359,3.218264763560497,0.0,0,0.0,0.0
2677,True,True,True,0.3521308108630981,3.4419292021969117,0.0,0,0.0,0.0
2678,True,True,True,0.35505324729095666,2.630338804218572,0.0,0,0.0,0.0
2681,True,True,True,0.35411950657153524,2.6341249969490477,0.0,0,0.0,0.0
2682,True,True,True,0.3503469034247985,2.941286400258801,0.0,0,0.0,0.0
2683,True,True,True,0.3522404934354512,2.710217284913362,0.0,0,0.0,0.0
2684,True,True,True,0.35062896139691935,2.8586443355528073,0.0,0,0.0,0.0
2685,True,True,True,0.35275120586049846,2.685278560781414,0.0,0,0.0,0.0
2688,True,True,True,0.3536565677463106,2.7475053895692105,0.0,0,0.0,0.0
2689,True,True,True,0.3570018154754305,2.8172374650605003,0.0,0,0.0,0.0
2690,True,True,True,0.37129490544084026,2.7828962430891306,0.0,0,0.0,0.0
2691,True,True,True,0.3657012584883683,2.6112460068933165,0.0,0,0.0,0.0
2692,True,True,True,0.36243374526414857,2.589949556025167,0.0,0,0.0,0.0
2695,True,True,True,0.36357409612450037,2.79885101307118,0.0,0,0.0,0.0
2696,True,True,True,0.36276888620728787,2.912252649576861,0.0,0,0.0,0.0
2697,True,True,True,0.35627095167400336,3.1340792324328,0.0,0,0.0,0.0
2698,True,True,True,0.3565139775498415,3.5353217010752496,0.0,0,0.0,0.0
2699,True,True,True,0.3634961100537431,3.1379373622213995,0.0,0,0.0,0.0
2703,True,True,True,0.3609411815091951,3.3012689899673644,0.0,0,0.0,0.0
2704,True,True,True,0.3626564149012292,3.4235847810213356,0.0,0,0.0,0.0
2705,False,True,False,0.3635323343679213,4.000001147100707,0.5,0,0.0,0.0
2706,True,True,True,0.36771583460974383,2.8988822186285326,0.0,0,0.0,0.0
2709,True,True,True,0.3619887167831402,2.925766827363132,0.0,0,0.0,0.0
2710,True,True,True,0.3638170302125646,3.00569739904155,0.0,0,0.0,0.0
2711,True,True,True,0.364692703929499,2.869326275572827,0.0,0,0.0,0.0
2712,True,True,True,0.366420331586175,3.188788340720853,0.0,0,0.0,0.0
2713,True,True,True,0.36455535013788226,3.048550651901725,0.0,0,0.0,0.0
2716,True,True,True,0.365958909176895,3.220015722633901,0.0,0,0.0,0.0
2717,True,True,True,0.36350661761973013,2.916634873941802,0.0,0,0.0,0.0
2718,True,True,True,0.3626904321414154,2.9935787332368657,0.0,0,0.0,0.0
2719,True,True,True,0.3652087562036466,3.033872299203075,0.0,0,0.0,0.0
2720,True,True,True,0.36784306356827795,3.1175291930741906,0.0,0,0.0,0.0
2723,True,True,True,0.3635416163197435,3.1838968743827154,0.0,0,0.0,0.0
2724,True,True,True,0.35833951239102035,3.3841526595020834,0.0,0,0.0,0.0
2725,True,True,True,0.35771133405182215,3.0691656147201156,0.0,0,0.0,0.0
2726,True,True,True,0.356171058354687,3.1753743498622464,0.0,0,0.0,0.0
2727,True,True,True,0.35288092329768556,3.2125687358196497,0.0,0,0.0,0.0
2730,True,True,True,0.3520851115219406,3.389251068462421,0.0,0,0.0,0.0
2731,True,True,True,0.35164293163794946,3.430638897766497,0.0,0,0.0,0.0
2732,True,True,True,0.35132333836184315,3.763661791696727,0.0,0,0.0,0.0
2733,True,True,True,0.34214708418439893,3.365017727079708,0.0,0,0.0,0.0
2734,True,True,True,0.3554652433302649,3.143380707824197,0.0,0,0.0,0.0
2737,True,True,True,0.3434886110965084,3.9144230211062063,0.0,0,0.0,0.0
2739,False,True,False,0.3421122801906777,4.000002030220099,0.5,0,0.0,0.0
2740,False,True,False,0.3424380482771447,4.000006087016123,0.5,0,0.0,0.0
2741,True,True,True,0.3406941856669997,3.1099923214190732,0.0,0,0.0,0.0
2744,True,True,True,0.34223585963683606,3.0184423571109265,0.0,0,0.0,0.0
2745,True,True,True,0.3417586939157479,3.131426606790442,0.0,0,0.0,0.0
2746,True,True,True,0.3426978581489952,2.986076773734069,0.0,0,0.0,0.0
2747,True,True,True,0.3428982118359414,3.003951254126335,0.0,0,0.0,0.0
2748,True,True,True,0.3377892455249188,2.8785539133674027,0.0,0,0.0,0.0
2751,True,True,True,0.3347808038449708,2.886541371660722,0.0,0,0.0,0.0
2752,True,True,True,0.3350614587874799,3.5698632925581015,0.0,0,0.0,0.0
2753,True,True,True,0.3407318371448098,3.236282807931891,0.0,0,0.0,0.0
2754,True,True,True,0.33654948591829364,3.4254120140555555,0.0,0,0.0,0.0
2755,True,True,True,0.33151615091776804,3.893979872287374,0.0,0,0.0,0.0
2758,True,True,True,0.33427142150246014,3.655987052920903,0.0,0,0.0,0.0
2759,True,True,True,0.3325508077812433,3.913457784159284,0.0,0,0.0,0.0
2760,False,True,False,0.32588381502994007,4.000002645178397,0.5,0,0.0,0.0
2761,False,True,False,0.3205942957251725,4.000007382239809,0.5,0,0.0,0.0
2762,False,True,False,0.3235074365154164,4.00000378210545,0.5,0,0.0,0.0
2765,False,True,False,0.3213959224025528,4.000004053376008,0.5,0,0.0,0.0
2766,False,True,False,0.3229690790059395,4.00000978313099,0.5,0,0.0,0.0
2767,False,True,False,0.3180459697888041,4.000012165975178,0.5,0,0.0,0.0
2768,False,True,False,0.3183618362969536,4.000010983708011,0.5,0,0.0,0.0
2769,True,True,True,0.3144631004871459,3.783391983815753,0.0,0,0.0,0.0
2772,True,True,True,0.312205738970215,3.6505580566428653,0.0,0,0.0,0.0
2773,False,True,False,0.3147978146608223,4.000002068387263,0.5,0,0.0,0.0
2774,True,True,True,0.31496549057116324,3.939309306933034,0.0,0,0.0,0.0
2775,True,True,True,0.3158252056970232,3.794762247533875,0.0,0,0.0,0.0
2776,False,True,False,0.32422634419779595,4.00000114177816,0.5,0,0.0,0.0
2779,False,True,False,0.3242990084908748,4.000004590719119,0.5,0,0.0,0.0
2780,False,True,False,0.31850043128212274,4.000006470759723,0.5,0,0.0,0.0
2781,False,True,False,0.3148745332610931,4.000006040641904,0.5,0,0.0,0.0
2782,False,True,False,0.3133480792789275,4.000003853740776,0.5,0,0.0,0.0
2783,False,True,False,0.3080656522528585,4.000004192338078,0.5,0,0.0,0.0
2786,False,True,False,0.3091394459269403,4.000001061606454,0.5,0,0.0,0.0
2787,False,True,False,0.31244360119026154,4.0000021413833045,0.5,0,0.0,0.0
2788,False,True,False,0.31299249991588385,4.000005264116736,0.5,0,0.0,0.0
2789,False,True,False,0.31112218901553984,4.000006897929001,0.5,0,0.0,0.0
2790,False,True,False,0.3164935030847847,4.000007752588583,0.5,0,0.0,0.0
2793,False,True,False,0.31826023675401294,4.000008558787311,0.5,0,0.0,0.0
2794,False,True,False,0.325214584567719,4.000008377844123,0.5,0,0.0,0.0
2795,False,True,False,0.3262508486122081,4.000008728979503,0.5,0,0.0,0.0
2796,False,True,False,0.32792722864813867,4.000005863862557,0.5,0,0.0,0.0
2797,True,True,True,0.32672357194215806,3.3889413781214652,0.0,0,0.0,0.0
2801,True,True,True,0.3269578068497962,3.5213559784969197,0.0,0,0.0,0.0
2802,True,True,True,0.33041606380432714,3.5817422687795872,0.0,0,0.0,0.0
2803,True,True,True,0.324716102257998,3.7329104411692,0.0,0,0.0,0.0
2804,True,True,True,0.32668658713491616,3.888967472225665,0.0,0,0.0,0.0
2807,True,True,True,0.32504480010721326,3.983486933198085,0.0,0,0.0,0.0
2808,False,True,False,0.32670508958916883,4.000003099868601,0.5,0,0.0,0.0
2809,False,True,False,0.32291518047967227,4.000001764450904,0.5,0,0.0,0.0
2810,False,True,False,0.3272416901105383,4.0000017640672265,0.5,0,0.0,0.0
2811,False,True,False,0.32721613826752316,4.0000028703283625,0.5,0,0.0,0.0
2814,False,True,False,0.32376990560133323,4.000004758919698,0.5,0,0.0,0.0
2815,False,True,False,0.3261593242503329,4.000002635966889,0.5,0,0.0,0.0
2816,False,True,False,0.325055995448936,4.000008011109294,0.5,0,0.0,0.0
2817,False,True,False,0.3256157295415455,4.0000093700421715,0.5,0,0.0,0.0
2818,False,True,False,0.33223665808142977,4.000005621549876,0.5,0,0.0,0.0
2821,False,True,False,0.33424138456711144,4.000002342737996,0.5,0,0.0,0.0
2822,False,True,False,0.3334820127985593,4.000002713643653,0.5,0,0.0,0.0
2823,False,True,False,0.3365380513623636,4.000005096268522,0.5,0,0.0,0.0
2824,False,True,False,0.3384547631264756,4.000017020257056,0.5,0,0.0,0.0
2825,False,True,False,0.33828347771040435,4.000007535113451,0.5,0,0.0,0.0
2828,True,True,True,0.3298912582052327,3.6888974764791818,0.0,0,0.0,0.0
2829,True,True,True,0.32988457341755645,3.8672774315516074,0.0,0,0.0,0.0
2830,True,True,True,0.33076590372541465,3.931047263288184,0.0,0,0.0,0.0
2831,True,True,True,0.3317800293408202,3.8992073050088134,0.0,0,0.0,0.0
2832,True,True,True,0.33002696188860353,3.9996128871249192,0.0,0,0.0,0.0
2835,False,True,False,0.3326097086240945,4.000013791085595,0.5,0,0.0,0.0
2836,False,True,False,0.33586273082294044,4.000017868557903,0.5,0,0.0,0.0
2837,False,True,False,0.3385839539642179,4.000016376391452,0.5,0,0.0,0.0
2838,False,True,False,0.33685685926385067,4.0000107249995125,0.5,0,0.0,0.0
2839,False,True,False,0.3356664337989872,4.000025106059543,0.5,0,0.0,0.0
2842,False,True,False,0.3356668179499849,4.0000278740144495,0.5,0,0.0,0.0
2843,False,True,False,0.336570461492581,4.00003244687367,0.5,0,0.0,0.0
2844,False,True,False,0.3396216646027229,4.000019405386882,0.5,0,0.0,0.0
2845,False,True,False,0.34453916315313915,4.000018236574366,0.5,0,0.0,0.0
2846,False,True,False,0.3421895533227953,4.000009361748668,0.5,0,0.0,0.0
2849,False,True,False,0.34247808586513667,4.000043957024959,0.5,0,0.0,0.0
2850,False,True,False,0.34499670760672246,4.0000490230645,0.5,0,0.0,0.0
2851,False,True,False,0.34647249243292805,4.00004934245237,0.5,0,0.0,0.0
2852,False,True,False,0.34436732283177696,4.00004083435442,0.5,0,0.0,0.0
2853,False,True,False,0.3463570035157191,4.000016008384659,0.5,0,0.0,0.0
2856,False,True,False,0.3499904018087251,4.000031294635436,0.5,0,0.0,0.0
2857,False,True,False,0.3512944231755545,4.000030308017907,0.5,0,0.0,0.0
2858,False,True,False,0.35106311650969174,4.00002943707133,0.5,0,0.0,0.0
2859,False,True,False,0.3544067992391269,4.0000255207489595,0.5,0,0.0,0.0
2860,False,True,False,0.35474454948799106,4.00000134744468,0.5,0,0.0,0.0
2863,False,True,False,0.35176233550049163,4.000002785589399,0.5,0,0.0,0.0
2864,False,True,False,0.3500439721446465,4.000006786770633,0.5,0,0.0,0.0
2865,False,True,False,0.3580610816641236,4.000005341567341,0.5,0,0.0,0.0
2866,False,True,False,0.35447553096501894,4.000005116868417,0.5,0,0.0,0.0
2867,False,True,False,0.3588466127709637,4.000007402489902,0.5,0,0.0,0.0
2870,True,True,True,0.3680519246145538,3.6403886480900924,0.0,0,0.0,0.0
2871,True,True,True,0.36335556999366353,3.980311450356081,0.0,0,0.0,0.0
2872,True,True,True,0.3674204972489474,3.915058082822225,0.0,0,0.0,0.0
2873,False,True,False,0.3675189467917687,4.000008942599131,0.5,0,0.0,0.0
2874,False,True,False,0.3647233485562974,4.000006629558176,0.5,0,0.0,0.0
2877,False,True,False,0.3603308790154194,4.000005234254342,0.5,0,0.0,0.0
2878,False,True,False,0.35713861953251036,4.0000029126512855,0.5,0,0.0,0.0
2879,True,True,True,0.35727804961883,3.929073926557975,0.0,0,0.0,0.0
2881,False,True,False,0.3525183091299977,4.000002340959089,0.5,0,0.0,0.0
2884,False,True,False,0.35453763582986303,4.000001744885341,0.5,0,0.0,0.0
2885,True,True,True,0.3507207525084186,3.9999998744298217,0.0,0,0.0,0.0
2886,False,True,False,0.3507238158777743,4.000007896212738,0.5,0,0.0,0.0
2887,False,True,False,0.348595790631541,4.000007055978776,0.5,0,0.0,0.0
2888,True,True,True,0.34306213372768624,3.755084064883257,0.0,0,0.0,0.0
2891,False,True,False,0.3474151532439818,4.000001755566355,0.5,0,0.0,0.0
2892,False,True,False,0.3465784274175139,4.0000001901110815,0.5,0,0.0,0.0
2893,False,True,False,0.34594797668749244,4.000001268239743,0.5,0,0.0,0.0
2894,False,True,False,0.34164435374186136,4.000000595561084,0.5,0,0.0,0.0
2895,True,True,True,0.3406475502615352,3.9998081968657466,0.0,0,0.0,0.0
2898,False,True,False,0.3390118014767002,4.00000301029494,0.5,0,0.0,0.0
2899,False,True,False,0.34560458656513926,4.00000384899481,0.5,0,0.0,0.0
2900,False,True,False,0.3424072015180419,4.000004525269202,0.5,0,0.0,0.0
2901,False,True,False,0.34411873280032795,4.000002512806122,0.5,0,0.0,0.0
2902,True,True,True,0.34786053825550683,3.9877651566743126,0.0,0,0.0,0.0
2905,False,True,False,0.3440133040098082,4.000001654796374,0.5,0,0.0,0.0
2906,False,True,False,0.3425831850983312,4.000003704857581,0.5,0,0.0,0.0
2907,True,True,True,0.42569528110863375,3.596257972211089,0.0,0,0.0,0.0
2908,True,True,True,0.41732350531776713,3.4817429232914376,0.0,0,0.0,0.0
2909,True,True,True,0.42100450605850587,3.3455713754298055,0.0,0,0.0,0.0
2913,True,True,True,0.43065735634197566,3.1202599760041356,0.0,0,0.0,0.0
2914,True,True,True,0.42698054264325536,3.425080449146809,0.0,0,0.0,0.0
2915,True,True,True,0.4305373596148327,3.79951043987824,0.0,0,0.0,0.0
2916,True,True,True,0.44091912320186155,3.5172814264377643,0.0,0,0.0,0.0
2920,False,True,False,0.4244034010843497,4.0000010401739345,0.5,0,0.0,0.0
2921,True,True,True,0.4266113346205619,3.7795333657310195,0.0,0,0.0,0.0
2922,False,True,False,0.4206608154603311,4.000019803546252,0.5,0,0.0,0.0
2923,True,True,True,0.41217165680664314,2.9747512366964366,0.0,0,0.0,0.0
2926,True,True,True,0.40723411046494096,2.660523444025156,0.0,0,0.0,0.0
2927,True,True,True,0.40716927728399693,2.8027147592073822,0.0,0,0.0,0.0
2928,True,True,True,0.40378118102469496,2.778799877657367,0.0,0,0.0,0.0
2929,True,True,True,0.40728487518820583,2.7086341322025356,0.0,0,0.0,0.0
2930,True,True,True,0.4075565862681024,2.842106001105162,0.0,0,0.0,0.0
2934,True,True,True,0.40134471645533004,3.39552576828288,0.0,0,0.0,0.0
2935,True,True,True,0.40371587024341427,3.110833828221508,0.0,0,0.0,0.0
2936,True,True,True,0.39402566898394914,3.5093762696699202,0.0,0,0.0,0.0
2937,True,True,True,0.4024335413552814,3.803603625854628,0.0,0,0.0,0.0
2940,False,True,False,0.3939875246871664,4.000001245355197,0.5,0,0.0,0.0
2941,True,True,True,0.4008921952071153,3.6453266218182483,0.0,0,0.0,0.0
2942,False,True,False,0.3981096413181085,4.000000896194691,0.5,0,0.0,0.0
2943,True,True,True,0.4025596455981138,3.912137899255718,0.0,0,0.0,0.0
2944,False,True,False,0.39541566409736506,4.000008978738936,0.5,0,0.0,0.0
2947,False,True,False,0.40851286368082734,4.000002771797907,0.5,0,0.0,0.0
2948,False,True,False,0.413516611122638,4.00000135469113,0.5,0,0.0,0.0
2949,True,True,True,0.41338336411392373,3.4256690365346905,0.0,0,0.0,0.0
2950,True,True,True,0.4077715148275518,3.363326050957257,0.0,0,0.0,0.0
2951,True,True,True,0.4120919993806293,2.589629391497791,0.0,0,0.0,0.0
2954,False,True,False,0.39571035063541377,4.0000563774841265,0.5,0,0.0,0.0
2955,True,True,True,0.43937340172019046,3.27258467680926,0.0,0,0.0,0.0
2956,False,True,False,0.4166181880550445,4.000004950718686,0.5,0,0.0,0.0
2957,True,True,True,0.42656262121566135,3.5314850787104524,0.0,0,0.0,0.0
2958,True,True,True,0.41856582808884074,2.693958591530011,0.0,0,0.0,0.0
2961,True,True,True,0.41667482805674894,3.476129468289847,0.0,0,0.0,0.0
2962,False,True,False,0.41229384621298015,4.000008500178956,0.5,0,0.0,0.0
2963,True,True,True,0.4013698393061438,3.2687466557138354,0.0,0,0.0,0.0
2964,True,True,True,0.40046180819800997,3.9069849806422,0.0,0,0.0,0.0
2965,True,True,True,0.40563300306391215,3.9200596448231013,0.0,0,0.0,0.0
2969,False,True,False,0.41530769525491706,4.000012886838577,0.5,0,0.0,0.0
2970,False,True,False,0.41996917089921204,4.000016266962222,0.5,0,0.0,0.0
2971,False,True,False,0.4222566901104492,4.000019229233114,0.5,0,0.0,0.0
2972,False,True,False,0.4067598223127582,4.000037950676712,0.5,0,0.0,0.0
2975,False,True,False,0.4130530889378232,4.000020422612199,0.5,0,0.0,0.0
2976,False,True,False,0.42345695386736987,4.000038190522274,0.5,0,0.0,0.0
2977,False,True,False,0.41980448526239916,4.000027294011963,0.5,0,0.0,0.0
2978,False,True,False,0.42780403936565353,4.000025747608289,0.5,0,0.0,0.0
2979,True,True,True,0.4125978198815228,3.316608845375854,0.0,0,0.0,0.0
2982,True,True,True,0.40894483150999233,3.2995382674048424,0.0,0,0.0,0.0
2983,True,True,True,0.4236025523157796,3.0758590381187605,0.0,0,0.0,0.0
2984,True,True,True,0.41653052353836395,3.309559795373107,0.0,0,0.0,0.0
2985,True,True,True,0.4141015031287963,3.1746506267378827,0.0,0,0.0,0.0
2986,True,True,True,0.4051009278649697,3.291363781410487,0.0,0,0.0,0.0
2989,True,True,True,0.4105198976041117,3.580153327780825,0.0,0,0.0,0.0
2990,False,True,False,0.3997238703644246,4.00001350409169,0.5,0,0.0,0.0
2991,True,True,True,0.3974480649805689,3.577945112665053,0.0,0,0.0,0.0
2992,True,True,True,0.39558468941506486,3.617485149254574,0.0,0,0.0,0.0
2993,True,True,True,0.3994152490470119,3.805258474076794,0.0,0,0.0,0.0
2996,True,True,True,0.4010804469630167,3.7182324686330515,0.0,0,0.0,0.0
2997,True,True,True,0.4010998036368402,3.7920162351176945,0.0,0,0.0,0.0
2998,True,True,True,0.3994670500710571,3.717856488491099,0.0,0,0.0,0.0
2999,True,True,True,0.4055733651511839,3.2942906370255143,0.0,0,0.0,0.0
3000,True,True,True,0.39959236729109976,2.6140151895385357,0.0,0,0.0,0.0
3003,True,True,True,0.4017127820803216,2.43710798491897,0.0,0,0.0,0.0
3004,True,True,True,0.40049342737154786,2.3903523719630524,0.0,0,0.0,0.0
3005,True,True,True,0.3947633560831605,2.1820786940567984,0.0,0,0.0,0.0
3006,True,True,True,0.3850137882531459,2.096559263931969,0.0,0,0.0,0.0
3010,True,True,True,0.39138756007393977,1.4697855847394246,0.0,0,0.0,0.0
3011,True,True,True,0.38448638559973203,1.599161958316374,0.0,0,0.0,0.0
3012,True,True,True,0.3846971412548647,2.0934024843233368,0.0,0,0.0,0.0
3013,True,True,True,0.3868335303221179,2.38374722541165,0.0,0,0.0,0.0
3014,True,True,True,0.38667790252715956,1.5810813129531267,0.0,0,0.0,0.0
3017,True,True,True,0.38450332200365134,1.638153183073225,0.0,0,0.0,0.0
3018,True,True,True,0.3902119462383701,1.7282138296805711,0.0,0,0.0,0.0
3019,True,True,True,0.3921647787708832,1.670810156272164,0.0,0,0.0,0.0
3020,True,True,True,0.38941935175343084,1.806233506586526,0.0,0,0.0,0.0
3021,True,True,True,0.3961010064564193,1.813744559618707,0.0,0,0.0,0.0
3024,True,True,True,0.3928030256646206,2.297748890434274,0.0,0,0.0,0.0
3025,True,True,True,0.3884076536208503,2.790246641948734,0.0,0,0.0,0.0
3026,True,True,True,0.3984690675395663,2.9278642407594937,0.0,0,0.0,0.0
3027,True,True,True,0.3932992281415782,2.507779288976711,0.0,0,0.0,0.0
3028,True,True,True,0.3913271168306859,2.4984113005959125,0.0,0,0.0,0.0
3031,True,True,True,0.3934015411786911,2.2744096278584123,0.0,0,0.0,0.0
3032,True,True,True,0.3934861173669508,1.9868870041566837,0.0,0,0.0,0.0
3033,True,True,True,0.3877696077621204,2.0688727502669213,0.0,0,0.0,0.0
3034,True,True,True,0.38845534350587124,2.3500655761463394,0.0,0,0.0,0.0
3035,True,True,True,0.39162834890935005,2.144588600929246,0.0,0,0.0,0.0
3038,True,True,True,0.38573903131320225,2.099337900953018,0.0,0,0.0,0.0
3039,True,True,True,0.3890966005745388,2.0716430165146673,0.0,0,0.0,0.0
3040,True,True,True,0.3906033620322928,2.0233672425301292,0.0,0,0.0,0.0
3041,True,True,True,0.38639960756677144,1.935376392800757,0.0,0,0.0,0.0
3042,True,True,True,0.38438180824730167,2.102878417011586,0.0,0,0.0,0.0
3045,True,True,True,0.38561391902855974,2.123780917835611,0.0,0,0.0,0.0
3046,True,True,True,0.38337686900411605,2.0388104449804745,0.0,0,0.0,0.0
3047,True,True,True,0.38034307325272704,2.1228269087198544,0.0,0,0.0,0.0
3048,True,True,True,0.3858305351626122,2.2569226497383372,0.0,0,0.0,0.0
3049,True,True,True,0.3894784368136745,2.379135051582164,0.0,0,0.0,0.0
3052,True,True,True,0.38427189371402753,2.5401353025011213,0.0,0,0.0,0.0
3053,True,True,True,0.38694078265419474,2.767887126024859,0.0,0,0.0,0.0
3054,True,True,True,0.3871566657362178,2.785279327196972,0.0,0,0.0,0.0
3055,True,True,True,0.3863021943013328,2.774070341486763,0.0,0,0.0,0.0
3056,True,True,True,0.3875813895072151,2.984435067233982,0.0,0,0.0,0.0
3059,True,True,True,0.3863134602301742,3.1510688387795605,0.0,0,0.0,0.0
3060,True,True,True,0.38968233536176133,3.05513956614256,0.0,0,0.0,0.0
3061,True,True,True,0.38870718468648674,3.178348722354121,0.0,0,0.0,0.0
3062,True,True,True,0.3911691623116221,3.4510225408718713,0.0,0,0.0,0.0
3063,True,True,True,0.386859871613852,3.6339549691243307,0.0,0,0.0,0.0
3067,True,True,True,0.39047697018692024,3.646073512351922,0.0,0,0.0,0.0
3068,False,True,False,0.384657697905767,4.000002955339076,0.5,0,0.0,0.0
3069,False,True,False,0.38508770537675135,4.000001995729386,0.5,0,0.0,0.0
3070,True,True,True,0.3781451245452128,2.8869397699520665,0.0,0,0.0,0.0
3073,True,True,True,0.37256461205494246,2.89430221528865,0.0,0,0.0,0.0
3074,True,True,True,0.37037213543897696,2.888472861510536,0.0,0,0.0,0.0
3075,True,True,True,0.3682120291688392,2.9083554461682453,0.0,0,0.0,0.0
3076,True,True,True,0.3733238371134316,3.088701322310785,0.0,0,0.0,0.0
3077,True,True,True,0.37376654223180833,3.166748528809496,0.0,0,0.0,0.0
3080,True,True,True,0.3685424864770291,3.1296464289519017,0.0,0,0.0,0.0
3081,True,True,True,0.36985133102567846,3.246694868034754,0.0,0,0.0,0.0
3082,True,True,True,0.3715653616395488,3.206478895141848,0.0,0,0.0,0.0
3083,True,True,True,0.37336346063920345,3.256169761729145,0.0,0,0.0,0.0
3084,True,True,True,0.3810243792447955,3.0384344448928458,0.0,0,0.0,0.0
3087,True,True,True,0.37757977620494204,3.2029299174885515,0.0,0,0.0,0.0
3088,True,True,True,0.37993127653084363,3.2632930914136717,0.0,0,0.0,0.0
3089,True,True,True,0.38076182998028774,3.2617585738291583,0.0,0,0.0,0.0
3090,True,True,True,0.37786873598342025,3.4033504814970885,0.0,0,0.0,0.0
3091,True,True,True,0.3767909801452544,3.4801934376079604,0.0,0,0.0,0.0
3094,True,True,True,0.3772024997291523,3.16725187426413,0.0,0,0.0,0.0
3095,True,True,True,0.3688402384879851,3.4030319000401397,0.0,0,0.0,0.0
3096,True,True,True,0.36970814525020745,3.341784890957958,0.0,0,0.0,0.0
3097,True,True,True,0.36678845920729497,3.6077711344779155,0.0,0,0.0,0.0
3098,True,True,True,0.36526263506875944,3.7888248726441827,0.0,0,0.0,0.0
3101,True,True,True,0.37012639449557105,3.6957422049584,0.0,0,0.0,0.0
3102,True,True,True,0.37075670972011576,3.737248054475923,0.0,0,0.0,0.0
3104,False,True,False,0.36529482137395974,4.000016250154035,0.5,0,0.0,0.0
3105,True,True,True,0.36041908007651974,3.2774047787030747,0.0,0,0.0,0.0
3108,True,True,True,0.3569252860375745,3.4981784571628625,0.0,0,0.0,0.0
3109,True,True,True,0.35407955959084025,3.8385614590510446,0.0,0,0.0,0.0
3110,True,True,True,0.3537301975067188,3.808876910586584,0.0,0,0.0,0.0
3111,True,True,True,0.3548462351669821,3.7460906191538306,0.0,0,0.0,0.0
3112,False,True,False,0.3525322937777205,4.0000014401215545,0.5,0,0.0,0.0
3115,False,True,False,0.3520745177358776,4.000005165956405,0.5,0,0.0,0.0
3116,False,True,False,0.358021190763277,4.000010891009243,0.5,0,0.0,0.0
3117,False,True,False,0.35720979180870693,4.00001447645683,0.5,0,0.0,0.0
3118,False,True,False,0.35695957572428555,4.000012347901034,0.5,0,0.0,0.0
3119,False,True,False,0.35865780936148,4.000013097361306,0.5,0,0.0,0.0
3122,False,True,False,0.35898096052011114,4.000028999494989,0.5,0,0.0,0.0
3123,False,True,False,0.3591908382282391,4.000019117159233,0.5,0,0.0,0.0
3124,False,True,False,0.3590159445512174,4.000025847554489,0.5,0,0.0,0.0
3125,False,True,False,0.36010150448060374,4.000025268871391,0.5,0,0.0,0.0
3126,False,True,False,0.3599572858800412,4.000026795776064,0.5,0,0.0,0.0
3129,False,True,False,0.3641256918965649,4.00003676251817,0.5,0,0.0,0.0
3130,False,True,False,0.3664449992432772,4.000035864598467,0.5,0,0.0,0.0
3131,False,True,False,0.3650057816956095,4.0000355405718135,0.5,0,0.0,0.0
3132,False,True,False,0.3649314707765019,4.0000307134179485,0.5,0,0.0,0.0
3133,False,True,False,0.35696727694682645,4.000001135166551,0.5,0,0.0,0.0
3136,True,True,True,0.35506299813228115,3.9898570771550568,0.0,0,0.0,0.0
3137,True,True,True,0.35636512657708325,3.920561974383579,0.0,0,0.0,0.0
3138,False,True,False,0.3538395765924767,4.000002380619193,0.5,0,0.0,0.0
3139,True,True,True,0.35816623473764364,3.876696854571477,0.0,0,0.0,0.0
3140,False,True,False,0.3614510520765676,4.000003582240268,0.5,0,0.0,0.0
3143,False,True,False,0.3617213835699338,4.000003832996527,0.5,0,0.0,0.0
3144,False,True,False,0.3604995953416949,4.0000083832515205,0.5,0,0.0,0.0
3145,False,True,False,0.35997295754001074,4.000005933796536,0.5,0,0.0,0.0
3146,False,True,False,0.3570128494977176,4.0000099088886385,0.5,0,0.0,0.0
3147,False,True,False,0.36250379648538306,4.0000111558991085,0.5,0,0.0,0.0
3150,False,True,False,0.35640797010456,4.000014824619699,0.5,0,0.0,0.0
3151,False,True,False,0.35747945395712194,4.000017634328588,0.5,0,0.0,0.0
3152,False,True,False,0.3543633959507592,4.000016277239259,0.5,0,0.0,0.0
3153,False,True,False,0.35422595393620726,4.000014165737234,0.5,0,0.0,0.0
3154,False,True,False,0.3526691734617208,4.000020164254615,0.5,0,0.0,0.0
3157,False,True,False,0.3531226370062536,4.00003007150357,0.5,0,0.0,0.0
3158,False,True,False,0.3562007428928678,4.000028762692465,0.5,0,0.0,0.0
3159,False,True,False,0.35454038441545044,4.000020613002431,0.5,0,0.0,0.0
3160,False,True,False,0.3596752757930366,4.000025676287167,0.5,0,0.0,0.0
3161,False,True,False,0.35601070818320374,4.00002350808225,0.5,0,0.0,0.0
3165,False,True,False,0.3545160372667575,4.0000246890737525,0.5,0,0.0,0.0
3166,False,True,False,0.35713283247151517,4.000026449879975,0.5,0,0.0,0.0
3167,False,True,False,0.35887007526426057,4.00003060132628,0.5,0,0.0,0.0
3168,False,True,False,0.3606371109978671,4.000005458247013,0.5,0,0.0,0.0
3171,False,True,False,0.3610874234324551,4.000002863473665,0.5,0,0.0,0.0
3172,False,True,False,0.352582170083814,4.000004173374302,0.5,0,0.0,0.0
3173,False,True,False,0.3486426352504087,4.000004174033157,0.5,0,0.0,0.0
3174,False,True,False,0.3493089992677366,4.000004723996796,0.5,0,0.0,0.0
3175,False,True,False,0.3508654596578221,4.000005145531088,0.5,0,0.0,0.0
3178,False,True,False,0.3535074630422047,4.000006775554294,0.5,0,0.0,0.0
3179,False,True,False,0.35483308475077757,4.000008606899636,0.5,0,0.0,0.0
3180,False,True,False,0.35731549292154163,4.0000108269237655,0.5,0,0.0,0.0
3181,False,True,False,0.3525320046010581,4.000012185721124,0.5,0,0.0,0.0
3182,False,True,False,0.3564759849156423,4.000008516131832,0.5,0,0.0,0.0
3185,False,True,False,0.34939500916147115,4.000012005077808,0.5,0,0.0,0.0
3186,False,True,False,0.34550849523390387,4.000012223367862,0.5,0,0.0,0.0
3187,False,True,False,0.3471872651498056,4.000014607281261,0.5,0,0.0,0.0
3188,False,True,False,0.34876506100010696,4.000013456160108,0.5,0,0.0,0.0
3189,False,True,False,0.3501636012731756,4.000018805263988,0.5,0,0.0,0.0
3192,False,True,False,0.3525049993772919,4.000015954802359,0.5,0,0.0,0.0
3193,False,True,False,0.35121031071495584,4.000015881188024,0.5,0,0.0,0.0
3194,False,True,False,0.3516994153111736,4.000015394720963,0.5,0,0.0,0.0
3195,False,True,False,0.35124437946955195,4.000019487371046,0.5,0,0.0,0.0
3196,False,True,False,0.35288809510213737,4.000000885722476,0.5,0,0.0,0.0
3199,False,True,False,0.35320035167352154,4.000005582477218,0.5,0,0.0,0.0
3200,False,True,False,0.35198992187637257,4.000003117481376,0.5,0,0.0,0.0
3201,True,True,True,0.361197149163171,3.514838330730839,0.0,0,0.0,0.0
3202,True,True,True,0.356664549731883,3.1910447127704935,0.0,0,0.0,0.0
3203,True,True,True,0.3512311678231656,3.7677579019888485,0.0,0,0.0,0.0
3206,True,True,True,0.3555918499943202,3.83309395256029,0.0,0,0.0,0.0
3207,False,True,False,0.3489908060845542,4.000001611430976,0.5,0,0.0,0.0
3208,False,True,False,0.35095048134709406,4.0000009102763014,0.5,0,0.0,0.0
3209,True,True,True,0.360165339754157,3.673260241354259,0.0,0,0.0,0.0
3210,True,True,True,0.35439016796972345,3.423347522710266,0.0,0,0.0,0.0
3213,True,True,True,0.3505329630318919,3.6889659025045303,0.0,0,0.0,0.0
3214,True,True,True,0.3523614364572101,3.3409136746447334,0.0,0,0.0,0.0
3215,True,True,True,0.3619845839057733,2.643584983931705,0.0,0,0.0,0.0
3216,True,True,True,0.3615660706530256,2.5666050919907533,0.0,0,0.0,0.0
3217,True,True,True,0.36065429895105217,2.7562109673262687,0.0,0,0.0,0.0
3220,True,True,True,0.362101222704671,2.7523955828431417,0.0,0,0.0,0.0
3221,True,True,True,0.3543104734396101,2.8276808882547653,0.0,0,0.0,0.0
3222,True,True,True,0.34039044493273446,2.8856367752352248,0.0,0,0.0,0.0
3223,True,True,True,0.3421519295546808,3.280069478389649,0.0,0,0.0,0.0
3224,True,True,True,0.3390431825421981,2.169716820243253,0.0,0,0.0,0.0
3227,True,True,True,0.3391172055054929,2.398045848180584,0.0,0,0.0,0.0
3228,True,True,True,0.33818650723848453,2.541171112727189,0.0,0,0.0,0.0
3229,True,True,True,0.3350029470609424,3.257644034056178,0.0,0,0.0,0.0
3230,True,True,True,0.33943177338160996,3.396344754566968,0.0,0,0.0,0.0
3231,True,True,True,0.34255385478387584,3.2488138430207134,0.0,0,0.0,0.0
3234,True,True,True,0.3469235065096826,2.989107933832725,0.0,0,0.0,0.0
3235,True,True,True,0.3436070380871149,2.9627885239166707,0.0,0,0.0,0.0
3236,True,True,True,0.34491162659957875,2.654812791959072,0.0,0,0.0,0.0
3237,True,True,True,0.34143354137015286,2.5745303509602278,0.0,0,0.0,0.0
3238,True,True,True,0.33774166079291484,2.8295397701616567,0.0,0,0.0,0.0
3241,True,True,True,0.34217308666240365,2.520790614570009,0.0,0,0.0,0.0
3242,True,True,True,0.3452172815291624,2.104722457683657,0.0,0,0.0,0.0
3243,True,True,True,0.34868417190214557,2.1578964982344226,0.0,0,0.0,0.0
3245,True,True,True,0.3419730029725665,2.1025334247685508,0.0,0,0.0,0.0
3248,True,True,True,0.3367818610592381,1.998365198179417,0.0,0,0.0,0.0
3249,True,True,True,0.33643988955861975,2.368611058936612,0.0,0,0.0,0.0
3250,True,True,True,0.3395198298973642,2.251719290731256,0.0,0,0.0,0.0
3251,True,True,True,0.33890948882639926,2.319801097151292,0.0,0,0.0,0.0
3252,True,True,True,0.33550417875293564,2.6300954251882676,0.0,0,0.0,0.0
3255,True,True,True,0.33493148007839996,3.0159783288884614,0.0,0,0.0,0.0
3256,True,True,True,0.3404804102893894,2.337470514693896,0.0,0,0.0,0.0
3258,True,True,True,0.32177744233149114,2.2811186178394904,0.0,0,0.0,0.0
3259,True,True,True,0.33313737004388866,1.5585872041454827,0.0,0,0.0,0.0
3262,True,True,True,0.33124300110160493,1.6536032120769872,0.0,0,0.0,0.0
3263,True,True,True,0.32972094960256954,1.5746048559867276,0.0,0,0.0,0.0
3264,True,True,True,0.33107247477015517,1.6163909390900408,0.0,0,0.0,0.0
3265,True,True,True,0.33612449503855146,1.5423933082484822,0.0,0,0.0,0.0
3266,True,True,True,0.33596157847806796,1.3472871768314063,0.0,0,0.0,0.0
3269,True,True,True,0.3352176525106178,1.1549432526827372,0.0,0,0.0,0.0
3270,True,True,True,0.3431594045619092,0.9870277192027156,0.0,0,0.0,0.0
3271,True,True,True,0.3466317183751447,1.1449510234305973,0.0,0,0.0,0.0
3272,True,True,True,0.34961632166691714,1.0614816447173037,0.0,0,0.0,0.0
3273,True,True,True,0.35820973921356364,1.0964222889192947,0.0,0,0.0,0.0
3276,True,True,True,0.3555790908171314,0.8838321723011506,0.0,0,0.0,0.0
3278,True,True,True,0.3296777689267254,0.8716334871204439,0.0,0,0.0,0.0
3279,True,True,True,0.40088284661221046,1.008636001432047,0.0,0,0.0,0.0
3280,True,True,True,0.39483409143072046,1.0742573612893778,0.0,0,0.0,0.0
3283,True,True,True,0.3922421552322686,1.1545923655450467,0.0,0,0.0,0.0
3285,True,True,True,0.39549066733632604,1.1201237999265623,0.0,0,0.0,0.0
3286,True,True,True,0.3788120325388534,0.9002837768949687,0.0,0,0.0,0.0
3287,True,True,True,0.3875204714058877,0.9700384569296904,0.0,0,0.0,0.0
3290,True,True,True,0.3787585479765107,1.0171367508004505,0.0,0,0.0,0.0
3291,True,True,True,0.3760930010789988,1.2252784597414237,0.0,0,0.0,0.0
3292,True,True,True,0.3735577522036919,1.362814730584474,0.0,0,0.0,0.0
3293,True,True,True,0.38659103159204183,1.494364185614357,0.0,0,0.0,0.0
3294,True,True,True,0.3905299125467188,1.6564514388689904,0.0,0,0.0,0.0
3297,True,True,True,0.3908391104672055,1.7014130289864,0.0,0,0.0,0.0
3298,True,True,True,0.4010480221096185,1.735125670738819,0.0,0,0.0,0.0
3299,True,True,True,0.40566373488865726,1.8976151652286988,0.0,0,0.0,0.0
3300,True,True,True,0.41467909414147164,1.88729622489957,0.0,0,0.0,0.0
3301,True,True,True,0.41610724362352913,1.8701533638175352,0.0,0,0.0,0.0
3305,True,True,True,0.4103317372866877,1.7248013132749476,0.0,0,0.0,0.0
3306,True,True,True,0.40669431498221353,1.874988347437159,0.0,0,0.0,0.0
3307,True,True,True,0.4048346524726081,2.165282530951568,0.0,0,0.0,0.0
3308,True,True,True,0.410080202508281,1.8041165449380403,0.0,0,0.0,0.0
3311,True,True,True,0.3970046239353115,1.9094744642389179,0.0,0,0.0,0.0
3312,True,True,True,0.3918893448582274,1.8443200873883272,0.0,0,0.0,0.0
3313,True,True,True,0.39517477661499406,1.9085172065042135,0.0,0,0.0,0.0
3314,True,True,True,0.38885674933603004,1.8877347685357346,0.0,0,0.0,0.0
3315,True,True,True,0.3845792277751973,1.7485787328481814,0.0,0,0.0,0.0
3318,True,True,True,0.3886826385565077,1.6453548571019965,0.0,0,0.0,0.0
3319,True,True,True,0.3972330888357797,1.638116517324954,0.0,0,0.0,0.0
3320,True,True,True,0.39041651167808394,1.7651646615811596,0.0,0,0.0,0.0
3321,True,True,True,0.3859341717092966,1.7485332700756953,0.0,0,0.0,0.0
3322,True,True,True,0.38479125432581257,1.6756515281620143,0.0,0,0.0,0.0
3325,True,True,True,0.37909982545384324,1.7747959359861565,0.0,0,0.0,0.0
3326,True,True,True,0.3857274370861439,1.7586275142099457,0.0,0,0.0,0.0
3327,True,True,True,0.3849039769824005,2.036387960276747,0.0,0,0.0,0.0
3328,True,True,True,0.3891177299940041,1.9874033041627137,0.0,0,0.0,0.0
3329,True,True,True,0.3879404839424738,2.2883663672447723,0.0,0,0.0,0.0
3333,True,True,True,0.3875675466752472,2.5010769746604944,0.0,0,0.0,0.0
3334,True,True,True,0.3897253132907007,2.5830480469481265,0.0,0,0.0,0.0
3335,True,True,True,0.3901949225519925,2.501085391961805,0.0,0,0.0,0.0
3336,True,True,True,0.3925271688678493,2.4264539611343747,0.0,0,0.0,0.0
3339,True,True,True,0.396449883408712,2.6166295904100982,0.0,0,0.0,0.0
3340,True,True,True,0.3955259267782629,2.700852049688176,0.0,0,0.0,0.0
3341,True,True,True,0.38753934563175707,2.744140305414907,0.0,0,0.0,0.0
3342,True,True,True,0.38849691267681014,3.1006507819354914,0.0,0,0.0,0.0
3343,True,True,True,0.39047301840159465,2.437040734044616,0.0,0,0.0,0.0
3346,True,True,True,0.387115966320119,2.4474070527631535,0.0,0,0.0,0.0
3347,True,True,True,0.38683564203880955,2.501478864771444,0.0,0,0.0,0.0
3348,True,True,True,0.38810811064922884,2.3970757470820647,0.0,0,0.0,0.0
3349,True,True,True,0.38266740765133,2.0365011307959624,0.0,0,0.0,0.0
3350,True,True,True,0.3817241249311165,1.8895568103194886,0.0,0,0.0,0.0
3353,True,True,True,0.3803636917202435,2.0493369539960877,0.0,0,0.0,0.0
3354,True,True,True,0.37681141571661086,2.1224951342642178,0.0,0,0.0,0.0
3355,True,True,True,0.37643780579936476,2.207056432322227,0.0,0,0.0,0.0
3356,True,True,True,0.3776908884996222,2.161439147137865,0.0,0,0.0,0.0
3357,True,True,True,0.37577812410454925,2.383325806341398,0.0,0,0.0,0.0
3360,True,True,True,0.3746378693533712,2.600622700562408,0.0,0,0.0,0.0
3361,True,True,True,0.37197397336843757,2.4796443618496906,0.0,0,0.0,0.0
3362,True,True,True,0.37629799859991137,2.6314067614462697,0.0,0,0.0,0.0
3363,True,True,True,0.3790763729635929,2.64582541315795,0.0,0,0.0,0.0
3364,True,True,True,0.3732232772465863,2.5796762739273085,0.0,0,0.0,0.0
3367,True,True,True,0.3739052833135603,2.52654113977549,0.0,0,0.0,0.0
3368,True,True,True,0.3680178076112405,2.7232595890511253,0.0,0,0.0,0.0
3369,True,True,True,0.3750005748279806,2.6596004356321807,0.0,0,0.0,0.0
3370,True,True,True,0.37869000475221737,2.8240418452428067,0.0,0,0.0,0.0
3371,True,True,True,0.37336376775422536,3.0328748341774676,0.0,0,0.0,0.0
3374,True,True,True,0.37765597099110226,3.4889338228680744,0.0,0,0.0,0.0
3375,True,True,True,0.38535358353249793,3.44725107550258,0.0,0,0.0,0.0
3376,True,True,True,0.38109164495465253,3.8131863228330496,0.0,0,0.0,0.0
3377,True,True,True,0.3799656498376193,3.8634106483061337,0.0,0,0.0,0.0
3378,True,True,True,0.3802324725848749,3.15940840076212,0.0,0,0.0,0.0
3381,True,True,True,0.37796161246742643,3.2521060375661297,0.0,0,0.0,0.0
3382,True,True,True,0.3791383490952157,3.2288048994620704,0.0,0,0.0,0.0
3383,True,True,True,0.377348877784359,3.227941593458527,0.0,0,0.0,0.0
3384,True,True,True,0.37940115873615304,2.9875908357793666,0.0,0,0.0,0.0
3385,True,True,True,0.37882030860636573,3.071378055670439,0.0,0,0.0,0.0
3388,True,True,True,0.3819439915778977,3.00581165317598,0.0,0,0.0,0.0
3389,True,True,True,0.3809545011566891,3.1241472069226677,0.0,0,0.0,0.0
3390,True,True,True,0.3802053274010161,3.133650624418148,0.0,0,0.0,0.0
3391,True,True,True,0.3804642756835653,3.3255186753647283,0.0,0,0.0,0.0
3395,True,True,True,0.38125454603044007,3.815564101973974,0.0,0,0.0,0.0
3396,False,True,False,0.38504284189023946,4.00000277255336,0.5,0,0.0,0.0
3397,False,True,False,0.3841572495559111,4.000000507640042,0.5,0,0.0,0.0
3398,False,True,False,0.3824279247934803,4.000004430469352,0.5,0,0.0,0.0
3399,False,True,False,0.38541697459147956,4.000009800856372,0.5,0,0.0,0.0
3402,False,True,False,0.38911167732981333,4.000013175284487,0.5,0,0.0,0.0
3403,False,True,False,0.38843365626686144,4.000016415107796,0.5,0,0.0,0.0
3404,False,True,False,0.3865211163053855,4.000011106891455,0.5,0,0.0,0.0
3405,False,True,False,0.379071493971793,4.00001284229356,0.5,0,0.0,0.0
3406,True,True,True,0.3804519311726792,3.2515756721668856,0.0,0,0.0,0.0
3409,True,True,True,0.38268193211416385,3.187329842884737,0.0,0,0.0,0.0
3410,True,True,True,0.3737887751035917,2.694125775866181,0.0,0,0.0,0.0
3411,True,True,True,0.37096809295063843,2.9166430759288673,0.0,0,0.0,0.0
3412,True,True,True,0.35594267631597226,2.6535263000079023,0.0,0,0.0,0.0
3413,True,True,True,0.35971767348084055,2.861808359620694,0.0,0,0.0,0.0
3416,True,True,True,0.3462034533143696,2.1914569769247914,0.0,0,0.0,0.0
3417,True,True,True,0.347539995614974,2.3991726846661696,0.0,0,0.0,0.0
3418,True,True,True,0.3510051968869983,2.5279539243108107,0.0,0,0.0,0.0
3419,True,True,True,0.3468376379231542,2.7427236884401425,0.0,0,0.0,0.0
3420,True,True,True,0.34742092369653266,2.701168556936025,0.0,0,0.0,0.0
3423,True,True,True,0.34630672726938294,2.3918149276035137,0.0,0,0.0,0.0
3424,True,True,True,0.34686289422750144,2.6352650531701443,0.0,0,0.0,0.0
3425,True,True,True,0.3427541580116884,2.767773983325791,0.0,0,0.0,0.0
3426,True,True,True,0.33918139007194453,2.204362788075278,0.0,0,0.0,0.0
3427,True,True,True,0.33973499793138195,2.3007180288771187,0.0,0,0.0,0.0
3431,True,True,True,0.33407148126710934,2.1400216698043923,0.0,0,0.0,0.0
3432,True,True,True,0.3272911025020161,1.783538718188195,0.0,0,0.0,0.0
3433,True,True,True,0.3304478391782102,2.0116977301598196,0.0,0,0.0,0.0
3434,True,True,True,0.323570599643164,1.6677816772476206,0.0,0,0.0,0.0
3437,True,True,True,0.32370754457428974,1.6889170913481624,0.0,0,0.0,0.0
3438,True,True,True,0.32796933894735525,2.122924005900733,0.0,0,0.0,0.0
3439,True,True,True,0.3267666930481239,2.428273662123781,0.0,0,0.0,0.0
3440,True,True,True,0.33262131216482144,2.6358601979316703,0.0,0,0.0,0.0
3441,True,True,True,0.33719058629451076,2.326274421412411,0.0,0,0.0,0.0
3444,True,True,True,0.33931175649885315,2.4240110934378163,0.0,0,0.0,0.0
3445,True,True,True,0.3397667812100544,2.475399897255367,0.0,0,0.0,0.0
3446,True,True,True,0.33905666727277745,2.514208277648563,0.0,0,0.0,0.0
3447,True,True,True,0.33340667371666993,2.6053950654188145,0.0,0,0.0,0.0
3448,True,True,True,0.3321186719768513,2.5071363383880625,0.0,0,0.0,0.0
3451,True,True,True,0.336038863446587,2.5646652950964413,0.0,0,0.0,0.0
3452,True,True,True,0.33959853841782905,2.8147781205159714,0.0,0,0.0,0.0
3453,True,True,True,0.3448726552903762,2.8486036248812345,0.0,0,0.0,0.0
3454,True,True,True,0.3412314558128799,3.077921134598948,0.0,0,0.0,0.0
3455,True,True,True,0.3405972006496825,3.0290994890907306,0.0,0,0.0,0.0
3458,True,True,True,0.33979959024400247,3.2506668478869516,0.0,0,0.0,0.0
3459,True,True,True,0.33689996408116174,3.097137879971088,0.0,0,0.0,0.0
3460,True,True,True,0.33630581694272776,3.196801957601549,0.0,0,0.0,0.0
3461,True,True,True,0.33442005761282717,3.3858782828316207,0.0,0,0.0,0.0
3462,True,True,True,0.33055662605846714,3.5695629028413087,0.0,0,0.0,0.0
3465,False,True,False,0.3313332285961847,4.000007359523676,0.5,0,0.0,0.0
3466,False,True,False,0.3314344130778796,4.000028056974427,0.5,0,0.0,0.0
3467,False,True,False,0.3263349528671071,4.000026881376262,0.5,0,0.0,0.0
3469,True,True,True,0.3229589627211889,3.5413773450924855,0.0,0,0.0,0.0
3472,True,True,True,0.32317417989663166,3.6764474716517275,0.0,0,0.0,0.0
3473,True,True,True,0.32355387426458054,3.95777074777282,0.0,0,0.0,0.0
3474,True,True,True,0.3249646114678585,3.9940740055957886,0.0,0,0.0,0.0
3475,False,True,False,0.3302816256991204,4.000003044093055,0.5,0,0.0,0.0
3476,False,True,False,0.3304083505106243,4.000003039366142,0.5,0,0.0,0.0
3479,False,True,False,0.33348879162087125,4.000006642253641,0.5,0,0.0,0.0
3480,False,True,False,0.3369783107121629,4.000004902250768,0.5,0,0.0,0.0
3481,True,True,True,0.3345772796162484,3.9243185342622406,0.0,0,0.0,0.0
3482,True,True,True,0.3302554857138702,3.9004986670491917,0.0,0,0.0,0.0
3483,True,True,True,0.32928339454591365,3.4479473901117945,0.0,0,0.0,0.0
3486,True,True,True,0.32503966664873235,3.9042487522959224,0.0,0,0.0,0.0
3487,False,True,False,0.3274876324369895,4.000001903642883,0.5,0,0.0,0.0
3488,False,True,False,0.3283940571404263,4.000003503932583,0.5,0,0.0,0.0
3489,False,True,False,0.33028951181089894,4.000001530236191,0.5,0,0.0,0.0
3490,False,True,False,0.3333769083800017,4.000011335990307,0.5,0,0.0,0.0
3493,False,True,False,0.33509015471970427,4.000016092311307,0.5,0,0.0,0.0
3494,False,True,False,0.3361088694546296,4.000009580344612,0.5,0,0.0,0.0
3495,False,True,False,0.3349033814981366,4.000006281702103,0.5,0,0.0,0.0
3496,True,True,True,0.329152560555333,3.8409908712646446,0.0,0,0.0,0.0
3497,True,True,True,0.32318530679996105,2.3536485883729377,0.0,0,0.0,0.0
3500,True,True,True,0.3146422829420515,1.4582041305830955,0.0,0,0.0,0.0
3501,True,True,True,0.30623168125673017,1.8202569407077953,0.0,0,0.0,0.0
3502,True,True,True,0.3090026679644338,1.8628232322765106,0.0,0,0.0,0.0
3503,True,True,True,0.3125088985981593,2.4025546492306864,0.0,0,0.0,0.0
3504,True,True,True,0.31341136648979073,2.291550515313771,0.0,0,0.0,0.0
3507,True,True,True,0.31448156674726646,1.9713114330184847,0.0,0,0.0,0.0
3508,True,True,True,0.31616343792288076,2.541115708031802,0.0,0,0.0,0.0
3509,True,True,True,0.3113163676875407,1.565344403213547,0.0,0,0.0,0.0
3510,True,True,True,0.311641783264759,1.6319963754686753,0.0,0,0.0,0.0
3511,True,True,True,0.31232571624775546,1.8542475372001457,0.0,0,0.0,0.0
3514,True,True,True,0.3151826020099599,2.1559725903491063,0.0,0,0.0,0.0
3515,True,True,True,0.31493553736949953,1.9713502971124808,0.0,0,0.0,0.0
3516,True,True,True,0.3214780186319392,2.0849984548476277,0.0,0,0.0,0.0
3517,True,True,True,0.32656063498730764,2.2423782703540387,0.0,0,0.0,0.0
3518,True,True,True,0.3253400227767056,1.5959681518079267,0.0,0,0.0,0.0
3521,True,True,True,0.324119660433675,1.7884423621210555,0.0,0,0.0,0.0
3522,True,True,True,0.33008010591747217,1.7221578319407063,0.0,0,0.0,0.0
3523,True,True,True,0.3391473094169669,1.933536062114261,0.0,0,0.0,0.0
3524,True,True,True,0.34278030341913335,2.261557805205733,0.0,0,0.0,0.0
3525,True,True,True,0.34141422992952897,2.3372691430049057,0.0,0,0.0,0.0
3529,True,True,True,0.34760969448766915,2.2335854520041045,0.0,0,0.0,0.0
3530,True,True,True,0.34974183379416107,2.410459827155718,0.0,0,0.0,0.0
3531,True,True,True,0.3512436101696138,2.8330932228023054,0.0,0,0.0,0.0
3532,True,True,True,0.3491907724456913,2.335037126084257,0.0,0,0.0,0.0
3535,True,True,True,0.34703217487626487,2.4580539293915034,0.0,0,0.0,0.0
3536,True,True,True,0.3431795348875556,2.3645131249281373,0.0,0,0.0,0.0
3537,True,True,True,0.34230794602480075,2.358187484637283,0.0,0,0.0,0.0
3538,True,True,True,0.3447385475317143,2.522135567292736,0.0,0,0.0,0.0
3539,True,True,True,0.34555561702136756,2.4473985392410866,0.0,0,0.0,0.0
3542,True,True,True,0.3476952935644149,2.3778217520343845,0.0,0,0.0,0.0
3543,True,True,True,0.35016789061002235,2.3464036870498792,0.0,0,0.0,0.0
3544,True,True,True,0.35359142809828237,2.1819380125782875,0.0,0,0.0,0.0
3545,True,True,True,0.35066167905846773,2.2019285070751113,0.0,0,0.0,0.0
3546,True,True,True,0.35594383750766484,2.205500194191837,0.0,0,0.0,0.0
3549,True,True,True,0.3528012384153298,2.336150129123738,0.0,0,0.0,0.0
3550,True,True,True,0.35572582250043877,2.0577620758182342,0.0,0,0.0,0.0
3551,True,True,True,0.36427004274978614,2.1163194864796377,0.0,0,0.0,0.0
3552,True,True,True,0.3613319375117495,2.065544530514262,0.0,0,0.0,0.0
3553,True,True,True,0.3608135473553418,1.9827103584426338,0.0,0,0.0,0.0
3556,True,True,True,0.35700737081112943,2.146828374324459,0.0,0,0.0,0.0
3557,True,True,True,0.35677033060560753,1.8614787213875554,0.0,0,0.0,0.0
3558,True,True,True,0.3569594501278088,1.5064284289648404,0.0,0,0.0,0.0
3559,True,True,True,0.36297266952833235,1.5678631849953104,0.0,0,0.0,0.0
3560,True,True,True,0.3602938711926095,1.5432772544731048,0.0,0,0.0,0.0
3563,True,True,True,0.3605311676851792,1.5275205425865808,0.0,0,0.0,0.0
3564,True,True,True,0.35859390328588375,1.4729637449579749,0.0,0,0.0,0.0
3565,True,True,True,0.35729530868629544,1.5313616455121468,0.0,0,0.0,0.0
3566,True,True,True,0.3571814911860811,1.4983538231387334,0.0,0,0.0,0.0
3567,True,True,True,0.3565618218722235,1.6546540672438963,0.0,0,0.0,0.0
3570,True,True,True,0.35158589181255673,1.6692783652249754,0.0,0,0.0,0.0
3571,True,True,True,0.35725588460026103,1.8275399480859509,0.0,0,0.0,0.0
3572,True,True,True,0.36238816382296624,1.8374224373909396,0.0,0,0.0,0.0
3573,True,True,True,0.3587642897144932,1.8770092264253284,0.0,0,0.0,0.0
3574,True,True,True,0.36602842739823493,1.869238066227224,0.0,0,0.0,0.0
3577,True,True,True,0.3637294910748073,1.9683202147426706,0.0,0,0.0,0.0
3578,True,True,True,0.36714424035048315,1.8487694157667556,0.0,0,0.0,0.0
3579,True,True,True,0.359070224942026,1.9221781053148528,0.0,0,0.0,0.0
3580,True,True,True,0.35648593957965985,1.9932123625756122,0.0,0,0.0,0.0
3581,True,True,True,0.35594716989693526,2.1256705484573146,0.0,0,0.0,0.0
3584,True,True,True,0.36000906142486777,2.5116555946360783,0.0,0,0.0,0.0
3585,True,True,True,0.36193686419102217,2.573890375187654,0.0,0,0.0,0.0
3586,True,True,True,0.3610349946418267,2.531842719475186,0.0,0,0.0,0.0
3587,True,True,True,0.35410088896978553,2.3725690117093396,0.0,0,0.0,0.0
3588,True,True,True,0.3556987338275608,1.8440051874258017,0.0,0,0.0,0.0
3591,True,True,True,0.3517376378767122,1.941179693266235,0.0,0,0.0,0.0
3592,True,True,True,0.3561955296890121,2.0339748050127433,0.0,0,0.0,0.0
3593,True,True,True,0.3562998408223926,2.0272327195661943,0.0,0,0.0,0.0
3594,True,True,True,0.3552406423716125,2.0175047472872425,0.0,0,0.0,0.0
3595,True,True,True,0.3526251586213766,1.9924459149058324,0.0,0,0.0,0.0
3598,True,True,True,0.35311274089987854,1.9969614545748695,0.0,0,0.0,0.0
3599,True,True,True,0.35037875689425124,1.9463369440031846,0.0,0,0.0,0.0
3600,True,True,True,0.3477997721760523,1.9889525312103424,0.0,0,0.0,0.0
3601,True,True,True,0.34850971227513966,2.0415814789174376,0.0,0,0.0,0.0
3602,True,True,True,0.3528056010646584,2.1573178126110966,0.0,0,0.0,0.0
3605,True,True,True,0.34456089892516867,2.2166944436310994,0.0,0,0.0,0.0
3606,True,True,True,0.35121952724219757,2.19990014238181,0.0,0,0.0,0.0
3607,True,True,True,0.35130372047527436,2.3359277672996277,0.0,0,0.0,0.0
3608,True,True,True,0.3488779657079187,2.3100783468102777,0.0,0,0.0,0.0
3609,True,True,True,0.34617519375592437,2.309591143922172,0.0,0,0.0,0.0
3612,True,True,True,0.34213108089985833,2.5432201666804626,0.0,0,0.0,0.0
3613,True,True,True,0.3440353075508327,2.5740614013843848,0.0,0,0.0,0.0
3614,True,True,True,0.3424447498724881,2.596556826116151,0.0,0,0.0,0.0
3616,True,True,True,0.3430658203428433,2.6139097732542615,0.0,0,0.0,0.0
3619,True,True,True,0.34670121099013707,2.1057510687099166,0.0,0,0.0,0.0
3620,True,True,True,0.34024950030453577,1.9215188993480103,0.0,0,0.0,0.0
3621,True,True,True,0.3424504269154494,1.9166533711618698,0.0,0,0.0,0.0
3622,True,True,True,0.344486119857233,2.012147216142892,0.0,0,0.0,0.0
3623,True,True,True,0.34307276463041936,1.8846418009913752,0.0,0,0.0,0.0
3626,True,True,True,0.34839107981377915,1.9418408011339343,0.0,0,0.0,0.0
3627,True,True,True,0.3450364213353135,1.8668501877586214,0.0,0,0.0,0.0
3628,True,True,True,0.345461222056085,1.8876759209385494,0.0,0,0.0,0.0
3629,True,True,True,0.34014913262768715,1.9552348515202966,0.0,0,0.0,0.0
3630,True,True,True,0.33835425198362984,2.036591887744471,0.0,0,0.0,0.0
3633,True,True,True,0.3386760730173884,2.263173363175546,0.0,0,0.0,0.0
3634,True,True,True,0.3451988967650527,2.230480804564888,0.0,0,0.0,0.0
3635,True,True,True,0.34115089473131954,2.1555604976538976,0.0,0,0.0,0.0
3636,True,True,True,0.34315490539652993,2.148907275542048,0.0,0,0.0,0.0
3637,True,True,True,0.33712925076730627,2.263639352557187,0.0,0,0.0,0.0
3640,True,True,True,0.4033089578271964,2.640096727619748,0.0,0,0.0,0.0
3641,True,True,True,0.4048925312672001,2.3575781337343025,0.0,0,0.0,0.0
3643,True,True,True,0.4068795888611927,2.356994033482127,0.0,0,0.0,0.0
3644,True,True,True,0.4030142755170218,2.4305978036284954,0.0,0,0.0,0.0
3647,True,True,True,0.39435749513534146,2.5961502158346375,0.0,0,0.0,0.0
3648,True,True,True,0.392974973386584,2.735247607706579,0.0,0,0.0,0.0
3650,True,True,True,0.39468794656326467,2.7585154386079562,0.0,0,0.0,0.0
3651,True,True,True,0.3876621444453632,2.1138092965443542,0.0,0,0.0,0.0
3654,True,True,True,0.38379542941688943,2.244597202961163,0.0,0,0.0,0.0
3655,True,True,True,0.37909677581435014,2.2551150138063245,0.0,0,0.0,0.0
3656,True,True,True,0.3833842828783412,2.3417652168744767,0.0,0,0.0,0.0
3657,True,True,True,0.3809957415699884,2.440515109052517,0.0,0,0.0,0.0
3658,True,True,True,0.3813404878230217,2.250666392489029,0.0,0,0.0,0.0
3661,True,True,True,0.3831173568886115,2.4492271489367385,0.0,0,0.0,0.0
3662,True,True,True,0.3817528088141453,2.4154522401797953,0.0,0,0.0,0.0
3663,True,True,True,0.37518481673678805,2.500066821439264,0.0,0,0.0,0.0
3664,True,True,True,0.3768758770881749,2.3721303205452213,0.0,0,0.0,0.0
3665,True,True,True,0.37121286366603334,2.31485365466299,0.0,0,0.0,0.0
3669,True,True,True,0.36482085749988746,2.3438855824788765,0.0,0,0.0,0.0
3670,True,True,True,0.3608701458620895,2.275631927032509,0.0,0,0.0,0.0
3671,True,True,True,0.35259439405981824,2.4766277358074382,0.0,0,0.0,0.0
3672,True,True,True,0.3527195159352553,2.5348879627720136,0.0,0,0.0,0.0
3675,True,True,True,0.3424480267300106,2.535658417558972,0.0,0,0.0,0.0
3676,True,True,True,0.3440095540918503,3.0112329085083354,0.0,0,0.0,0.0
3677,True,True,True,0.34543923051623265,3.0638872091266474,0.0,0,0.0,0.0
3678,True,True,True,0.34711936999073717,3.481510558557947,0.0,0,0.0,0.0
3679,True,True,True,0.3375576299638489,3.2176497698673474,0.0,0,0.0,0.0
3682,True,True,True,0.33578766413389777,3.416488985371608,0.0,0,0.0,0.0
3683,True,True,True,0.33896704835481906,3.751992158583348,0.0,0,0.0,0.0
3684,False,True,False,0.3358195676218974,4.000001410784887,0.5,0,0.0,0.0
3685,False,True,False,0.3399592114546757,4.000019531772741,0.5,0,0.0,0.0
3686,True,True,True,0.33921872778272855,2.6305901710595183,0.0,0,0.0,0.0
3689,True,True,True,0.3393279859836078,2.907661641673895,0.0,0,0.0,0.0
3690,True,True,True,0.3384628270308844,2.9150236617719933,0.0,0,0.0,0.0
3691,True,True,True,0.3405110378478707,3.06913485057661,0.0,0,0.0,0.0
3692,True,True,True,0.34506682988532444,3.1297310337735693,0.0,0,0.0,0.0
3693,True,True,True,0.34772741216355146,3.124813416303601,0.0,0,0.0,0.0
3697,True,True,True,0.3503945907888642,3.2615221959220255,0.0,0,0.0,0.0
3698,True,True,True,0.35867424527596903,3.4683794354274027,0.0,0,0.0,0.0
3699,True,True,True,0.3613443729550989,3.179572339122646,0.0,0,0.0,0.0
3700,True,True,True,0.3521734876709563,2.9329490477635947,0.0,0,0.0,0.0
3703,True,True,True,0.3415476148253177,2.469221289647667,0.0,0,0.0,0.0
3704,True,True,True,0.33175432991506715,1.8563894267846592,0.0,0,0.0,0.0
3705,True,True,True,0.3315261868174044,1.6168939838186922,0.0,0,0.0,0.0
3706,True,True,True,0.3482923579508322,1.0572934766971305,0.0,0,0.0,0.0
3707,True,True,True,0.33936516615463974,1.8002031887664072,0.0,0,0.0,0.0
3710,True,True,True,0.3444969986455773,2.1828695558250732,0.0,0,0.0,0.0
3711,True,True,True,0.3466582098843932,2.1343889992054805,0.0,0,0.0,0.0
3712,True,True,True,0.360454437284693,2.449860186401846,0.0,0,0.0,0.0
3713,True,True,True,0.3932629726004197,2.598032027736367,0.0,0,0.0,0.0
3714,True,True,True,0.4384627415462585,1.4568977181932279,0.0,0,0.0,0.0
3717,True,True,True,0.4906381184734553,0.9533679772393947,0.0,0,0.0,0.0
3718,True,True,True,0.44227700851144774,1.538934556310121,0.0,0,0.0,0.0
3719,True,True,True,0.4909069517616413,1.2820414528683532,0.0,0,0.0,0.0
3720,True,True,True,0.538913618390757,0.909461673745351,0.0,0,0.0,0.0
3721,True,True,True,0.5416169921260545,2.358039321446151,0.0,0,0.0,0.0
3724,True,True,True,0.6969336569669871,1.1267194106975376,0.0,0,0.0,0.0
3725,True,True,True,0.7840296186861633,1.4672206265554097,0.0,0,0.0,0.0
3726,True,True,True,0.8153003089905779,1.620765857457076,0.0,0,0.0,0.0
3727,True,True,True,0.7997904382934136,1.7179759869167621,0.0,0,0.0,0.0
3728,True,True,True,0.6890352911794304,1.6796916542824882,0.0,0,0.0,0.0
3731,True,True,True,0.6465864667289827,1.651923325323789,0.0,0,0.0,0.0
3732,True,True,True,0.5287601774967943,2.210200762963423,0.0,0,0.0,0.0
3733,True,True,True,0.5139431301996603,1.8519870513749936,0.0,0,0.0,0.0
3734,True,True,True,0.48727765357189495,1.9112160928444002,0.0,0,0.0,0.0
3735,True,True,True,0.5363299362346886,1.7138385790221093,0.0,0,0.0,0.0
3738,True,True,True,0.5221967855336459,1.8967812335776837,0.0,0,0.0,0.0
3739,True,True,True,0.506274533259566,1.5823931029206002,0.0,0,0.0,0.0
3740,True,True,True,0.5634864023894072,1.2403786143072975,0.0,0,0.0,0.0
3741,True,True,True,0.5430879953010417,1.1825641962305504,0.0,0,0.0,0.0
3742,True,True,True,0.5116880982583538,0.9051201802479226,0.0,0,0.0,0.0
3745,True,True,True,0.5395992598862932,1.4693377533491436,0.0,0,0.0,0.0
3746,True,True,True,0.5251840944988543,1.4061143665219324,0.0,0,0.0,0.0
3747,True,True,True,0.5179772029473003,1.4899174894073113,0.0,0,0.0,0.0
3748,True,True,True,0.5213665075242433,1.4265078197711054,0.0,0,0.0,0.0
3752,True,True,True,0.52161078437751,1.240112248667287,0.0,0,0.0,0.0
3753,True,True,True,0.5351052966220033,1.3503155846524244,0.0,0,0.0,0.0
3754,True,True,True,0.5302673376049468,1.2179266487657285,0.0,0,0.0,0.0
3755,True,True,True,0.5297321931580653,1.1941445207031454,0.0,0,0.0,0.0
3756,True,True,True,0.5230446464633285,1.3924973151506483,0.0,0,0.0,0.0
3759,True,True,True,0.539528187649503,1.202253262390649,0.0,0,0.0,0.0
3760,True,True,True,0.5670604863668407,1.1542935327433705,0.0,0,0.0,0.0
3761,True,True,True,0.5629783139802653,1.2609845928894117,0.0,0,0.0,0.0
3762,True,True,True,0.5676927865748744,1.2341999870953286,0.0,0,0.0,0.0
3763,True,True,True,0.559869554588678,1.3762530626013723,0.0,0,0.0,0.0
3766,True,True,True,0.5582967886050823,1.586350687711948,0.0,0,0.0,0.0
3767,True,True,True,0.556136826802099,1.6282199481945836,0.0,0,0.0,0.0
3768,True,True,True,0.5433525653624012,1.8612849680079808,0.0,0,0.0,0.0
3769,True,True,True,0.5464801971637875,1.770135275822179,0.0,0,0.0,0.0
3770,True,True,True,0.5573424717375585,1.3281990851340109,0.0,0,0.0,0.0
3773,True,True,True,0.5594038275220927,1.3439156749520917,0.0,0,0.0,0.0
3774,True,True,True,0.5569264542994518,1.336215347421067,0.0,0,0.0,0.0
3775,True,True,True,0.5556761864486915,1.265487953980565,0.0,0,0.0,0.0
3776,True,True,True,0.5488065293447391,1.424874611579779,0.0,0,0.0,0.0
3777,True,True,True,0.5537183746404808,1.665229740443295,0.0,0,0.0,0.0
3780,True,True,True,0.5516342810525541,1.7636140836512766,0.0,0,0.0,0.0
3781,True,True,True,0.5526035915187252,1.600261799022834,0.0,0,0.0,0.0
3782,True,True,True,0.5712921424840076,1.5016166755483131,0.0,0,0.0,0.0
3783,True,True,True,0.582261228508514,1.676859986733868,0.0,0,0.0,0.0
3784,True,True,True,0.596446214862163,1.6859171077639574,0.0,0,0.0,0.0
3787,True,True,True,0.5776847878252652,2.188796961552811,0.0,0,0.0,0.0
3788,True,True,True,0.5779304494262012,1.97596034974565,0.0,0,0.0,0.0
3789,True,True,True,0.5661136646129452,2.133027404552737,0.0,0,0.0,0.0
3790,True,True,True,0.5765087913447162,1.8061670630576383,0.0,0,0.0,0.0
3791,True,True,True,0.5721058760567722,1.9130776163152379,0.0,0,0.0,0.0
3795,True,True,True,0.5546611666265651,2.102827427494903,0.0,0,0.0,0.0
3796,True,True,True,0.5404082053603858,2.3089522138812177,0.0,0,0.0,0.0
3797,True,True,True,0.5455194073042057,2.5658242158015843,0.0,0,0.0,0.0
3798,True,True,True,0.5491975208094424,2.4548940686540917,0.0,0,0.0,0.0
3801,True,True,True,0.5330436238759727,2.478842798383826,0.0,0,0.0,0.0
3802,True,True,True,0.5309435903355539,2.54124281430631,0.0,0,0.0,0.0
3803,True,True,True,0.5474508311197231,2.476812175812496,0.0,0,0.0,0.0
3804,True,True,True,0.5384502209717013,2.258919776927929,0.0,0,0.0,0.0
3805,True,True,True,0.5256699756262744,2.4317304289896744,0.0,0,0.0,0.0
3808,True,True,True,0.5295714693044071,2.502129960806915,0.0,0,0.0,0.0
3809,True,True,True,0.5440775569940983,2.3404436570171043,0.0,0,0.0,0.0
3810,True,True,True,0.523316321650181,2.454747155197795,0.0,0,0.0,0.0
3811,True,True,True,0.5598668758631501,1.8101893932470554,0.0,0,0.0,0.0
3812,True,True,True,0.5640894351105205,2.0190765562614015,0.0,0,0.0,0.0
3815,True,True,True,0.5700756345668287,2.2148107953016996,0.0,0,0.0,0.0
3816,True,True,True,0.5888184512769052,2.355819669062605,0.0,0,0.0,0.0
3817,True,True,True,0.5844974901290136,2.2874874117245265,0.0,0,0.0,0.0
3818,True,True,True,0.5898462375688068,2.021586888599395,0.0,0,0.0,0.0
3819,True,True,True,0.6207988993184598,1.6752987740233773,0.0,0,0.0,0.0
3822,True,True,True,0.5859858041837492,1.9389421465355763,0.0,0,0.0,0.0
3823,True,True,True,0.5849495969171636,1.8235912836680686,0.0,0,0.0,0.0
3824,True,True,True,0.5824189265470242,1.458487072265752,0.0,0,0.0,0.0
3825,True,True,True,0.5741520767108997,1.4704451539247994,0.0,0,0.0,0.0
3826,True,True,True,0.5777375445929995,1.254268604833781,0.0,0,0.0,0.0
3829,True,True,True,0.5681677211774105,1.4099435578003507,0.0,0,0.0,0.0
3830,True,True,True,0.56020657778331,1.559999204081522,0.0,0,0.0,0.0
3831,True,True,True,0.568166924394796,1.6758248780743665,0.0,0,0.0,0.0
3832,True,True,True,0.5682677029452072,1.8207447287431833,0.0,0,0.0,0.0
3836,True,True,True,0.5737807953574476,1.8266850006185167,0.0,0,0.0,0.0
3837,True,True,True,0.5682855594837755,1.6989739377833883,0.0,0,0.0,0.0
3838,True,True,True,0.5673131045220281,1.7197685404029288,0.0,0,0.0,0.0
3839,True,True,True,0.5684273710672809,1.5942577491668406,0.0,0,0.0,0.0
3840,True,True,True,0.5685105602362397,1.7585477030315755,0.0,0,0.0,0.0
3843,True,True,True,0.5767130310166338,1.7078388244814349,0.0,0,0.0,0.0
3844,True,True,True,0.5723605318111374,1.6316447862057117,0.0,0,0.0,0.0
3845,True,True,True,0.5755796237315964,1.8291137785988176,0.0,0,0.0,0.0
3846,True,True,True,0.5724067065517484,1.7617793276817106,0.0,0,0.0,0.0
3847,True,True,True,0.5752659367605577,1.8425494009084358,0.0,0,0.0,0.0
3850,True,True,True,0.573487889989152,1.950529146163995,0.0,0,0.0,0.0
3851,True,True,True,0.5787486795841682,1.9628074460898635,0.0,0,0.0,0.0
3852,True,True,True,0.5782280639856863,2.031098758131825,0.0,0,0.0,0.0
3853,True,True,True,0.5668443160342637,1.9457566331677525,0.0,0,0.0,0.0
3854,True,True,True,0.5736040464107127,1.8179790545829841,0.0,0,0.0,0.0
3857,True,True,True,0.5801271092696539,2.0288751700581082,0.0,0,0.0,0.0
3858,True,True,True,0.5736394784542829,1.8912497219634754,0.0,0,0.0,0.0
3859,True,True,True,0.5785863911154092,1.9769533420471639,0.0,0,0.0,0.0
3860,True,True,True,0.5734578588392059,1.8866173011798018,0.0,0,0.0,0.0
3861,True,True,True,0.5689028107586827,2.032960017496792,0.0,0,0.0,0.0
3864,True,True,True,0.5705709101667841,2.1740987376864656,0.0,0,0.0,0.0
3865,True,True,True,0.5672190496597623,2.2194002929646266,0.0,0,0.0,0.0
3866,True,True,True,0.5750026381430972,2.3121268609207903,0.0,0,0.0,0.0
3867,True,True,True,0.5753333091242746,2.648154139440641,0.0,0,0.0,0.0
3868,True,True,True,0.5753998744009072,2.3282546102062405,0.0,0,0.0,0.0
3871,True,True,True,0.5726358384138457,2.381431976144431,0.0,0,0.0,0.0
3872,True,True,True,0.5702360203224298,2.3764364590283993,0.0,0,0.0,0.0
3873,True,True,True,0.5781145233212994,2.54963224355075,0.0,0,0.0,0.0
3874,True,True,True,0.5808589115997728,2.534531510774384,0.0,0,0.0,0.0
3875,True,True,True,0.5884652634633648,2.399979371155079,0.0,0,0.0,0.0
3878,True,True,True,0.5786116993753825,2.4908902061019687,0.0,0,0.0,0.0
3879,True,True,True,0.5783670896992135,2.4404055526040165,0.0,0,0.0,0.0
3880,True,True,True,0.5882424638466304,2.3713914790143322,0.0,0,0.0,0.0
3881,True,True,True,0.5879637497562106,2.5932598694059914,0.0,0,0.0,0.0
3882,True,True,True,0.5973979632371108,2.636930835425646,0.0,0,0.0,0.0
3885,True,True,True,0.5855596197532841,2.588335636863037,0.0,0,0.0,0.0
3886,True,True,True,0.5749223819160897,2.5342137535696287,0.0,0,0.0,0.0
3887,True,True,True,0.5787852094338913,2.5296369667763137,0.0,0,0.0,0.0
3888,True,True,True,0.5809094154943415,2.5541652241324226,0.0,0,0.0,0.0
3889,True,True,True,0.5813157667196368,2.47775510899289,0.0,0,0.0,0.0
3892,True,True,True,0.5880404761853435,2.4420910051107962,0.0,0,0.0,0.0
3893,True,True,True,0.5899531927895659,2.6064911475602934,0.0,0,0.0,0.0
3894,True,True,True,0.6179869683266691,2.568296112495209,0.0,0,0.0,0.0
3895,True,True,True,0.6183497770319518,2.119588145958976,0.0,0,0.0,0.0
3896,True,True,True,0.5890002931430459,1.789162273713436,0.0,0,0.0,0.0
3900,True,True,True,0.5729464193109747,1.544460671386967,0.0,0,0.0,0.0
3901,True,True,True,0.5663233663143576,1.6576311553002216,0.0,0,0.0,0.0
3902,True,True,True,0.5635537030017636,1.5640832306490708,0.0,0,0.0,0.0
3903,True,True,True,0.5821301311019002,1.631860728526587,0.0,0,0.0,0.0
3906,True,True,True,0.5679140465306837,1.6000933932818955,0.0,0,0.0,0.0
3907,True,True,True,0.5662291679323103,1.5956708887979418,0.0,0,0.0,0.0
3908,True,True,True,0.5743729470096581,1.6142511838743885,0.0,0,0.0,0.0
3909,True,True,True,0.5619435628144062,1.4883083612586712,0.0,0,0.0,0.0
3910,True,True,True,0.5518644006612173,1.41799360150254,0.0,0,0.0,0.0
3913,True,True,True,0.5388415742682218,1.2849454373186724,0.0,0,0.0,0.0
3914,True,True,True,0.5485958630534269,1.3482770492722043,0.0,0,0.0,0.0
3915,True,True,True,0.533370647081523,1.204968010309761,0.0,0,0.0,0.0
3916,True,True,True,0.526384626132393,1.1988640890104334,0.0,0,0.0,0.0
3917,True,True,True,0.5293719900389267,1.2587342596280438,0.0,0,0.0,0.0
3920,True,True,True,0.5178940272293072,1.239784776866947,0.0,0,0.0,0.0
3921,True,True,True,0.5180572131489116,1.2731002018084518,0.0,0,0.0,0.0
3922,True,True,True,0.5104980908506518,1.2264657491000892,0.0,0,0.0,0.0
3923,True,True,True,0.5240946839825915,1.2919730412943404,0.0,0,0.0,0.0
3924,True,True,True,0.5204234931606763,1.2284805833743908,0.0,0,0.0,0.0
3927,True,True,True,0.5239381262120029,1.3273589494010738,0.0,0,0.0,0.0
3928,True,True,True,0.5194888469983592,1.3378735591705084,0.0,0,0.0,0.0
3929,True,True,True,0.5239019042408753,1.3979897220753885,0.0,0,0.0,0.0
3930,True,True,True,0.5170390720875961,1.3656414582637124,0.0,0,0.0,0.0
3931,True,True,True,0.5364018853877963,1.5423626592168946,0.0,0,0.0,0.0
3934,True,True,True,0.5292673237486342,1.6304259814458066,0.0,0,0.0,0.0
3935,True,True,True,0.5262287585601176,1.5235304295721388,0.0,0,0.0,0.0
3936,True,True,True,0.527551178502886,1.4886509183623136,0.0,0,0.0,0.0
3937,True,True,True,0.5231395879036621,1.4818755335378009,0.0,0,0.0,0.0
3938,True,True,True,0.5211774639683141,1.4279969116758249,0.0,0,0.0,0.0
3941,True,True,True,0.5287414338624233,1.3948377914636125,0.0,0,0.0,0.0
3942,True,True,True,0.5254033949433998,1.4018990023186995,0.0,0,0.0,0.0
3943,True,True,True,0.5110856428674948,1.3410280762388846,0.0,0,0.0,0.0
3944,True,True,True,0.5071792449762434,1.4170563580285331,0.0,0,0.0,0.0
3945,True,True,True,0.49079489515373614,1.460091089324722,0.0,0,0.0,0.0
3948,True,True,True,0.48053497038158177,1.5176546469815877,0.0,0,0.0,0.0
3949,True,True,True,0.47907045903453754,1.5478430498599387,0.0,0,0.0,0.0
3950,True,True,True,0.46476319088656143,1.4458293580968806,0.0,0,0.0,0.0
3951,True,True,True,0.4690921383621475,1.5691102492979523,0.0,0,0.0,0.0
3952,True,True,True,0.4540743116794779,1.5788427084204852,0.0,0,0.0,0.0
3955,True,True,True,0.45528511976502356,1.8835153241663016,0.0,0,0.0,0.0
3956,True,True,True,0.4689036034330717,1.9968344011170445,0.0,0,0.0,0.0
3957,True,True,True,0.4875921918730754,2.43379141508184,0.0,0,0.0,0.0
3958,True,True,True,0.5065941709584272,2.117249986328447,0.0,0,0.0,0.0
3959,True,True,True,0.4937665544656734,1.644504730016006,0.0,0,0.0,0.0
3962,True,True,True,0.5059320592332263,1.7204631620453334,0.0,0,0.0,0.0
3963,True,True,True,0.5075154623618919,1.9263911556557316,0.0,0,0.0,0.0
3964,True,True,True,0.5075799253442964,1.9843501880080583,0.0,0,0.0,0.0
3965,True,True,True,0.5127223301133049,2.057761603775211,0.0,0,0.0,0.0
3966,True,True,True,0.5113081829280259,1.9753799525639901,0.0,0,0.0,0.0
3969,True,True,True,0.5116913279381712,1.9388888091137946,0.0,0,0.0,0.0
3970,True,True,True,0.5100408289227208,1.85463951343438,0.0,0,0.0,0.0
3971,True,True,True,0.4966115930389709,1.835003172357759,0.0,0,0.0,0.0
3972,True,True,True,0.4990946741018092,1.7962206649477852,0.0,0,0.0,0.0
3973,True,True,True,0.5003286015083758,1.798403174528081,0.0,0,0.0,0.0
3976,True,True,True,0.4969601225974705,1.9132884735804565,0.0,0,0.0,0.0
3977,True,True,True,0.5006301445052068,2.0698430715604204,0.0,0,0.0,0.0
3978,True,True,True,0.499299260090097,1.9677381817087038,0.0,0,0.0,0.0
3980,True,True,True,0.48476702442635533,1.8101685518593669,0.0,0,0.0,0.0
3983,True,True,True,0.48130296938704714,1.817248745892625,0.0,0,0.0,0.0
3984,True,True,True,0.4865631467467874,1.7079710045363046,0.0,0,0.0,0.0
3985,True,True,True,0.47529812302060204,1.8125929937222596,0.0,0,0.0,0.0
3986,True,True,True,0.4840754532308809,1.9722169773811027,0.0,0,0.0,0.0
3987,True,True,True,0.4899811568420327,1.8130309270520308,0.0,0,0.0,0.0
3990,True,True,True,0.49131625787902633,1.900894881677704,0.0,0,0.0,0.0
3991,True,True,True,0.4845362558247593,1.8842681615557693,0.0,0,0.0,0.0
3992,True,True,True,0.47421960149935133,1.7765258034012514,0.0,0,0.0,0.0
3993,True,True,True,0.47976097941381923,1.7463240371694908,0.0,0,0.0,0.0
3994,True,True,True,0.48326832166557926,1.7526396167267058,0.0,0,0.0,0.0
3997,True,True,True,0.4930706552970078,1.7916826480642105,0.0,0,0.0,0.0
3998,True,True,True,0.4928986017387317,1.951419023013606,0.0,0,0.0,0.0
3999,True,True,True,0.487640248811659,1.9443176341794925,0.0,0,0.0,0.0
4000,True,True,True,0.5846734031515639,1.9545458090233463,0.0,0,0.0,0.0
4001,True,True,True,0.5659707854521985,1.7169564854846833,0.0,0,0.0,0.0
4004,True,True,True,0.47754135264570075,1.856597617355344,0.0,0,0.0,0.0
4005,True,True,True,0.5775135003393218,1.7878757948224335,0.0,0,0.0,0.0
4006,True,True,True,0.5735662981028433,1.8681646847917868,0.0,0,0.0,0.0
4007,True,True,True,0.5726104677507605,1.8384757341349203,0.0,0,0.0,0.0
4011,True,True,True,0.5757518835639137,1.9848994513417493,0.0,0,0.0,0.0
4012,True,True,True,0.5774446739931527,1.948885269742311,0.0,0,0.0,0.0
4013,True,True,True,0.5621533130916205,1.8083363342940815,0.0,0,0.0,0.0
4014,True,True,True,0.5622890039296645,1.9448452154650455,0.0,0,0.0,0.0
