time_elapsed,alpha,beta,rho,eta,gamma,success,cost,rmse_w,rmse_iv,mae_iv,n_obs,n_obs_before_delta,message,tte_min,tte_max,moneyness_min,moneyness_max
0,,,,,,False,,,,,0,0.0,Only 58 obs for 0 after cleaning — need >= 100.,,,,
1,,,,,,False,,,,,0,0.0,Only 58 obs for 1 after cleaning — need >= 100.,,,,
2,,,,,,False,,,,,0,0.0,Only 58 obs for 2 after cleaning — need >= 100.,,,,
3,,,,,,False,,,,,0,0.0,Only 58 obs for 3 after cleaning — need >= 100.,,,,
4,,,,,,False,,,,,0,0.0,Only 60 obs for 4 after cleaning — need >= 100.,,,,
7,,,,,,False,,,,,0,0.0,Only 60 obs for 7 after cleaning — need >= 100.,,,,
8,,,,,,False,,,,,0,0.0,Only 58 obs for 8 after cleaning — need >= 100.,,,,
9,,,,,,False,,,,,0,0.0,Only 60 obs for 9 after cleaning — need >= 100.,,,,
10,,,,,,False,,,,,0,0.0,Only 62 obs for 10 after cleaning — need >= 100.,,,,
11,,,,,,False,,,,,0,0.0,Only 58 obs for 11 after cleaning — need >= 100.,,,,
15,,,,,,False,,,,,0,0.0,Only 62 obs for 15 after cleaning — need >= 100.,,,,
16,,,,,,False,,,,,0,0.0,Only 58 obs for 16 after cleaning — need >= 100.,,,,
17,,,,,,False,,,,,0,0.0,Only 58 obs for 17 after cleaning — need >= 100.,,,,
18,,,,,,False,,,,,0,0.0,Only 54 obs for 18 after cleaning — need >= 100.,,,,
21,,,,,,False,,,,,0,0.0,Only 54 obs for 21 after cleaning — need >= 100.,,,,
22,,,,,,False,,,,,0,0.0,Only 52 obs for 22 after cleaning — need >= 100.,,,,
23,,,,,,False,,,,,0,0.0,Only 54 obs for 23 after cleaning — need >= 100.,,,,
24,,,,,,False,,,,,0,0.0,Only 50 obs for 24 after cleaning — need >= 100.,,,,
25,,,,,,False,,,,,0,0.0,Only 48 obs for 25 after cleaning — need >= 100.,,,,
28,,,,,,False,,,,,0,0.0,Only 52 obs for 28 after cleaning — need >= 100.,,,,
29,,,,,,False,,,,,0,0.0,Only 54 obs for 29 after cleaning — need >= 100.,,,,
30,,,,,,False,,,,,0,0.0,Only 54 obs for 30 after cleaning — need >= 100.,,,,
31,,,,,,False,,,,,0,0.0,Only 44 obs for 31 after cleaning — need >= 100.,,,,
32,,,,,,False,,,,,0,0.0,Only 44 obs for 32 after cleaning — need >= 100.,,,,
35,,,,,,False,,,,,0,0.0,Only 42 obs for 35 after cleaning — need >= 100.,,,,
36,,,,,,False,,,,,0,0.0,Only 48 obs for 36 after cleaning — need >= 100.,,,,
37,,,,,,False,,,,,0,0.0,Only 44 obs for 37 after cleaning — need >= 100.,,,,
38,,,,,,False,,,,,0,0.0,Only 48 obs for 38 after cleaning — need >= 100.,,,,
39,,,,,,False,,,,,0,0.0,Only 50 obs for 39 after cleaning — need >= 100.,,,,
43,,,,,,False,,,,,0,0.0,Only 54 obs for 43 after cleaning — need >= 100.,,,,
44,,,,,,False,,,,,0,0.0,Only 54 obs for 44 after cleaning — need >= 100.,,,,
45,,,,,,False,,,,,0,0.0,Only 58 obs for 45 after cleaning — need >= 100.,,,,
46,,,,,,False,,,,,0,0.0,Only 58 obs for 46 after cleaning — need >= 100.,,,,
49,,,,,,False,,,,,0,0.0,Only 58 obs for 49 after cleaning — need >= 100.,,,,
50,,,,,,False,,,,,0,0.0,Only 54 obs for 50 after cleaning — need >= 100.,,,,
51,,,,,,False,,,,,0,0.0,Only 56 obs for 51 after cleaning — need >= 100.,,,,
52,,,,,,False,,,,,0,0.0,Only 55 obs for 52 after cleaning — need >= 100.,,,,
53,,,,,,False,,,,,0,0.0,Only 56 obs for 53 after cleaning — need >= 100.,,,,
56,,,,,,False,,,,,0,0.0,Only 58 obs for 56 after cleaning — need >= 100.,,,,
57,,,,,,False,,,,,0,0.0,Only 58 obs for 57 after cleaning — need >= 100.,,,,
58,,,,,,False,,,,,0,0.0,Only 58 obs for 58 after cleaning — need >= 100.,,,,
59,,,,,,False,,,,,0,0.0,Only 58 obs for 59 after cleaning — need >= 100.,,,,
60,,,,,,False,,,,,0,0.0,Only 58 obs for 60 after cleaning — need >= 100.,,,,
63,,,,,,False,,,,,0,0.0,Only 58 obs for 63 after cleaning — need >= 100.,,,,
64,,,,,,False,,,,,0,0.0,Only 58 obs for 64 after cleaning — need >= 100.,,,,
65,,,,,,False,,,,,0,0.0,Only 60 obs for 65 after cleaning — need >= 100.,,,,
66,,,,,,False,,,,,0,0.0,Only 61 obs for 66 after cleaning — need >= 100.,,,,
67,,,,,,False,,,,,0,0.0,Only 61 obs for 67 after cleaning — need >= 100.,,,,
70,,,,,,False,,,,,0,0.0,Only 62 obs for 70 after cleaning — need >= 100.,,,,
71,,,,,,False,,,,,0,0.0,Only 62 obs for 71 after cleaning — need >= 100.,,,,
72,,,,,,False,,,,,0,0.0,Only 62 obs for 72 after cleaning — need >= 100.,,,,
73,,,,,,False,,,,,0,0.0,Only 62 obs for 73 after cleaning — need >= 100.,,,,
74,,,,,,False,,,,,0,0.0,Only 62 obs for 74 after cleaning — need >= 100.,,,,
77,,,,,,False,,,,,0,0.0,Only 86 obs for 77 after cleaning — need >= 100.,,,,
78,,,,,,False,,,,,0,0.0,Only 90 obs for 78 after cleaning — need >= 100.,,,,
79,,,,,,False,,,,,0,0.0,Only 90 obs for 79 after cleaning — need >= 100.,,,,
80,,,,,,False,,,,,0,0.0,Only 88 obs for 80 after cleaning — need >= 100.,,,,
81,,,,,,False,,,,,0,0.0,Only 88 obs for 81 after cleaning — need >= 100.,,,,
84,,,,,,False,,,,,0,0.0,Only 90 obs for 84 after cleaning — need >= 100.,,,,
85,,,,,,False,,,,,0,0.0,Only 90 obs for 85 after cleaning — need >= 100.,,,,
86,,,,,,False,,,,,0,0.0,Only 88 obs for 86 after cleaning — need >= 100.,,,,
87,,,,,,False,,,,,0,0.0,Only 90 obs for 87 after cleaning — need >= 100.,,,,
91,,,,,,False,,,,,0,0.0,Only 95 obs for 91 after cleaning — need >= 100.,,,,
92,,,,,,False,,,,,0,0.0,Only 96 obs for 92 after cleaning — need >= 100.,,,,
93,,,,,,False,,,,,0,0.0,Only 90 obs for 93 after cleaning — need >= 100.,,,,
94,,,,,,False,,,,,0,0.0,Only 94 obs for 94 after cleaning — need >= 100.,,,,
95,,,,,,False,,,,,0,0.0,Only 96 obs for 95 after cleaning — need >= 100.,,,,
98,,,,,,False,,,,,0,0.0,Only 96 obs for 98 after cleaning — need >= 100.,,,,
99,,,,,,False,,,,,0,0.0,Only 96 obs for 99 after cleaning — need >= 100.,,,,
100,-3.2525418504235133,1.1979760050112174,-0.6860717873065785,1.0957135876247706,0.4000237032611813,True,1.3233729660215312e-06,0.00021783911666087893,0.000636650396553682,0.0004444295352635033,100,,`gtol` termination condition is satisfied.,0.6767123287671233,1.673972602739726,-0.0845866288253311,0.1978963552425701
101,-3.2278794018899024,1.1652273717752817,-0.6968912857138296,1.144770275541012,0.37602282977118234,True,1.4594289190218951e-05,0.000451444745345658,0.0010852474021326424,0.0008468286371553076,123,,`gtol` termination condition is satisfied.,0.673972602739726,2.6876712328767125,-0.0860924354699249,0.1989229256137179
102,-3.1560867095360097,1.150410862708835,-0.6899957904517977,1.139671847969652,0.37779545140278625,True,7.56182569332027e-06,0.000346147830994624,0.0007795734492574627,0.0006186372130704069,114,,`gtol` termination condition is satisfied.,0.6712328767123288,2.684931506849315,-0.0704674666687416,0.1947479266928845
105,-3.145215966249818,1.1533790050601846,-0.7071438330526242,1.0623264253383735,0.3919321140059538,True,1.596808707395381e-05,0.00047937435260687455,0.0012613323085004177,0.000960144422696255,114,,`gtol` termination condition is satisfied.,0.663013698630137,2.6767123287671235,-0.075337474323123,0.1901218897299546
106,-3.191889792172315,1.166341434783703,-0.6945836010420884,1.114503561082912,0.38548413734300696,True,1.545834118427775e-05,0.00046727804523051904,0.001257796752092574,0.0009877018461036736,120,,`ftol` termination condition is satisfied.,0.6602739726027397,2.673972602739726,-0.0833726323770828,0.1993108621943262
107,-3.1616186247292797,1.1516530668120086,-0.6839543159903957,1.111357725471856,0.3849144113053343,True,2.0511227793996354e-05,0.0005398253279414245,0.001419214827248869,0.0010650096487811616,114,,`gtol` termination condition is satisfied.,0.6575342465753424,2.671232876712329,-0.0792159646445939,0.1863770509738781
108,-3.1588545074788317,1.1648113698328377,-0.6921636733743116,1.0947388089197694,0.382536833617656,True,1.3735373972821348e-05,0.000479181185411543,0.0013892499138523098,0.0010808691166951255,116,,`gtol` termination condition is satisfied.,0.6547945205479452,2.668493150684931,-0.080561123839929,0.1994207074542446
109,-3.173287144273622,1.141991581658946,-0.6785739338193328,1.1121453533536325,0.3850454064026491,True,1.3543035712864373e-05,0.0004937665929123441,0.0012600399787457265,0.0009302730659201864,124,,`ftol` termination condition is satisfied.,0.6520547945205479,2.665753424657534,-0.0894301768004757,0.1950076806819837
112,-3.1530190286175723,1.1362289621166,-0.6946711066157322,1.093682602323016,0.37517347416258867,True,1.1226844316635208e-05,0.00046120597875317894,0.0009984124337850616,0.0007268361352993536,123,,`gtol` termination condition is satisfied.,0.6438356164383562,2.6575342465753424,-0.0856744582542502,0.1979865228312365
113,-3.0290846479916143,1.0862805943296343,-0.6843419763662415,1.0700669523884456,0.381690350943932,True,1.3057771539805391e-05,0.0005086164505180751,0.0012223779836003806,0.0009657291201893894,112,,`gtol` termination condition is satisfied.,0.6410958904109589,2.654794520547945,-0.0636988204847917,0.1991867357219771
114,-3.05256411982218,1.1032989907168633,-0.6869688898921623,1.0382344508606904,0.3997834454115076,True,1.1229016622332683e-05,0.0005530648728488038,0.0012520129318986638,0.000796215624321611,113,,`gtol` termination condition is satisfied.,0.6383561643835617,2.652054794520548,-0.070936443202848,0.1957796517542612
115,-3.1087857422515772,1.1311738174794388,-0.6943240711362236,1.02411728772378,0.4039645901774684,True,1.7279238060031705e-05,0.000521598008333967,0.0011206022156433745,0.0008881040819537946,122,,`gtol` termination condition is satisfied.,0.6356164383561644,2.649315068493151,-0.0836201612892334,0.1994065754844796
116,-2.9794637835903623,1.081657526353993,-0.6880397753612215,1.0164058887416014,0.4076168152978199,True,1.008016404340537e-05,0.00043743913867620894,0.0009666119843435076,0.0007535026165569307,114,,`gtol` termination condition is satisfied.,0.6328767123287671,2.6465753424657534,-0.066259552927787,0.1996869191511517
119,-3.028694011715138,1.0964910792801519,-0.6782163611257588,0.9925529377652682,0.4325023374318939,True,2.07863410213946e-05,0.0005854636388482943,0.0014041099056708753,0.0011091464345885007,115,,`gtol` termination condition is satisfied.,0.6246575342465753,2.638356164383562,-0.0775747069675923,0.1867519575201127
120,-2.8987063613283377,1.0761595699582711,-0.6868554811424558,1.000235480974326,0.4200012701425722,True,8.901438070901682e-06,0.00041627343918086186,0.0007350343981499195,0.000602575480508848,110,,`gtol` termination condition is satisfied.,0.6219178082191781,2.6356164383561644,-0.0561957596171825,0.1942572955817251
121,-2.8169124078767602,1.0601820408327354,-0.7069679575801691,0.911817405020045,0.4565448206428026,True,1.4834731464890755e-05,0.0005281456671475294,0.0011127102625929724,0.0008601910861858964,106,,`gtol` termination condition is satisfied.,0.6191780821917808,2.632876712328767,-0.0489006995528658,0.1994669637425574
122,,,,,,False,,,,,0,0.0,Only 52 obs for 122 after cleaning — need >= 100.,,,,
123,,,,,,False,,,,,0,0.0,Only 92 obs for 123 after cleaning — need >= 100.,,,,
126,-2.7228883719377084,1.0563230138816042,-0.70628727586552,0.7833842874341232,0.5511434011833455,True,3.614752086702249e-05,0.0008409285995018126,0.0017501966200169099,0.001341435758934488,100,,`gtol` termination condition is satisfied.,0.6054794520547945,2.6191780821917807,-0.0419665738842473,0.1991954829326407
127,-2.733461570525867,1.0693709886617613,-0.705193900974946,0.8510550337184837,0.501087461798197,True,1.1623860797904899e-05,0.0005515843765770405,0.0010797914164356935,0.0008646558157078296,100,,`gtol` termination condition is satisfied.,0.6027397260273972,2.6164383561643834,-0.0384586019964719,0.1916312543388993
128,-2.8510495568810725,1.0872460247025129,-0.718274336312871,0.9135809959706769,0.4678061767403227,True,1.6372128041619376e-05,0.0005406725240016984,0.0009446152864582282,0.0006799432161236382,109,,`gtol` termination condition is satisfied.,0.6,2.6136986301369864,-0.0539429541344929,0.1997659167820275
129,-2.8273630372327867,1.071397909176197,-0.6953261621199699,0.9601010834637758,0.4763995541958598,True,2.4885675162336774e-05,0.0007269096934703978,0.0014233107877110879,0.0010648783960709616,100,,`gtol` termination condition is satisfied.,0.5972602739726027,2.610958904109589,-0.0425548221352749,0.1879592395782114
130,,,,,,False,,,,,0,0.0,Only 96 obs for 130 after cleaning — need >= 100.,,,,
133,,,,,,False,,,,,0,0.0,Only 94 obs for 133 after cleaning — need >= 100.,,,,
134,,,,,,False,,,,,0,0.0,Only 92 obs for 134 after cleaning — need >= 100.,,,,
135,,,,,,False,,,,,0,0.0,Only 92 obs for 135 after cleaning — need >= 100.,,,,
136,,,,,,False,,,,,0,0.0,Only 76 obs for 136 after cleaning — need >= 100.,,,,
137,,,,,,False,,,,,0,0.0,Only 80 obs for 137 after cleaning — need >= 100.,,,,
140,,,,,,False,,,,,0,0.0,Only 76 obs for 140 after cleaning — need >= 100.,,,,
141,,,,,,False,,,,,0,0.0,Only 78 obs for 141 after cleaning — need >= 100.,,,,
142,,,,,,False,,,,,0,0.0,Only 76 obs for 142 after cleaning — need >= 100.,,,,
143,,,,,,False,,,,,0,0.0,Only 90 obs for 143 after cleaning — need >= 100.,,,,
144,,,,,,False,,,,,0,0.0,Only 86 obs for 144 after cleaning — need >= 100.,,,,
148,,,,,,False,,,,,0,0.0,Only 76 obs for 148 after cleaning — need >= 100.,,,,
149,,,,,,False,,,,,0,0.0,Only 86 obs for 149 after cleaning — need >= 100.,,,,
150,,,,,,False,,,,,0,0.0,Only 89 obs for 150 after cleaning — need >= 100.,,,,
151,,,,,,False,,,,,0,0.0,Only 76 obs for 151 after cleaning — need >= 100.,,,,
154,,,,,,False,,,,,0,0.0,Only 68 obs for 154 after cleaning — need >= 100.,,,,
155,,,,,,False,,,,,0,0.0,Only 72 obs for 155 after cleaning — need >= 100.,,,,
156,,,,,,False,,,,,0,0.0,Only 70 obs for 156 after cleaning — need >= 100.,,,,
157,,,,,,False,,,,,0,0.0,Only 80 obs for 157 after cleaning — need >= 100.,,,,
158,,,,,,False,,,,,0,0.0,Only 82 obs for 158 after cleaning — need >= 100.,,,,
161,,,,,,False,,,,,0,0.0,Only 84 obs for 161 after cleaning — need >= 100.,,,,
162,,,,,,False,,,,,0,0.0,Only 90 obs for 162 after cleaning — need >= 100.,,,,
163,,,,,,False,,,,,0,0.0,Only 90 obs for 163 after cleaning — need >= 100.,,,,
164,,,,,,False,,,,,0,0.0,Only 88 obs for 164 after cleaning — need >= 100.,,,,
165,,,,,,False,,,,,0,0.0,Only 88 obs for 165 after cleaning — need >= 100.,,,,
168,-2.8279239925354838,1.0768432555436693,-0.7802229729359043,0.9791708151564513,0.45069415503520305,True,6.447521368495234e-06,0.0003760056713220718,0.0011475216242768378,0.0007167058980338474,119,,`ftol` termination condition is satisfied.,0.3178082191780822,2.504109589041096,-0.0086930834012007,0.1967313449444561
169,-2.74661188555914,1.0532504558822062,-0.7900714693729483,1.0063530585360172,0.43119679173732856,True,6.57438653240276e-06,0.00037914678643707054,0.0008189907495443568,0.0006582119746903536,111,,`gtol` termination condition is satisfied.,0.3150684931506849,2.5013698630136987,0.0099630233657516,0.1986259997328751
170,-2.736588442028494,1.0416786580851563,-0.8101128539723483,1.0007680418733533,0.4172260350830866,True,1.358851700376233e-05,0.0005816213148528415,0.001523737803921778,0.0010329204569019276,105,,`gtol` termination condition is satisfied.,0.3123287671232876,2.4986301369863013,0.0125384645449097,0.1950914236848765
171,-2.6500717263368254,1.026803577006965,-0.803926729240645,1.0346882696874118,0.4099228033821697,True,8.303713515515655e-06,0.0004341936691057718,0.0007893300430715888,0.0005983824336187615,100,,`gtol` termination condition is satisfied.,0.3095890410958904,2.495890410958904,0.0282252223415538,0.1964263210396097
172,-2.6629328644217423,1.046075386887815,-0.8043420448843104,1.0088845561301814,0.42142928600993745,True,8.24142645389833e-06,0.00047906941592855596,0.0012333080793497145,0.0008714382073085408,101,,`gtol` termination condition is satisfied.,0.3068493150684931,2.493150684931507,0.0249096062654061,0.1979433343199297
175,-2.6370380818872907,1.0306472638007789,-0.798490244100029,0.9937148695537789,0.4309350602159254,True,8.0233346782616e-06,0.00043211395581312106,0.0013007867514972361,0.000854229850938221,100,,`gtol` termination condition is satisfied.,0.2986301369863013,2.484931506849315,0.0278536201380663,0.1977247164002852
176,,,,,,False,,,,,0,0.0,Only 80 obs for 176 after cleaning — need >= 100.,,,,
177,,,,,,False,,,,,0,0.0,Only 74 obs for 177 after cleaning — need >= 100.,,,,
178,,,,,,False,,,,,0,0.0,Only 74 obs for 178 after cleaning — need >= 100.,,,,
179,,,,,,False,,,,,0,0.0,Only 67 obs for 179 after cleaning — need >= 100.,,,,
183,,,,,,False,,,,,0,0.0,Only 72 obs for 183 after cleaning — need >= 100.,,,,
184,,,,,,False,,,,,0,0.0,Only 92 obs for 184 after cleaning — need >= 100.,,,,
185,,,,,,False,,,,,0,0.0,Only 94 obs for 185 after cleaning — need >= 100.,,,,
186,,,,,,False,,,,,0,0.0,Only 97 obs for 186 after cleaning — need >= 100.,,,,
189,-2.649655039857715,1.0910322914569583,-0.7752664312455332,1.005136726318795,0.4244497562675091,True,1.2691324165415921e-05,0.0005242548743154266,0.001550013505677066,0.0009714022479668217,100,,`gtol` termination condition is satisfied.,0.2602739726027397,2.4465753424657533,0.0229993044434247,0.1969062980978806
190,-2.67270964984291,1.0973092122494725,-0.7971171273073957,1.0103344495780622,0.40274088300206373,True,9.676409796939397e-06,0.0004509231830868142,0.001284308604323375,0.000882314071403885,106,,`gtol` termination condition is satisfied.,0.2575342465753424,2.4438356164383563,0.0093196392713773,0.1942781945905324
191,-2.637401959401053,1.093934355521309,-0.768078356481173,1.0793267791365824,0.4073130904868613,True,1.538077703367555e-05,0.0005182838323925126,0.0015073871177627377,0.000954234856392134,108,,`ftol` termination condition is satisfied.,0.2547945205479452,2.441095890410959,0.0088607103461123,0.1999566313993678
192,-2.6044083562871903,1.098333681809967,-0.7944111953892137,0.97376790701363,0.4217450092899638,True,2.22068656468924e-05,0.0006193525291289579,0.0018105181024774424,0.0012348110578605884,106,,`gtol` termination condition is satisfied.,0.2520547945205479,2.4383561643835616,0.0095031426846949,0.1953411786979557
193,,,,,,False,,,,,0,0.0,Only 92 obs for 193 after cleaning — need >= 100.,,,,
196,-2.5495710132824954,1.08684586835496,-0.7942863144180851,0.9760758674953011,0.4249734110872288,True,4.253672372343588e-06,0.00028815660466448273,0.0016952676248999823,0.0008621757914192152,100,,`gtol` termination condition is satisfied.,0.2410958904109589,2.4273972602739726,0.0347940976260869,0.1936035707867877
197,-2.651744166237037,1.1015916091356253,-0.8215921192093263,0.9259855070179359,0.42277874715744607,True,1.624248560131153e-05,0.0005046651357649931,0.0024385119234099344,0.0013268609385441337,110,,`ftol` termination condition is satisfied.,0.2383561643835616,2.4246575342465753,0.0194219987090455,0.1977731730476951
198,-2.6044740536862845,1.0810084641746873,-0.7940859443380316,0.9460651696718914,0.4383445713401322,True,5.983497270116118e-06,0.000322952264421818,0.0012850670098056866,0.0008271406452975041,100,,`ftol` termination condition is satisfied.,0.2356164383561644,2.421917808219178,0.0348871924915465,0.1945527554769707
199,-2.665914138508312,1.100809560451053,-0.7645897691339323,1.0090635016829999,0.43839102120539075,True,2.302989911640733e-05,0.0006060685641028935,0.0022657871032240587,0.0014598738061093314,112,,`gtol` termination condition is satisfied.,0.2328767123287671,2.419178082191781,0.0113869587359166,0.1974058318402309
200,-2.7099036630132622,1.116778208569837,-0.7835070011740408,0.9825549971252294,0.43740039933525654,True,2.2170690792355e-05,0.000622499454758974,0.003443673746973016,0.002066596113657041,124,,`gtol` termination condition is satisfied.,0.2301369863013698,2.4164383561643836,0.001274003707781,0.1977419045325275
203,-2.750285367557939,1.1200848327146207,-0.7714568177989086,1.0452348387405659,0.4211791885457893,True,2.3978517048526132e-05,0.0006000323387480094,0.003505541416471035,0.002146520933485468,126,,`ftol` termination condition is satisfied.,0.2219178082191781,2.408219178082192,-0.0085572102770122,0.1893883242476776
204,-2.770205440584192,1.1032050992584193,-0.7752781705290055,0.965002821994695,0.44774297298563853,True,2.3155039219798007e-05,0.000570455486668845,0.0032784761618637175,0.0018602463960643487,125,,`gtol` termination condition is satisfied.,0.2191780821917808,2.405479452054794,-0.0083316159118874,0.1881549504584057
205,-2.759854028154159,1.0961340715467565,-0.7668194451055984,1.0258697558965686,0.42142039601577197,True,1.1239027037901095e-05,0.0004319521934578248,0.0024088350070922,0.001427194396986582,124,,`gtol` termination condition is satisfied.,0.2164383561643835,2.4027397260273973,-0.0014993624594756,0.196177531240219
206,-2.7594196302640204,1.0879917016070701,-0.772840105941709,0.9767441558464734,0.43603107181965123,True,7.533432539771106e-06,0.00037339826268282405,0.0014744390688632505,0.0009283220361924343,117,,`gtol` termination condition is satisfied.,0.2136986301369863,2.4,0.0040549617717669,0.1984357405501707
207,-2.7793671209912794,1.109116871491666,-0.7653851729035853,0.9855256577421427,0.43922588912329436,True,9.502997043372519e-06,0.0004571816351570686,0.001491268242787864,0.0010788318839678442,117,,`gtol` termination condition is satisfied.,0.210958904109589,2.3972602739726026,0.002595080587072,0.1990591364052656
210,-2.8576513667242445,1.1267726894458903,-0.7367447520850187,1.0121026000627,0.44689032558652136,True,1.115564326677812e-05,0.000396283963315204,0.0025384342387912103,0.0013865409314832292,128,,`gtol` termination condition is satisfied.,0.2027397260273972,2.389041095890411,-0.0194074901865078,0.192133644139487
211,-2.8302517753275507,1.1186855511404237,-0.7456676885781998,1.0578078675216998,0.42710605688824116,True,1.01886386978771e-05,0.00040288600126086373,0.0022285044402845563,0.0012411361621914641,126,,`gtol` termination condition is satisfied.,0.2,2.3863013698630136,-0.0153411198936563,0.1964320305542787
212,-2.8421341885711957,1.1097518043075487,-0.7396881995676652,0.9860044355935736,0.45788851513520795,True,1.7414009452770028e-05,0.0005468973586161326,0.0023891460608497076,0.0013484284446853192,128,,`gtol` termination condition is satisfied.,0.1972602739726027,2.3835616438356166,-0.0210560664398737,0.1896888845174091
213,-2.821076878242126,1.0961319451392686,-0.7548792603350415,0.9920598298464948,0.43951974876435485,True,1.7855169816717543e-05,0.00048694715650629235,0.003567785692535665,0.0018958476260492194,128,,`gtol` termination condition is satisfied.,0.1945205479452054,2.3808219178082193,-0.019852924343062,0.1909769057002712
214,-2.814540508592796,1.0920002995867375,-0.7458797616142324,0.9826457828251572,0.4468609041785203,True,1.7893433291093447e-05,0.0005390517293469766,0.00377318596638207,0.00192862337327156,126,,`gtol` termination condition is satisfied.,0.1917808219178082,2.378082191780822,-0.0161015049946652,0.1951756708580027
217,-2.8258640960452035,1.0973823005216268,-0.7701451685255262,1.0139931623861125,0.41963182300625124,True,1.862513364531645e-05,0.0005145047330658253,0.00401807788864959,0.002213078321300045,128,,`ftol` termination condition is satisfied.,0.1835616438356164,2.3698630136986303,-0.0216337900402593,0.1887206486260121
218,-2.8012203166785055,1.0966297654537709,-0.7428281182593502,1.0584032400464514,0.4252174785103167,True,1.5526221142816926e-05,0.00048655461046497267,0.0038254055838119715,0.0020921245341416895,126,,`gtol` termination condition is satisfied.,0.1808219178082191,2.367123287671233,-0.0166828089363191,0.1945761835207594
219,-2.667698220077771,1.058174065858553,-0.7640517860014886,1.047390541767037,0.4019175239403864,True,1.1202387633471053e-05,0.0004548305554555747,0.0027736736463932162,0.0015680382989374617,108,,`ftol` termination condition is satisfied.,0.1780821917808219,2.3643835616438356,0.0142410645952315,0.1938248618849893
220,-2.638272902534178,1.0481563009307566,-0.7733469386784914,0.9401770274584443,0.43777087845971796,True,1.0565489963679537e-05,0.00043804509825004484,0.0023699329362885852,0.0014116224040879523,107,,`gtol` termination condition is satisfied.,0.1753424657534246,2.361643835616438,0.019095410392604,0.1991238655813085
221,-2.593346545882612,1.0467207500007845,-0.7523298299905008,1.0224584912841344,0.4236422270523599,True,9.071727853280991e-06,0.00038748661819867133,0.0022414536253591907,0.001277438869934506,105,,`gtol` termination condition is satisfied.,0.1726027397260274,2.3589041095890413,0.0219723584910209,0.19731611802669
224,-2.6012699322501347,1.0508698902987035,-0.7631537596187118,0.9882814835126214,0.4337829906307468,True,1.3301564609679185e-05,0.0004743005528137774,0.0028004058001057405,0.0015672887505500889,103,,`ftol` termination condition is satisfied.,0.1643835616438356,2.350684931506849,0.0219724402579934,0.1971274796633353
225,-2.6482455198097092,1.0686265155505845,-0.7293113129510614,1.0904426726008747,0.4260814822479079,True,1.9189476831437903e-05,0.0005623611273087307,0.003660503119134344,0.002123480098416773,110,,`gtol` termination condition is satisfied.,0.1616438356164383,2.347945205479452,0.0106961965798606,0.1974678787569857
226,-2.64647124352543,1.0713803665573352,-0.7458707870883408,1.0997937785598406,0.4078863943152838,True,1.8147442475166025e-05,0.0005634182754057159,0.004068725837540476,0.0022274131875711423,105,,`ftol` termination condition is satisfied.,0.1589041095890411,2.345205479452055,0.0129043452841993,0.192233987939821
227,,,,,,False,,,,,0,0.0,Only 96 obs for 227 after cleaning — need >= 100.,,,,
228,,,,,,False,,,,,0,0.0,Only 96 obs for 228 after cleaning — need >= 100.,,,,
231,-2.570521548439057,1.0474975282303687,-0.7250885334016027,1.0073594749498571,0.4842884221660184,True,3.108298201780549e-05,0.0007209903961100668,0.0046190674393082175,0.002855960380910496,103,,`gtol` termination condition is satisfied.,0.1452054794520547,2.331506849315069,0.0330943459609018,0.1946574072941448
232,,,,,,False,,,,,0,0.0,Only 86 obs for 232 after cleaning — need >= 100.,,,,
233,,,,,,False,,,,,0,0.0,Only 94 obs for 233 after cleaning — need >= 100.,,,,
234,,,,,,False,,,,,0,0.0,Only 88 obs for 234 after cleaning — need >= 100.,,,,
235,,,,,,False,,,,,0,0.0,Only 92 obs for 235 after cleaning — need >= 100.,,,,
238,,,,,,False,,,,,0,0.0,Only 84 obs for 238 after cleaning — need >= 100.,,,,
239,,,,,,False,,,,,0,0.0,Only 88 obs for 239 after cleaning — need >= 100.,,,,
240,-2.6285399213811305,1.10343160099001,-0.733393793751559,1.267899075980354,0.3873334717992773,True,9.526799571923639e-05,0.001236752837683472,0.00589311432524103,0.004069837451084585,109,,`ftol` termination condition is satisfied.,0.1205479452054794,2.3068493150684932,0.0188157185959142,0.1985078154944675
241,-2.6652504508473247,1.0986403014893942,-0.7132746342651237,1.0671116026897027,0.46426272227208815,True,6.069206782120704e-05,0.0010058790188396084,0.006732170945349741,0.004258030346212318,114,,`ftol` termination condition is satisfied.,0.1178082191780822,2.304109589041096,0.0111548265210234,0.1964659351229558
242,-2.7198420446074976,1.1201790811987584,-0.7366009736187,0.9356001878545707,0.4886149985419337,True,0.00017423634765623765,0.0015725855999685447,0.008199523018727306,0.005088143636514243,122,,`ftol` termination condition is satisfied.,0.1150684931506849,2.3013698630136985,-0.0009088327284226,0.1966305122462689
246,-2.6725286244638102,1.0976518820332088,-0.7183343498518818,1.0641809099246562,0.4567039700905814,True,4.0462492937965016e-05,0.0008081314351851345,0.005584032636424211,0.0035219299121340723,112,,`gtol` termination condition is satisfied.,0.1041095890410958,2.2904109589041095,0.0086292077862845,0.1966032843686158
247,-2.691654607401055,1.1056806253195344,-0.7148687948280089,1.0214050204559444,0.47723590283154343,True,4.7055737264567006e-05,0.0008646699370044423,0.005998508874209012,0.00374112064033692,118,,`ftol` termination condition is satisfied.,0.1013698630136986,2.287671232876712,0.0015923444588472,0.1999941919928359
248,-2.717379977954632,1.1068418416361563,-0.710454132808816,1.159739796259735,0.43121684858329973,True,4.384394025400912e-05,0.0008341368099983886,0.0062922277172149845,0.0038291260404653576,119,,`ftol` termination condition is satisfied.,0.0986301369863013,2.2849315068493152,-0.0016805771970572,0.1976470290856732
249,-2.7560326435379374,1.1310790697961952,-0.6986542358102554,1.3657472252742342,0.3838549048838107,True,5.6082811960155534e-05,0.0009375603859863666,0.006557067089916524,0.004050929567958156,121,,`ftol` termination condition is satisfied.,0.0958904109589041,2.282191780821918,-0.0072471217706058,0.1914862120428016
252,-2.8134975814417125,1.1355082512962722,-0.7106744306437813,1.353485859312198,0.36904205704046084,True,5.033915244463661e-05,0.0008559383126424065,0.006991149400756745,0.004194099005979365,126,,`ftol` termination condition is satisfied.,0.0876712328767123,2.2739726027397262,-0.0179307940136967,0.1936923978674423
253,-2.811848458147695,1.1331621754862136,-0.7286604133591507,1.215991064789693,0.3926070126349985,True,3.290969826012765e-05,0.0006888481697761898,0.005648473277115959,0.003499376877420723,128,,`gtol` termination condition is satisfied.,0.084931506849315,2.271232876712329,-0.017841575874211,0.1952134958586272
254,-2.8156586187543655,1.1319496968012408,-0.7413502630001609,1.148485686303151,0.4027554692843367,True,3.669327179423572e-05,0.0007416519210358838,0.005770054220406136,0.003694003068343032,125,,`gtol` termination condition is satisfied.,0.0821917808219178,2.2684931506849315,-0.0215410133241736,0.1912918188195212
255,-2.8098128578065493,1.134893640243495,-0.7400976682772388,1.2409546846616408,0.37213283093098853,True,5.9210775029896134e-05,0.001004518746926731,0.007420725716067017,0.004829325231012335,126,,`gtol` termination condition is satisfied.,0.0794520547945205,2.265753424657534,-0.0240738449624693,0.1904619230803323
256,-2.789604901296663,1.1427512854310355,-0.7053326735879546,1.3754481485329257,0.366758050075229,True,5.5641257747238664e-05,0.0009217359086381533,0.007313675700773382,0.00463661911803322,124,,`gtol` termination condition is satisfied.,0.0767123287671232,2.263013698630137,-0.02047271854858,0.1924877248687215
259,-2.8345371264441948,1.1372451561216785,-0.7919249579079009,1.0430641193595824,0.39900769285868454,True,6.966428789812032e-05,0.0009195977978359808,0.007243860020958378,0.004558008208791808,154,,`ftol` termination condition is satisfied.,0.0684931506849315,2.254794520547945,-0.0340579681327806,0.1992094951287736
260,-2.8127744423253045,1.131023234007553,-0.7763689663110822,1.1593201584997708,0.37470831478334976,True,6.18281599511148e-05,0.0008637339009471759,0.006403315642768393,0.004239685225621463,156,,`ftol` termination condition is satisfied.,0.0657534246575342,2.252054794520548,-0.0344040950739569,0.1984540663198123
261,-2.786775751235914,1.1188356929967465,-0.8062734215474857,0.9655712913444917,0.41385478479257976,True,9.151906116389264e-05,0.0010044648789233755,0.007607934996936809,0.004704886419361677,152,,`ftol` termination condition is satisfied.,0.0630136986301369,2.249315068493151,-0.0307959900986353,0.1847303692364877
262,-2.7380085832237384,1.107318368919511,-0.7811041313358578,1.0706945298492758,0.3938673291896405,True,6.0426285533137675e-05,0.0008526781026733705,0.006459911259303885,0.004133715744023755,150,,`ftol` termination condition is satisfied.,0.0602739726027397,2.2465753424657535,-0.0219855512569284,0.1931752902925125
263,-2.8133670266048596,1.1298540025485209,-0.8012414336494408,1.0621103561009566,0.38920941222421346,True,6.883258784439609e-05,0.0008670622469657413,0.00828867621806839,0.004832300252552629,162,,`ftol` termination condition is satisfied.,0.0575342465753424,2.243835616438356,-0.0395334628259886,0.1977789935033308
266,-2.7860052827102937,1.1275537277151524,-0.7778972721168063,1.209012029923478,0.3530914056045641,True,8.172694960270342e-05,0.0010671108083156872,0.006403404035621813,0.004351107613065561,156,,`gtol` termination condition is satisfied.,0.0493150684931506,2.2356164383561645,-0.0355481911398812,0.1980033419086707
267,-2.778485887909731,1.1217868999909928,-0.7659789243239815,1.2617838274133601,0.34844082631270845,True,7.36570541371427e-05,0.0009098920410849778,0.006954277307024092,0.004419900325999098,158,,`gtol` termination condition is satisfied.,0.0465753424657534,2.232876712328767,-0.0379480409101064,0.199023531046239
268,-2.749354797139833,1.120349543509351,-0.7564664869006373,1.273815852373646,0.3515578860621257,True,6.0931603604342896e-05,0.0008540182926312341,0.0060090942653680725,0.003920390599001536,157,,`gtol` termination condition is satisfied.,0.0438356164383561,2.23013698630137,-0.037390208836381,0.196043660463978
269,-2.727213411082136,1.1071960849331084,-0.7717917154164766,1.184061552458561,0.36046995250552333,True,5.4847084634272855e-05,0.0007845657568113912,0.0069777871729843,0.004181329638486556,156,,`gtol` termination condition is satisfied.,0.0410958904109589,2.2273972602739724,-0.0342324917365838,0.1994785236533851
270,-2.7506610436979666,1.112786373677468,-0.7830079671254477,1.1890063641582145,0.35308241342339375,True,7.504500060910334e-05,0.0009110588477014793,0.0073701466119240975,0.004338387447197154,158,,`ftol` termination condition is satisfied.,0.1342465753424657,2.2246575342465755,-0.0382619305085847,0.1990139196973309
273,-2.720692011036235,1.1163759208314523,-0.7657621484483171,1.2907807969985123,0.33759914944707964,True,5.2249147467929965e-05,0.0007856604129500845,0.005328701764329788,0.0032590306727152797,147,,`gtol` termination condition is satisfied.,0.1260273972602739,2.216438356164383,-0.0319887935683756,0.1995939315629391
274,-2.7716621372215005,1.1241626725327223,-0.7639514061309628,1.292879927970098,0.3385052815528578,True,6.081406773567446e-05,0.0008176436110964524,0.007231571433418344,0.004255344526943256,162,,`gtol` termination condition is satisfied.,0.1232876712328767,2.213698630136986,-0.0497501812860931,0.1919821751197385
275,-2.7636258943491216,1.1223898449016352,-0.7870490883283624,1.2553447962117954,0.3288830076357716,True,0.00010067494100119277,0.0010191422671719348,0.008568040178777648,0.005157533853023997,164,,`gtol` termination condition is satisfied.,0.1205479452054794,2.210958904109589,-0.0504852278464652,0.1997393747704765
276,-2.762134863490159,1.12760231706312,-0.7824578529397681,1.3070236783539808,0.32138208776087696,True,9.074457964612443e-05,0.0009772833061129761,0.008224492982693912,0.004875722308628594,163,,`ftol` termination condition is satisfied.,0.1178082191780822,2.208219178082192,-0.0510867552983097,0.199701704357377
277,-2.7944064887347078,1.1385608115610237,-0.7804197069978688,1.3184117186122648,0.3115406751126461,True,9.89875185983614e-05,0.0010210798990684558,0.008346906771506608,0.004990585764865732,164,,`ftol` termination condition is satisfied.,0.1150684931506849,2.2054794520547945,-0.0539633411069373,0.1966565181416937
280,-2.8064105577668292,1.1417352153904579,-0.7685961670967778,1.3474430704462197,0.3191237851996225,True,7.290222738450111e-05,0.0008943394146258356,0.007667296448268788,0.004577184696206037,165,,`gtol` termination condition is satisfied.,0.1068493150684931,2.197260273972603,-0.0552171305845114,0.1995409701317644
281,-2.8291959529207076,1.1471504917869895,-0.7852704587569208,1.2556083173891641,0.320343760656149,True,6.409395685930495e-05,0.0008144490026269968,0.00764738388201555,0.0044641154988363276,166,,`ftol` termination condition is satisfied.,0.1041095890410958,2.1945205479452055,-0.0572045713179128,0.1975382928736766
282,-2.857499726585256,1.15684395315994,-0.7612589265567457,1.3256887865398996,0.3137661627539257,True,5.5871113697583386e-05,0.0007778710565633884,0.006963107893556041,0.0041166094145119805,168,,`ftol` termination condition is satisfied.,0.1013698630136986,2.191780821917808,-0.0654146759788692,0.1927067229284045
283,-2.846904089314628,1.148460584276355,-0.7630539164644025,1.3107145300925591,0.3226016021946732,True,6.102431110798512e-05,0.0007887568010593359,0.007107294063002987,0.004239672116008981,167,,`ftol` termination condition is satisfied.,0.0986301369863013,2.1890410958904107,-0.0647708629814788,0.1940104515753415
284,-2.8501106526377,1.146570269861124,-0.7731206468834916,1.2722507179218483,0.331702655228241,True,9.082656995354472e-05,0.0009662938819353889,0.008473630739908774,0.0048751922328472905,165,,`ftol` termination condition is satisfied.,0.0958904109589041,2.186301369863014,-0.0656276894111979,0.1929920188222626
287,-2.876075929799593,1.1527739810511428,-0.7845199893158239,1.23912023426692,0.3219074276993573,True,9.037197506833187e-05,0.0009542721506708241,0.00790231627384499,0.005059278393246111,185,,`ftol` termination condition is satisfied.,0.0876712328767123,2.1780821917808217,-0.0694047175395886,0.1962732254558479
288,-2.834082780548375,1.1373901026420783,-0.7891013561772097,1.2066841280852276,0.33219581390471875,True,7.732121581293522e-05,0.0009270249692252406,0.007842644335218437,0.005011029957649868,178,,`ftol` termination condition is satisfied.,0.084931506849315,2.175342465753425,-0.0560440429699751,0.1980180235344512
289,-2.8783090646583784,1.1450530450266432,-0.7574359229347148,1.2625008196331062,0.3369933222076102,True,8.620913528892567e-05,0.000958663930234342,0.008261726683706437,0.005269593340543752,181,,`ftol` termination condition is satisfied.,0.0821917808219178,2.1726027397260275,-0.065451821651847,0.1927506147905223
290,-2.915160930561891,1.1489195841382263,-0.7151401674785577,1.4922143484360533,0.31178645921560494,True,7.396157206845179e-05,0.0008618725957836681,0.007859044492638714,0.004974802267268637,184,,`gtol` termination condition is satisfied.,0.0794520547945205,2.16986301369863,-0.0668982057957923,0.1994676419295201
291,-2.947717995397114,1.1534848087689291,-0.7325486470262569,1.433030002363186,0.31489609204640995,True,8.842066121713679e-05,0.0009550148546447753,0.008065786905168007,0.005281450528931168,181,,`gtol` termination condition is satisfied.,0.0767123287671232,2.1671232876712327,-0.0693288659222502,0.1953130444999276
294,-2.9539193253726266,1.1310250835068318,-0.7279790477140532,1.4516351170530688,0.3016169828105813,True,7.151967937633139e-05,0.0008381678538846401,0.0071484347279627825,0.004642580338048581,185,,`gtol` termination condition is satisfied.,0.0684931506849315,2.158904109589041,-0.0709612404103675,0.1997927573441419
295,-2.95782879038618,1.1168826388011404,-0.7147266734467264,1.479099019962408,0.29895971534675114,True,5.410929309904115e-05,0.0007250013479187866,0.006607226740674134,0.004192501015319923,188,,`gtol` termination condition is satisfied.,0.0657534246575342,2.1561643835616437,-0.0710671830617692,0.1999629153509126
296,-2.9461388387262057,1.095851165226032,-0.7072944597262227,1.5421383019668402,0.28668125734249456,True,6.570005797372972e-05,0.000809906525460266,0.00758075114394123,0.004740101278581922,182,,`gtol` termination condition is satisfied.,0.0630136986301369,2.1534246575342464,-0.0677441952195081,0.1968414608385988
297,-2.9474698058523163,1.090239058971149,-0.6959719239850786,1.6466604134628386,0.26621890729808423,True,6.185782512481557e-05,0.0007875931156805683,0.007392338104917331,0.00463912501720159,182,,`gtol` termination condition is satisfied.,0.0602739726027397,2.1506849315068495,-0.0684727008571196,0.1965354893608193
298,-2.948988820610529,1.0867844485537845,-0.7342527372667759,1.3604709872538474,0.3017315994360705,True,4.871183418301453e-05,0.0007048248936512596,0.0065138118235761365,0.004114354233287167,182,,`gtol` termination condition is satisfied.,0.0575342465753424,2.147945205479452,-0.0686664810779821,0.1973221173785393
301,-2.9371419261745295,1.0799578941652475,-0.7082399236725506,1.5420148023670834,0.28168535432390257,True,5.672943743405343e-05,0.000773233441953257,0.006415035326177972,0.004170531064361687,180,,`ftol` termination condition is satisfied.,0.0493150684931506,2.1397260273972605,-0.0707987141255229,0.1947899321845527
302,-2.9556693977204294,1.0870184513029577,-0.7150359411168569,1.4441860595815712,0.29564932609069794,True,5.065076446208442e-05,0.0007101696735500101,0.005790595160526577,0.0037371022805588283,189,,`gtol` termination condition is satisfied.,0.0465753424657534,2.136986301369863,-0.0793909841181601,0.1958679983483532
303,-3.0346709698902212,1.1119493967555452,-0.6920263418159964,1.4960783762159418,0.30198853288489713,True,5.996170777509606e-05,0.0007735402523822492,0.007180706171698629,0.0044990255924585035,188,,`gtol` termination condition is satisfied.,0.0438356164383561,2.1342465753424658,-0.0829662652125195,0.1992357087958064
304,-3.119389038027052,1.1201878470897921,-0.6837890047601799,1.5900365645220245,0.2857943114128953,True,6.523075323095399e-05,0.0008109821574566029,0.007005129132563604,0.004547440304177615,195,,`ftol` termination condition is satisfied.,0.0410958904109589,2.1315068493150684,-0.098746845112837,0.1997919068469049
305,-3.0945151761890934,1.1245515662163883,-0.6746934666608461,1.6327672225193925,0.27644011775382094,True,8.053330310049885e-05,0.0008699492413521316,0.007624955341844969,0.004828513777885396,196,,`gtol` termination condition is satisfied.,0.1150684931506849,2.128767123287671,-0.1024314920704952,0.1997267846277134
308,-3.0915678664850024,1.1204634373919762,-0.6765292671895448,1.6348019438074082,0.2744656705683115,True,8.256589334879989e-05,0.000872201301389045,0.008264951460561302,0.005037056882804178,193,,`gtol` termination condition is satisfied.,0.1068493150684931,2.1205479452054794,-0.1003849077833015,0.1958121534387217
309,-3.0578756166661356,1.1106643336895439,-0.676401733756765,1.6186413214863171,0.27408083284372226,True,8.667825837385443e-05,0.0009090963549613457,0.008409234597677338,0.0051450258599433025,190,,`ftol` termination condition is satisfied.,0.1041095890410958,2.117808219178082,-0.0928789753151268,0.1956187606582767
310,-3.0672342749096586,1.1212662343626385,-0.6759468064191982,1.5254495291341428,0.30173350770723784,True,9.172855436245617e-05,0.0009541437498117143,0.008856260106778624,0.005460892505203788,192,,`gtol` termination condition is satisfied.,0.1013698630136986,2.115068493150685,-0.0966426193993899,0.1994351660355821
311,-3.052494820447924,1.112772629661962,-0.6847542886643694,1.4982826282217638,0.3070585305649856,True,0.00011102391171903032,0.0010507108959260263,0.010044010120950358,0.0061797474665665165,186,,`gtol` termination condition is satisfied.,0.0986301369863013,2.112328767123288,-0.0930784557573636,0.1957573536108672
312,-2.970552827861995,1.0923753292239122,-0.6880475606543741,1.4979181229995762,0.30105105917294533,True,8.618797228077861e-05,0.0009407462753232189,0.008292201721609221,0.0051425810704083235,184,,`gtol` termination condition is satisfied.,0.0958904109589041,2.1095890410958904,-0.0817093463378896,0.1986829889215706
315,-2.9828458529097133,1.1019763091240258,-0.6893271196893269,1.4561164565528257,0.3159896540993513,True,6.274539631821124e-05,0.0007956734680027567,0.0075916720969012325,0.004607694697834039,179,,`gtol` termination condition is satisfied.,0.0876712328767123,2.1013698630136988,-0.0806058436528897,0.1983505345122614
316,-2.9030419893565402,1.0788049723292414,-0.675576820439398,1.4211997794517073,0.33418016816702334,True,6.055485220723404e-05,0.0008020337920833499,0.0072474031768659415,0.00445027253333174,171,,`ftol` termination condition is satisfied.,0.084931506849315,2.0986301369863014,-0.0647173875732827,0.1983505128845604
317,-2.9170326721461404,1.087757247095446,-0.6949389907117037,1.3609031174021728,0.3384583352468952,True,5.964974790648872e-05,0.0008013344954560152,0.007558412287573626,0.004618135740624352,168,,`gtol` termination condition is satisfied.,0.0821917808219178,2.095890410958904,-0.0668088751651972,0.1968972532454188
318,-2.9914319755252525,1.115024725161506,-0.7133448715420243,1.350691025533744,0.33471397192834584,True,9.954674748171368e-05,0.0010229814633629002,0.010570527373778955,0.006167429949715511,176,,`gtol` termination condition is satisfied.,0.0794520547945205,2.0931506849315067,-0.0816277697874296,0.1982716292330958
319,-3.0112217944774406,1.1220776162282529,-0.7068778174871779,1.3980681919041487,0.32719994198246044,True,0.00010403210257469567,0.001024670089274316,0.0115364839868515,0.006548821455169285,176,,`ftol` termination condition is satisfied.,0.0767123287671232,2.0904109589041098,-0.0832530148223607,0.1971856807256552
322,-3.036748356355474,1.1348944808470374,-0.7257462409794238,1.3268546163197172,0.3299855284870587,True,7.466027293906105e-05,0.0008741407335136833,0.009919401376760917,0.0057447954616162275,174,,`gtol` termination condition is satisfied.,0.0684931506849315,2.0821917808219177,-0.0817531531271811,0.1978393766688287
323,-2.9740464561184936,1.111093391538899,-0.7437048061343511,1.2375976479714246,0.33518353709995197,True,6.077470123641084e-05,0.0008241745240033425,0.00820489537074086,0.004872285214228475,162,,`gtol` termination condition is satisfied.,0.0657534246575342,2.0794520547945203,-0.0674040810205369,0.1967977539983383
324,-3.008058876376012,1.1224857244867426,-0.7366551946117041,1.2687213316711985,0.3389644450209148,True,8.937230736177066e-05,0.0009594720398619233,0.009871059516927214,0.005895244803487853,174,,`ftol` termination condition is satisfied.,0.0630136986301369,2.0767123287671234,-0.0807053521190847,0.1973794253726008
326,-2.931564035114934,1.0891957617424408,-0.737957606636555,1.3133726479526695,0.3199820976514633,True,6.108282262727268e-05,0.0008217800896699631,0.007190838130509702,0.00428850648486696,167,,`ftol` termination condition is satisfied.,0.0575342465753424,2.0712328767123287,-0.0718197596212757,0.1978621696393814
329,-2.935015943782835,1.0851267214953357,-0.7302810148553109,1.337078343106117,0.3230792000601121,True,6.917447854271647e-05,0.0008716922039813897,0.008196802446556246,0.004880902643851318,166,,`ftol` termination condition is satisfied.,0.0493150684931506,2.063013698630137,-0.0728728940285659,0.1988972208537336
330,-2.865686846498148,1.0591782596830384,-0.7235293766381687,1.2780866243555913,0.34249251400602115,True,4.754379037688554e-05,0.0007366320251278044,0.006308838624230518,0.003889936448097877,164,,`gtol` termination condition is satisfied.,0.0465753424657534,2.0602739726027397,-0.0685563356619293,0.1937338446019611
331,-2.9220281047431222,1.0820653429423663,-0.7243547021961938,1.2189383626518175,0.35689221452844466,True,7.113691791892985e-05,0.0008613831309163755,0.008903207663372381,0.005229098651348495,176,,`gtol` termination condition is satisfied.,0.0438356164383561,2.0575342465753423,-0.0880258263695251,0.1969533113896481
332,-3.0106368073824226,1.1137134243322055,-0.7354295302573086,1.1567930694082773,0.3698830536712043,True,8.298495351069616e-05,0.0009052361411973142,0.009411091781808984,0.005496091434379763,184,,`ftol` termination condition is satisfied.,0.0410958904109589,2.0547945205479454,-0.1017740178268692,0.1991794663341579
333,-3.050208732557498,1.131305417567953,-0.7283843941925258,1.3288023941969385,0.32470043928603987,True,8.409430493788766e-05,0.0009177074947226717,0.009489460088806469,0.005352103097369006,177,,`ftol` termination condition is satisfied.,0.1342465753424657,2.052054794520548,-0.1023579096982141,0.1990915771327288
336,-3.0588043330073784,1.137985951577643,-0.7210277512677126,1.3844702678421978,0.3159291091361724,True,7.107978390802108e-05,0.0008605219725417773,0.009250995021474298,0.005112649171021313,170,,`ftol` termination condition is satisfied.,0.1260273972602739,2.043835616438356,-0.1011757582722285,0.193691809584467
337,-3.0694641660887276,1.138347489527715,-0.7231008826042722,1.4331078014931207,0.3050345513865191,True,5.8708342168596504e-05,0.0007754882445169255,0.008261840025457838,0.004465490434743556,173,,`ftol` termination condition is satisfied.,0.1232876712328767,2.041095890410959,-0.1014786581284572,0.1994692725042333
338,-3.1080718323384224,1.1417876722517777,-0.7097672908933584,1.473185424599348,0.3105081639542967,True,6.764158484878774e-05,0.0008274435750091462,0.008631014841591239,0.00488532873783994,177,,`gtol` termination condition is satisfied.,0.1205479452054794,2.0383561643835617,-0.1066178653956242,0.1983018424366037
339,-3.1472720741229563,1.1478548223550795,-0.6986526249173255,1.4892243813429964,0.30785298684661505,True,6.465338009800856e-05,0.0008090320673676786,0.008959558405475899,0.005045788594383455,177,,`ftol` termination condition is satisfied.,0.1178082191780822,2.0356164383561643,-0.1098818387625138,0.1951144359622982
340,-3.1657632306605854,1.145605950082459,-0.7084706282019869,1.4173441351767833,0.3183949692864995,True,5.443752391252326e-05,0.000758274428970453,0.007994684354111468,0.004594435877704212,176,,`gtol` termination condition is satisfied.,0.1150684931506849,2.032876712328767,-0.1127032683530257,0.1941572380154796
343,-3.1523449896343667,1.1240493965775948,-0.704278922171127,1.4127850636193626,0.3224635236423461,True,4.5422759762087316e-05,0.0006782071700578823,0.007378661741081319,0.004142999693099882,177,,`ftol` termination condition is satisfied.,0.1068493150684931,2.0246575342465754,-0.1125413077002445,0.194616990159783
344,-3.158628892714538,1.1250252311370692,-0.7052911133770409,1.4530238216585698,0.3151517546987329,True,4.323735158906135e-05,0.0006618129900435116,0.007302803771606656,0.0040203315854149555,176,,`ftol` termination condition is satisfied.,0.1041095890410958,2.021917808219178,-0.1132739558007927,0.1937412934924609
345,-3.135066411335903,1.1164583016912617,-0.70625965612585,1.4666595767742239,0.31099900023930566,True,4.765709362107612e-05,0.0006971843370343204,0.007776960457725924,0.004405876072717222,178,,`ftol` termination condition is satisfied.,0.1013698630136986,2.0191780821917806,-0.1094882038951489,0.1971027958528119
346,-3.134840854163066,1.1342676921879127,-0.7104724215016097,1.3419295937540752,0.3371903258415323,True,4.36113968270794e-05,0.0006817276183558648,0.007975024826179466,0.004396775559747052,174,,`gtol` termination condition is satisfied.,0.0986301369863013,2.0164383561643837,-0.1146525473640851,0.1926482252799126
347,-3.144399392351251,1.1399740344699612,-0.6971938168943804,1.440541257366501,0.32726099455874613,True,7.065391495285838e-05,0.0008511479306607468,0.010512831413862103,0.005665940956160897,176,,`gtol` termination condition is satisfied.,0.0958904109589041,2.0136986301369864,-0.1142857784122752,0.1932085957919586
350,-3.159094191553358,1.1444455287350093,-0.6988242954620011,1.3943178216295042,0.3384486724967353,True,6.993832581564936e-05,0.0008201297729366426,0.00968802149860976,0.00551453071109604,192,,`gtol` termination condition is satisfied.,0.0876712328767123,2.0054794520547947,-0.1199379640469743,0.1902163141551715
351,-3.1695819829711147,1.1493129144362957,-0.7119581043096909,1.4332775866831995,0.3309009165996594,True,7.580707553111546e-05,0.0008600531030240117,0.009492399437313084,0.005581004487453476,193,,`ftol` termination condition is satisfied.,0.084931506849315,2.002739726027398,-0.1274924283655695,0.1937397033589365
352,-3.1788815219215296,1.1583988302002073,-0.7014668973331345,1.498471418751276,0.32428092145349124,True,9.616592960830224e-05,0.0017861780310762716,0.009565381323431621,0.0053258225277787435,226,,`ftol` termination condition is satisfied.,0.0821917808219178,2.997260273972602,-0.1276312335891768,0.1963121232359869
353,-3.1293979703928305,1.1311162605148157,-0.6929184156389602,1.437592212472976,0.34327343480754496,True,0.00010537935007998828,0.001202415061975126,0.010199240029822303,0.0055139204727857665,228,,`gtol` termination condition is satisfied.,0.0794520547945205,2.9945205479452053,-0.1287321986835685,0.1973598747382391
357,-3.0997670142287825,1.117810188929183,-0.6921060144730982,1.4473798330061725,0.3425855890704719,True,0.00010035274245227994,0.0012269499258574805,0.009843225209239696,0.00535212911220826,228,,`ftol` termination condition is satisfied.,0.0684931506849315,2.9835616438356163,-0.1293744738344426,0.1972484873708931
358,-3.0913475321175428,1.114913467794096,-0.696030560294228,1.398985264949826,0.35013643289149404,True,0.0001111777630921299,0.0013836433754902688,0.01058163802417574,0.00569536089191633,230,,`ftol` termination condition is satisfied.,0.0657534246575342,2.9808219178082194,-0.1272726829920102,0.1992443508298851
359,-3.0969631562085,1.1163668483428075,-0.6871372104739968,1.4727841638304424,0.3357757996262138,True,0.0001254275931208193,0.0014890487492554426,0.010655162530022192,0.005800593134738372,224,,`ftol` termination condition is satisfied.,0.0630136986301369,2.978082191780822,-0.128229102161227,0.1960258144115196
360,-3.082447210671309,1.1174057840811515,-0.7023279794712761,1.4010408751171268,0.3432738853103514,True,0.00011585480370060244,0.001429758885642615,0.010318114002378352,0.005602659724195833,226,,`ftol` termination condition is satisfied.,0.0602739726027397,2.9753424657534246,-0.126987110778548,0.1968307702888688
361,-3.0741722083679535,1.1133848579356869,-0.6941235583322753,1.4547883193986009,0.335394016974754,True,0.00011510751312025764,0.0014202862978321316,0.00966604840809454,0.005417410059795401,226,,`ftol` termination condition is satisfied.,0.0575342465753424,2.9726027397260273,-0.1263581513553437,0.1981456452407861
364,-3.0987326100380463,1.1215459413616016,-0.6872125120614756,1.5844656607677927,0.30181149108375693,True,0.00013434849939322242,0.0013681556684761473,0.009901158494102884,0.00544531350898319,229,,`ftol` termination condition is satisfied.,0.0493150684931506,2.9643835616438357,-0.13687282893287,0.1968124807774801
365,-3.1136721031293004,1.1307673337890858,-0.6864565544690081,1.475517815360056,0.33479267295916987,True,0.00010074672177246048,0.0011925423980577224,0.00950948819762595,0.005054317950748594,227,,`ftol` termination condition is satisfied.,0.0465753424657534,2.9616438356164383,-0.1361256221105563,0.1966905725126021
366,-3.1463652252961025,1.1396750157342284,-0.6874334488888348,1.4341040883328549,0.34348321941595067,True,9.0883011961375e-05,0.0011333408664567267,0.0088367949718865,0.004622135513336964,221,,`ftol` termination condition is satisfied.,0.0438356164383561,2.958904109589041,-0.1413129749526955,0.1871740832354911
367,-3.141325400041301,1.1229049604049273,-0.6905470124976262,1.4917988379479936,0.3267562316227606,True,0.00011409323106304913,0.0013272295286235996,0.00926501223014337,0.005025444559943057,225,,`ftol` termination condition is satisfied.,0.0410958904109589,2.956164383561644,-0.1400783135706175,0.1900584904200719
368,-3.13950474291049,1.130227329796006,-0.6839123530476243,1.480639079309506,0.33224543219057745,True,9.022165702892515e-05,0.0011008859791963618,0.008159288607127186,0.004412686963430996,220,,`ftol` termination condition is satisfied.,0.1150684931506849,2.9534246575342467,-0.1383854801197516,0.1942579754883414
371,-3.1339695272611765,1.1332632183617568,-0.6893186078013783,1.46775435633529,0.3340308845495088,True,9.076038017774418e-05,0.001135336575531456,0.007884929454837448,0.004317666044308813,218,,`ftol` termination condition is satisfied.,0.1068493150684931,2.9452054794520546,-0.1369086110379756,0.1967477145875118
372,-3.1556681380484473,1.1446087126125983,-0.6953934447007335,1.3673611807414319,0.3536600556055531,True,7.442770754231049e-05,0.0009268684708312288,0.007992046765444507,0.004215069556483726,219,,`ftol` termination condition is satisfied.,0.1041095890410958,2.9424657534246577,-0.1399536217250419,0.1924254369721459
373,-3.2097189318735158,1.1544723533241374,-0.7041037652461453,1.3427472866165941,0.3587392365400561,True,8.26652485042366e-05,0.0009406216265115106,0.007593545151087443,0.004137812998136604,216,,`gtol` termination condition is satisfied.,0.1013698630136986,2.9397260273972603,-0.1502762452139874,0.19860369518029
374,-3.2104211045943853,1.1609228988635152,-0.6960609752681912,1.3672058438928731,0.35544476779597467,True,6.076848654122922e-05,0.0008365048379005396,0.006833837397532876,0.0036962953062198464,215,,`ftol` termination condition is satisfied.,0.0986301369863013,2.936986301369863,-0.1481994986094032,0.18512442727179
375,-3.251706830234127,1.1747383251361454,-0.6939086601703146,1.3939922732542647,0.3511906513338152,True,8.582616938622056e-05,0.0009699257196918349,0.007957203097828207,0.004396250361903701,220,,`ftol` termination condition is satisfied.,0.0958904109589041,2.9342465753424656,-0.1548449557170207,0.1955122132866047
379,-3.261629690511977,1.1731010692317767,-0.6948806354405864,1.3781273930511249,0.3565541367710132,True,7.274877815524504e-05,0.0009059705609986376,0.0074964664331435725,0.004039868853570029,218,,`ftol` termination condition is satisfied.,0.084931506849315,2.9232876712328766,-0.1582682599783909,0.1981047675465901
380,-3.199407350403729,1.15280235554239,-0.6942303015674566,1.4078804203287603,0.3434765245918414,True,6.202358789703844e-05,0.0008657749907941702,0.006507287050234691,0.003671495956430792,211,,`gtol` termination condition is satisfied.,0.0821917808219178,2.9205479452054797,-0.1467329711507348,0.1850807427001382
381,-3.1977660620265245,1.1536462324520367,-0.6909595410473611,1.4915274990023162,0.31973727602156893,True,5.264907733927629e-05,0.0008049094322853887,0.005735955620243321,0.0033050995044171857,211,,`ftol` termination condition is satisfied.,0.0794520547945205,2.9178082191780823,-0.1453179119119695,0.1863699841117669
382,-3.1937004252465417,1.144114458379274,-0.6954522521159483,1.4232423446246374,0.34077173071242745,True,6.4704692382114e-05,0.0009164093656338426,0.006539126968776783,0.0037077560999683404,212,,`ftol` termination condition is satisfied.,0.0767123287671232,2.915068493150685,-0.1480283604334499,0.1997576784616972
385,-3.235355402297952,1.156028851914711,-0.7027930831982176,1.2750571579418348,0.3699041872330424,True,7.341557597821062e-05,0.0009795468860016067,0.006746184994745438,0.0039842639060404215,225,,`ftol` termination condition is satisfied.,0.0684931506849315,2.9068493150684933,-0.1536353053566143,0.196612751863907
386,-3.2584921633415527,1.165429468426656,-0.7127822777420657,1.1764126935673835,0.3897687260348227,True,6.477784510660918e-05,0.000864641932827568,0.0064040380155379485,0.0038087347389156277,224,,`gtol` termination condition is satisfied.,0.0657534246575342,2.904109589041096,-0.1537262623731505,0.1981470460153655
387,-3.303986549569998,1.1906559982748723,-0.7079593354921243,1.2059658749369049,0.3847284248765834,True,4.2878741035333565e-05,0.000655259390813039,0.0051227067058783665,0.002971337103173968,223,,`gtol` termination condition is satisfied.,0.0630136986301369,2.9013698630136986,-0.1542621839214449,0.1987773258937007
388,-3.347088768715337,1.1995466994115467,-0.6845087508910556,1.2450527520987114,0.3903047687100993,True,3.7639776578475736e-05,0.00064663692188903,0.004596407929834756,0.0027376180693281242,221,,`gtol` termination condition is satisfied.,0.0602739726027397,2.8986301369863012,-0.1561353136549355,0.1971485118678183
389,-3.2342876114630847,1.1494862949839109,-0.7120517102553956,1.1318909723130781,0.4043979129771736,True,3.389706104385571e-05,0.0005691650904836887,0.0028571047682795303,0.0019249499181296136,227,,`gtol` termination condition is satisfied.,0.0575342465753424,2.8958904109589043,-0.1405762048471214,0.1930586439340538
392,-3.2747151571557405,1.1649737452905016,-0.7070287160626604,1.1084547378836294,0.4261584592533314,True,1.9777910955959683e-05,0.0004898138765810951,0.0022328348591142346,0.0015491432691074297,226,,`ftol` termination condition is satisfied.,0.0493150684931506,2.887671232876712,-0.1495177111918796,0.1992618910286739
393,-3.3502107157088163,1.1738745030147795,-0.7127966382469715,1.143054930394287,0.41326620953458437,True,2.6477089819213123e-05,0.0005505830551853042,0.00311797119866911,0.0019385227830591319,224,,`ftol` termination condition is satisfied.,0.0465753424657534,2.884931506849315,-0.1615418337078509,0.1977293695557471
394,-3.3523392869076076,1.1767075345372116,-0.6911941004464965,1.20929744980939,0.40389827128241007,True,4.253691752836393e-05,0.0006957895669051924,0.0028975203413948367,0.001998824783783125,220,,`ftol` termination condition is satisfied.,0.0438356164383561,2.882191780821918,-0.1599573251206892,0.1978539807358065
395,-3.3661820347117755,1.1712342825115212,-0.6923912106243247,1.2064021717500613,0.4065482885436746,True,2.3604870237911883e-05,0.0005650735223948102,0.0035832056829753945,0.0020720154486159534,220,,`ftol` termination condition is satisfied.,0.0410958904109589,2.8794520547945206,-0.1620067871647932,0.1939666939915454
396,-3.3903248320740174,1.1801961448667462,-0.6961916166706605,1.1935094325792037,0.405948074467025,True,2.738985716724486e-05,0.0006034611470079136,0.004221489090480512,0.0023969676406473414,214,,`gtol` termination condition is satisfied.,0.1150684931506849,2.8767123287671232,-0.1651018804535079,0.1903397622182517
399,-3.418546700181935,1.1660430278889746,-0.689800257500135,1.237208127848624,0.39819688875639236,True,3.410923577768102e-05,0.0006413932591650256,0.0044094423665215175,0.0026294529031420898,218,,`gtol` termination condition is satisfied.,0.1068493150684931,2.8684931506849316,-0.17197123938566,0.1828661090010046
400,-3.443825254132849,1.1691896479275299,-0.6772153915572634,1.2430894789344038,0.4021312729014359,True,4.0048933465563906e-05,0.000690104241886188,0.005052572449195172,0.0029418339431789148,219,,`gtol` termination condition is satisfied.,0.1041095890410958,2.8657534246575342,-0.1762157559619735,0.1777421030879744
401,-3.438347571210838,1.1602827105319649,-0.6822815113351935,1.3189496095964743,0.3831329130398092,True,3.7989360382760436e-05,0.0006668688036298172,0.005103734435336321,0.0029646843148349727,223,,`gtol` termination condition is satisfied.,0.1013698630136986,2.863013698630137,-0.1740849888190802,0.1808556362234242
402,-3.432820274524435,1.158359585120788,-0.6907290014466114,1.2799909293744265,0.39005262012445924,True,3.315802802662118e-05,0.0006053649329429318,0.004780467748510846,0.002778943150848937,226,,`gtol` termination condition is satisfied.,0.0986301369863013,2.8602739726027395,-0.173944129403932,0.1803881384563525
403,-3.459486079293761,1.168676854362072,-0.6835635380679945,1.2557954466255994,0.4020900720310861,True,3.7952648043992145e-05,0.0006656740495903845,0.00472875996930282,0.0028123562938654296,219,,`ftol` termination condition is satisfied.,0.0958904109589041,2.8575342465753426,-0.1796804218129731,0.1735522795842234
406,-3.459278813722888,1.1559883008358276,-0.6708032136871589,1.3126138315524352,0.3895850237749035,True,3.9305202682750646e-05,0.000676535919709176,0.004307665238991093,0.0025837275617265525,218,,`gtol` termination condition is satisfied.,0.0876712328767123,2.8493150684931505,-0.1810105481949666,0.172812411537812
407,-3.4369510720460026,1.143478986163598,-0.6754628519204845,1.3299131154519206,0.386929111144769,True,3.737023959137107e-05,0.000681200728918595,0.004640977655714458,0.0027697622769633063,217,,`gtol` termination condition is satisfied.,0.084931506849315,2.8465753424657536,-0.1791100657639825,0.1750315912029414
408,-3.4404973953730784,1.142544585550932,-0.6859202804647289,1.2754523708276149,0.3876646381763032,True,4.0822793963517934e-05,0.0006952993409245848,0.003879548395852501,0.002344434295988583,222,,`ftol` termination condition is satisfied.,0.0821917808219178,2.8438356164383563,-0.1849882405473908,0.199408266857954
409,-3.411760466043429,1.1499073003892073,-0.695627692268824,1.190888640866367,0.4109903805154178,True,4.117778705201328e-05,0.0006333342289400443,0.0041700170900051976,0.002462585255868252,220,,`ftol` termination condition is satisfied.,0.0794520547945205,2.841095890410959,-0.1878566966457578,0.1987540126273987
410,-3.384966199886596,1.146093917203666,-0.6975453379386328,1.193908549940874,0.4151918325048744,True,4.375139301568779e-05,0.000715933688794303,0.004851264805148872,0.0026687207704604605,225,,`gtol` termination condition is satisfied.,0.0767123287671232,2.8383561643835615,-0.1910942125581016,0.197483377271064
414,-3.230758445873936,1.0926129158389195,-0.683129759520388,1.2813195394563048,0.393062802674804,True,1.5400996474560373e-05,0.0004302902442536283,0.0021685745384536024,0.0014000026778779495,225,,`gtol` termination condition is satisfied.,0.0657534246575342,2.8273972602739725,-0.1704557086117789,0.1860247799041257
415,-3.1663032363607133,1.0684651381506087,-0.6933854899290129,1.2318115286049607,0.4054036493548215,True,1.8616128690468214e-05,0.0004944298549212919,0.001895823742080276,0.0012599144731171128,230,,`gtol` termination condition is satisfied.,0.0630136986301369,2.824657534246575,-0.1635058847339541,0.1928107272852063
416,-3.1573559409179146,1.0745201513555682,-0.6929957796693582,1.2665295351649049,0.3953423614289145,True,1.6970146757595024e-05,0.00046961252843068024,0.0025750980606742977,0.0015231335579806813,226,,`ftol` termination condition is satisfied.,0.0602739726027397,2.8219178082191783,-0.1612997319499856,0.1955418455688116
417,-3.2584079262928167,1.0974167921024538,-0.6916709045604733,1.2726156693400943,0.39999062298742,True,2.9635718217080864e-05,0.0005672144851337859,0.004302680422391445,0.0024759906633678437,222,,`gtol` termination condition is satisfied.,0.0575342465753424,2.819178082191781,-0.1738635121155844,0.183476373074103
420,-3.295302247669445,1.1103617472962788,-0.6993055435372532,1.312880310413781,0.3881923187144056,True,2.324417738166118e-05,0.0005623189884723521,0.004072765735685908,0.002313223608735013,216,,`gtol` termination condition is satisfied.,0.0493150684931506,2.8109589041095893,-0.1792424769220509,0.178749930873932
421,-3.1888380671454857,1.066217846496373,-0.7053603762074456,1.322793323973217,0.37969309397819156,True,1.7906926884857604e-05,0.0005037299243786698,0.002572227075991057,0.0015583920407585654,218,,`gtol` termination condition is satisfied.,0.0465753424657534,2.808219178082192,-0.1599842354720468,0.1993001665204398
422,-3.1925363947155954,1.0761400197750075,-0.7084467844914757,1.2757617464278888,0.39021673867723927,True,1.4476727964028547e-05,0.0004631841545696546,0.00234275433421169,0.0014318819985845383,218,,`ftol` termination condition is satisfied.,0.0438356164383561,2.8054794520547945,-0.1637563124569832,0.1940153520840103
423,-3.263757494741573,1.1007500366536092,-0.6974748100089233,1.341917983255748,0.3818938622087793,True,2.3816916240512443e-05,0.0005556460627469036,0.004314639302861976,0.002334112979374736,216,,`gtol` termination condition is satisfied.,0.0410958904109589,2.802739726027397,-0.1822391670003765,0.1738675427263777
424,-3.2246364110368146,1.0851845945703702,-0.7042760057642745,1.3443551737493344,0.3749693659652141,True,3.3891244959022675e-05,0.0006182714320155479,0.004240773655138445,0.0023633390898732997,211,,`gtol` termination condition is satisfied.,0.1150684931506849,2.8,-0.174817384112025,0.1832148896233323
427,-3.167655439788968,1.0704387415182866,-0.7039672650081158,1.3367271409661443,0.37653511921136945,True,2.2549588780068568e-05,0.0005478437589150675,0.0030235737465407306,0.0017564182018215558,214,,`gtol` termination condition is satisfied.,0.1068493150684931,2.791780821917808,-0.166317517816177,0.1914038829383385
428,-3.193014342609177,1.080221663349003,-0.7071135523156025,1.3311322428004102,0.38147007670933003,True,2.504765588266294e-05,0.000555480110037225,0.003464723652369576,0.0020080765396592896,209,,`gtol` termination condition is satisfied.,0.1041095890410958,2.789041095890411,-0.175029154318667,0.182426367188589
429,-3.1645877347835563,1.0752827944757626,-0.7104207831894116,1.3469615360914722,0.37264951610357266,True,2.110634224411528e-05,0.0005315397051827072,0.0031711454094308644,0.0018378545971424651,208,,`gtol` termination condition is satisfied.,0.1013698630136986,2.786301369863014,-0.1711571229877161,0.1880606385484906
430,-3.0960977172062853,1.0540473263898884,-0.716990348379419,1.3102367203955905,0.37664428051382026,True,2.4385825734252965e-05,0.0005730662604758679,0.0029459474335013754,0.0019189408369810273,208,,`ftol` termination condition is satisfied.,0.0986301369863013,2.783561643835617,-0.154948052729083,0.1993058188718679
431,-3.136566739604513,1.070715187597326,-0.7089887719576916,1.3461379114873802,0.3758559542754284,True,3.654356945772146e-05,0.0006728986797645848,0.004027208439116393,0.00235515262464626,211,,`ftol` termination condition is satisfied.,0.0958904109589041,2.780821917808219,-0.1637653759224612,0.1979306369434001
434,-3.0851909349987836,1.0637893793559177,-0.7049506901068936,1.4243204150365343,0.35410528754621257,True,4.834637236501163e-05,0.00081540918863439,0.00384152159930494,0.0024139079543000846,204,,`gtol` termination condition is satisfied.,0.0876712328767123,2.7726027397260276,-0.155401176625439,0.1987801086543489
435,-3.028386172898392,1.0424760313701953,-0.7182060898962168,1.3168686325967223,0.3827852573595965,True,2.2164978022379785e-05,0.000564199942838167,0.0025403354749022277,0.0016043152514732073,202,,`ftol` termination condition is satisfied.,0.084931506849315,2.76986301369863,-0.1436898049134666,0.1877066799703349
436,-2.9257762182255718,1.0060451703714046,-0.7132400902120015,1.1955884056034662,0.4224863863877041,True,1.890336797049361e-05,0.0004505472090896698,0.005726549516574779,0.0023930979020113084,198,,`gtol` termination condition is satisfied.,0.0821917808219178,2.767123287671233,-0.1314574599648667,0.1946350280692692
437,-3.001856103940739,1.028077053787206,-0.7315069765576421,1.1238304707003237,0.43609614940644065,True,1.3929513158009875e-05,0.0004193839247214,0.0031221969754788624,0.0014894863233246775,200,,`gtol` termination condition is satisfied.,0.0794520547945205,2.7643835616438355,-0.1382778967402013,0.1940072217202901
438,-3.0401838305765145,1.0484755567079587,-0.7313330636079722,1.1539116432749443,0.42031889567869296,True,1.1427145760045085e-05,0.00036471255960565294,0.002400258614351857,0.0013751458080235202,200,,`gtol` termination condition is satisfied.,0.0767123287671232,2.7616438356164386,-0.142980851671713,0.1893574109287566
441,-3.1425946483625857,1.0888467192439246,-0.7219353531646094,1.1667610718797707,0.4185385236453311,True,3.136181176789074e-05,0.0005798955870249192,0.003551996185768813,0.0022106845986015005,252,,`ftol` termination condition is satisfied.,0.0684931506849315,2.7534246575342465,-0.1579586573181128,0.1974443034911405
442,-3.142057611251184,1.1039533987306847,-0.7338220964141027,1.1782545535867963,0.4021850213127246,True,4.4081734282489345e-05,0.0006317487871027325,0.0027800188719526997,0.0018809056101211062,253,,`gtol` termination condition is satisfied.,0.0657534246575342,2.750684931506849,-0.1541147354168864,0.1993012550943283
443,-3.1649345853020496,1.1205113896710703,-0.7307338657168483,1.1763848793377494,0.40488206652531156,True,4.2420016473324336e-05,0.000656817489765807,0.0037509710143253635,0.0024035069814697003,247,,`gtol` termination condition is satisfied.,0.0630136986301369,2.747945205479452,-0.1574767895201295,0.197718764107423
444,-3.22287365084084,1.1339824462477868,-0.7312342792430516,1.1434363362478273,0.41352298067390886,True,3.257366441854789e-05,0.000591343252090003,0.003773200645818136,0.0023033757121601025,248,,`ftol` termination condition is satisfied.,0.0602739726027397,2.745205479452055,-0.1667765931320854,0.194359208976172
445,-3.2215273241102524,1.1161981791002347,-0.7306385717176093,1.169249520967014,0.40645581925419455,True,4.881134027941523e-05,0.0006782308702836771,0.005113317079329621,0.0029369969012468114,247,,`gtol` termination condition is satisfied.,0.0575342465753424,2.7424657534246575,-0.1706659318388081,0.1887505623476046
448,-3.186793032070062,1.0930846749760907,-0.7368938115290773,1.2534837842239859,0.37597408849749736,True,6.452696592319871e-05,0.0008586023430998267,0.004354791420374879,0.0028311759557148692,249,,`gtol` termination condition is satisfied.,0.0493150684931506,2.734246575342466,-0.1654287543479995,0.1913349193132088
449,-3.2438731005678876,1.1126327219350562,-0.7238581108255969,1.2034419410547026,0.4061775348856919,True,5.098022239671766e-05,0.0006825550547994125,0.005040373547310705,0.0029912059866566455,244,,`ftol` termination condition is satisfied.,0.0465753424657534,2.7315068493150685,-0.1758823634490177,0.1819059604481286
450,-3.2611771417157875,1.1188119601687623,-0.7186666136025391,1.2577648621659319,0.3912898640717782,True,5.5653573409527926e-05,0.0007373295599160448,0.0052396170431721345,0.0030541109643975445,247,,`gtol` termination condition is satisfied.,0.0438356164383561,2.728767123287671,-0.1808913890736115,0.176525866924408
451,-3.2496140132600084,1.1228582410650922,-0.7221724983305106,1.2043069846020744,0.404562590025606,True,4.194529027641171e-05,0.0006716852443195001,0.00532288099669874,0.002903882232505779,250,,`gtol` termination condition is satisfied.,0.0410958904109589,2.7260273972602738,-0.1791434627088084,0.1781954916183253
452,-3.2670260906363677,1.1291247266987001,-0.7090968989872595,1.248924339823618,0.397153087672444,True,5.661534945706076e-05,0.0007466017319544342,0.005439083158284729,0.0031689028802958864,244,,`gtol` termination condition is satisfied.,0.1342465753424657,2.723287671232877,-0.1839098152318307,0.1989919292979422
455,-3.276543543830772,1.1346792626071303,-0.7170483748467323,1.2078553635136813,0.4112735038128802,True,4.819695285202989e-05,0.0007278819120868584,0.00519554570125438,0.0028732119147766824,243,,`ftol` termination condition is satisfied.,0.1260273972602739,2.7150684931506848,-0.1849033231994368,0.1974867253295122
456,-3.2763158708488205,1.1348791180003441,-0.718968314128889,1.214598155274579,0.4061094656856462,True,4.7480555362064705e-05,0.0007274569298102813,0.005175047783527297,0.002812779389439094,241,,`ftol` termination condition is satisfied.,0.1232876712328767,2.712328767123288,-0.1836298518803654,0.1987187608407738
457,-3.270147716988167,1.129833383663923,-0.7296672644633891,1.2869645834515884,0.387343547955158,True,7.137461514034065e-05,0.0008713575328808016,0.006054697629526187,0.003362137457977033,245,,`ftol` termination condition is satisfied.,0.1205479452054794,2.7095890410958905,-0.1854327960653174,0.1989434558682304
458,-3.245548059540426,1.1258766673921885,-0.7290361261391938,1.3546325704709818,0.373505759923491,True,8.21070894092971e-05,0.0008588121606519238,0.006205138900072512,0.0035093744311579496,241,,`ftol` termination condition is satisfied.,0.1178082191780822,2.706849315068493,-0.1849776051657704,0.197496291794192
459,-3.2176012197486914,1.1143418403068872,-0.725560645415115,1.3419954067163165,0.3798556002396385,True,6.183415055456514e-05,0.0007676688321073776,0.005894548949073592,0.0032379012933440626,238,,`gtol` termination condition is satisfied.,0.1150684931506849,2.704109589041096,-0.1813425514130901,0.1755017307107269
462,-3.217893493558668,1.1190225055283212,-0.731045760279034,1.332346913446951,0.3765690079989753,True,6.17244548439912e-05,0.0007997831821993736,0.00578713923668358,0.003132806094174096,236,,`ftol` termination condition is satisfied.,0.1068493150684931,2.695890410958904,-0.1782651737374155,0.1788379121142629
463,-3.1932828662564487,1.11504057128907,-0.7233189065388445,1.321763462780146,0.3782759118261662,True,5.8133151860997e-05,0.0007481414615150833,0.005773023857457291,0.00319631592369599,236,,`gtol` termination condition is satisfied.,0.1041095890410958,2.6931506849315068,-0.1692986550316413,0.1897462369072281
464,-3.2039727705781047,1.1233299630067288,-0.7260172991297168,1.3308700207783197,0.375267338206418,True,6.3149517299172e-05,0.0007893993241293995,0.0061490208901345276,0.0032722537527993716,230,,`gtol` termination condition is satisfied.,0.1013698630136986,2.6904109589041094,-0.1704883533467835,0.1891314642174179
465,-3.2126657322377734,1.1250533906047437,-0.7241085694546875,1.3306947077001485,0.3840793826009518,True,7.447590932509209e-05,0.0008282289532416832,0.007566908148822718,0.0038956343580631133,229,,`ftol` termination condition is satisfied.,0.0986301369863013,2.6876712328767125,-0.1709713440512567,0.1880916810117281
466,-3.2522990775900813,1.1435753054753086,-0.7207582996601823,1.325488937831548,0.3955048798065852,True,7.312114578515423e-05,0.0008382489399933423,0.00856654925312877,0.00432159613978107,231,,`ftol` termination condition is satisfied.,0.0958904109589041,2.684931506849315,-0.1765980093292832,0.1843120282520848
469,-3.2004347497220067,1.1247126324920893,-0.7261210449227523,1.3447955301198367,0.38156107986362287,True,8.098709405424703e-05,0.0008705635136079216,0.00795164543406762,0.004408929438102616,248,,`gtol` termination condition is satisfied.,0.0876712328767123,2.6767123287671235,-0.163639129535684,0.1993496923188244
470,-3.23595463048763,1.1461227392606514,-0.727067725639128,1.340301615833177,0.3835347600415004,True,8.093245990571738e-05,0.0008653564781770822,0.008504428503242609,0.004472921213371816,244,,`gtol` termination condition is satisfied.,0.084931506849315,2.673972602739726,-0.1690144436742789,0.194140878845651
471,-3.2907564194225043,1.1619475015797442,-0.7351428944743987,1.2944788029826937,0.39118884022581896,True,7.692277005601298e-05,0.0008767277686593768,0.00803075267397461,0.004310446333108275,245,,`ftol` termination condition is satisfied.,0.0821917808219178,2.671232876712329,-0.1809707011681912,0.1977832505070282
472,-3.294432829640165,1.166647540242229,-0.7276098059348272,1.2641475393054686,0.3977927682818143,True,6.958781494707296e-05,0.0008085691061051925,0.00814611615562027,0.004263582137841958,247,,`gtol` termination condition is satisfied.,0.0794520547945205,2.668493150684931,-0.1822224120153071,0.1998352272273857
476,-3.294772050111,1.1697620308776528,-0.7242580276857618,1.2701418752927005,0.39842441486939323,True,5.669696584874648e-05,0.0007414323067403202,0.007007509769919659,0.0038373546891015886,244,,`ftol` termination condition is satisfied.,0.0684931506849315,2.6575342465753424,-0.1826017282701004,0.1994914922042362
477,-3.311076704251311,1.172929929299099,-0.7310878848396903,1.284885615920172,0.39143608464054225,True,5.8396752317900456e-05,0.0007373879646572197,0.00613539166135161,0.003370016514074586,240,,`gtol` termination condition is satisfied.,0.0657534246575342,2.654794520547945,-0.1898515391959085,0.1976829822230188
478,-3.3352836009948983,1.188551187503629,-0.7227077449929308,1.2814814715671354,0.39452255481149157,True,5.559458806197944e-05,0.0006914357110915851,0.0062282740025979165,0.0035338199325213354,251,,`ftol` termination condition is satisfied.,0.0630136986301369,2.652054794520548,-0.1981779181397312,0.1994656229591044
479,-3.35840220778484,1.1985859872645168,-0.7156453839461732,1.2926711447729498,0.39131307952229694,True,5.090472086803077e-05,0.0006820885379363145,0.006231055448828706,0.0034492143443747877,248,,`ftol` termination condition is satisfied.,0.0602739726027397,2.649315068493151,-0.20058083520174,0.1971313260227967
480,-3.3626897951802914,1.196062582333039,-0.7088282792060903,1.2966282375232945,0.3938202968708902,True,4.290329546637616e-05,0.0006474515885423803,0.00568115618674272,0.0031475479130777763,248,,`gtol` termination condition is satisfied.,0.0575342465753424,2.6465753424657534,-0.2040364064831924,0.1935701170664727
483,-3.3205621023792076,1.1752968174092806,-0.7194282675118956,1.1978972813664717,0.4109387205621435,True,5.5753370985321544e-05,0.0007297250622727228,0.005342505019276122,0.003042519378004804,250,,`ftol` termination condition is satisfied.,0.0493150684931506,2.638356164383562,-0.2025899907755536,0.1950335677070728
484,-3.2810361549055083,1.1644516840366825,-0.7282391722843583,1.1698406835184039,0.4148618006314571,True,4.9883027143967206e-05,0.0007027533168666465,0.005033325555161028,0.002847819251841805,248,,`gtol` termination condition is satisfied.,0.0465753424657534,2.6356164383561644,-0.1983141875740274,0.1993237671752316
485,-3.2531395107684897,1.156189719741684,-0.7351940670198271,1.2448404960661466,0.39066517027630826,True,3.6055595857644475e-05,0.0005830258650856542,0.00465078239760463,0.0026080670874945706,243,,`ftol` termination condition is satisfied.,0.0438356164383561,2.632876712328767,-0.1914497196231087,0.1967087349619503
486,-3.2355082553320957,1.1520135690248596,-0.7210737653093527,1.2479106457341065,0.39433077344068224,True,3.028583967020629e-05,0.0005797815186943335,0.003527747720100245,0.0021617819341130857,240,,`ftol` termination condition is satisfied.,0.0410958904109589,2.6301369863013697,-0.185547404374886,0.1972039945648943
487,-3.238891667283325,1.1526415620165584,-0.7215804227667042,1.2272495939312764,0.4022511447634914,True,2.5751716172371743e-05,0.0005500497913115966,0.0030392229454725664,0.0019211372244850526,238,,`ftol` termination condition is satisfied.,0.1150684931506849,2.627397260273973,-0.184979919301063,0.1974353331514223
490,-3.265574719835083,1.1648770240942656,-0.7354365234655934,1.2268401838431706,0.396528200008337,True,3.34483001957862e-05,0.0005711690816305061,0.004280203670016265,0.0024945647974418117,238,,`ftol` termination condition is satisfied.,0.1068493150684931,2.6191780821917807,-0.1911592748437323,0.1967784859233536
491,-3.3026630592180894,1.1859928946317766,-0.7287637748280157,1.2450126989142491,0.3976908228028556,True,4.5698438119294406e-05,0.0006914847467810327,0.004831193083000087,0.0027478153868687807,237,,`gtol` termination condition is satisfied.,0.1041095890410958,2.6164383561643834,-0.1995821393991799,0.1981256496204268
492,-3.253219211724893,1.1698163526037217,-0.7342313946022654,1.2467084985450756,0.38975032426811185,True,5.3969406749372e-05,0.000768204222081318,0.0051100803881545045,0.0030207169974312414,237,,`ftol` termination condition is satisfied.,0.1013698630136986,2.6136986301369864,-0.1881871404446005,0.199771529227404
493,-3.283670492745753,1.1824749890941986,-0.7341316509903434,1.2685609652182552,0.3825146820795788,True,5.3394709057857e-05,0.0007215936235525786,0.0058485966393861345,0.0033140778355842024,235,,`gtol` termination condition is satisfied.,0.0986301369863013,2.610958904109589,-0.1948610630152499,0.1978637078500461
494,-3.241369652085397,1.1704040414461625,-0.7340516618713834,1.264475272271587,0.3812300061458322,True,4.53028684774817e-05,0.0006771523569372113,0.004889394721466431,0.002881403486708127,232,,`gtol` termination condition is satisfied.,0.0958904109589041,2.6082191780821917,-0.184564310224861,0.1976264357669579
497,-3.207539510885455,1.1578633618262684,-0.7407497496354146,1.2492554226498,0.37787296843809604,True,2.8819566444196124e-05,0.0005575189824933531,0.003226993268527526,0.0019986968010177546,225,,`gtol` termination condition is satisfied.,0.0876712328767123,2.6,-0.1779997027311803,0.1853537111187913
498,-3.2239065732935797,1.1715959582118638,-0.7360751907080888,1.23507599949536,0.38516597870179065,True,2.61420279379966e-05,0.0005327931069999664,0.0037030751458603565,0.0021814070107757594,223,,`ftol` termination condition is satisfied.,0.084931506849315,2.5972602739726027,-0.177999744068795,0.1855889568481765
499,-3.27682754567597,1.194818944963909,-0.7252517680760213,1.2638493085757854,0.385208315121823,True,2.7340770619169923e-05,0.0005699051712537655,0.004133695242872969,0.002331983399633748,221,,`gtol` termination condition is satisfied.,0.0821917808219178,2.594520547945206,-0.1880367477077673,0.1944261238800949
500,-3.2871359380193415,1.203377330929746,-0.7379019037833554,1.2390631842087276,0.387984066813644,True,3.913611008115941e-05,0.0006405651821714476,0.005150370546636069,0.0028029431639943732,221,,`gtol` termination condition is satisfied.,0.0794520547945205,2.591780821917808,-0.1904853497996328,0.1983999116607284
501,-3.233003111756642,1.192301375571896,-0.7309057305800226,1.256747046784478,0.38877152642707113,True,4.641393646316815e-05,0.0006959470319609182,0.00477964368522275,0.002871743525392509,216,,`gtol` termination condition is satisfied.,0.0767123287671232,2.589041095890411,-0.1806242437588441,0.184678324681868
504,-3.1888746592426584,1.1787275844912664,-0.746796071058965,1.2263700561958013,0.3829510373477737,True,2.463483583367306e-05,0.000547546546711347,0.0032075890759190044,0.0019158279017035317,221,,`gtol` termination condition is satisfied.,0.0684931506849315,2.580821917808219,-0.1700515182609971,0.1940737923401685
505,-3.2012847388385985,1.190824966343224,-0.749268200839535,1.217828100343274,0.3840304519408885,True,2.3610639305352535e-05,0.0005388013553086069,0.0032659557383980793,0.001972143455826925,214,,`gtol` termination condition is satisfied.,0.0657534246575342,2.578082191780822,-0.1688361423693773,0.1956579930474423
506,-3.2166625071194535,1.1971261710163614,-0.7439797695424082,1.2348415298723847,0.38066935252310846,True,2.583017683736131e-05,0.0005555820564960652,0.0037363847701293177,0.002198486915892086,214,,`gtol` termination condition is satisfied.,0.0630136986301369,2.5753424657534247,-0.1713050326374166,0.1936521977339858
507,-3.2917548411088595,1.2282994731104873,-0.7427443274179771,1.1790172918810398,0.40104926069024377,True,2.3421368804509483e-05,0.0004987718824077924,0.0031521996091398445,0.0019783402912929033,214,,`gtol` termination condition is satisfied.,0.0602739726027397,2.5726027397260274,-0.1789635059909486,0.1868709872539398
508,-3.3228138839010803,1.2304748939461547,-0.7374468426583617,1.16464033578484,0.40956370889165,True,2.214049878146416e-05,0.0004798270177564782,0.0024519236761015623,0.0017202243126123384,216,,`gtol` termination condition is satisfied.,0.0575342465753424,2.56986301369863,-0.1814338301862138,0.1846149286089467
512,-3.3631031429800817,1.2434640711169254,-0.7463231926191941,1.107374623762766,0.42070034031394343,True,3.35308395066294e-05,0.0006005674772593583,0.002495519909880738,0.001841132776946839,214,,`gtol` termination condition is satisfied.,0.0465753424657534,2.558904109589041,-0.1922138618505811,0.1973856872095994
513,-3.269470982583402,1.2041231218664845,-0.7510484504599936,1.1481739815057168,0.40322505567320427,True,3.221346744355486e-05,0.0005561069733403449,0.003161031755558036,0.00158121589668876,211,,`ftol` termination condition is satisfied.,0.0438356164383561,2.5561643835616437,-0.1686164914430847,0.1995273847445562
514,-3.272084839297616,1.2028407620836774,-0.748295056797785,1.147301784196429,0.40632928097194737,True,3.0938330879343626e-05,0.000554303319497197,0.003089689442987354,0.0015381147257414471,211,,`gtol` termination condition is satisfied.,0.0410958904109589,2.5534246575342467,-0.1679388642317977,0.1990635303336548
515,-3.2454827784384332,1.1965683220453196,-0.7486755500147714,1.166357476013643,0.3967403049340648,True,2.9007311168485783e-05,0.0005362848233809153,0.001390287965340886,0.0011561883326664474,199,,`ftol` termination condition is satisfied.,0.1150684931506849,2.5506849315068494,-0.1551693299081971,0.1973990223690779
518,-3.219225308810238,1.1880658283150267,-0.7539306560336542,1.1598324342423314,0.39291711020894654,True,2.3507117347785566e-05,0.00048490964762777416,0.00155061724429727,0.0012197854477361705,196,,`gtol` termination condition is satisfied.,0.1068493150684931,2.5424657534246577,-0.1469971484681483,0.1894580109619719
519,-3.229375999580367,1.1952766426508008,-0.7549956755285228,1.18167111330925,0.3834347231922367,True,2.2137555809864305e-05,0.00047972689461981587,0.001616459873825529,0.001267765747474579,196,,`gtol` termination condition is satisfied.,0.1041095890410958,2.5397260273972604,-0.1470237743339723,0.1906612483332232
520,-3.2085384848427565,1.1715632643999527,-0.7565418273037108,1.1492625089712798,0.3896386184526289,True,1.8038157926728802e-05,0.00043587952535264503,0.0014399275289592895,0.0011673690705062778,194,,`gtol` termination condition is satisfied.,0.1013698630136986,2.536986301369863,-0.1408757272497416,0.1982551530841436
521,-3.2559191067844577,1.1814476821905122,-0.7502237355351521,1.1653553685856406,0.38810842724113614,True,1.6102986993906305e-05,0.00041692896576604423,0.0017415224235862855,0.00127741320706848,194,,`gtol` termination condition is satisfied.,0.0986301369863013,2.5342465753424657,-0.149036956797414,0.1884243847692285
525,-3.1979500150556115,1.1456986189510512,-0.7531317057858209,1.1547817640631146,0.3838353236099199,True,1.5585619721372083e-05,0.0004170566624337976,0.0015113757027356322,0.0011439514131799402,194,,`gtol` termination condition is satisfied.,0.0876712328767123,2.5232876712328767,-0.1363730139762263,0.1903800243438314
526,-3.259570369226728,1.1641322418707283,-0.7435672140196455,1.1948443793634795,0.3797681226608007,True,1.1267568960562772e-05,0.00037553492485047107,0.0017920136608622706,0.0011859802877867002,196,,`gtol` termination condition is satisfied.,0.084931506849315,2.5205479452054793,-0.1504069939679429,0.1856462912686409
527,-3.151088518929617,1.1189825654683563,-0.7564934247650885,1.1474328831100749,0.38884484436777683,True,1.4566076458671943e-05,0.00044896064668803996,0.0017912032435962288,0.0011836887072362678,194,,`gtol` termination condition is satisfied.,0.0821917808219178,2.5178082191780824,-0.1315884105635405,0.1949842108443974
528,-3.085483360264236,1.1021046712869706,-0.7576922204202337,1.1315292896471416,0.39951767242084435,True,1.2446387837894486e-05,0.0004363679263691068,0.0022270825683906276,0.0012554566903088312,196,,`gtol` termination condition is satisfied.,0.0794520547945205,2.515068493150685,-0.1344550690042605,0.1919286188234629
529,-3.0945508263948387,1.115887705386196,-0.7627020075210926,1.1032368212330805,0.40896342153053944,True,1.3055907259316813e-05,0.0004392109123483453,0.0020601089630983825,0.001171340809338599,194,,`gtol` termination condition is satisfied.,0.0767123287671232,2.5123287671232877,-0.1361230529519267,0.1903472942986654
532,-3.145726443306264,1.1370598312165778,-0.7437800017376828,1.1837477067202957,0.39893032000570783,True,1.3693382847146518e-05,0.0004561024977895605,0.002065082638916222,0.0012872242047694985,230,,`gtol` termination condition is satisfied.,0.0684931506849315,2.504109589041096,-0.1449223501944119,0.1950170932593191
533,-3.1823406333863584,1.141478691066537,-0.7449720246906175,1.2174545509502344,0.38163481727174864,True,2.3454703788228992e-05,0.0004936510243712653,0.002937413270651803,0.0018691384838891466,235,,`gtol` termination condition is satisfied.,0.0657534246575342,2.5013698630136987,-0.1538066831081001,0.198710963525284
534,-3.1606545442416896,1.1401753572923086,-0.7467825236132005,1.215974375201087,0.37749895670673683,True,2.9012806325313843e-05,0.0005363505030409349,0.0035173556043143536,0.002170526560619563,230,,`gtol` termination condition is satisfied.,0.0630136986301369,2.4986301369863013,-0.1482553608697995,0.18859493075843
535,-3.133248847297091,1.134061629837888,-0.7371352788606502,1.2348059977030674,0.37956442745687646,True,4.00035143542995e-05,0.0006514754290320855,0.0037716377825750278,0.002438712667405403,228,,`gtol` termination condition is satisfied.,0.0602739726027397,2.495890410958904,-0.1451553379473825,0.1927402573271319
536,-3.0691968982700404,1.1121814292502712,-0.7442859039322561,1.225501032259047,0.3786109555676102,True,4.088512337400118e-05,0.0006662222503097184,0.0035419498517510212,0.0023735475840820676,230,,`gtol` termination condition is satisfied.,0.0575342465753424,2.493150684931507,-0.1371158172489639,0.1988101755921307
539,-3.110130049783839,1.119968796518635,-0.7408649926036568,1.155000120554696,0.406947482951902,True,4.523588290631144e-05,0.0006655660638819697,0.004053283070281389,0.002627175359187914,230,,`gtol` termination condition is satisfied.,0.0493150684931506,2.484931506849315,-0.1441213578303378,0.1922530027500577
540,-3.1514852019675232,1.1472657072237364,-0.7522605819872724,1.1111653905341539,0.41387165629264516,True,5.423824185067777e-05,0.0006883624127057189,0.004750534347691834,0.0028912576094367536,234,,`gtol` termination condition is satisfied.,0.0465753424657534,2.4821917808219176,-0.1578628463862821,0.199891344239882
541,-3.2035333726790953,1.1887973915593553,-0.7433750121403025,1.1683206585521786,0.39557533621594154,True,4.430486510234874e-05,0.0006436317776177551,0.005201066067167875,0.002970141331973402,232,,`gtol` termination condition is satisfied.,0.0438356164383561,2.4794520547945207,-0.1664469859979592,0.1979243360401546
542,-3.252742562471177,1.1923839762806074,-0.7424035007719975,1.1151980087822801,0.4039850981750256,True,4.649523221885841e-05,0.0007320957231849959,0.005183275763266869,0.003026999914300937,230,,`gtol` termination condition is satisfied.,0.0410958904109589,2.4767123287671233,-0.1747964908938291,0.1925503151965437
543,-3.3344228615745943,1.2116926804425334,-0.7338248282245473,1.1277908450670755,0.4102993625106919,True,2.2460717326107278e-05,0.0005071525540897233,0.0034060651461284975,0.0020168166702840057,229,,`gtol` termination condition is satisfied.,0.1342465753424657,2.473972602739726,-0.1889748088987632,0.1934861663910863
547,-3.335033477754838,1.2034562752348945,-0.738639227794712,1.099309690096292,0.4147779638321163,True,3.014144144664332e-05,0.0005691746779200092,0.0034299899265540857,0.0021367422340763903,228,,`gtol` termination condition is satisfied.,0.1232876712328767,2.463013698630137,-0.1860052821376319,0.1930294157200148
548,-3.322349067053252,1.1987780413865239,-0.7423358693871012,1.0816731089036755,0.41671422278716985,True,2.0834588016263344e-05,0.00048471834317915293,0.002981926274255526,0.001872459973901025,229,,`gtol` termination condition is satisfied.,0.1205479452054794,2.4602739726027396,-0.1857391347342206,0.1930298697625895
549,-3.366117366385378,1.206149198611044,-0.7196438838477762,1.0876927006880313,0.4294648444013608,True,2.760400787526674e-05,0.0005752197028344221,0.0031919784142859712,0.0019468064110276545,233,,`ftol` termination condition is satisfied.,0.1178082191780822,2.4575342465753423,-0.1967119078505763,0.1958687039748482
550,-3.3422342366042606,1.2090377227244107,-0.7293120412163543,1.0705089610613865,0.42996008748728115,True,1.6615284820578224e-05,0.0004399755556519554,0.002529588201809973,0.0014993385390350874,228,,`gtol` termination condition is satisfied.,0.1150684931506849,2.4547945205479453,-0.1900736897881063,0.1964648053748506
553,-3.2278721588092556,1.1630285034197716,-0.7464567736596271,1.0337992592172447,0.4321729097836079,True,1.1870700110259573e-05,0.0004320503498976553,0.0015283553396067896,0.0010774023671276472,228,,`gtol` termination condition is satisfied.,0.1068493150684931,2.4465753424657533,-0.177045045358594,0.1935639505524412
554,-3.1764263875687693,1.1445936127699083,-0.7405282696089059,1.100802977261834,0.41704106846738487,True,1.360496114231981e-05,0.0004167314893999123,0.0013291605034180753,0.0009212966347162846,228,,`gtol` termination condition is satisfied.,0.1041095890410958,2.4438356164383563,-0.1711620613614442,0.1994004046496455
555,-3.1750970439993167,1.1496051047524964,-0.7338627926342778,1.1054118159890727,0.4151877807026513,True,1.0435028194594809e-05,0.00041026423262187334,0.001120067832827083,0.000779008266433375,228,,`gtol` termination condition is satisfied.,0.1013698630136986,2.441095890410959,-0.1728810328941773,0.1979638756531337
556,-3.1433832888189994,1.1352977829941622,-0.7499533917901146,1.0662098705958767,0.42705344666460826,True,1.920007410898519e-05,0.000485045697619368,0.0013848594757161024,0.0010154731468097907,228,,`ftol` termination condition is satisfied.,0.0986301369863013,2.4383561643835616,-0.1685147913002852,0.1980772443299776
557,-3.180026526787752,1.1485117173117259,-0.7380076919100328,1.067556143334302,0.4314577557415839,True,1.4626849000595011e-05,0.00043139405456014886,0.0019534395979381573,0.0011855489294639169,228,,`gtol` termination condition is satisfied.,0.0958904109589041,2.4356164383561643,-0.1740308901400371,0.1971274868801058
560,-3.1156456925056157,1.140348610735868,-0.7406870243456404,1.0554002693247209,0.42936184735905436,True,1.7417570367165315e-05,0.0004216900176003281,0.0013967176208047832,0.0009130984968086606,247,,`gtol` termination condition is satisfied.,0.0876712328767123,2.4273972602739726,-0.1630526757425963,0.1962830677548337
561,-3.1830875020561336,1.1607682624452853,-0.7369829761164733,1.0442150437621647,0.43626113567719466,True,2.416277402981453e-05,0.0005321175777771756,0.002453520891234886,0.0015267930517452394,244,,`gtol` termination condition is satisfied.,0.084931506849315,2.4246575342465753,-0.180314981141887,0.1906338740577165
562,-3.1845359293408766,1.1583760868312007,-0.7376384966141472,1.0557469597992923,0.42950029024361885,True,2.014447675039806e-05,0.00048682725466026353,0.0020514324406654167,0.0014606060941519576,244,,`gtol` termination condition is satisfied.,0.0821917808219178,2.421917808219178,-0.1792940269430324,0.1905580186412381
563,-3.2620699488177882,1.1869341089954135,-0.7390139032819051,1.0166695528600433,0.4405412989887797,True,2.3111361125262045e-05,0.0005147027489616848,0.0024775099161087714,0.0017028418577685826,247,,`gtol` termination condition is satisfied.,0.0794520547945205,2.419178082191781,-0.1904136875126174,0.195166822730875
564,-3.2635868744859993,1.1896717296505175,-0.7420430845384978,1.0335661245752967,0.43353683709668817,True,2.0290138147294057e-05,0.0005006534841481264,0.0021652345736895436,0.001560851267001558,248,,`gtol` termination condition is satisfied.,0.0767123287671232,2.4164383561643836,-0.1896611599670847,0.1968465028866601
567,-3.224114750425845,1.1616413067685272,-0.7437532672789225,1.005583537840636,0.4386058900828848,True,1.0319364852854486e-05,0.00041869861200045884,0.0015364591239424323,0.000885879838540236,238,,`gtol` termination condition is satisfied.,0.0684931506849315,2.408219178082192,-0.1839250656158665,0.1945505492460404
568,-3.193839911935664,1.1476160830191597,-0.7504083267743303,0.9978216808897754,0.4391802287352632,True,1.851667074125605e-05,0.0005095218266341963,0.0018630961272802912,0.0009419400493689889,239,,`gtol` termination condition is satisfied.,0.0657534246575342,2.405479452054794,-0.1784604828881765,0.1877589003848217
569,-3.1083017279186906,1.1132347000029126,-0.7666378925782543,0.9485045657093618,0.4494443723322404,True,1.5818940932040877e-05,0.0004173030763029633,0.004912819367216668,0.0018778061300098031,239,,`gtol` termination condition is satisfied.,0.0630136986301369,2.4027397260273973,-0.1621168810870017,0.196969209838534
570,-3.110574934122174,1.1064263619143797,-0.7662975044492785,0.9202852706059713,0.4610806010355498,True,2.1448493339784733e-05,0.00046532761075454305,0.006316639861421471,0.0024368078037006876,240,,`ftol` termination condition is satisfied.,0.0602739726027397,2.4,-0.1609251614535197,0.1986244342010582
571,-3.109471061841375,1.100713290645022,-0.7595899863068919,0.9275356966511706,0.4590740385806323,True,3.00836832600403e-05,0.0005139689852359465,0.010475253816357442,0.003595937880099828,237,,`gtol` termination condition is satisfied.,0.0575342465753424,2.3972602739726026,-0.1537672123858134,0.1975566206846747
574,-3.136534397407293,1.1138805695877685,-0.766191805701669,0.9279984655082859,0.45574045564481075,True,2.657263460590771e-05,0.000509477707372097,0.009743574028418142,0.0036320917930475404,226,,`gtol` termination condition is satisfied.,0.0493150684931506,2.389041095890411,-0.1468117275866326,0.1952039521176924
575,-3.0422822446026734,1.0831809116308444,-0.770447967871913,0.9351674183318767,0.4454091898885217,True,3.1196951135281555e-05,0.0005987098843354424,0.00964251822337522,0.0036931823533914374,219,,`ftol` termination condition is satisfied.,0.0465753424657534,2.3863013698630136,-0.1227349901424638,0.1972937446690954
576,-3.047707663131785,1.099909545941396,-0.7622326601022301,0.9389402517611454,0.4450611348738695,True,1.4700072333009658e-05,0.00041947694039806585,0.006144505147559893,0.0023891133299540584,217,,`gtol` termination condition is satisfied.,0.0438356164383561,2.3835616438356166,-0.128189780295763,0.1989226052049638
577,-2.8149576094644395,0.9943329073571759,-0.7731707621612507,0.868990157131559,0.47541988906078886,True,0.00010264741470533968,0.0009911602014900725,0.01819780279182611,0.007542388053256348,202,,`ftol` termination condition is satisfied.,0.0410958904109589,2.3808219178082193,-0.0852172401275962,0.1958610941927515
578,-2.754504282540483,0.9750905489303235,-0.7760690349495015,0.8824500260134591,0.4609780212155768,True,3.946276814812621e-05,0.0006422271533054818,0.005364943229390017,0.003025043591608422,195,,`ftol` termination condition is satisfied.,0.1150684931506849,2.378082191780822,-0.0833378939862345,0.1973156948730182
581,-2.4476484250836608,0.8452362696564583,-0.8331189949198786,0.8398178475600431,0.4472490244934872,True,0.00022757565994163757,0.0017839328460190773,0.015123035192047983,0.007942476804484339,141,,`gtol` termination condition is satisfied.,0.1068493150684931,2.3698630136986303,-0.0098599891565735,0.1930547587595754
582,-2.7210840671426446,0.9669922625003359,-0.7696799377239762,0.7647582062849866,0.5371957456392972,True,7.713441674689551e-05,0.0009121756287341327,0.009467242223682617,0.00487451379109474,179,,`ftol` termination condition is satisfied.,0.1041095890410958,2.367123287671233,-0.0622061749270925,0.1928192969648647
583,-2.5357149457838166,0.8769519541347591,-0.804529557686377,0.8090649672136999,0.49004255051430023,True,0.00021923083942822444,0.0017027424424388305,0.013391169375123491,0.007488353321315664,149,,`ftol` termination condition is satisfied.,0.1013698630136986,2.3643835616438356,-0.0214060492610394,0.1984465892948668
584,-2.6407432323616407,0.9315026581587642,-0.7457000334772268,0.7606851934100693,0.5699078566060068,True,0.0002900541634343447,0.0017947342791867849,0.014565783789116963,0.008274411539866886,179,,`ftol` termination condition is satisfied.,0.0986301369863013,2.361643835616438,-0.0599823847782937,0.1952664635526884
585,-2.6925262139933914,0.9298738517828652,-0.7683392175711186,0.7753340806643251,0.535103360852802,True,0.00012062190882375845,0.0011214787189370908,0.011145959618583473,0.005883519653390449,185,,`ftol` termination condition is satisfied.,0.0958904109589041,2.3589041095890413,-0.0676161837723166,0.1976613754008031
588,-2.7944022332212635,0.9634396568654944,-0.7735227744521465,0.8204178041629572,0.506344117383293,True,4.400750911058891e-05,0.0006780643498182094,0.006647457461292855,0.0036094691022713044,193,,`gtol` termination condition is satisfied.,0.0876712328767123,2.350684931506849,-0.0824183304721295,0.1985347839794451
589,-2.783934819628391,0.9609090099763274,-0.7723948970946443,0.8219208710576751,0.49838867227881084,True,4.506350910180738e-05,0.0006871507613806446,0.007012703095572086,0.0036716289627287905,188,,`gtol` termination condition is satisfied.,0.084931506849315,2.347945205479452,-0.0789378044812361,0.1940293448023259
590,-2.813137800001961,0.9603713831671754,-0.7734241978666059,0.8283104200225032,0.4945726621777083,True,2.2299097512275196e-05,0.0005290613236736353,0.003414194149133987,0.0020410054192723974,185,,`gtol` termination condition is satisfied.,0.0821917808219178,2.345205479452055,-0.0767932435207467,0.1955464583258813
591,-2.601607302875961,0.8733746123194164,-0.7750138479155545,0.7790895716781452,0.531245519243263,True,0.0001268312950256146,0.0012366318809342483,0.011406962545058174,0.00644863769512864,161,,`ftol` termination condition is satisfied.,0.0794520547945205,2.3424657534246576,-0.0387833358088668,0.1988780896680262
592,-2.5394395395408296,0.8515881150171029,-0.7926181380945697,0.7972090704455218,0.5119308735532615,True,8.97272887047252e-05,0.0011041259279700596,0.009234276090376773,0.005080791729971244,145,,`gtol` termination condition is satisfied.,0.0767123287671232,2.33972602739726,-0.022161696335846,0.199602003305484
595,-2.5286026641717525,0.8449466648713734,-0.8061918050862981,0.7797206937001698,0.5075702001833343,True,5.783455413616601e-05,0.0009081548787710666,0.0077927276448855965,0.00437425805422161,143,,`gtol` termination condition is satisfied.,0.0684931506849315,2.331506849315069,-0.0209604390573996,0.1986280287735177
596,-2.647037200171853,0.8971212924614874,-0.7674539857606851,0.8704747890338731,0.4984262957239659,True,3.4663213014300755e-05,0.0006756605207623555,0.0036987852996456846,0.002158693572907192,171,,`ftol` termination condition is satisfied.,0.0657534246575342,2.328767123287671,-0.0521177207752328,0.1990120534721701
597,-2.6439802790928026,0.9069030706515074,-0.7667214323451017,0.9767421084288027,0.45355985914163677,True,2.5328116131715422e-05,0.0005454854501055378,0.002920385790784986,0.0016441454812415985,176,,`gtol` termination condition is satisfied.,0.0630136986301369,2.326027397260274,-0.0626338708735384,0.1917054069887913
598,-2.58499047798766,0.8731817923712077,-0.7579667801643015,0.9274997960657917,0.4910089640686996,True,4.949111296858121e-05,0.0007849487371030979,0.009187769782924985,0.004075302141221527,169,,`ftol` termination condition is satisfied.,0.0602739726027397,2.3232876712328765,-0.0511248781957136,0.1961870770571412
599,-2.652192820365435,0.9138462970795055,-0.7667499246069366,0.9699955532223178,0.46653493319875206,True,2.0252686852288253e-05,0.0004891093862827863,0.004403350304812913,0.002060341266938786,179,,`ftol` termination condition is satisfied.,0.0575342465753424,2.3205479452054796,-0.0655324799063235,0.1980281122525597
602,-2.731346368160096,0.943900459191181,-0.7575925302512375,0.9473126517962048,0.48377570188049884,True,2.3019881470875354e-05,0.0005631080044761279,0.0033725691471869486,0.0017608221557114461,193,,`gtol` termination condition is satisfied.,0.0493150684931506,2.3123287671232875,-0.092413931152367,0.1959102558521395
603,-2.6981259411949403,0.929400742568541,-0.7523738880837033,1.0304445495333807,0.43944236369581463,True,1.3545769969411814e-05,0.00044379164337784137,0.0022268619690737146,0.0010782158176711341,191,,`gtol` termination condition is satisfied.,0.0465753424657534,2.3095890410958906,-0.0896751243317933,0.1990455984328785
604,-2.7419067694094332,0.9379102573145687,-0.7381827993329525,0.9747381786806679,0.4639410820891198,True,2.4097900582371725e-05,0.0005375634249735658,0.0018527444959913844,0.0011273095615428783,203,,`gtol` termination condition is satisfied.,0.0438356164383561,2.3068493150684932,-0.0984066055447386,0.1967832371380314
605,-2.702674704228992,0.9204412974463098,-0.7646208274783463,1.0245413737268412,0.4219533860778376,True,4.802138882253765e-05,0.0007447821413242617,0.0025232071293052063,0.001766744515439923,191,,`ftol` termination condition is satisfied.,0.0410958904109589,2.304109589041096,-0.086761909809946,0.1921296193606279
606,-2.6301486109894596,0.9020492802404095,-0.7702307673506863,0.9922890392620477,0.4340635684714569,True,2.6646612676033058e-05,0.0005703024234229465,0.0017107500350724467,0.0013164039968100196,165,,`gtol` termination condition is satisfied.,0.1342465753424657,2.3013698630136985,-0.0600253521467046,0.1936695614299295
610,-2.5999137173456686,0.8783456816423812,-0.7619866850634878,0.9516648290753356,0.46519601136158445,True,3.095780582007132e-05,0.000653599324479532,0.0017109279202483618,0.0012590122765002302,163,,`gtol` termination condition is satisfied.,0.1232876712328767,2.2904109589041095,-0.0550478616753738,0.1984611098673823
611,-2.6846486130213556,0.9136744310256932,-0.7522111826328903,1.0089956089454932,0.44425089321696587,True,1.3203538237638277e-05,0.0004522828325307799,0.0013568191055337185,0.001050105285537003,185,,`gtol` termination condition is satisfied.,0.1205479452054794,2.287671232876712,-0.0847589422032342,0.1952466163450687
612,-2.6460583323550617,0.8997558012217234,-0.7500181207043891,1.0237295671005597,0.436164991676217,True,2.574079270741743e-05,0.0005979804762204139,0.001203317277420898,0.0008864507975229241,176,,`ftol` termination condition is satisfied.,0.1178082191780822,2.2849315068493152,-0.0734611652399817,0.1984180296176175
613,-2.5316351760133844,0.8552524842541288,-0.7580765040478648,0.9701435203663672,0.45088481266181374,True,3.447146677201665e-05,0.0007239408269306135,0.003067190964519329,0.0018635454526224821,161,,`ftol` termination condition is satisfied.,0.1150684931506849,2.282191780821918,-0.0501744994405222,0.1993985449793908
616,-2.509253817538316,0.8510093736699079,-0.7611554072135842,0.9675918429276406,0.4544559943023399,True,4.079776327313443e-05,0.0007745596249119143,0.0016202582487691308,0.0011960185134187542,163,,`gtol` termination condition is satisfied.,0.1068493150684931,2.2739726027397262,-0.0541003560317191,0.1998475716777108
617,-2.5274157092017666,0.859706107222675,-0.7436443732659668,1.0806362065391206,0.40924426068612807,True,3.2414680222631496e-05,0.0006697095182080041,0.002387110063120801,0.0015784857463393882,166,,`ftol` termination condition is satisfied.,0.1041095890410958,2.271232876712329,-0.0619499134584144,0.192456049828774
618,-2.547662750953433,0.8857522444805015,-0.7598114867633694,1.0129640841872607,0.4222418166924003,True,1.9306500476019413e-05,0.0005481066278566744,0.0019460254779438031,0.0010414508536431178,179,,`gtol` termination condition is satisfied.,0.1013698630136986,2.2684931506849315,-0.0750231707074218,0.1965130155060599
619,-2.6163351310819936,0.9120585565426064,-0.7379160155113949,1.0226197317125931,0.4394923126897974,True,3.2947099396191915e-05,0.0006501082647824186,0.004401038500503883,0.002245254679795705,186,,`gtol` termination condition is satisfied.,0.0986301369863013,2.265753424657534,-0.0921233382323996,0.1941313157121905
620,-2.645650625716884,0.9294871817096589,-0.7411735019674143,0.9612217173903036,0.46721458126563153,True,3.83597370345853e-05,0.0006805536776316807,0.005261332306685502,0.0026663236560253035,187,,`gtol` termination condition is satisfied.,0.0958904109589041,2.263013698630137,-0.0981994695827991,0.1984642883039909
623,-2.595611220430634,0.9129102026420429,-0.7463097514378153,1.0104951883141304,0.4356474768682207,True,4.204733363145479e-05,0.0006229436727516568,0.0036429677050386954,0.0021370946498991744,230,,`ftol` termination condition is satisfied.,0.0876712328767123,2.254794520547945,-0.0873033364480382,0.1922378475769441
624,-2.5961134531095027,0.9146450927821093,-0.7526819018623235,1.0191566298797448,0.42625903712813845,True,3.742721277988759e-05,0.0006136264119074307,0.0033876271535616645,0.0020648620600868485,227,,`ftol` termination condition is satisfied.,0.084931506849315,2.252054794520548,-0.0859691594914,0.1931660577436903
625,-2.498474682486301,0.8779859104092115,-0.7757694386202239,0.9646379385426751,0.432790152954277,True,2.3008385608841062e-05,0.0005173385469515428,0.0020752542369778374,0.0014426698962755492,202,,`gtol` termination condition is satisfied.,0.0821917808219178,2.249315068493151,-0.0535410183558492,0.1967102942460543
626,-2.3966445521464492,0.8452103518177848,-0.7541456611497722,0.9899365442972922,0.443678907650607,True,2.3746245587111315e-05,0.0005372727419906944,0.0012814059018063887,0.0010432518613801196,177,,`gtol` termination condition is satisfied.,0.0794520547945205,2.2465753424657535,-0.0265976704290085,0.1966828735009557
627,-2.3913211391171894,0.8520393670760041,-0.773439298956726,0.936115708262989,0.45723913180189385,True,2.593368856397611e-05,0.0005730619867223384,0.0020247702227990153,0.0012955339721447488,181,,`gtol` termination condition is satisfied.,0.0767123287671232,2.243835616438356,-0.0317629027591511,0.1969778079640816
630,-2.435426753456711,0.8748559729011812,-0.768630465076782,0.9674886392744264,0.4488998642841415,True,3.1992007005942004e-05,0.0006024214801239508,0.0013853018719930965,0.0010798062108798336,206,,`ftol` termination condition is satisfied.,0.0684931506849315,2.2356164383561645,-0.0553056885028016,0.1999650228762612
631,-2.4651834685042817,0.8817867873655819,-0.7688997056224578,0.9686599345283232,0.44067839156017014,True,2.4617272282021323e-05,0.0005432059231529396,0.0014546348586584616,0.0010997865156177858,210,,`ftol` termination condition is satisfied.,0.0657534246575342,2.232876712328767,-0.0630175715518465,0.1986140186056189
632,-2.37943843854484,0.8500145643285122,-0.7492183379944215,1.0269010707795003,0.43821397092468634,True,2.9565584164947337e-05,0.0006248299752792681,0.0017177630871970991,0.001250481975488066,196,,`gtol` termination condition is satisfied.,0.0630136986301369,2.23013698630137,-0.0476206493847106,0.1991598789219443
633,-2.4283481357606824,0.8719734511061075,-0.7564324361075748,1.0182194009681158,0.4346893431526653,True,3.0354467309445244e-05,0.0006204127542180027,0.0021713014291814396,0.0013164941552401212,198,,`ftol` termination condition is satisfied.,0.0602739726027397,2.2273972602739724,-0.0547464164023543,0.1959712810079045
634,-2.313031046448712,0.8287256292532116,-0.734934668740925,1.0822600018840112,0.4172435253362172,True,2.217341782397493e-05,0.0005522345985041371,0.001974792340352366,0.0012375793494090114,177,,`gtol` termination condition is satisfied.,0.0575342465753424,2.2246575342465755,-0.0273501433790361,0.1998840762484535
637,-2.2013570986977724,0.8110589718875141,-0.7638837380820473,1.0430491706159664,0.40031270711285666,True,3.258632444093499e-05,0.000705520964293194,0.0019445767795471993,0.0013862043141690842,145,,`gtol` termination condition is satisfied.,0.0493150684931506,2.216438356164383,0.0078031309977164,0.199151850173356
638,-2.292845258958782,0.848277485239279,-0.7562066102193903,1.065181927883704,0.39689558187497154,True,4.11914172535914e-05,0.0007207035427521103,0.004229464396872924,0.002265213981614367,163,,`ftol` termination condition is satisfied.,0.0465753424657534,2.213698630136986,-0.0165440731583879,0.1939119894441835
639,-2.3585113629012966,0.8718404854573761,-0.7613085202178751,1.0884272101208068,0.37560844993655607,True,5.857769700102224e-05,0.0008135641372912665,0.006430260626177029,0.003492073953877543,179,,`ftol` termination condition is satisfied.,0.0438356164383561,2.210958904109589,-0.035630359456271,0.1976993638368931
640,-2.400461812638768,0.8892779258937883,-0.763210086616809,1.0924294462662816,0.37221665125858727,True,6.97658036712452e-05,0.0008479216624519907,0.00731628213991393,0.003943167338581638,200,,`ftol` termination condition is satisfied.,0.0410958904109589,2.208219178082192,-0.0531966388141404,0.1996885561777269
641,-2.3858182193468385,0.8935285668352323,-0.7499921612776203,1.1218866021020402,0.37707939341861213,True,7.393347170828345e-05,0.0009101985920073867,0.004927078096779063,0.0031869594949147065,186,,`ftol` termination condition is satisfied.,0.1150684931506849,2.2054794520547945,-0.0508662524752764,0.1972322453623588
644,-2.488798388516814,0.9265447165622152,-0.7542351012190046,1.1224940527819955,0.3821314657184891,True,8.410957596178984e-05,0.0009323497637073298,0.005640775391949687,0.003427847036652128,208,,`gtol` termination condition is satisfied.,0.1068493150684931,2.197260273972603,-0.0797771900151296,0.1969996029870592
645,-2.4972531012185204,0.9329806887005756,-0.7580120908785841,1.1131755615799763,0.38102503251795045,True,8.673525775674824e-05,0.0009403537729323869,0.005798702066202438,0.00359071835819159,208,,`gtol` termination condition is satisfied.,0.1041095890410958,2.1945205479452055,-0.0780544611008508,0.1988065934246655
646,-2.5707151520298117,0.9663162427616065,-0.7595772064414128,1.0751247425729635,0.39770747567061016,True,6.251692868793957e-05,0.0008043735458403066,0.004888376215263781,0.0030647466141729505,208,,`ftol` termination condition is satisfied.,0.1013698630136986,2.191780821917808,-0.0847175995400961,0.1925103424802584
647,-2.579627520948822,0.9691578954375919,-0.7741466788333293,1.0458409335121013,0.40094674824365606,True,7.857027685923026e-05,0.0008746832670278074,0.0055771257685550725,0.0034257827113572626,208,,`gtol` termination condition is satisfied.,0.0986301369863013,2.1890410958904107,-0.0851360150554497,0.1997604555118572
648,-2.66422140933555,1.0081193812270426,-0.7793552562278904,1.010895296271676,0.4206932572277322,True,7.399065671161967e-05,0.0008518735831028033,0.005717488359528929,0.003499790329314731,219,,`gtol` termination condition is satisfied.,0.0958904109589041,2.186301369863014,-0.1030917236619223,0.1993986189489487
651,-2.56436419168466,0.9673691099874335,-0.7643439483778713,1.0071374180661976,0.43107042493383335,True,3.10965223743808e-05,0.0006270366146519942,0.002690003131445888,0.001795677181660621,204,,`gtol` termination condition is satisfied.,0.0876712328767123,2.1780821917808217,-0.0823743987596002,0.1949946271710741
652,-2.6153675209040483,1.0037484933739116,-0.7669320072409901,0.9655714396827496,0.45356032323337386,True,3.005136678110981e-05,0.0005701396211572978,0.0026994162010945755,0.0017560209564294158,216,,`ftol` termination condition is satisfied.,0.084931506849315,2.175342465753425,-0.1047281916142846,0.1964217548218839
653,-2.526757004113301,0.964116365309458,-0.7751072857265413,0.9546045251551958,0.4527880471193561,True,2.083796538860466e-05,0.0005153042519053108,0.0015411837711795644,0.0010670993035643583,210,,`gtol` termination condition is satisfied.,0.0821917808219178,2.1726027397260275,-0.0927463373982694,0.1971977550011125
654,-2.520112394779008,0.965235563535531,-0.7749478847557663,0.9641867238972838,0.4487290385549505,True,1.8215373290564083e-05,0.0005059943201516018,0.0014745172292673938,0.0010180040783225907,214,,`gtol` termination condition is satisfied.,0.0794520547945205,2.16986301369863,-0.0953104943313045,0.1990990514175997
655,-2.610167325795691,0.9966412348765448,-0.7517815231414954,0.9986854927123718,0.44916635363571356,True,3.1671218739781566e-05,0.0006265826549425814,0.002484055227196023,0.0016891713942864697,224,,`gtol` termination condition is satisfied.,0.0767123287671232,2.1671232876712327,-0.1143025681099312,0.1956407660295155
658,-2.675628479752801,1.0296751628040606,-0.7508282749140169,0.993152602123136,0.44486740485073895,True,3.096362403035133e-05,0.0005405012283642011,0.0020896029134663723,0.001424211893915694,248,,`gtol` termination condition is satisfied.,0.0684931506849315,2.158904109589041,-0.1246691610106024,0.1980216145550473
659,-2.6126358033391957,0.9929814388536772,-0.7605040426878958,0.9053019749673494,0.48466721289278014,True,4.809509768822965e-05,0.0007152986738235548,0.0023430071277419995,0.0015822276362114419,240,,`ftol` termination condition is satisfied.,0.0657534246575342,2.1561643835616437,-0.1054240973444332,0.1996219644012555
660,-2.6767803085470625,1.0181925491687205,-0.7476149046448104,0.927661853339336,0.48088264567684696,True,3.735506994072385e-05,0.0006296590000015807,0.0019115562615917296,0.0013160802854983627,238,,`gtol` termination condition is satisfied.,0.0630136986301369,2.1534246575342464,-0.1167323869632219,0.1930243165760597
661,-2.8604402439301584,1.083983656470799,-0.7530680370514246,0.8931101950632808,0.501208786210065,True,6.684437675175313e-05,0.0007805732750683479,0.0024794757319067107,0.0017255102070339082,252,,`gtol` termination condition is satisfied.,0.0602739726027397,2.1506849315068495,-0.1498709520692266,0.1985724578476597
662,-2.8813843416013682,1.0945809331342664,-0.750875936698779,0.9365057077230483,0.4818336878462352,True,5.06435103916954e-05,0.0006115714739451691,0.002463973267269618,0.0017197666984378487,250,,`ftol` termination condition is satisfied.,0.0575342465753424,2.147945205479452,-0.149711126113184,0.1921160326350433
665,-2.741004094549644,1.0226404556493214,-0.7411040872656955,0.9301879311064151,0.4869386462797644,True,7.540656916552117e-05,0.0008084760440309233,0.004945818717976071,0.003051725550074149,242,,`ftol` termination condition is satisfied.,0.0493150684931506,2.1397260273972605,-0.1258302775422593,0.1969020508469113
666,-2.583344993848193,0.9943961742685565,-0.7568487172265391,0.934930986665117,0.4970028935967778,True,0.0001034322131800773,0.000985619504433616,0.006254092074572294,0.003530186633239205,236,,`ftol` termination condition is satisfied.,0.0465753424657534,2.136986301369863,-0.1056286175977467,0.1977212855015837
667,-2.609186409796108,1.0029969309808708,-0.7511856235233688,0.9505974820461922,0.49344109292528865,True,7.250538606539593e-05,0.0008331291758509509,0.004272231681303987,0.0025872010537064793,238,,`ftol` termination condition is satisfied.,0.0438356164383561,2.1342465753424658,-0.1138567168793765,0.1989653622926438
668,-2.668586438649551,1.0287681802316102,-0.7654721158837852,0.9428903157718401,0.4851295726588902,True,7.05102500221957e-05,0.0007308983224947175,0.003406649337328062,0.002253504790018763,247,,`ftol` termination condition is satisfied.,0.0410958904109589,2.1315068493150684,-0.1313879772877503,0.1960110066393064
669,-2.658835200114565,1.0334705809014262,-0.7753345644743012,0.9136869996649795,0.4915477146397546,True,6.374871554180934e-05,0.0007508770880523298,0.0025742253612451044,0.0019227326865373004,237,,`gtol` termination condition is satisfied.,0.1150684931506849,2.128767123287671,-0.1274328609555355,0.199451339617197
672,-2.6736665115141705,1.0431662747961843,-0.7664159261077708,0.9321366529842681,0.4976556169679975,True,0.00010292664423355542,0.0009260642599548213,0.00339571990852691,0.0024707971838644482,239,,`ftol` termination condition is satisfied.,0.1068493150684931,2.1205479452054794,-0.1305497816020928,0.1955264241217755
673,-2.7203316406919575,1.0665258939251807,-0.7635749595461696,0.9867298944265604,0.4750706032447243,True,5.63456514596842e-05,0.0007102166175034858,0.0024914489041945893,0.0017563208910141197,244,,`ftol` termination condition is satisfied.,0.1041095890410958,2.117808219178082,-0.1437859892255509,0.1979888117152674
674,-2.5072813094458546,0.9747961043612016,-0.7667762379718964,0.9699065277136985,0.48514438646553193,True,0.00011489823130473637,0.0010224849828617086,0.005053943500553813,0.003224617971522664,229,,`ftol` termination condition is satisfied.,0.1013698630136986,2.115068493150685,-0.1073861340831783,0.1987762016046914
675,-2.5678959611537593,1.0008814262532892,-0.7762266102708167,0.9503843412645998,0.48995994420453676,True,9.798022342266297e-05,0.0009534128880616129,0.003201323222081312,0.0023754142640215526,229,,`gtol` termination condition is satisfied.,0.0986301369863013,2.112328767123288,-0.1166115922567298,0.1926281709849321
676,-2.63877722361781,1.03800237512505,-0.7693551339873926,0.9411345025344726,0.4954657638615067,True,0.00010401561542484249,0.0009672907954679548,0.003052547517490931,0.0023226601109918427,238,,`ftol` termination condition is satisfied.,0.0958904109589041,2.1095890410958904,-0.1336167940024242,0.1981941710706631
679,-2.5989740120997205,1.0230927569373975,-0.7662843593149452,0.967189109974552,0.4963707837064246,True,0.00016456349430773635,0.0011808994145981078,0.0040848041234091146,0.0029496092375025096,233,,`ftol` termination condition is satisfied.,0.0876712328767123,2.1013698630136988,-0.1255907933199079,0.1985106107222372
680,-2.5899803031260076,1.0254050591880943,-0.7672997229047402,0.9661217585233801,0.4762023933836146,True,0.00011774441910979256,0.0009951737342440497,0.003250882049596539,0.0024731743641017087,235,,`gtol` termination condition is satisfied.,0.084931506849315,2.0986301369863014,-0.1279139477394719,0.19499398768668
681,-2.5118578862668826,0.9971589639734584,-0.7405288344805309,1.0513136748679308,0.45656338350058995,True,0.00011082595201234398,0.0010082974686246933,0.003485906564801347,0.0025988726859753207,227,,`ftol` termination condition is satisfied.,0.0821917808219178,2.095890410958904,-0.1117044239305835,0.1955477587955979
682,-2.4544251960876826,0.9921064362750409,-0.7559316991174942,1.0193651551485505,0.46288158863368334,True,0.00015260609256227196,0.0012601682038533325,0.004180168673826505,0.0031487077415562866,217,,`ftol` termination condition is satisfied.,0.0794520547945205,2.0931506849315067,-0.0984054296641484,0.1939140954929265
683,-2.4613800065265914,0.9963617652941791,-0.7668028543871713,1.0524057518824383,0.4318976242987811,True,9.660249046494766e-05,0.001010666605341085,0.00401195864430529,0.0026253924346505446,213,,`ftol` termination condition is satisfied.,0.0767123287671232,2.0904109589041098,-0.0966318623617862,0.195436979238633
686,-2.4343995975188184,0.9372956582166384,-0.6923467199410078,1.1074072444634444,0.44573834924786027,True,0.000555272072625447,0.0025897044599768933,0.007549105708535071,0.004972394247957718,199,,`ftol` termination condition is satisfied.,0.0684931506849315,2.0821917808219177,-0.077718023124078,0.19733085930418
687,-2.4422002335327657,0.9747542256947204,-0.8147780649285504,0.9921979453998396,0.4038714007651055,True,6.190041459052597e-05,0.0008158168191118725,0.004213156984078349,0.0024665802244736162,195,,`ftol` termination condition is satisfied.,0.0657534246575342,2.0794520547945203,-0.0710098667885474,0.199714561879005
688,-2.3782433787813786,0.9459246786095538,-0.8099309002634726,0.996418390973621,0.39918665015831345,True,8.470314160530655e-05,0.000988372200389155,0.005170840673057051,0.00292384790146234,180,,`gtol` termination condition is satisfied.,0.0630136986301369,2.0767123287671234,-0.0534121594168486,0.1973194058237624
690,-2.35477564068097,0.9449104221787191,-0.798418228330645,1.0397088071374723,0.38804106999094656,True,0.00010092276654706949,0.001127483034716841,0.00527987418823756,0.0031967198359342057,175,,`gtol` termination condition is satisfied.,0.0575342465753424,2.0712328767123287,-0.0477940355587391,0.1939062015271586
693,-2.456989809655842,0.9828519803846812,-0.7770851498606074,1.0632568726913754,0.4001713513379632,True,0.000240914876070322,0.0017974928111663209,0.0043389383203967895,0.0029559602297210713,197,,`ftol` termination condition is satisfied.,0.0493150684931506,2.063013698630137,-0.0782218433453729,0.1971203586450789
694,-2.4835582348845318,0.9926478424998704,-0.8082774176268077,0.9457302680890912,0.416386028352055,True,7.03931498693837e-05,0.0008508710666128611,0.004824808941132096,0.0028442636229284997,196,,`gtol` termination condition is satisfied.,0.0465753424657534,2.0602739726027397,-0.0822092492417963,0.1931929730516183
695,-2.6087033918961366,1.0465512967427368,-0.7636235101851747,0.9468940873260663,0.45384799618544575,True,7.293166080528328e-05,0.0008163667677923546,0.0041629505475836515,0.002610509861850043,217,,`gtol` termination condition is satisfied.,0.0438356164383561,2.0575342465753423,-0.1214126362184464,0.1993678003928745
696,-2.620387006171827,1.0464964893464535,-0.7696354502639545,0.9621179634668808,0.44001619441493156,True,5.562934341587632e-05,0.0007419711986576873,0.003807718503451059,0.0023938654836489683,213,,`ftol` termination condition is satisfied.,0.0410958904109589,2.0547945205479454,-0.1194385362031808,0.1892773959636707
697,-2.631120618255039,1.04655001744128,-0.8026641765794623,1.0187614042552355,0.4057871492008132,True,0.00023216593461234167,0.0015218685653709536,0.0033353356102454094,0.0021932520126492854,209,,`ftol` termination condition is satisfied.,0.1342465753424657,2.052054794520548,-0.1196395493565645,0.1887394791000838
700,-2.6497589136912523,1.0486303455797865,-0.7942152598033451,0.8439530791364431,0.4776750558002842,True,0.00045966386978503774,0.0020815331438661256,0.0039139796025830535,0.0030595878908889554,212,,`ftol` termination condition is satisfied.,0.1260273972602739,2.043835616438356,-0.1269137332416458,0.19607244532294
701,-2.642080823900855,1.03143809042286,-0.7352714187671404,1.030298509367363,0.4495535738323918,True,0.0005286830454092761,0.0023674049050100596,0.004458831882277082,0.003400030845047775,216,,`ftol` termination condition is satisfied.,0.1232876712328767,2.041095890410959,-0.1271116231277409,0.1961128145483498
702,-2.6281607884734175,1.0312732881296958,-0.7984389272751529,0.8651529846576395,0.4724676109874601,True,9.200623277477684e-05,0.0009853555224939913,0.003861418879749647,0.0026661653504730675,211,,`ftol` termination condition is satisfied.,0.1205479452054794,2.0383561643835617,-0.1346877505971282,0.1970296383408095
703,-2.5655494793281015,1.0027724776281122,-0.7738457919523859,0.9198852554587984,0.45981278909878115,True,0.00015440999184747014,0.0013060928605599944,0.004216732815623849,0.0030360210273062166,209,,`ftol` termination condition is satisfied.,0.1178082191780822,2.0356164383561643,-0.1130448875094897,0.1979442839668628
704,-2.6744540537193604,1.050148990833998,-0.7988011422623905,0.8894118113397252,0.4666802459235873,True,6.0015777239907716e-05,0.0007841581894664849,0.004019436095027923,0.00246700824102279,211,,`gtol` termination condition is satisfied.,0.1150684931506849,2.032876712328767,-0.1307079443963421,0.1933019866999896
707,-2.629902125812224,1.0451520020902085,-0.7685510084589058,0.9245042822118839,0.4743964794048397,True,0.00013182745709476468,0.001228264912964555,0.0043431027446803995,0.0028558000887284186,199,,`ftol` termination condition is satisfied.,0.1068493150684931,2.0246575342465754,-0.1111354442290028,0.196255287827888
708,-2.6048987015444305,1.0583437509452653,-0.8166604698699884,0.9348281353286036,0.4327628234164968,True,0.00030044261606950454,0.0018519569850267378,0.004986672768493112,0.00324912018421979,196,,`gtol` termination condition is satisfied.,0.1041095890410958,2.021917808219178,-0.1055057208148776,0.1984869742642397
709,-2.575424427423115,1.053306987998544,-0.8203491613762892,0.9100399391259665,0.4393452420529214,True,5.0424249473008885e-05,0.0007499554514846319,0.004642447590709191,0.0024611065949881237,189,,`gtol` termination condition is satisfied.,0.1013698630136986,2.0191780821917806,-0.0939038838577565,0.1981584775426604
710,-2.6000496808251885,1.0813654528787473,-0.8827410487615961,0.7838698162989362,0.4565036056519365,True,0.0002315345642669005,0.0016520123801710416,0.005260940657699085,0.003199186328448012,191,,`ftol` termination condition is satisfied.,0.0986301369863013,2.0164383561643837,-0.0986928817634675,0.1953406376488012
711,-2.613870034343351,1.083905038310895,-0.7912425214210907,0.9580611507840673,0.4415128711956147,True,0.00012206267119451198,0.0011577850884424332,0.005528730173819054,0.0030606101370419104,188,,`ftol` termination condition is satisfied.,0.0958904109589041,2.0136986301369864,-0.0978688869904117,0.1944132773104726
714,-2.614189405350421,1.0754304045577252,-0.8315819280889472,0.8968056727894965,0.42901149888581797,True,3.836581956057357e-05,0.0006093209317430048,0.004268245970931717,0.0021535198879932107,202,,`gtol` termination condition is satisfied.,0.0876712328767123,2.0054794520547947,-0.0879694254511154,0.1990876434534698
715,-2.734556164780448,1.1133215951145121,-0.8009913507125899,0.9092052179954923,0.4536301024321413,True,4.135628349972851e-05,0.000661521282792563,0.003383566912625717,0.0019848526607728536,216,,`ftol` termination condition is satisfied.,0.084931506849315,2.002739726027398,-0.116813070869905,0.1897623155122929
716,-2.7874208311296966,1.129897676062228,-0.7870461624028305,0.9411581199674005,0.44386905792416476,True,7.32086578777836e-05,0.001820904901323414,0.003645881843655865,0.002281434372941431,241,,`gtol` termination condition is satisfied.,0.0821917808219178,2.997260273972602,-0.1165299160717437,0.1896625783487035
717,-2.817828707503681,1.1460466497658826,-0.791152688271375,0.9083657078979196,0.4580358573987565,True,0.00014458050010731879,0.0023088457647320575,0.0034936720735841004,0.002437189878959716,248,,`ftol` termination condition is satisfied.,0.0794520547945205,2.9945205479452053,-0.1268338904997431,0.1951104892436454
718,-2.821594105702596,1.1593542473373921,-0.8049633074943037,0.8975392005025606,0.4588456682926068,True,0.00013540133583088963,0.0021044368624314916,0.004008439710743821,0.0025739955882939872,258,,`ftol` termination condition is satisfied.,0.0767123287671232,2.9917808219178084,-0.1344096180620229,0.1999380391442228
722,-2.8384065918879955,1.149533833243059,-0.786227112135881,0.9007834921376585,0.472956304105832,True,0.00029118069066590656,0.002976564035789784,0.0041722634729180344,0.0031645224764744848,253,,`ftol` termination condition is satisfied.,0.0657534246575342,2.9808219178082194,-0.1350517825154251,0.1986637856666978
723,-2.7828219092606172,1.1262541253271634,-0.8057224696017978,0.894093503838825,0.46780653449726267,True,0.00032620930405208597,0.0033976722795942796,0.004820293532129944,0.003732361396358719,244,,`ftol` termination condition is satisfied.,0.0630136986301369,2.978082191780822,-0.1225780117411622,0.1993763122628936
724,-2.815130809826422,1.1296944268193534,-0.8145292473294271,0.8788579798130474,0.4733031393808784,True,0.00024939529006246604,0.0028620193392628994,0.0041845066387708315,0.0030966339923706866,250,,`ftol` termination condition is satisfied.,0.0602739726027397,2.9753424657534246,-0.1321085954045685,0.1976202277454574
725,-2.7990003278812163,1.1258539842758308,-0.7984428628071645,0.8962366420448636,0.48037837522569005,True,0.0002833268165336485,0.0029955100363328402,0.004596186065980034,0.0034535686328562754,246,,`ftol` termination condition is satisfied.,0.0575342465753424,2.9726027397260273,-0.1287130630381911,0.1931452103721724
729,-2.857086929114951,1.1410196035229099,-0.7847914045375688,0.9652444462853277,0.4671075139094426,True,0.00036905199876619807,0.002983467289528101,0.0045247980240987005,0.0036421375718992855,257,,`ftol` termination condition is satisfied.,0.0465753424657534,2.9616438356164383,-0.1437851455874473,0.1947570832964248
730,-2.898853846362939,1.1680392449828463,-0.782790069792229,0.901401029480422,0.4922535810801281,True,0.0003517716750596161,0.002520302405326846,0.005316475303940166,0.004060937418050942,253,,`ftol` termination condition is satisfied.,0.0438356164383561,2.958904109589041,-0.1445768993118311,0.1939484174725215
731,-2.9227725979722563,1.1788772187462804,-0.7843841967098809,0.9194698389722354,0.47710505147541293,True,0.00029220264275969907,0.0020802099982160445,0.004864630822225387,0.003687228090363863,249,,`ftol` termination condition is satisfied.,0.0410958904109589,2.956164383561644,-0.1429520472130803,0.1932834087162926
732,-2.9369802894700894,1.1878494427945367,-0.8028423052305071,0.8804588909188708,0.4878053230599579,True,0.00020146495331641923,0.0018659205241079628,0.0036697209830905404,0.0028555416031229228,238,,`ftol` termination condition is satisfied.,0.1150684931506849,2.9534246575342467,-0.1419361475278475,0.193639010441229
735,-2.942833249341569,1.179352247449433,-0.7998078441549761,0.8739998105576707,0.4890120368378356,True,0.00010452880826081369,0.0012484047468258061,0.003193327261873552,0.0023356968773384237,239,,`ftol` termination condition is satisfied.,0.1068493150684931,2.9452054794520546,-0.1437420819365422,0.1930715294707824
736,-2.979220189966942,1.187429606866441,-0.7814829611371656,0.9063715875317435,0.4839994864789693,True,0.00015105139738712416,0.0012086219663036567,0.0032704556096666837,0.002480298714921013,246,,`ftol` termination condition is satisfied.,0.1041095890410958,2.9424657534246577,-0.1522605888281009,0.1993995528346596
737,-2.960877331503499,1.1704495417153842,-0.7977015261977454,0.8696890549148494,0.49084628519254786,True,7.18440495020559e-05,0.0008577173291447348,0.0026661222905622517,0.0019280438058604952,246,,`ftol` termination condition is satisfied.,0.1013698630136986,2.9397260273972603,-0.1533817233450151,0.1986710686094044
738,-2.9650502195034343,1.1706538942105826,-0.8068632505542024,0.8788123000325488,0.4850202537071908,True,0.00010391820178813594,0.0010255572242531936,0.002977056759088396,0.002144541551733977,247,,`ftol` termination condition is satisfied.,0.0986301369863013,2.936986301369863,-0.1557226177041729,0.1987757608925141
739,-2.9307093586116446,1.1493698884838044,-0.7961779837859059,0.8731408652243222,0.49519008051585134,True,7.25213182820092e-05,0.0009174310555736875,0.0035067819734157795,0.002188965519817583,245,,`gtol` termination condition is satisfied.,0.0958904109589041,2.9342465753424656,-0.1534202104469366,0.1993035924977146
743,-2.9266566822330575,1.1450066609532343,-0.7890018807887946,0.8798645971761634,0.4922868201530053,True,6.266189073125633e-05,0.00080133496636197,0.002470002782200396,0.00174740301346463,244,,`gtol` termination condition is satisfied.,0.084931506849315,2.9232876712328766,-0.154161037143521,0.1994389973483996
744,-2.976384539895861,1.1715627536292483,-0.7807529940228481,0.8980720697686052,0.49244104001891503,True,9.132038116614585e-05,0.0009421320028755142,0.0028013225744959146,0.0019682892989940667,243,,`gtol` termination condition is satisfied.,0.0821917808219178,2.9205479452054797,-0.1645416807830716,0.1963706344425557
745,-2.9910453513944577,1.1752661850042465,-0.7925271315687662,0.8749107106099578,0.4937483931491999,True,4.1490098777051545e-05,0.0007122058355748183,0.0038868523367411446,0.002042443731291103,250,,`gtol` termination condition is satisfied.,0.0794520547945205,2.9178082191780823,-0.1699066255301067,0.1984572531238948
746,-3.0460719917523047,1.2035295436818005,-0.7718607177123885,0.908441330138581,0.4936373865797687,True,4.822101462073303e-05,0.000759424865573844,0.0046742447014457315,0.002331194961849588,247,,`ftol` termination condition is satisfied.,0.0767123287671232,2.915068493150685,-0.1710950216488045,0.1986781775600195
749,-3.067561354531083,1.2068797853175737,-0.763926547382239,0.917749540243872,0.4932006745814101,True,6.445644363435016e-05,0.0009197886116568555,0.0031947322700141187,0.001968928795596931,269,,`ftol` termination condition is satisfied.,0.0684931506849315,2.9068493150684933,-0.1712385736806971,0.1990843718949118
750,-3.0762580850900916,1.2094951199816204,-0.7600107932146706,0.9243376045846635,0.49383827623162835,True,5.1189413957884546e-05,0.0007478426095374623,0.0030362348451031316,0.0017605681641293977,263,,`gtol` termination condition is satisfied.,0.0657534246575342,2.904109589041096,-0.1709405976258627,0.1987483118480824
751,-3.108703020135658,1.2265029189415344,-0.7725460509272233,0.9156179252723153,0.4853775638045226,True,5.68656203692106e-05,0.00080102691163109,0.0031126372276452778,0.0019900594861658348,266,,`ftol` termination condition is satisfied.,0.0630136986301369,2.9013698630136986,-0.1785544534250242,0.1917321715323578
752,-3.097635836001945,1.2194534032742634,-0.7693939227573774,0.8907993253874725,0.49891821971676437,True,6.472843691101515e-05,0.0008031462586254876,0.0029857840592211367,0.002036521193735247,267,,`ftol` termination condition is satisfied.,0.0602739726027397,2.8986301369863012,-0.1741362949784096,0.1978701551024838
753,-3.0937778905258435,1.2159865199515592,-0.7717481996151634,0.9422578177320268,0.4719661876544155,True,5.1118470111009414e-05,0.0008074904507287148,0.0025743984432701826,0.0018327308198290322,267,,`ftol` termination condition is satisfied.,0.0575342465753424,2.8958904109589043,-0.1723978140853926,0.1989285669196011
756,-3.067362445293376,1.2108218420968417,-0.7719550930507603,0.8772328378898904,0.4985843177722133,True,7.81021398454599e-05,0.0011599176030998744,0.0030445044186453735,0.002015950032993837,289,,`ftol` termination condition is satisfied.,0.0493150684931506,2.887671232876712,-0.2972646774947589,0.1995045816407889
757,-3.055877036362356,1.2075314278491338,-0.7696384744508711,0.9383182334992134,0.4745252407686647,True,2.7764943383509346e-05,0.0005971642868798162,0.0022068998912401915,0.0015141686863809054,257,,`ftol` termination condition is satisfied.,0.0465753424657534,2.884931506849315,-0.1689758141521984,0.1997764915014793
758,-3.0862132542893135,1.2272686764641771,-0.771899141021858,0.9171682785949283,0.48540232083748613,True,4.5479947597320967e-05,0.0007053937024758458,0.002598920976876498,0.001783756164608611,257,,`ftol` termination condition is satisfied.,0.0438356164383561,2.882191780821918,-0.1732436053664619,0.1939931882276641
759,-3.121034618879279,1.2503848122647383,-0.7660570801000983,0.9144461942741404,0.4864881665349859,True,5.369593474666564e-05,0.0008778116328240137,0.0026115796034307396,0.0018093480722157812,258,,`gtol` termination condition is satisfied.,0.0410958904109589,2.8794520547945206,-0.1753848777864737,0.1916791099159755
760,-3.1719638279403153,1.2645697333224413,-0.7604267160412352,0.980473767930134,0.46203777813231073,True,3.7077363791047116e-05,0.0007485118311847684,0.002363540665922834,0.0016011211213038923,252,,`gtol` termination condition is satisfied.,0.1150684931506849,2.8767123287671232,-0.1885293328695472,0.1941833949200584
763,-3.1728225090259525,1.2617287394262442,-0.7560102076024744,0.9648446807949975,0.4675979572181351,True,2.92575310792573e-05,0.0006135712516839541,0.0022883041212903112,0.0013781813861028986,252,,`gtol` termination condition is satisfied.,0.1068493150684931,2.8684931506849316,-0.1879013955744334,0.1947320181728257
764,-3.1874579979969715,1.266720246838679,-0.7584568326358947,0.9301139771277734,0.48349705766208473,True,2.1056226814463136e-05,0.0005398941626278818,0.0022614911222981443,0.0013723508759811017,253,,`ftol` termination condition is satisfied.,0.1041095890410958,2.8657534246575342,-0.191713253938581,0.1962821728997863
765,-3.166607029489093,1.2617573541049678,-0.7571137371977062,0.8806079724256968,0.5021710454605862,True,2.184284163225129e-05,0.0005923609594468629,0.0023506892506498273,0.0013831307303220602,254,,`ftol` termination condition is satisfied.,0.1013698630136986,2.863013698630137,-0.1935419427482231,0.1946005562611399
766,-3.1179148500289195,1.2420139816808247,-0.760742029291817,0.905324494352689,0.48824886153081914,True,2.821843775625944e-05,0.0005603119389704047,0.002538504446304004,0.001534879974886516,262,,`gtol` termination condition is satisfied.,0.0986301369863013,2.8602739726027395,-0.1949526438013555,0.1938763787646998
767,-3.0516949306799335,1.2230641696076268,-0.7583071113116701,0.8375642550876209,0.5271901382838303,True,4.591880496472189e-05,0.0007664888037129584,0.0030842044822087388,0.0017992878534078222,253,,`ftol` termination condition is satisfied.,0.0958904109589041,2.8575342465753426,-0.18913358970914,0.1999563635919832
770,-3.0887716048577714,1.2488117648053194,-0.7576090130388328,0.8703885321099886,0.5165079634182609,True,5.348169421975957e-05,0.0007166224108140796,0.002792168453839964,0.0018589555908982312,257,,`ftol` termination condition is satisfied.,0.0876712328767123,2.8493150684931505,-0.1950775555459888,0.1928247892857338
771,-3.040617581549268,1.2332424532688893,-0.7630460840005853,0.8427590573662761,0.5265847030553317,True,3.892918031270453e-05,0.0006416552885505977,0.0027730288677905927,0.0017476615453408356,256,,`ftol` termination condition is satisfied.,0.084931506849315,2.8465753424657536,-0.1938001757891462,0.1940761225924265
772,-2.976771394202883,1.2137275462723758,-0.7597640819160797,0.8574799733469055,0.519811675049453,True,3.420878769568248e-05,0.0006738987911679289,0.0026178371123298013,0.0015739083309503307,256,,`ftol` termination condition is satisfied.,0.0821917808219178,2.8438356164383563,-0.1900758242049961,0.1985362844023084
773,-3.063069741708949,1.234842416455312,-0.7535211094668561,0.8710837893417295,0.52327882430002,True,7.182194916871285e-05,0.0008391842527575118,0.0027900798858419484,0.001869378223048185,259,,`ftol` termination condition is satisfied.,0.0794520547945205,2.841095890410959,-0.2001655202160625,0.1969318583937111
774,-3.0586195873083466,1.2577326024731605,-0.7384001873120769,0.966254658263438,0.49728223358599044,True,0.00014916300249968997,0.001255086011832326,0.0032741337101945063,0.002004602806268212,259,,`gtol` termination condition is satisfied.,0.0767123287671232,2.8383561643835615,-0.2026204131454169,0.19610958914796
778,-3.0611586641382917,1.258606706165675,-0.7710374983166537,0.8887972675289668,0.5111547619867666,True,3.7093789487106886e-05,0.0006930624088790395,0.0029026691424104854,0.0016529307319193196,256,,`ftol` termination condition is satisfied.,0.0657534246575342,2.8273972602739725,-0.2037635294711954,0.1930012279776935
779,-3.0548156091470755,1.2596588571473968,-0.7739576892860147,0.8972065921540077,0.5032254542203956,True,2.4472235926877886e-05,0.0006686696552601578,0.003084767483526547,0.0015202161444916773,247,,`gtol` termination condition is satisfied.,0.0630136986301369,2.824657534246575,-0.200336522392087,0.1965310732008946
780,-3.121477338257147,1.2904093457884855,-0.7669507557873347,0.8857905870020654,0.5118782586503471,True,2.9477550138166975e-05,0.0006594706137859555,0.003154830817731886,0.001671947376693094,239,,`gtol` termination condition is satisfied.,0.0602739726027397,2.8219178082191783,-0.2059273841220445,0.1908697383638219
781,-3.1074591634147932,1.280886045378622,-0.767641644796975,0.8791955235466707,0.5152111091322796,True,3.100838517766018e-05,0.0006714922251868026,0.0028705198865650885,0.0016070703295807038,243,,`ftol` termination condition is satisfied.,0.0575342465753424,2.819178082191781,-0.2057206876973285,0.1903526006933454
784,-3.0890913714029242,1.2730018021644391,-0.7637182149172456,0.9178607714037045,0.5064736162622574,True,3.786771461346923e-05,0.0007275951734577131,0.0026740356399785545,0.0016349705368115738,246,,`ftol` termination condition is satisfied.,0.0493150684931506,2.8109589041095893,-0.2088635257544794,0.1889896644865882
785,-3.0846160130848403,1.2809062573883454,-0.7715646150622738,0.8913588263045574,0.5127364347605752,True,3.37018230487118e-05,0.000630523362813236,0.003169443347201813,0.0018915427021853864,251,,`ftol` termination condition is satisfied.,0.0465753424657534,2.808219178082192,-0.211708769281561,0.1861140271628569
786,-3.0748656391884253,1.2744990353453594,-0.7596417819869196,0.9426317261906982,0.49765828827401143,True,2.2022869318650373e-05,0.000548560726030577,0.0024974137172157195,0.0014329501523219217,245,,`gtol` termination condition is satisfied.,0.0438356164383561,2.8054794520547945,-0.2067058164895003,0.1915271559197238
787,-3.1177166189417704,1.2891941087501937,-0.7603974510298277,0.9266052058033364,0.5038116871047307,True,4.2280544307394114e-05,0.000737781797179848,0.003303456422305087,0.0019464305193479976,243,,`gtol` termination condition is satisfied.,0.0410958904109589,2.802739726027397,-0.2139306437475918,0.1994753681979025
788,-3.0978440562209526,1.2871120213628764,-0.764395553156104,0.9006125770337629,0.5114544912503505,True,1.9708401958489295e-05,0.0005418092532615095,0.0031765869009667117,0.0015282525407670279,239,,`ftol` termination condition is satisfied.,0.1342465753424657,2.8,-0.209846308352688,0.188837864336503
791,-3.069645925818663,1.275377789240614,-0.7716640673251289,0.8910563596575967,0.5118244200579065,True,2.7016841556312426e-05,0.0005986049325324193,0.003172450089396064,0.0017042732775171257,243,,`ftol` termination condition is satisfied.,0.1260273972602739,2.791780821917808,-0.2061359488836326,0.1917207114718811
792,-2.9797448873587125,1.2448499926917658,-0.7703253959132702,0.867894659078309,0.5264984289341634,True,4.3097189189732786e-05,0.0007061744055809267,0.002631804887023742,0.00173018902055504,237,,`ftol` termination condition is satisfied.,0.1232876712328767,2.789041095890411,-0.189608118453684,0.1991908139300991
793,-3.0188474629932043,1.261356269523846,-0.7741702266839947,0.8896874013991376,0.5127641965216663,True,2.1744693003967275e-05,0.0005783870257756977,0.0025784659513809695,0.0014796268280359217,237,,`ftol` termination condition is satisfied.,0.1205479452054794,2.786301369863014,-0.1981230087290324,0.1913194123273582
794,-3.067571259613085,1.2834590581039076,-0.7703594185319746,0.8890859354894505,0.517530974550893,True,2.2118045826672122e-05,0.0006047815724655619,0.00303925085742028,0.001586927780800538,236,,`gtol` termination condition is satisfied.,0.1178082191780822,2.783561643835617,-0.2076897727588132,0.1903642536914324
795,-3.1087822029460206,1.2917047495602154,-0.7764264548876179,0.8926395550137322,0.5088638398399902,True,2.3538846575814893e-05,0.0006237054736913442,0.0029960177401169787,0.0016661557263543912,237,,`gtol` termination condition is satisfied.,0.1150684931506849,2.780821917808219,-0.2127183173782371,0.1852583061438086
798,-3.1344116628324206,1.301517091226582,-0.774618762439212,0.8734043630728142,0.5152645489717549,True,2.0378968071392255e-05,0.0005658809913717967,0.0031957113142886315,0.0016902078303463563,235,,`gtol` termination condition is satisfied.,0.1068493150684931,2.7726027397260276,-0.2122024615687425,0.185371892752788
799,-3.2089412898861993,1.3282860839678272,-0.7491780165402581,0.8993646016856448,0.514469880555061,True,2.2838677530213608e-05,0.0005987108105593551,0.002527599089734185,0.0015299342292158572,243,,`gtol` termination condition is satisfied.,0.1041095890410958,2.76986301369863,-0.2301715971465969,0.1974278933764726
800,-3.157686425431434,1.303968839404863,-0.7484480322587823,0.9128572044751083,0.5075161678795729,True,2.5925453296387893e-05,0.0006201062204869744,0.0026840379554522544,0.0016029640410658277,247,,`gtol` termination condition is satisfied.,0.1013698630136986,2.767123287671233,-0.2286310747812997,0.1981394523975919
801,-3.17380889730062,1.3088631421432877,-0.7407469662862511,0.9114352337243916,0.5086477550724483,True,3.060729061195201e-05,0.0006932237097903453,0.002755548934006274,0.0016688417980032925,245,,`ftol` termination condition is satisfied.,0.0986301369863013,2.7643835616438355,-0.233908412489093,0.1931681918151326
802,-3.178437387052366,1.3175923425068266,-0.7328048384691366,0.9101668973736678,0.5163847666131284,True,3.0573077484590115e-05,0.0007279213740723839,0.0034967102128783925,0.001814342878059871,246,,`ftol` termination condition is satisfied.,0.0958904109589041,2.7616438356164386,-0.2355412041793078,0.191803353300574
805,-3.206157026893556,1.3231060129317407,-0.7275815026865287,0.9304079884070191,0.5062729001037505,True,3.5304571371520666e-05,0.0007025564168867991,0.0027064932577861526,0.0016972584455870023,315,,`ftol` termination condition is satisfied.,0.0876712328767123,2.7534246575342465,-0.2346925550316474,0.1901354025437484
806,-3.1974493681384026,1.3120478556712114,-0.7333472388368708,0.9294592740380189,0.503135966212407,True,4.585008908239419e-05,0.0007020206734036973,0.0027189030235559137,0.00177084018310101,313,,`gtol` termination condition is satisfied.,0.084931506849315,2.750684931506849,-0.2317114729689874,0.1933252357952953
807,-3.2408192421383184,1.3190861630885367,-0.7334708882039164,0.9575123811814191,0.4918992983389785,True,6.389445858285052e-05,0.000875407673795583,0.0025669025111870595,0.0017861840370011904,309,,`ftol` termination condition is satisfied.,0.0821917808219178,2.747945205479452,-0.2300989387104931,0.1945584271429079
808,-3.236165112146431,1.3008518277011047,-0.7455120110015697,0.9291004633725298,0.49732798574790316,True,3.6247999470636306e-05,0.0007014277889180803,0.002517959879318615,0.0016630669649578885,303,,`gtol` termination condition is satisfied.,0.0794520547945205,2.745205479452055,-0.2234573157388048,0.1998824385001088
809,-3.2884185977108005,1.3196667618228588,-0.7396126996705288,0.9535558685837409,0.493527640975846,True,4.9221155817925344e-05,0.0007035342848823802,0.0025348937153769633,0.0016747557281952558,304,,`gtol` termination condition is satisfied.,0.0767123287671232,2.7424657534246575,-0.2279797109809545,0.1975386014038158
812,-3.3739631078632555,1.3456740676369823,-0.7209598035719805,1.013460728521734,0.4815871543633285,True,6.274312334091561e-05,0.000899264081149973,0.002788660657525021,0.0018843031192824248,296,,`gtol` termination condition is satisfied.,0.0684931506849315,2.734246575342466,-0.2423280264692109,0.1945332031902863
813,-3.325709909835287,1.3175810753103003,-0.7371262475275547,0.954726091378661,0.4919242798936236,True,3.178079587021502e-05,0.0006563458928492106,0.0025605955522158726,0.0016009573695230461,301,,`gtol` termination condition is satisfied.,0.0657534246575342,2.7315068493150685,-0.236509056764632,0.1890111720577663
814,-3.318679764699499,1.308973639486735,-0.744905570765585,0.9108717271961151,0.5070729986509517,True,2.4404510569544148e-05,0.0006075865745973791,0.002711468214225566,0.0016356944480647373,299,,`gtol` termination condition is satisfied.,0.0630136986301369,2.728767123287671,-0.2319152301472121,0.1937544471722419
815,-3.3211673643480086,1.2979645737823928,-0.7444767356839985,0.8962912053891444,0.5145905726700003,True,4.29184909438677e-05,0.0008484833488656997,0.002559287705852669,0.0016245888913527448,305,,`ftol` termination condition is satisfied.,0.0602739726027397,2.7260273972602738,-0.2966037319055612,0.1945168207810971
816,-3.334230735679411,1.308136495179415,-0.7314561391709109,0.9198356793494291,0.5099042101284676,True,3.5684610116302754e-05,0.0006598722623237577,0.0026126963248234367,0.0015886294528539915,302,,`ftol` termination condition is satisfied.,0.0575342465753424,2.723287671232877,-0.2342948888961824,0.1909284129460463
819,-3.3516215176590536,1.3094206909451265,-0.7191304212391408,0.9503396051000627,0.5047121900300001,True,3.760396715017043e-05,0.0008701593689702816,0.0029541154708967636,0.0018094003176818566,292,,`ftol` termination condition is satisfied.,0.0493150684931506,2.7150684931506848,-0.2412538577990409,0.1970403833886266
820,-3.332552808110631,1.3044532452079336,-0.7333671031081369,0.9288333446329285,0.5057767379126985,True,3.59701203746656e-05,0.0007118559560769346,0.002648921938314507,0.001630640925713193,294,,`ftol` termination condition is satisfied.,0.0465753424657534,2.712328767123288,-0.2382697583068952,0.1995449717548865
821,-3.2708095615978405,1.2779585273730514,-0.7379273593313946,0.9184456757505125,0.5061015632185822,True,7.041050856082686e-05,0.0008085225842769379,0.0025233261814004175,0.0016204652280323972,291,,`ftol` termination condition is satisfied.,0.0438356164383561,2.7095890410958905,-0.2274148879872596,0.194903138136138
822,-3.2432654832204406,1.2653167255272515,-0.7414166625464764,0.9422290104545784,0.496788997466066,True,4.554691610563565e-05,0.0008224603327770456,0.00236478434849799,0.0015173455954135338,290,,`gtol` termination condition is satisfied.,0.0410958904109589,2.706849315068493,-0.22534634280671,0.1968804551773325
826,-3.162883906556502,1.229264532104062,-0.7623477863795213,0.9119794944534446,0.49867416607251625,True,3.650665354719204e-05,0.0006663971578322504,0.003018349957467933,0.0017138106573202066,286,,`ftol` termination condition is satisfied.,0.1068493150684931,2.695890410958904,-0.2139175767392289,0.1961863309466727
827,-3.0667486813007527,1.203334743983215,-0.7703201072309277,0.923999722756492,0.49241762766873903,True,3.764039906160925e-05,0.0007045983540739662,0.0031700933953810297,0.0017020296080609146,286,,`gtol` termination condition is satisfied.,0.1041095890410958,2.6931506849315068,-0.2056834568917109,0.194085216883105
828,-3.067311366573889,1.2019918465881023,-0.7709561635917435,0.9173116579979411,0.49520540917195155,True,4.9110724627673684e-05,0.0007470051465954272,0.002877212769703155,0.0016638378661323998,285,,`gtol` termination condition is satisfied.,0.1013698630136986,2.6904109589041094,-0.2106587769069454,0.1888964157555876
829,-3.174952096386513,1.2536381224923094,-0.7608532786421273,0.9417067363743303,0.49322662940872003,True,4.719536429056958e-05,0.0008043065669845732,0.002177686979951537,0.0015256240706315594,285,,`ftol` termination condition is satisfied.,0.0986301369863013,2.6876712328767125,-0.2217060067218457,0.1923665597234255
830,-3.0702086926169914,1.2084222452177842,-0.7534896180329488,0.9503277874190093,0.48914581312641847,True,2.6997158747493143e-05,0.0006126432415581059,0.002154440597566068,0.0013045128744405986,278,,`gtol` termination condition is satisfied.,0.0958904109589041,2.684931506849315,-0.2108262847272282,0.1889240619112728
833,-3.067158187649535,1.2167491271056854,-0.752066206394195,0.9462194565478834,0.4901806681739995,True,2.394899105507423e-05,0.0006559165673334541,0.003109793377872608,0.0015469525403418215,273,,`ftol` termination condition is satisfied.,0.0876712328767123,2.6767123287671235,-0.210548767720702,0.1891039230700455
834,-3.1410811191996038,1.251410902649822,-0.7477176915515774,0.9468307598638415,0.49311642630216573,True,2.9337837598750633e-05,0.0007100757746665867,0.0027483215658713426,0.0014810013998799443,276,,`gtol` termination condition is satisfied.,0.084931506849315,2.673972602739726,-0.220245625591482,0.1946123523062965
835,-3.120423832742793,1.245276565418871,-0.7648499617767776,0.9120240771826807,0.4980629661555793,True,4.739439302982367e-05,0.000792420802493574,0.00281839525218782,0.0016862098145673582,276,,`ftol` termination condition is satisfied.,0.0821917808219178,2.671232876712329,-0.2166615681599739,0.1979163582705129
836,-3.1039095660130993,1.243196557010748,-0.7626022514922844,0.9367702490794689,0.48993194022222825,True,4.387478710021705e-05,0.0008382557406010553,0.002598691026127247,0.0016100686665306467,277,,`gtol` termination condition is satisfied.,0.0794520547945205,2.668493150684931,-0.2119434824724657,0.1984018888333289
837,-3.13632296964672,1.2602161253461805,-0.7694395724498425,0.9238815595652206,0.49074409260570384,True,2.57337978292972e-05,0.0006353966759448998,0.0018124871243622527,0.0012443507125790888,272,,`ftol` termination condition is satisfied.,0.0767123287671232,2.665753424657534,-0.2137629669111469,0.1971943179732458
840,-3.0791223111978625,1.2449961946772066,-0.7785706284852875,0.958538096775495,0.4771059322350612,True,2.6761387928088703e-05,0.0004934565295726907,0.002972581791619178,0.0015012918849307503,300,,`gtol` termination condition is satisfied.,0.0684931506849315,2.6575342465753424,-0.2048685542553761,0.1910999668869132
841,-3.1201835263639888,1.2646527365879898,-0.7764569741143084,0.9622610510615034,0.47559939182989014,True,4.026223350274344e-05,0.0006491599720648833,0.0025680540163262526,0.0015658655749304802,292,,`gtol` termination condition is satisfied.,0.0657534246575342,2.654794520547945,-0.2100817368562629,0.1852089371901898
842,-3.1973287076977095,1.3054757774543628,-0.7756382559611134,0.9671921406500257,0.4775528465419803,True,3.240501837216448e-05,0.000572255388772229,0.0019091197314765535,0.0010995383435160927,288,,`gtol` termination condition is satisfied.,0.0630136986301369,2.652054794520548,-0.22228772885476,0.1924721342225092
843,-3.2465071329076527,1.3100135521291747,-0.7713099836501699,0.9647731279177401,0.4788591940174579,True,3.335848011166463e-05,0.0006360732240302317,0.00265957819995798,0.001523328915966855,295,,`gtol` termination condition is satisfied.,0.0602739726027397,2.649315068493151,-0.2294763062418872,0.1964905371630534
844,-3.249484303052007,1.303593064132687,-0.765109652130559,0.9838632284160215,0.4757780495868807,True,3.580172444158073e-05,0.0006708597505827836,0.0026368744017816266,0.0015454869490153563,296,,`gtol` termination condition is satisfied.,0.0575342465753424,2.6465753424657534,-0.230487401892368,0.1960746955439788
847,-3.2349007861867047,1.2873708879523318,-0.7712530360376384,0.9546331671792171,0.4827146536536079,True,2.751124146542771e-05,0.00057435061219291,0.0024596520645666278,0.0013650832725036763,288,,`gtol` termination condition is satisfied.,0.0493150684931506,2.638356164383562,-0.2270672748288073,0.1974042437851216
848,-3.255128863684819,1.2851077904258532,-0.7625270613702281,0.9615259208522203,0.4790487927944019,True,4.2706699803055775e-05,0.0006552717061470844,0.0030411244125472174,0.0017153253020981587,297,,`ftol` termination condition is satisfied.,0.0465753424657534,2.6356164383561644,-0.2329040728372618,0.1942632354107779
849,-3.250807953459666,1.2768326223421174,-0.7617015480298224,0.9643142251465248,0.4786305211322888,True,3.472218675496768e-05,0.000604680889979751,0.00227620286221535,0.001432114577153371,290,,`gtol` termination condition is satisfied.,0.0438356164383561,2.632876712328767,-0.2300719709470531,0.1972843164519628
850,-3.2217610310100726,1.262641109240535,-0.7736238348918875,0.9640901837163854,0.47260463015250603,True,4.336760511799528e-05,0.000636301582115909,0.003235192958729537,0.001716115587203586,288,,`gtol` termination condition is satisfied.,0.0410958904109589,2.6301369863013697,-0.2221416287481837,0.1931369978627257
851,-3.1512405506307726,1.2433648210012833,-0.7693057790525595,0.9640244550732491,0.47665510105347025,True,4.929202742405706e-05,0.0006655668702797544,0.0030829918620736687,0.0017305440133112261,277,,`gtol` termination condition is satisfied.,0.1150684931506849,2.627397260273973,-0.2051633201992122,0.1917768062406238
854,-3.1576564219651444,1.2512194556779423,-0.7763338070950062,0.9276431198552931,0.4855568687845891,True,2.940971462954394e-05,0.000546522515430737,0.003192428784344074,0.0015732085230399182,271,,`gtol` termination condition is satisfied.,0.1068493150684931,2.6191780821917807,-0.2063132716266793,0.1910244888436937
855,-3.1427717179313124,1.236352159858994,-0.7644783808613198,0.9521314546338208,0.4816258139412015,True,2.4176744029538813e-05,0.0004922148369622789,0.0029210532252245515,0.0014333413789665822,271,,`ftol` termination condition is satisfied.,0.1041095890410958,2.6164383561643834,-0.2014142171448222,0.1963416232982277
856,-3.092898844556749,1.2176959841842248,-0.7796773206111112,0.9252591571263306,0.4858114489284166,True,3.157051674269467e-05,0.0005430882104841664,0.0037168715735363253,0.0018038607365703048,275,,`ftol` termination condition is satisfied.,0.1013698630136986,2.6136986301369864,-0.1957074159266747,0.1988628311835709
857,-3.130059660251194,1.2178462696753416,-0.7800682047318351,0.9629946357732828,0.4721564325091035,True,4.097447502698406e-05,0.0006899439205792306,0.0027855974941203517,0.0017485617141909182,274,,`gtol` termination condition is satisfied.,0.0986301369863013,2.610958904109589,-0.2000005367778303,0.1977120112215064
858,-3.0906398894248834,1.1939706496235323,-0.7882980270911504,0.9387704287697096,0.4727535837171516,True,2.433182115456061e-05,0.0005854133595362425,0.002225090004753414,0.0013181400233344106,273,,`gtol` termination condition is satisfied.,0.0958904109589041,2.6082191780821917,-0.1949590106851307,0.1999259283105504
861,-3.015592769361134,1.1705354019444418,-0.7790058119942976,0.9395077560625319,0.475099449515727,True,3.177786478593156e-05,0.0005803536898494364,0.0037228646585827133,0.0016768860986263543,267,,`ftol` termination condition is satisfied.,0.0876712328767123,2.6,-0.1841164986365041,0.1961547343093464
862,-2.9641267099004223,1.1462137619120305,-0.7857847954534556,0.9567900045697458,0.4643478056196283,True,2.2782756454215663e-05,0.0005974839882645465,0.0022334066511653754,0.0012839748471615907,268,,`gtol` termination condition is satisfied.,0.084931506849315,2.5972602739726027,-0.1794702620651954,0.1999730915679616
863,-2.9344591341882844,1.123541192338288,-0.7775578280969534,0.9663042249596696,0.46978681517431475,True,3.342822888199882e-05,0.0006158428875773594,0.0018561514850295576,0.0012340152758191496,263,,`gtol` termination condition is satisfied.,0.0821917808219178,2.594520547945206,-0.1796477950391521,0.1890702256515748
864,-2.8620488172491956,1.1028186120809567,-0.7753247362457566,0.9783720383463049,0.4761701729451183,True,3.689169288698033e-05,0.0006140837049009367,0.002678553283788365,0.0013828055825824844,256,,`gtol` termination condition is satisfied.,0.0794520547945205,2.591780821917808,-0.1635464356490594,0.1941695075231808
865,-2.810490216713605,1.0815315318943246,-0.7789892221457211,0.9739554608623665,0.4752629426395314,True,5.960449580426362e-05,0.0007347120350277902,0.0021498737129035193,0.001507770861840299,255,,`ftol` termination condition is satisfied.,0.0767123287671232,2.589041095890411,-0.1548284147494681,0.1980678747960031
868,-2.9273425538325992,1.1376384437724487,-0.7412401705893396,1.1309377327731744,0.43916384996709273,True,0.0006704265978259694,0.002182524230545792,0.003995172670065102,0.003005889890039679,278,,`ftol` termination condition is satisfied.,0.0684931506849315,2.580821917808219,-0.1741850345963513,0.1993843700708738
869,-2.925765069321664,1.0807803209035398,-0.6804040479625694,1.1639503369882434,0.4677382682910905,True,0.0005183783726496324,0.0020619032898592142,0.006489053906166473,0.004721727252073647,279,,`ftol` termination condition is satisfied.,0.0657534246575342,2.578082191780822,-0.1734971301442078,0.1981948327012836
870,-2.908430836675667,1.0881131926623644,-0.762246929802752,0.9904991076986149,0.4763707191146944,True,0.00046752164673440077,0.0019412466171470474,0.006259407977195566,0.004241975219395236,279,,`ftol` termination condition is satisfied.,0.0630136986301369,2.5753424657534247,-0.1741019606905366,0.1969966010878474
871,-2.9161743191908553,1.0973396499648795,-0.7384379947389202,1.1636976006078819,0.420451836780329,True,0.0004847761568368802,0.0021631201119561697,0.007225858891789768,0.005496614189197634,282,,`ftol` termination condition is satisfied.,0.0602739726027397,2.5726027397260274,-0.1764392169517152,0.1938204254080873
872,-2.882525833755446,1.1255250677582025,-0.7681643892216572,1.0496998543993874,0.4494378282785022,True,0.00021830147110914284,0.001471597033699976,0.005588891753605922,0.0036108894461941324,286,,`ftol` termination condition is satisfied.,0.0575342465753424,2.56986301369863,-0.1735418208503942,0.1999110438814328
876,-2.975013330635628,1.183104486725573,-0.7001269627783736,1.058904165834241,0.47926425101637943,True,0.000745137687663167,0.0024346229302507788,0.005162833153921585,0.003884875209083733,276,,`ftol` termination condition is satisfied.,0.0465753424657534,2.558904109589041,-0.1844513218433505,0.1979803439107262
877,-2.8446614833133643,1.1199186761090352,-0.8252679947937771,0.9118841898700074,0.48389158535213295,True,0.00013201626134906293,0.0012868944835914323,0.003695869387179024,0.002507795939465835,272,,`gtol` termination condition is satisfied.,0.0438356164383561,2.5561643835616437,-0.1685533582700579,0.1987852623726395
878,-2.8546892939029345,1.1246996310046775,-0.802948881208264,0.9413857626661407,0.4730216529526298,True,4.455539938654373e-05,0.000637044964405107,0.0019049536104276963,0.0013902662539861763,280,,`ftol` termination condition is satisfied.,0.0410958904109589,2.5534246575342467,-0.1658988786900911,0.1997256235264627
879,-2.7607642809721544,1.0475607031853993,-0.7468188917351145,1.0374115190792752,0.4811468156744003,True,0.00045078037568835317,0.00210855757640533,0.004375802256245478,0.0033849722765527932,249,,`ftol` termination condition is satisfied.,0.1342465753424657,2.5506849315068494,-0.1416213450556391,0.1996862500474749
882,-2.747442342246646,1.06485118216779,-0.7868481012687676,1.1869810317327658,0.4094903332048877,True,0.0015532840451485967,0.0038877411270077833,0.005152794568454628,0.004024060064733361,242,,`ftol` termination condition is satisfied.,0.1260273972602739,2.5424657534246577,-0.1410978686827772,0.1976237633549774
883,-2.797957882332141,1.091381414122077,-0.7657412509047358,1.0015978973980246,0.4623737158722858,True,0.0005946023261640973,0.00220822142557577,0.0038263422692950957,0.002898355797413387,255,,`ftol` termination condition is satisfied.,0.1232876712328767,2.5397260273972604,-0.150735345616411,0.1930928081030639
884,-2.8872270235459485,1.1683565609817506,-0.8437037459899801,0.9268467582611458,0.4487460529795408,True,0.00012175577023659269,0.0012248822178894546,0.002770348410688088,0.002072958980640411,256,,`ftol` termination condition is satisfied.,0.1205479452054794,2.536986301369863,-0.1706649038434096,0.1970001198506428
885,-2.894751402399637,1.1685720267354163,-0.802404945199535,0.9582091477856753,0.47202853356441177,True,6.835895114771235e-05,0.0007459036055511433,0.0024303776910159017,0.0018895946172490467,267,,`gtol` termination condition is satisfied.,0.1178082191780822,2.5342465753424657,-0.1713549774693364,0.1994725100376952
886,-2.9243532647073223,1.1739994177739872,-0.8201110331591098,0.9614671293018964,0.4645822899157014,True,0.0001092496001422534,0.0009656317450989259,0.003974899927815447,0.003058817820941454,268,,`ftol` termination condition is satisfied.,0.1150684931506849,2.5315068493150683,-0.1810407011284998,0.1993302494742173
889,-2.8428812586434637,1.1399706557393843,-0.8181152340137979,0.932048683483787,0.4714021172638848,True,7.256495300322579e-05,0.0007649717066374344,0.002609211030827364,0.0018030722836003545,258,,`ftol` termination condition is satisfied.,0.1068493150684931,2.5232876712328767,-0.164202218055323,0.1906808466674984
890,-2.8821024446742616,1.1571476665079834,-0.7982897412765196,0.9596410242208052,0.4781735472727097,True,7.487075734748647e-05,0.0007671834711575576,0.0023865274070222486,0.001786419007050295,268,,`ftol` termination condition is satisfied.,0.1041095890410958,2.5205479452054793,-0.1792715318887051,0.1911205534614611
891,-2.8070812286388827,1.1300950808001458,-0.8107525530955605,0.9252436302698741,0.4844241133833831,True,7.51769402045393e-05,0.0007751986296774631,0.002446712789070353,0.0018034997581223703,265,,`ftol` termination condition is satisfied.,0.1013698630136986,2.5178082191780824,-0.170588342835017,0.1969083229420656
892,-2.8963783663128555,1.1688589298760537,-0.8001182489006173,0.9582917120667008,0.4833801857746758,True,8.435118407675043e-05,0.0008710669684824686,0.0028597064492556427,0.002064290784892239,265,,`gtol` termination condition is satisfied.,0.0986301369863013,2.515068493150685,-0.1838831554678623,0.1998270479909688
893,-2.9489988196460826,1.1973640749509058,-0.7797166707414671,0.9625719053164999,0.49663117375095933,True,0.00011913806701579922,0.0011007617960301778,0.0036364842954459274,0.00278998811642664,267,,`gtol` termination condition is satisfied.,0.0958904109589041,2.5123287671232877,-0.1927733757996097,0.1938658537882183
896,-2.9930388882929044,1.2281176780200251,-0.7903908055964627,1.0098683819587837,0.4694497920016312,True,0.00012997864373995657,0.0010611608502481703,0.004433492807008776,0.0033158098694038396,330,,`gtol` termination condition is satisfied.,0.0876712328767123,2.504109589041096,-0.1946842128785461,0.1954139582955973
897,-3.0208588885720644,1.2344041517839726,-0.7906991428052966,0.9935431645364508,0.4718233475296056,True,0.00011457074328723518,0.0009359602904980067,0.0037217057507452503,0.002753734070832191,328,,`ftol` termination condition is satisfied.,0.084931506849315,2.5013698630136987,-0.2004006191795438,0.1999761655793663
898,-3.063642141769934,1.2574836259839548,-0.7765084569146531,1.0253945805544986,0.4611431723726653,True,0.00011189858749155638,0.0009076003492454607,0.003857920908504739,0.0028376280450601835,325,,`gtol` termination condition is satisfied.,0.0821917808219178,2.4986301369863013,-0.2004560313564411,0.1998693848040423
899,-2.9474005190074988,1.2054436682389442,-0.788188004797886,0.9686543057866639,0.46382227623770994,True,9.276994722641027e-05,0.0007573900111360004,0.002466451490617601,0.0018819960859693913,318,,`ftol` termination condition is satisfied.,0.0794520547945205,2.495890410958904,-0.1775427886673434,0.1968707146135699
900,-3.011790832077206,1.2421941305181021,-0.7875308237476439,0.967977290130845,0.4629207005332488,True,8.243539515464507e-05,0.0007721221896067451,0.002687881435391834,0.0020612234894550165,314,,`gtol` termination condition is satisfied.,0.0767123287671232,2.493150684931507,-0.183200557762017,0.1971551679864429
903,-2.936645955175627,1.1953091047425308,-0.8011276844549164,0.9987952600223797,0.44113917641151734,True,7.450203038508864e-05,0.0007522704652940315,0.0028896853740739224,0.0020996508107930163,310,,`ftol` termination condition is satisfied.,0.0684931506849315,2.484931506849315,-0.1683616168176737,0.196681232494423
904,-2.974184889683029,1.2057082907808898,-0.7900714143654528,0.9778038072688011,0.45341210463414944,True,7.217361473271637e-05,0.0007149620609639355,0.0027171713368309724,0.0019904054971815474,307,,`ftol` termination condition is satisfied.,0.0657534246575342,2.4821917808219176,-0.1752552721202955,0.1958319495133774
905,-2.9946280331047888,1.2116885105415998,-0.7840801805847513,1.0000062551446445,0.45107936791802666,True,8.814642688157742e-05,0.0008121520981166237,0.0024053837568523,0.001848410694311376,315,,`ftol` termination condition is satisfied.,0.0630136986301369,2.4794520547945207,-0.1836928959857695,0.1972332978444008
906,-3.001211976946715,1.211737570690415,-0.7947822354778307,0.9789222056891632,0.451010403080724,True,9.658468728662598e-05,0.0008379593408287937,0.0027501362619377252,0.002067765275587826,310,,`gtol` termination condition is satisfied.,0.0602739726027397,2.4767123287671233,-0.1804522728444768,0.1942863756379259
907,-3.121258731517022,1.2673871986811371,-0.7702265848329327,0.9887160125825514,0.46667691595955507,True,7.143369167596639e-05,0.0006870306814664801,0.0024987944813481696,0.0019132953006784496,319,,`ftol` termination condition is satisfied.,0.0575342465753424,2.473972602739726,-0.204497853176778,0.1998202233855002
910,-3.131464371105329,1.2692542736375034,-0.7664307965232763,1.06547161330446,0.43449265568872064,True,9.771460295685036e-05,0.0008444975881392162,0.0033695939726655104,0.002489812683159273,316,,`gtol` termination condition is satisfied.,0.0493150684931506,2.4657534246575343,-0.205856774342695,0.1985090071011067
911,-3.1488499601768356,1.271476975711596,-0.7705084327907857,1.0310500246390373,0.44948976169056937,True,7.682984454195183e-05,0.0007124949325630362,0.0032911878221310482,0.0023024641297930415,317,,`ftol` termination condition is satisfied.,0.0465753424657534,2.463013698630137,-0.2084812341911908,0.1999192979368352
913,-3.109530914066482,1.2628624527428354,-0.7633889652749692,1.0271426643543629,0.44807745027876483,True,6.945493299941226e-05,0.0007471643259728977,0.0027292329666912885,0.002000480986901582,315,,`ftol` termination condition is satisfied.,0.0410958904109589,2.4575342465753423,-0.2085425172835942,0.1966671098240454
914,-3.100319982060034,1.2665815416427613,-0.7960204963673284,1.0025728812884205,0.4364324895431077,True,0.00011850160614903236,0.0008850650767100895,0.003402417399912979,0.002544862570118025,308,,`ftol` termination condition is satisfied.,0.1150684931506849,2.4547945205479453,-0.2016630360069273,0.1995734436882855
917,-3.0882766340929146,1.2459536050719777,-0.7783747410342629,1.01277088646135,0.43873429774649386,True,6.529592466085086e-05,0.0007385838192762941,0.0027017983917383536,0.0019814340890116047,305,,`gtol` termination condition is satisfied.,0.1068493150684931,2.4465753424657533,-0.1992420358535479,0.1950991402782397
918,-3.0613219070235975,1.2348240084054753,-0.7897536459422085,0.9890385102865049,0.4354800090432109,True,6.908135153769072e-05,0.0007230568774698638,0.0023328371644786338,0.0016954197473034614,294,,`ftol` termination condition is satisfied.,0.1041095890410958,2.4438356164383563,-0.1890171764788654,0.1963744609648152
919,-3.0834197133487877,1.2429956480966462,-0.781225575282253,1.046637385590043,0.422547650529355,True,5.610926227891391e-05,0.0006939425380060204,0.0021508751321586057,0.0015751015281202812,335,,`gtol` termination condition is satisfied.,0.1013698630136986,2.441095890410959,-0.1898828000823354,0.1998315357769529
920,-3.0669878448319365,1.232844467785851,-0.7844431524316497,1.0194626106574876,0.4276102538444577,True,4.3348154782838265e-05,0.000631525774096056,0.002052265445182689,0.0014696145916714134,329,,`ftol` termination condition is satisfied.,0.0986301369863013,2.4383561643835616,-0.183630375138575,0.1969096124898366
921,-3.1474900210621475,1.267927360918866,-0.7606589437159845,1.0409989363300949,0.4337902431171336,True,4.236745615939823e-05,0.0007319483647907036,0.0021408835275512363,0.0015243550453358941,338,,`gtol` termination condition is satisfied.,0.0958904109589041,2.4356164383561643,-0.1963674390481483,0.199259183204003
924,-3.131676119863111,1.2523675353528327,-0.7653201950825249,1.0265565933324328,0.4310568809866563,True,3.613277304662512e-05,0.0005710948556629123,0.001988183494607774,0.0013868400585437363,331,,`gtol` termination condition is satisfied.,0.0876712328767123,2.4273972602739726,-0.1925033558955571,0.1987883074730657
925,-3.1863137238762316,1.266250669533082,-0.7592192417107501,1.0030949318608813,0.44461667564365526,True,3.9625496029895355e-05,0.0006556175101348808,0.0019095188916847551,0.0013566005598829613,338,,`gtol` termination condition is satisfied.,0.084931506849315,2.4246575342465753,-0.2008564633275586,0.1997373569944414
926,-3.1872750905573586,1.2575082338315988,-0.7547071296294651,1.022108630125394,0.4379962869083592,True,3.835054686662851e-05,0.0006003260005254524,0.0023118260308205257,0.001519981646456037,339,,`gtol` termination condition is satisfied.,0.0821917808219178,2.421917808219178,-0.2073493750350384,0.1996578630471136
927,-3.2009991112616425,1.256248456731624,-0.7684082327027736,1.0049636119887915,0.4369323323496542,True,5.1831004375831524e-05,0.0006561188253139281,0.0032235060133361327,0.002038204033207796,341,,`ftol` termination condition is satisfied.,0.0794520547945205,2.419178082191781,-0.2109117136078937,0.1999370247579791
928,-3.1441738632791694,1.2350825938231806,-0.7649888908008698,0.9703326807156699,0.4500205605146917,True,3.7791367576625446e-05,0.000612434747637225,0.003247523124210633,0.0019305505796216003,337,,`gtol` termination condition is satisfied.,0.0767123287671232,2.4164383561643836,-0.2009324076287747,0.1951466286646042
931,-3.0663453773124085,1.201180429053215,-0.7612946904971728,0.9890352949471156,0.44776635287069466,True,2.706099693632476e-05,0.0005596166772385376,0.0021814896433385847,0.0014481673782580817,326,,`gtol` termination condition is satisfied.,0.0684931506849315,2.408219178082192,-0.1900604931506632,0.1954545070475295
932,-3.0067626786689816,1.1745934154396815,-0.7695974995227165,0.9903848649656856,0.44370036582807176,True,4.041436242156471e-05,0.0006025910230290327,0.0018407048494893537,0.0013702445589968847,327,,`gtol` termination condition is satisfied.,0.0657534246575342,2.405479452054794,-0.1845806154408193,0.1968206879009062
933,-3.0596908196501014,1.2051603140362126,-0.8353206922845489,0.7579942063884075,0.5001550235588309,True,0.0008864503068726663,0.002975153860503159,0.005616221681402941,0.0038147847604703593,324,,`ftol` termination condition is satisfied.,0.0630136986301369,2.4027397260273973,-0.1876394045885712,0.197520195646891
934,-3.104510414812041,1.2475682890150175,-0.8787877681521107,0.7782883911406552,0.483752183604795,True,0.0002718465694852561,0.002245574617440299,0.003688756875197356,0.0027316141235304943,295,,`ftol` termination condition is satisfied.,0.0602739726027397,2.4,-0.1982852745124604,0.1978113673098142
935,-3.1443413470023502,1.2288733568903227,-0.7629145963661076,1.0434914311098529,0.4343915700927154,True,8.67968072922286e-05,0.0007280887355370474,0.003873170921167261,0.0022573094964595535,339,,`gtol` termination condition is satisfied.,0.0575342465753424,2.3972602739726026,-0.218162328774521,0.197531715032369
938,-3.119095631340005,1.2103399750515855,-0.786685094752619,0.9009931379556431,0.47388981263995356,True,9.083562124530977e-05,0.000799050902603326,0.0033607701837882037,0.0019676481294896337,358,,`ftol` termination condition is satisfied.,0.0493150684931506,2.389041095890411,-0.2970172061367045,0.1992607881771803
939,-3.094363098701123,1.1988548229525091,-0.7638731206793962,1.006406297149312,0.44369569211527193,True,4.274345600075558e-05,0.000585311808969539,0.003214781911774424,0.0018268426872462586,341,,`gtol` termination condition is satisfied.,0.0465753424657534,2.3863013698630136,-0.2108555561143899,0.1998921423795249
940,-3.1053570069155803,1.2041694459941525,-0.7685680252039062,0.9717666334213488,0.4532174765023886,True,3.421061827484262e-05,0.0005250680525502239,0.0038204593513186036,0.0017890885728024976,338,,`gtol` termination condition is satisfied.,0.0438356164383561,2.3835616438356166,-0.2099139359579646,0.1970983177431435
941,-3.1153090087449193,1.2219019987543298,-0.7642654020714292,0.9866316869293461,0.45096789389851233,True,4.307670824786884e-05,0.0005857923231817628,0.0031468310553776292,0.001960360368670547,327,,`ftol` termination condition is satisfied.,0.0410958904109589,2.3808219178082193,-0.202365087662516,0.1979652506366302
942,-3.197106576593772,1.259817172704228,-0.7328900633574916,1.2198242509025463,0.36766122222436753,True,0.00025670276055906645,0.0017173265093185725,0.004776436255165439,0.0033809696294655233,302,,`ftol` termination condition is satisfied.,0.1342465753424657,2.378082191780822,-0.2237579691411546,0.1974763311020849
945,-3.1845441091650737,1.253096964808942,-0.7636739326499719,0.963096477677607,0.4572858484035098,True,6.0832687629975004e-05,0.0006916681798851008,0.0034186363307944557,0.0020413200096902756,329,,`gtol` termination condition is satisfied.,0.1260273972602739,2.3698630136986303,-0.2241574802426348,0.1977871771577291
946,-3.16400124549045,1.25221648738916,-0.7677347069736863,0.995850897268464,0.43731993315275947,True,6.11051535428067e-05,0.0006869207501754375,0.0036705761385197183,0.0021855102675730864,335,,`ftol` termination condition is satisfied.,0.1232876712328767,2.367123287671233,-0.2288941217960672,0.1961070652596156
947,-3.1791343229779896,1.2643428651117508,-0.7598410136565885,0.9972349704310677,0.437171877187843,True,5.902262764315848e-05,0.0006518025349196484,0.003910529385043506,0.0022275303482713195,331,,`ftol` termination condition is satisfied.,0.1205479452054794,2.3643835616438356,-0.2301597521388292,0.1950107574294045
948,-3.1920835951177047,1.2704321753864374,-0.7562149815051553,0.9877632852801624,0.44660251759122943,True,6.604230323048682e-05,0.0006585411585409085,0.004434462290062772,0.002391195891100605,332,,`ftol` termination condition is satisfied.,0.1178082191780822,2.361643835616438,-0.231463113131022,0.1988852920989096
949,-3.1993822925597275,1.2777543535732772,-0.7584291383108817,0.9936531041529192,0.44303463653615655,True,6.174695188985497e-05,0.0006319915453817477,0.004323810468581132,0.0023801402449517717,331,,`ftol` termination condition is satisfied.,0.1150684931506849,2.3589041095890413,-0.2325416559449283,0.197846360914372
952,-3.2052816654721434,1.287962387978364,-0.7510791214153993,0.9635344493774276,0.4580711316386499,True,5.6667764807850777e-05,0.0006297172842258863,0.004070677424320688,0.002222264884341181,327,,`ftol` termination condition is satisfied.,0.1068493150684931,2.350684931506849,-0.2326538889327835,0.1974011659837169
953,-3.1598635767291925,1.2614399342160012,-0.751957756922418,0.9759079918881206,0.4510564544083474,True,7.170913566845576e-05,0.0006696243146029445,0.004233046521182002,0.0023988377480507156,330,,`ftol` termination condition is satisfied.,0.1041095890410958,2.347945205479452,-0.2323489961812797,0.198291822655812
954,-3.150895275089179,1.2610413505719287,-0.7543009099244942,1.007536328479864,0.4420369872163797,True,7.445595181840897e-05,0.0007219125117388853,0.004099234369841176,0.002373074883447709,329,,`ftol` termination condition is satisfied.,0.1013698630136986,2.345205479452055,-0.233899892245983,0.1966596686050902
955,-3.1538007141486624,1.2592960399252116,-0.7495401957709455,1.0160736331270297,0.4405376412677893,True,9.80629395708876e-05,0.0007370160515616211,0.005499302473932801,0.0031227368660661213,336,,`ftol` termination condition is satisfied.,0.0986301369863013,2.3424657534246576,-0.2406306317987148,0.1996880460845742
956,-3.1729009218640987,1.2695399644932854,-0.7543329210329363,0.9814359323323548,0.44933758038552724,True,9.934664755071145e-05,0.0007790465029874743,0.006093884891488245,0.0032410020764326473,335,,`ftol` termination condition is satisfied.,0.0958904109589041,2.33972602739726,-0.2424429464747919,0.19771189037959
959,-3.151474112522779,1.2682913605071442,-0.7418126740128735,0.9981678109005578,0.4514212739081448,True,0.00010083517846329962,0.0008258841449490851,0.006165283407700606,0.0034927901914902928,357,,`ftol` termination condition is satisfied.,0.0876712328767123,2.331506849315069,-0.2417337975625791,0.1985290287937271
960,-3.121900097454414,1.2704002202218498,-0.752340612069673,0.9750391173502515,0.4527744606753214,True,0.00011780441894015741,0.0008726452197287597,0.005855143990079468,0.0034599777360378734,353,,`ftol` termination condition is satisfied.,0.084931506849315,2.328767123287671,-0.240160721558958,0.1903725664524714
961,-3.0799132706373515,1.2633413163041824,-0.7461025104064326,1.0230623954376838,0.4392788583081094,True,0.0002212363172532139,0.0011567582818444225,0.006475247889815524,0.003907077426943066,357,,`ftol` termination condition is satisfied.,0.0821917808219178,2.326027397260274,-0.2400452647821978,0.1986589092834258
962,-3.048696810683584,1.2582715246472855,-0.7574649685120627,0.9597648886723728,0.4524821330262147,True,0.00012259261655890705,0.0007881347707994349,0.005472953740501915,0.0032942344904069586,355,,`ftol` termination condition is satisfied.,0.0794520547945205,2.3232876712328765,-0.2309956650187415,0.1950907040376889
963,-3.0993570229038414,1.2723480335925723,-0.7409566640933228,0.9914929064336011,0.4519256810763193,True,0.00014392032872710504,0.0009597552583863666,0.005675403802661107,0.0034825289528658864,350,,`ftol` termination condition is satisfied.,0.0767123287671232,2.3205479452054796,-0.2384470387660647,0.1927381054161615
966,-3.0687706018740166,1.2569372690975316,-0.7595960005111674,0.9609224993728444,0.4552373995709451,True,9.978512350083157e-05,0.0007443960005407188,0.004775046346094241,0.0029442605376670847,354,,`ftol` termination condition is satisfied.,0.0684931506849315,2.3123287671232875,-0.2371149821981549,0.1938468341777364
967,-3.079829506983699,1.2492570364444415,-0.7634918577783685,0.9340312737123032,0.46146139402498776,True,0.0001226518521001648,0.0010013592499609721,0.004809529137188218,0.003208213566468951,350,,`ftol` termination condition is satisfied.,0.0657534246575342,2.3095890410958906,-0.2366481361464811,0.1947352076604745
968,-3.0351947067947873,1.2423096750969949,-0.7628075548923706,0.9467697110405352,0.45653873705386655,True,0.00012029075199256547,0.0009286509519549347,0.004938824956268936,0.00322873535669409,354,,`ftol` termination condition is satisfied.,0.0630136986301369,2.3068493150684932,-0.2364688487080494,0.1940697395152353
969,-3.0150216593476076,1.218700066760209,-0.753485872448582,0.9548223240863902,0.4524266338640884,True,0.00014715710756939081,0.0009725657139372048,0.005152277671541769,0.003470398284122418,355,,`ftol` termination condition is satisfied.,0.0602739726027397,2.304109589041096,-0.2292332173652441,0.197313800894322
970,-3.0401816315542516,1.232195093400684,-0.7476449590049559,0.9843616658051401,0.44842906122569864,True,0.0001170604064291505,0.0008429897551988535,0.005239511078220527,0.0033405159288298534,350,,`gtol` termination condition is satisfied.,0.0575342465753424,2.3013698630136985,-0.234707815709024,0.1971081255363073
974,-3.0344612761856693,1.2197286061051646,-0.7493134405313848,1.0364311569912499,0.4365609855415633,True,0.00021920961172035348,0.00111099213970306,0.005107111198869154,0.0035424586664368537,347,,`ftol` termination condition is satisfied.,0.0465753424657534,2.2904109589041095,-0.2354004570425345,0.1963300377094014
975,-3.0895481799277356,1.2430323720330965,-0.7769430354009691,0.8985880935546359,0.4654588528379191,True,0.00012369034888822598,0.000969439607898804,0.003830568605598008,0.002649567245440604,347,,`ftol` termination condition is satisfied.,0.0438356164383561,2.287671232876712,-0.2335921853666208,0.1988870792636007
976,-3.15469081600133,1.2516996226072252,-0.7525951465673226,0.9393239111659495,0.46621776027111606,True,0.0002596306845686664,0.0012928667229551453,0.006793039058060117,0.004575511455848316,349,,`ftol` termination condition is satisfied.,0.0410958904109589,2.2849315068493152,-0.2479690507286775,0.1978323151495997
977,-3.201782997750384,1.262487200210364,-0.7158738082205123,1.0144130958550899,0.46067836109329185,True,0.0003750599006968955,0.0015770627717268473,0.008191056364936786,0.005338085251484661,339,,`ftol` termination condition is satisfied.,0.1150684931506849,2.282191780821918,-0.2535650819711568,0.1963517887078415
980,-3.185617962856409,1.2534032061916023,-0.7379346260626951,0.998679125801083,0.4462720215884144,True,0.0001563977254709501,0.0010686089142688418,0.005051563673118701,0.0032150581165418845,327,,`ftol` termination condition is satisfied.,0.1068493150684931,2.2739726027397262,-0.2450073143604849,0.1902900685685215
981,-3.2011756157371334,1.2600110443601238,-0.7285143613518911,1.0158103694771297,0.44577950223274027,True,0.00011788540444646056,0.0008670808588590886,0.004423908956307743,0.0028651586246737763,336,,`ftol` termination condition is satisfied.,0.1041095890410958,2.271232876712329,-0.2481554808181145,0.1976941717967161
982,-3.252823707764086,1.281416587628017,-0.7338468177701383,0.9792427952732038,0.45460141971019813,True,0.00013892573543217436,0.0009614519509777537,0.004620661801508876,0.002918669864693824,335,,`ftol` termination condition is satisfied.,0.1013698630136986,2.2684931506849315,-0.2540232846708358,0.1926664312706612
983,-3.3402248528621956,1.314955671651898,-0.7326640632159489,0.9524486027905016,0.4622246552195431,True,0.0001458594788356475,0.0011983656643939247,0.00444613289637085,0.0029178514283840847,326,,`ftol` termination condition is satisfied.,0.0986301369863013,2.265753424657534,-0.2663016569133905,0.1988030508793034
984,-3.300473917309103,1.2967377633273962,-0.730679493337196,1.005731910006757,0.446127086398917,True,8.915476291472999e-05,0.0007604952924081741,0.004158113486887288,0.0025664529323673716,335,,`ftol` termination condition is satisfied.,0.0958904109589041,2.263013698630137,-0.2723514903372559,0.1931186433005322
987,-3.29283380546795,1.289976047845132,-0.7216232159108065,0.9984491212627081,0.4477281252417787,True,7.80539973045381e-05,0.0006962876029581367,0.00391191989211486,0.002404135944153964,328,,`ftol` termination condition is satisfied.,0.0876712328767123,2.254794520547945,-0.2691919894161884,0.1964406936015165
988,-3.3236600034892594,1.3169961199907765,-0.7321413346274965,0.9653594258350807,0.45918463752101085,True,8.785272268249628e-05,0.0008527276348556179,0.0038651872832069062,0.002430500789891139,324,,`ftol` termination condition is satisfied.,0.084931506849315,2.252054794520548,-0.2686579114316641,0.1976807693603035
989,-3.3356090747636906,1.3192379145731639,-0.7263391923883997,0.9944135777964853,0.4491357909393138,True,8.111914421996325e-05,0.0007375789089405059,0.003737501223204004,0.0023362519563558826,324,,`ftol` termination condition is satisfied.,0.0821917808219178,2.249315068493151,-0.2691644951473956,0.1960540598086015
990,-3.321506263631102,1.327312831787756,-0.7218626382201243,0.9909813434824023,0.4598662912569062,True,6.360472889258779e-05,0.0006284660234587513,0.003944309018851624,0.00242125560259454,324,,`ftol` termination condition is satisfied.,0.0794520547945205,2.2465753424657535,-0.2694914121345196,0.1964856864083391
991,-3.301617138635837,1.326160752856594,-0.7371773655300656,0.9469660633624317,0.46687165694800586,True,9.131730709385505e-05,0.0007078931037905341,0.004629590642713194,0.002716436027790875,324,,`ftol` termination condition is satisfied.,0.0767123287671232,2.243835616438356,-0.2675568698724395,0.1985896677710643
994,-3.3289853064227164,1.3217883067671965,-0.7164914221153394,0.9629463595686766,0.46822436304192944,True,8.60337833483576e-05,0.0006800206434489867,0.004190139974050579,0.002378277765951472,376,,`gtol` termination condition is satisfied.,0.0684931506849315,2.2356164383561645,-0.2670195485763811,0.1979971714290999
995,-3.28007777085264,1.2930599107890004,-0.7159105911637688,0.9943923329626191,0.45608856940493914,True,7.089918647880592e-05,0.0006418071668945494,0.003319273659877662,0.0020249431907462955,367,,`ftol` termination condition is satisfied.,0.0657534246575342,2.232876712328767,-0.2575961459381189,0.1979024690249176
996,-3.231813874987557,1.2776005901188645,-0.7127953684868842,0.9889547096816238,0.46100169146245745,True,4.6621962052943996e-05,0.000531181796335974,0.002763032682593827,0.0016502474690862393,365,,`gtol` termination condition is satisfied.,0.0630136986301369,2.23013698630137,-0.2503247920065289,0.1962096420888094
997,-3.298990381149312,1.3164760110446192,-0.7098043834647594,0.976572339500266,0.4682509577483124,True,8.835020250302965e-05,0.0007111771674938613,0.0038565596003249146,0.002348697316089052,363,,`gtol` termination condition is satisfied.,0.0602739726027397,2.2273972602739724,-0.2603549781615759,0.1952642363941893
998,-3.2742908439951415,1.2988068887877224,-0.7217750588107278,0.9818894801802823,0.45833985770465846,True,6.976639410893674e-05,0.0006155450746589838,0.0033452974870773916,0.00207459351655001,365,,`ftol` termination condition is satisfied.,0.0575342465753424,2.2246575342465755,-0.2554329773422817,0.1995259701410144
1001,-3.2718172608776848,1.2862926704219033,-0.7173540167306126,1.0114959005203332,0.4505612671336457,True,6.387604700203967e-05,0.0006067391091767686,0.0031086295048271045,0.0019322841883142056,364,,`ftol` termination condition is satisfied.,0.0493150684931506,2.216438356164383,-0.2572287379907962,0.1988243072003695
1002,-3.2870166327452597,1.2928734299758105,-0.7107866532142654,0.9976760885009346,0.46031373431426026,True,5.9847869589173996e-05,0.0006159750834950731,0.0032010522335320277,0.0019699658637638284,363,,`gtol` termination condition is satisfied.,0.0465753424657534,2.213698630136986,-0.2599686395155963,0.196007095083276
1003,-3.2917741097009046,1.300929054020327,-0.7217183683332149,1.0003507097739557,0.4540149567474555,True,6.721049775339113e-05,0.0006223607298235447,0.0030605180779494714,0.001922052632376426,362,,`gtol` termination condition is satisfied.,0.0438356164383561,2.210958904109589,-0.2626665408436453,0.1932813688056532
1004,-3.322646203558338,1.311640727387033,-0.7108328680685929,1.0211902941656685,0.4523980226623792,True,7.756901743115181e-05,0.0006473238417906902,0.0033605918847699917,0.0020200520335989275,367,,`ftol` termination condition is satisfied.,0.0410958904109589,2.208219178082192,-0.2703674606187634,0.1986537429402571
1005,-3.3456816324259284,1.3189215336127007,-0.7179183311394186,0.9704200954836133,0.45925431906828756,True,8.330885529670104e-05,0.0007048746676388187,0.0028793901740174896,0.0017961726574042226,360,,`ftol` termination condition is satisfied.,0.1150684931506849,2.2054794520547945,-0.2703178168441975,0.1988230628506825
1008,-3.326592664952203,1.3059948696368786,-0.7166316906697262,1.0199363557366306,0.4397445449383919,True,5.8747428518123104e-05,0.0006539135034291965,0.002414320625742421,0.001543160246170266,354,,`ftol` termination condition is satisfied.,0.1068493150684931,2.197260273972603,-0.2664205610889751,0.1987022668740318
1009,-3.299196888303207,1.2859396218941141,-0.7169029508368041,0.969286579398476,0.4549660120054007,True,3.09234221990845e-05,0.000528471747487549,0.0019601509601683414,0.0012074849070663753,357,,`ftol` termination condition is satisfied.,0.1041095890410958,2.1945205479452055,-0.2565803370619152,0.1990393193316504
1010,-3.2880425268359015,1.281775497755701,-0.7266980296971556,0.9562118994099394,0.45293012273304667,True,3.1858018690395544e-05,0.00046848580703427164,0.0017356781517979024,0.0011302172210256886,353,,`ftol` termination condition is satisfied.,0.1013698630136986,2.191780821917808,-0.2500255327175752,0.1971217508187353
1011,-3.321258047496395,1.2833009148821926,-0.7273023557083946,0.9545385604021346,0.45490651187727793,True,7.506179696127295e-05,0.0007587998244510158,0.0019235603316864983,0.0013916148161509142,347,,`gtol` termination condition is satisfied.,0.0986301369863013,2.1890410958904107,-0.2510549861208828,0.1953964759533113
1012,-3.3261016716061405,1.2823987641676626,-0.7257920865304495,0.9499969437810344,0.45268386957440576,True,2.2131984431769333e-05,0.0004311801914349365,0.001563228381808653,0.0010019108819488013,347,,`gtol` termination condition is satisfied.,0.0958904109589041,2.186301369863014,-0.2463726298316439,0.1992882827685834
1015,-3.373605654885471,1.3052539824384042,-0.7175308112006649,0.9887289387016475,0.4491432065481793,True,2.0613088828908748e-05,0.0004978820008374168,0.001502919917311273,0.0010062248120679042,349,,`ftol` termination condition is satisfied.,0.0876712328767123,2.1780821917808217,-0.2563842490336042,0.1984991188596601
1016,-3.3931257827388763,1.3003064698998075,-0.7193258150570485,0.9651898577592158,0.4541708542183358,True,3.198515347214717e-05,0.0005170860092161467,0.0016746567747037973,0.0010923766475414802,351,,`ftol` termination condition is satisfied.,0.084931506849315,2.175342465753425,-0.266109622144468,0.1996766816960212
1017,-3.4111962662863227,1.3132547240597727,-0.7179402945108402,0.9520607268802908,0.4584766202646503,True,2.8311444676151587e-05,0.0004503508485988038,0.0014704350567703148,0.0009784890288951438,349,,`gtol` termination condition is satisfied.,0.0821917808219178,2.1726027397260275,-0.2713235971095712,0.1979794590291077
1018,-3.4061211842860004,1.3101931361888286,-0.720364268973778,0.974480475667653,0.4485965065214555,True,4.199411142103324e-05,0.0005669584851867142,0.0017135746860566447,0.0012281646772057714,348,,`gtol` termination condition is satisfied.,0.0794520547945205,2.16986301369863,-0.2677279891608581,0.1974847309655743
1019,-3.3217098082530456,1.2770953916893677,-0.7210130504574371,0.9541407161422818,0.45779943008613766,True,2.6886876399897376e-05,0.0005284021164051406,0.0019076512436991735,0.0010709329279756632,344,,`gtol` termination condition is satisfied.,0.0767123287671232,2.1671232876712327,-0.2484654214387973,0.1983293142095748
1022,-3.337375244503166,1.283177978903898,-0.7287689073074566,0.9270655494807672,0.46697845891070744,True,3.669251015116498e-05,0.0005533460435663144,0.0021279750945230116,0.001336133511969684,364,,`ftol` termination condition is satisfied.,0.0684931506849315,2.158904109589041,-0.2523259230589835,0.1946121094664921
1023,-3.2462201807014495,1.2408365734381128,-0.7390524747211086,0.9239339512282134,0.45972207739986537,True,3.11400375554953e-05,0.0005419634962947279,0.0033239477778282886,0.0012891776584807487,355,,`gtol` termination condition is satisfied.,0.0657534246575342,2.1561643835616437,-0.2358018470470606,0.1903843318912828
1024,-3.2547660984207987,1.24685614509569,-0.7371427596035058,0.895456896221568,0.4758794173257344,True,2.22844718314846e-05,0.00046795954440109847,0.003090545708322352,0.0012630011170618504,354,,`gtol` termination condition is satisfied.,0.0630136986301369,2.1534246575342464,-0.2346696685985383,0.1919317213399747
1025,-3.2879828909503916,1.254020672310857,-0.7471177561849573,0.8744632840312294,0.47611307028077854,True,2.24532692781381e-05,0.0004679344622280716,0.003222783949885103,0.0012297880890372588,351,,`gtol` termination condition is satisfied.,0.0602739726027397,2.1506849315068495,-0.2377596550428664,0.1990873111151377
1026,-3.276813209077773,1.2528716624209368,-0.7344339065716852,0.8811119674624183,0.48025456141426826,True,1.4480890418936023e-05,0.0004084154290364124,0.0029975461704404064,0.001200990416454167,352,,`gtol` termination condition is satisfied.,0.0575342465753424,2.147945205479452,-0.2364167145113396,0.1896837424082586
1031,-3.2738446703839768,1.2426450465941166,-0.7496297277612951,0.8441957535072125,0.48253201123987827,True,1.6796453795154184e-05,0.0003886626031351881,0.004291446888771008,0.0013719368526601385,347,,`gtol` termination condition is satisfied.,0.0438356164383561,2.1342465753424658,-0.2360723357612327,0.1901600244893401
1032,-3.356458763104981,1.2632058881944135,-0.7284458116770707,0.8918595716779385,0.4714902799148708,True,3.6082522672084525e-05,0.0004935428987864726,0.004369357083903107,0.0017187651098371547,354,,`ftol` termination condition is satisfied.,0.0410958904109589,2.1315068493150684,-0.2479137927671347,0.1990284496789471
1033,-3.314369916693527,1.235318332978664,-0.7393424277194881,0.8776698272922724,0.4714823997225989,True,2.7619360759071583e-05,0.0004807895151993934,0.0016161080783217898,0.0010515551198225113,341,,`ftol` termination condition is satisfied.,0.1342465753424657,2.128767123287671,-0.2352811231120523,0.1910855310036916
1036,-3.295010980769804,1.22710873308313,-0.7403074032323969,0.8709312461130085,0.4740159646508007,True,1.9765357365821805e-05,0.00042000385548236156,0.0019286975920427757,0.0009998762205665368,341,,`gtol` termination condition is satisfied.,0.1260273972602739,2.1205479452054794,-0.2399458613682434,0.1970348629064546
1037,-3.34568586841637,1.2452676388928476,-0.7309206664937112,0.8702782648027255,0.4818351934126122,True,1.650944496083167e-05,0.000475756332713808,0.002068107567478785,0.0012002789533569853,345,,`gtol` termination condition is satisfied.,0.1232876712328767,2.117808219178082,-0.2490671814790224,0.1976087536488966
1038,-3.236646549742016,1.1995129480274356,-0.7440487770063622,0.8464412242237828,0.4806426588916648,True,1.2175638175804243e-05,0.00035605559263997435,0.0020228791945033115,0.001000017784391581,335,,`gtol` termination condition is satisfied.,0.1205479452054794,2.115068493150685,-0.2235242940640028,0.1984913005830961
1039,-3.223735565038199,1.19442656423879,-0.7563906354486041,0.8633399549737344,0.4701463388595126,True,1.1845552622716172e-05,0.0003825669093915073,0.0016507287677442258,0.0009345581181233193,329,,`gtol` termination condition is satisfied.,0.1178082191780822,2.112328767123288,-0.2128439011992328,0.1986909132442925
1040,-3.2145667988606212,1.184053829350473,-0.7578543017223205,0.8443270430466228,0.4728961212271722,True,2.0235707452790494e-05,0.0004580751749597089,0.001920416460103905,0.0010990141588178139,329,,`ftol` termination condition is satisfied.,0.1150684931506849,2.1095890410958904,-0.2137260001978952,0.1971456337808922
1043,-3.255775750599861,1.2031495938392183,-0.7590426004231842,0.8511346681271049,0.4699043095312583,True,1.3689971069739916e-05,0.00044143820182431697,0.0019085941201479298,0.0011490769918311387,324,,`gtol` termination condition is satisfied.,0.1068493150684931,2.1013698630136988,-0.2152118343797443,0.196280484346646
1044,-3.257055654126251,1.1974304523384147,-0.7642964000122991,0.82972760131853,0.4714139997479051,True,1.4605531697388942e-05,0.0004025521113055813,0.0019059482915051934,0.0011660197324864924,314,,`ftol` termination condition is satisfied.,0.1041095890410958,2.0986301369863014,-0.2097150450070618,0.1970824956625267
1045,-3.212491343918078,1.1671420019614398,-0.7710207907947236,0.8774804914249151,0.4457943259614517,True,1.9876112391326955e-05,0.0004839895439522314,0.0019531007045823852,0.001229475753011821,314,,`gtol` termination condition is satisfied.,0.1013698630136986,2.095890410958904,-0.1968667956181229,0.1998550496166452
1046,-3.2233438823935354,1.1677027070286685,-0.7765129183245886,0.8380850040324316,0.4591241304641979,True,1.3670273923414343e-05,0.00039519974049939406,0.0015794172255412212,0.001011427847485623,304,,`gtol` termination condition is satisfied.,0.0986301369863013,2.0931506849315067,-0.1956709388394223,0.1995967215614779
1047,-3.2803893308734247,1.1845047343123485,-0.7558133267389663,0.8779382974825339,0.45570022471752847,True,1.797184104493405e-05,0.00045391642005300834,0.0021276178981998782,0.0013138040134090274,311,,`gtol` termination condition is satisfied.,0.0958904109589041,2.0904109589041098,-0.2020548923323748,0.1997956092330085
1050,-3.3605391482416658,1.2218771677026885,-0.7459217043513798,0.8334098943128104,0.47292266316900516,True,1.6363843087318318e-05,0.0004212030553079449,0.002181765038230675,0.0012528337230923291,311,,`gtol` termination condition is satisfied.,0.0876712328767123,2.0821917808219177,-0.2187301242301304,0.1981132260548745
1051,-3.383761297011898,1.2354635805539742,-0.7458775438237517,0.8015962478077028,0.48639348336002036,True,1.3647997642957954e-05,0.0003855795823742711,0.002201778204499763,0.001218094246515328,309,,`gtol` termination condition is satisfied.,0.084931506849315,2.0794520547945203,-0.2211551173077124,0.1955621318732913
1052,-3.3791514216192033,1.225598826011456,-0.7458080840478227,0.7964399736403854,0.486740353849652,True,1.794506628632123e-05,0.00042493242928514426,0.0021423618574960227,0.0012899889359730414,311,,`gtol` termination condition is satisfied.,0.0821917808219178,2.0767123287671234,-0.2231282480957385,0.1979609025392175
1054,-3.410942868048796,1.2413477582648704,-0.7426533137325964,0.8106610601776448,0.4886252741067254,True,1.703676823264066e-05,0.0004088508897965998,0.002185674971645892,0.0012180975083511273,316,,`gtol` termination condition is satisfied.,0.0767123287671232,2.0712328767123287,-0.2305552940800814,0.1906449800755646
1057,-3.4012172250983292,1.2366670545802132,-0.7383660578517774,0.8321438200891524,0.4746567602069106,True,2.1415541049456225e-05,0.0004593570249382227,0.0019961868010934546,0.001202101177944343,315,,`ftol` termination condition is satisfied.,0.0684931506849315,2.063013698630137,-0.2291940960233469,0.1916424665624144
1058,-3.3743043054787765,1.2265385392915287,-0.7419015439211615,0.802676282684746,0.48332033134043156,True,1.5513896397487042e-05,0.0003801128411475077,0.0021019744670097264,0.0011678733184646893,313,,`gtol` termination condition is satisfied.,0.0657534246575342,2.0602739726027397,-0.224949028144389,0.1961461307281257
1059,-3.402527734242149,1.2431809081251362,-0.735275291859006,0.8197588146948876,0.47841271307861005,True,2.11191690283958e-05,0.0004781419013886143,0.0020749837067175186,0.0011755095114157719,315,,`gtol` termination condition is satisfied.,0.0630136986301369,2.0575342465753423,-0.231832401892506,0.1994051023941778
1060,-3.424377090652862,1.2523916452107025,-0.7424600301988,0.7865736833673153,0.4926250845415849,True,1.4788472858474735e-05,0.00038950339749157685,0.0018987545882722594,0.0011505216986739712,311,,`gtol` termination condition is satisfied.,0.0602739726027397,2.0547945205479454,-0.2375075659491384,0.1939771654137208
1061,-3.4055885840709537,1.2491534456674294,-0.7380736018224833,0.7985200670493666,0.48523757118111005,True,2.4454338480064926e-05,0.0004967836190511809,0.002096373409596208,0.0012694457856533288,312,,`ftol` termination condition is satisfied.,0.0575342465753424,2.052054794520548,-0.2367897310413931,0.1947538311545815
1064,-3.3706943323607983,1.2297970569572514,-0.7480148653707119,0.7726629278386754,0.48801588980408117,True,2.399418058363956e-05,0.00048016813684546215,0.0027969510821187473,0.0013122844612915487,313,,`ftol` termination condition is satisfied.,0.0493150684931506,2.043835616438356,-0.2319415425509642,0.1991957557367622
1065,-3.3554907968259093,1.2226546908145746,-0.7517439619159708,0.7759406183063615,0.48570517445943884,True,2.4087348873379325e-05,0.0005071669786720067,0.0035551145944846723,0.0017450511410772081,315,,`gtol` termination condition is satisfied.,0.0465753424657534,2.041095890410959,-0.2305320850528895,0.1904557326560939
1066,-3.3773373579252026,1.231980334091306,-0.7536290371113751,0.7773892322815884,0.4838037909865675,True,1.9695962428794822e-05,0.00048579580484802587,0.0029036511857044077,0.0014556195960085934,313,,`gtol` termination condition is satisfied.,0.0438356164383561,2.0383561643835617,-0.2326040821341577,0.1992038114554173
1067,-3.378125680335877,1.2322835849812905,-0.7507902414997155,0.7806741318454212,0.4836153657412996,True,2.0697471643372552e-05,0.0005183868484052467,0.002927155972451941,0.0016394714805223114,309,,`ftol` termination condition is satisfied.,0.0410958904109589,2.0356164383561643,-0.2358554798492265,0.1961021168876494
1068,-3.4017982902994377,1.2525472656562264,-0.7509850332776639,0.8243707330761717,0.4640530378952596,True,2.6420659322334316e-05,0.0005002983495253358,0.0023313836086436934,0.0013745791565230082,303,,`gtol` termination condition is satisfied.,0.1150684931506849,2.032876712328767,-0.238081952824967,0.1932987361742639
1071,-3.4065595129143436,1.2523409485598942,-0.7347348947208643,0.8275656976556846,0.4744603891041702,True,2.194544047977138e-05,0.0005348361739708818,0.002574864887179697,0.0015174254052280082,303,,`ftol` termination condition is satisfied.,0.1068493150684931,2.0246575342465754,-0.2407328519178332,0.199933412200623
1072,-3.413653076120004,1.2685712765910278,-0.7421299987316095,0.8339655864444867,0.4685887109070445,True,1.771181654218687e-05,0.0005801665601422712,0.0018419002319818767,0.0011746850239825726,301,,`gtol` termination condition is satisfied.,0.1041095890410958,2.021917808219178,-0.2492255197547883,0.1924757446886565
1073,-3.3792092529214313,1.259926217692224,-0.7270708599862699,0.7914142873439355,0.48316658913507515,True,2.0611016154103164e-05,0.0004786009024042976,0.00182737308925818,0.0011208006410167435,306,,`gtol` termination condition is satisfied.,0.1013698630136986,2.0191780821917806,-0.2462630973829392,0.195415034758951
1074,-3.3395009203157224,1.2518205845807442,-0.7333876021779931,0.7705076458267103,0.4816015866674835,True,2.732755668530957e-05,0.0005278583350074115,0.002416659723374174,0.0013516904731342714,301,,`gtol` termination condition is satisfied.,0.0986301369863013,2.0164383561643837,-0.2400716358371007,0.1901500451558729
1075,-3.326900157180146,1.2509280739511848,-0.7330264235477908,0.7937934832737666,0.47626296614620967,True,2.026584187699756e-05,0.0004683029064737033,0.0026246982931535227,0.0014350994946250193,305,,`gtol` termination condition is satisfied.,0.0958904109589041,2.0136986301369864,-0.2378886646403135,0.1937877762774519
1078,-3.3696608669015657,1.2740789353007564,-0.7307178954563154,0.8043977742988057,0.47529832122472304,True,1.6330924035980224e-05,0.0004721229731558517,0.0023127003777395684,0.001295698816322296,306,,`ftol` termination condition is satisfied.,0.0876712328767123,2.0054794520547947,-0.2508931895894608,0.1999235690182241
1079,-3.4213766545420152,1.294892419801018,-0.7330148908412011,0.7885096146126382,0.47650842569135776,True,3.411570268561737e-05,0.0006014565981186009,0.002829670028878678,0.0014799921103520295,307,,`gtol` termination condition is satisfied.,0.084931506849315,2.002739726027398,-0.2613338038562349,0.1978188597067158
1080,-3.3603581065605943,1.2796983435429221,-0.7334751061163187,0.7466603393917224,0.49565319414770387,True,2.6479506739250674e-05,0.000573531830327518,0.00432769812974203,0.0019994728224676283,309,,`gtol` termination condition is satisfied.,0.0821917808219178,2.0,-0.2550613680386631,0.1954247405305546
1081,-3.3713047629289172,1.289174112336859,-0.745595163896222,0.6882074270562308,0.5222140452067273,True,3.690118557075122e-05,0.0006726880893195483,0.004772099354883106,0.0023166656652055875,311,,`gtol` termination condition is satisfied.,0.0794520547945205,1.9972602739726024,-0.2603356155300829,0.1991167462080839
1082,-3.328990114307628,1.2791362850881307,-0.7408564588939431,0.7553319902790337,0.5040775977511974,True,5.0428554218778007e-05,0.0006382757090478779,0.003995288148143196,0.0022629961793282057,302,,`ftol` termination condition is satisfied.,0.0767123287671232,1.9945205479452055,-0.2500066373192411,0.1913943138574025
1085,-3.299014471327744,1.252579019125308,-0.7557860907719264,0.7003155386436587,0.5209997816362506,True,3.931090490273591e-05,0.0006050451051959137,0.00429195600827144,0.0022631462057843645,325,,`gtol` termination condition is satisfied.,0.0684931506849315,1.9863013698630136,-0.2458522947242402,0.1956239789175544
1087,-3.264403667907073,1.2422317599184105,-0.7573995830522707,0.6002272590970453,0.5669660500437051,True,0.00011133825002414434,0.0022920624880201235,0.0063215109938433555,0.003497184606236901,371,,`ftol` termination condition is satisfied.,0.0630136986301369,2.978082191780822,-0.2414291399944276,0.1999687840098221
1088,-3.2579679970327198,1.257429663550319,-0.75652212724279,0.6267801066793792,0.5559506719506752,True,0.00015807346947232202,0.0016754801725865948,0.007612982306625306,0.0039676895229456095,368,,`ftol` termination condition is satisfied.,0.0602739726027397,2.9753424657534246,-0.2389972602455948,0.1940263116794553
1089,-3.1641647633202012,1.1981316026166413,-0.799338114106914,0.5480201281153069,0.5864311520198054,True,0.00022991035609290763,0.0019369052640282095,0.010811778054226005,0.005380835385141284,341,,`ftol` termination condition is satisfied.,0.0575342465753424,2.9726027397260273,-0.2178559641313444,0.1997957858576067
1092,-3.3141994216153865,1.2705527232909177,-0.7676305285945954,0.6590694450906756,0.5417160637923616,True,5.442338904111443e-05,0.0008785868118324729,0.006486060490994282,0.0028539792767064073,363,,`ftol` termination condition is satisfied.,0.0493150684931506,2.9643835616438357,-0.2459239715482577,0.1954447700744016
1094,-3.4578987378672026,1.3486561117771705,-0.7453753267150887,0.6640134458126367,0.5452819502380124,True,4.165048318002127e-05,0.0007296812140987862,0.00340465989526054,0.0018313018863497566,363,,`gtol` termination condition is satisfied.,0.0438356164383561,2.958904109589041,-0.2716522401207795,0.1910847634570107
1095,-3.4493613841664112,1.3301701905427334,-0.7426610891795916,0.7031989653523205,0.5252962456627617,True,4.143315588854209e-05,0.0006328234323088764,0.0032654700300112174,0.0017191466551355037,364,,`gtol` termination condition is satisfied.,0.0410958904109589,2.956164383561644,-0.2691873335300121,0.1930782668417003
1096,-3.473522915166365,1.3439903977974008,-0.7433605035607901,0.7382190758817287,0.5100267187517564,True,6.35565558112195e-05,0.0007003710557309188,0.0029356291478739504,0.001736793808628343,355,,`gtol` termination condition is satisfied.,0.1150684931506849,2.9534246575342467,-0.2726228461973068,0.1879744107126273
1099,-3.4577046907841913,1.3366608385601966,-0.7545692152097877,0.7448924188269074,0.5015272888797906,True,5.210075979091655e-05,0.0008866938956879942,0.002512087106999374,0.0016164733533621362,351,,`gtol` termination condition is satisfied.,0.1068493150684931,2.9452054794520546,-0.2711129664656184,0.1902340733947062
1100,-3.4544889242732526,1.3359331801048884,-0.7550060378347425,0.7408259572614737,0.5023405709718896,True,4.839101178416814e-05,0.0007821830682969092,0.002134860132412081,0.0014293462292756939,347,,`gtol` termination condition is satisfied.,0.1041095890410958,2.9424657534246577,-0.2684674759650367,0.1952422870647654
1101,-3.4446545888830955,1.3345427871244862,-0.7436401195012503,0.7181321495022522,0.5151870882887638,True,3.536331486105316e-05,0.0006354372603437243,0.002283824498469313,0.0014365140723644689,350,,`gtol` termination condition is satisfied.,0.1013698630136986,2.9397260273972603,-0.2708300630767911,0.1925155902101306
1102,-3.4900562938659747,1.3509467300897882,-0.7256983803897076,0.7258202724834287,0.5194600661986934,True,4.886954224249545e-05,0.0009464292607496728,0.0026100508116688502,0.0016962050890709025,351,,`gtol` termination condition is satisfied.,0.0986301369863013,2.936986301369863,-0.2736479648068222,0.1906576433242755
1103,-3.4844337949567183,1.3448255201457644,-0.73145539680945,0.7280939400079306,0.5089027737669741,True,4.87198148826713e-05,0.0006659969464274428,0.0021390383032083796,0.0014253721931712126,352,,`ftol` termination condition is satisfied.,0.0958904109589041,2.9342465753424656,-0.2738588725613953,0.1996791289980828
1106,-3.4712083340912567,1.3354881813246529,-0.7355064034675292,0.7178527753489233,0.5127328405965104,True,4.234246216451599e-05,0.0006798076548780498,0.002648176061425747,0.001601986658644004,351,,`gtol` termination condition is satisfied.,0.0876712328767123,2.926027397260274,-0.272006771442404,0.1922988366886937
1107,-3.474711415079247,1.334543890756213,-0.7422215309840221,0.736093667981653,0.5016852731564525,True,3.7505851300833105e-05,0.0006309548677572614,0.002325139303942384,0.0014720625080533306,346,,`ftol` termination condition is satisfied.,0.084931506849315,2.9232876712328766,-0.2729769903634303,0.1913286177676675
1108,-3.483582921714816,1.3509732791543354,-0.7323099163972095,0.7132360050412301,0.5118697806585749,True,5.7237387170725894e-05,0.0007008950734043378,0.0026606728564209465,0.001782421813016093,343,,`ftol` termination condition is satisfied.,0.0821917808219178,2.9205479452054797,-0.2725739834590968,0.1917316246720011
1109,-3.503279183516198,1.345360486860351,-0.7408633934131876,0.7257404288398633,0.5060772752548581,True,2.6637016029986663e-05,0.0005826646483273288,0.002262934931826053,0.0014638936091831538,353,,`gtol` termination condition is satisfied.,0.0794520547945205,2.9178082191780823,-0.27999672499239,0.1994781896819175
1110,-3.54800398716027,1.3729916688333643,-0.734396962884064,0.718057443729124,0.5123099311256084,True,3.622850640869399e-05,0.000638234465356647,0.0017985240837410006,0.0012670952317525262,352,,`gtol` termination condition is satisfied.,0.0767123287671232,2.915068493150685,-0.2815983971629336,0.1978131445837511
1114,-3.630408895905661,1.3937830222886225,-0.7122617640739579,0.7621157434541426,0.5086101438934988,True,5.2759368127923206e-05,0.0008920943456093932,0.0021190622898899615,0.0015858546946087926,361,,`gtol` termination condition is satisfied.,0.0657534246575342,2.904109589041096,-0.2891369238401054,0.1980421996087923
1115,-3.684268202273742,1.4012582955053008,-0.7225066102162734,0.6896950454107393,0.534749598968455,True,3.922250068523101e-05,0.0006834658502251456,0.002657745818310969,0.0018322070864839847,360,,`gtol` termination condition is satisfied.,0.0630136986301369,2.9013698630136986,-0.2896072489870259,0.1978210635230969
1116,-3.6819837367135664,1.3969708172629594,-0.7021587912400679,0.6876767644990719,0.544437577104618,True,4.463060095604222e-05,0.0007796269487482109,0.002683292971070954,0.0018522944846654714,361,,`gtol` termination condition is satisfied.,0.0602739726027397,2.8986301369863012,-0.2906196639521404,0.197390241140721
1117,-3.690608759979799,1.3999044580985567,-0.696607922417391,0.7563675384460395,0.5194566446422281,True,4.178986394471495e-05,0.000675810686473469,0.002932544642799301,0.0019108631080213083,358,,`ftol` termination condition is satisfied.,0.0575342465753424,2.8958904109589043,-0.2936654524375144,0.1919373558894041
1120,-3.6851746161679952,1.3930530729026416,-0.7016822633835508,0.7139590852466509,0.532359689237937,True,4.722390351023907e-05,0.0006646525400321882,0.004049670332939288,0.0023788532892118587,357,,`ftol` termination condition is satisfied.,0.0493150684931506,2.887671232876712,-0.2946933523465862,0.1908846810288738
1121,-3.712470428664745,1.3950516834792774,-0.7112844855968137,0.7053150600397019,0.5346265310261554,True,5.538185469918697e-05,0.0007495270612547229,0.004070368768530472,0.002272951118392698,353,,`gtol` termination condition is satisfied.,0.0465753424657534,2.884931506849315,-0.2995735267227769,0.1869781310761993
1122,-3.665175854055487,1.3621955717417493,-0.7083157915922044,0.6791916024642194,0.5441077367009476,True,4.6450262729010115e-05,0.0006538621120861146,0.004589187445078304,0.002508098637786157,356,,`ftol` termination condition is satisfied.,0.0438356164383561,2.882191780821918,-0.2935216926645902,0.1924677512494886
1123,-3.6346169979308978,1.3471952679804207,-0.6879499348326565,0.6752248694142604,0.5532836971690835,True,4.2095446239807356e-05,0.0006791939823704217,0.004311072795854959,0.0023934516719593605,360,,`gtol` termination condition is satisfied.,0.0410958904109589,2.8794520547945206,-0.2921716394903605,0.1934631096630695
1124,-3.6956399845498997,1.3868060353999918,-0.6944330120678007,0.7276150127537252,0.5315651568575487,True,4.1773458567649004e-05,0.0007091571063498576,0.002850568519917076,0.0019194359610698682,347,,`gtol` termination condition is satisfied.,0.1150684931506849,2.8767123287671232,-0.2920877571067756,0.1840726119214839
1127,-3.6287103651845696,1.3588630825901193,-0.7059743888856325,0.6696736786097952,0.5498861938858974,True,6.330810104460612e-05,0.0008891908265035447,0.004236887117419055,0.00262708890383339,353,,`ftol` termination condition is satisfied.,0.1068493150684931,2.8684931506849316,-0.2923894991490945,0.1946971857401136
1128,-3.655524816553227,1.3565643213330383,-0.7005628909102999,0.7161419855834245,0.5318628659325233,True,3.192064872846531e-05,0.0005949123642283731,0.0025606400600118556,0.001632464953619573,348,,`gtol` termination condition is satisfied.,0.1041095890410958,2.8657534246575342,-0.2997325292248783,0.1842857817027769
1129,-3.6658208334857685,1.3768479187874745,-0.6965795085148133,0.6782841982734731,0.5491674268886851,True,4.811320202817929e-05,0.0006908899930325666,0.003194141715934043,0.0020775696666998755,341,,`ftol` termination condition is satisfied.,0.1013698630136986,2.863013698630137,-0.2914426484048807,0.1851260447741823
1130,-3.6588612638258757,1.3751295905528815,-0.6855260201911217,0.6913811761581109,0.5491542163494271,True,4.578293341091749e-05,0.0007481475607958757,0.0030389463926188565,0.0019679572321325534,342,,`gtol` termination condition is satisfied.,0.0986301369863013,2.8602739726027395,-0.2993255963624212,0.1866256202513911
1131,-3.6863979486081937,1.3749446849083893,-0.6947207625378568,0.7218271510987766,0.531717983066326,True,3.430751164593571e-05,0.000655320587501679,0.002446505763391593,0.0016623137583834304,338,,`gtol` termination condition is satisfied.,0.0958904109589041,2.8575342465753426,-0.295535345536943,0.196941139560851
1134,-3.6914135894037186,1.379222425531073,-0.6812240243695541,0.7429155646479502,0.5265008382489842,True,2.711081704142855e-05,0.0005944006438516056,0.0023278735681077625,0.0015420516464167752,341,,`gtol` termination condition is satisfied.,0.0876712328767123,2.8493150684931505,-0.2964222990277601,0.1960541860700339
1135,-3.7043653426435172,1.3974213818792587,-0.6890107590138884,0.7088434494560566,0.5357662162193895,True,5.816609967093526e-05,0.0010663197957628881,0.0029038215682265127,0.0019212837755479303,325,,`ftol` termination condition is satisfied.,0.084931506849315,2.8465753424657536,-0.2978138907500477,0.1946625943477464
1136,-3.695620086969969,1.3807311191135008,-0.6879227689686293,0.660969741119548,0.558603804373944,True,4.192027302928393e-05,0.0007287214988521136,0.0024996887797907024,0.0016153655714484867,327,,`ftol` termination condition is satisfied.,0.0821917808219178,2.8438356164383563,-0.2989289579138398,0.1935475271839543
1137,-3.707090642924844,1.3962467086890147,-0.697653722954645,0.6536484852739338,0.5547276113305539,True,5.142933867901055e-05,0.0007525957978237534,0.00247950841839622,0.001697183136642736,327,,`gtol` termination condition is satisfied.,0.0794520547945205,2.841095890410959,-0.2908816077953945,0.1920727674189884
1138,-3.700149483265288,1.4033805908819161,-0.6992196112660986,0.6890554842824074,0.541546889038885,True,2.3560334933636362e-05,0.0005872311014084976,0.0018968475319457172,0.0013043233806579132,334,,`ftol` termination condition is satisfied.,0.0767123287671232,2.8383561643835615,-0.2993665771239223,0.1931099079738719
1142,-3.7358028014441738,1.421577883757797,-0.6831040437955117,0.6686865327838027,0.5593000330561908,True,5.1359498004336486e-05,0.0008156154302878309,0.0027308677218950785,0.0017863212540955304,328,,`ftol` termination condition is satisfied.,0.0657534246575342,2.8273972602739725,-0.2983247459749866,0.1941517391228075
1143,-3.6490971385135245,1.3759503139550642,-0.7062749000869517,0.6381456189940148,0.5573061597241653,True,6.840770678914241e-05,0.0008853390860585624,0.005374281699081375,0.0029078923505760457,338,,`ftol` termination condition is satisfied.,0.0630136986301369,2.824657534246575,-0.2933020564682407,0.1991744286295533
1144,-3.6203822940389516,1.3565821573249874,-0.701328632104926,0.6727697214985515,0.5465542022633382,True,4.5896034386863497e-05,0.0008230199150605208,0.005697178773102245,0.0027824247346106517,341,,`gtol` termination condition is satisfied.,0.0602739726027397,2.8219178082191783,-0.2981943944042225,0.1883211165014411
1145,-3.6558874352973056,1.3739672221405046,-0.7187853776898441,0.6711336958575065,0.5406957822344703,True,5.3557345810695396e-05,0.0011581675214746285,0.0038398286461100743,0.002105539208007283,331,,`gtol` termination condition is satisfied.,0.0575342465753424,2.819178082191781,-0.2973064106063272,0.1951700744914668
1148,-3.5063946869514444,1.2840067435020823,-0.7183181077124926,0.6184028223691999,0.5686383588293953,True,6.586442070966394e-05,0.0006798457782316997,0.009783982775274574,0.003828369868485988,345,,`gtol` termination condition is satisfied.,0.0493150684931506,2.8109589041095893,-0.2884355180317867,0.197616499505168
1149,-3.5362717296033663,1.3190814989610429,-0.7486439824186082,0.598813951426917,0.5672161610709349,True,0.00011754504278102331,0.0010098089698060964,0.007024805352960818,0.0035476876768610185,342,,`gtol` termination condition is satisfied.,0.0465753424657534,2.808219178082192,-0.2922171863771197,0.1930058589388399
1150,-3.6337829289826167,1.3724526683142164,-0.728201430143051,0.6092353843227841,0.5690808264762134,True,4.845316313481569e-05,0.0006525891096662885,0.005215544485322332,0.002604799934271027,335,,`ftol` termination condition is satisfied.,0.0438356164383561,2.8054794520547945,-0.2982300915213943,0.1942463935763996
1151,-3.6197153455136557,1.360288535717876,-0.6960348605248701,0.6245092941156819,0.5760511001038737,True,4.9825798907584827e-05,0.0007176293134004621,0.005590177333815894,0.002730353009998045,337,,`ftol` termination condition is satisfied.,0.0410958904109589,2.802739726027397,-0.2966727669309673,0.1958037181668268
1152,-3.60606795099993,1.3453338288120267,-0.7077300116210525,0.6548120921011048,0.5603172493510814,True,5.762386099430877e-05,0.0007757491027091158,0.0037897048615633884,0.0022500555662282665,335,,`ftol` termination condition is satisfied.,0.1342465753424657,2.8,-0.2987362827646292,0.1937402023331648
1155,-3.644705808158278,1.3757226582006012,-0.7039427015942249,0.6286621975331367,0.571365437998678,True,3.991901482670062e-05,0.0008094156765739332,0.002725190607742155,0.0017008705571243577,326,,`gtol` termination condition is satisfied.,0.1260273972602739,2.791780821917808,-0.294164241325391,0.1983122437724031
1156,-3.687958783837109,1.394289795800866,-0.6802049419088232,0.66466236182913,0.5606708932590905,True,3.8524849498498766e-05,0.0007610668523389028,0.002840671534002866,0.0017894935364834602,324,,`gtol` termination condition is satisfied.,0.1232876712328767,2.789041095890411,-0.2991431095622494,0.1874556995173329
1157,-3.6841094424479177,1.3838073497465497,-0.6803224504398838,0.6665754191680662,0.55903624254096,True,4.677405189881485e-05,0.0009406933093382111,0.003197184589979485,0.0019271446963032232,326,,`gtol` termination condition is satisfied.,0.1205479452054794,2.786301369863014,-0.2930135046067442,0.1852012236356586
1158,-3.7075337174729492,1.4088635482595913,-0.6770404875451207,0.6460475364304235,0.5685433554486147,True,3.5294065744192105e-05,0.000706131998236989,0.0033764237240494865,0.002020342967639245,324,,`ftol` termination condition is satisfied.,0.1178082191780822,2.783561643835617,-0.2955690941815554,0.1995770397138482
1159,-3.7249075855505773,1.4053730899237307,-0.6594295377198928,0.6440750719342992,0.5755131616699716,True,6.055899677927075e-05,0.000995146471747215,0.0030020310487005484,0.0018655072921145545,318,,`ftol` termination condition is satisfied.,0.1150684931506849,2.780821917808219,-0.299450500377481,0.1930259847203132
1162,-3.744962544120111,1.4141853119324987,-0.6735447280045467,0.6355106597417913,0.5745253100932397,True,3.566526507815683e-05,0.0006445607910357502,0.002716485979415267,0.0016417024701259198,317,,`ftol` termination condition is satisfied.,0.1068493150684931,2.7726027397260276,-0.2942222233066311,0.1894914094011147
1163,-3.738238098246108,1.3968012057154342,-0.6371137064442888,0.676373910489198,0.5704395329393932,True,3.846445475510034e-05,0.0007107044870049269,0.0029480005640674183,0.001843976617425386,319,,`gtol` termination condition is satisfied.,0.1041095890410958,2.76986301369863,-0.2924578687568665,0.1918658370127546
1164,-3.740416753960438,1.4108660285197248,-0.6559511602013881,0.6221699778364066,0.5917523985128109,True,3.919780194603342e-05,0.000635434421297896,0.0028154540796880055,0.0017386129981250462,317,,`gtol` termination condition is satisfied.,0.1013698630136986,2.767123287671233,-0.2938228800118165,0.1921398173604865
1165,-3.783763289464962,1.419826601892856,-0.6433035136240322,0.674733891739056,0.5730912640611335,True,2.8562661888048712e-05,0.0006468669519433884,0.002362200668971668,0.0014917054276269166,310,,`ftol` termination condition is satisfied.,0.0986301369863013,2.7643835616438355,-0.2984037319865922,0.1882588088999944
1166,-3.752908501966624,1.4071387230839456,-0.6531222084658522,0.6409896594222841,0.5876747890706487,True,5.03964323555326e-05,0.0007918891442503719,0.0024219942516664397,0.0016191902471297,314,,`ftol` termination condition is satisfied.,0.0958904109589041,2.7616438356164386,-0.2965776465606295,0.1899265212884972
1169,-3.684908713677331,1.3676067404591887,-0.6651403426764807,0.6694650481314016,0.5735571575933132,True,8.041023102287392e-05,0.0008566862963946246,0.0033952102645071034,0.0021337455498684093,398,,`ftol` termination condition is satisfied.,0.0876712328767123,2.7534246575342465,-0.2979305172648114,0.1945459678329827
1170,-3.6520177881985747,1.3580833826629861,-0.6807543347853666,0.6471329448620876,0.579832965786553,True,5.3406162472836e-05,0.0007247658201932527,0.004014276277579495,0.0022436129468824616,397,,`ftol` termination condition is satisfied.,0.084931506849315,2.750684931506849,-0.298480426291947,0.1979531218929406
1171,-3.698303141346216,1.387900248979284,-0.6714087367863579,0.6480193626387861,0.5830378582472573,True,7.327150716243067e-05,0.0009224313799572242,0.0034849518884526158,0.002086115198545745,390,,`gtol` termination condition is satisfied.,0.0821917808219178,2.747945205479452,-0.294353634420991,0.1915179409961952
1172,-3.6539581384590534,1.3692001933708613,-0.6868754021755951,0.619605794627943,0.5874246861178932,True,0.00013682792141157948,0.0011672649171373829,0.0046459243144914225,0.0027059591958044247,390,,`ftol` termination condition is satisfied.,0.0794520547945205,2.745205479452055,-0.2967272580579974,0.1979117326231564
1173,-3.6786930017912036,1.38082813925177,-0.6811083909044529,0.6133495629807578,0.5991008083749705,True,8.714255437578956e-05,0.0008176915274100392,0.0042193151803366575,0.0024354818866565067,391,,`ftol` termination condition is satisfied.,0.0767123287671232,2.7424657534246575,-0.2955824763815892,0.1922377355627806
1176,-3.6730349319887834,1.3803385659526632,-0.6851719320612716,0.6251250761782494,0.5907722946573947,True,8.029376953798384e-05,0.0008433493466485272,0.0045262291491859575,0.00246571041306964,384,,`ftol` termination condition is satisfied.,0.0684931506849315,2.734246575342466,-0.298921184952242,0.193555300145552
1177,-3.696600297566669,1.389131393166663,-0.6669548064850079,0.6337980493628917,0.5910056262155309,True,8.241866813286938e-05,0.0007993982889167409,0.003207107761979553,0.001923200830570086,380,,`ftol` termination condition is satisfied.,0.0657534246575342,2.7315068493150685,-0.2909380682560112,0.1865027655372028
1178,-3.679027994749384,1.3773551815501164,-0.6634716820596943,0.6336060108461425,0.5890196957378685,True,7.118747194357414e-05,0.0008114260280905125,0.0030624472807295683,0.0017567389750922245,382,,`ftol` termination condition is satisfied.,0.0630136986301369,2.728767123287671,-0.2999535128938688,0.1878529675569103
1179,-3.6899314320115058,1.3826014023898108,-0.6529074398790865,0.6620604581822396,0.5790490568942941,True,4.132561750221941e-05,0.0006263750961948325,0.002252229041330317,0.0014231045355855025,379,,`ftol` termination condition is satisfied.,0.0602739726027397,2.7260273972602738,-0.2942848835663264,0.1839533471939638
1183,-3.6578371966822045,1.3610354628983998,-0.6613819043166507,0.6258657639263584,0.5932048307178305,True,7.699928102020525e-05,0.0009778493125888756,0.003775091692137869,0.0021017190728376987,360,,`ftol` termination condition is satisfied.,0.0493150684931506,2.7150684931506848,-0.2987264886561357,0.1884942923692614
1184,-3.68609112582108,1.3845625071960412,-0.6574741781698309,0.6236797271046606,0.5915077989507641,True,0.00010929973577324962,0.0009328807083371603,0.00264242678104446,0.0016079128957598916,375,,`gtol` termination condition is satisfied.,0.0465753424657534,2.712328767123288,-0.295322454589399,0.1839371746034405
1185,-3.6401429075409535,1.3629747623033048,-0.6587686931383979,0.6553888216099377,0.5835604156500586,True,7.276607598494204e-05,0.0007928082028046188,0.004157203822176549,0.002087212249949666,375,,`gtol` termination condition is satisfied.,0.0438356164383561,2.7095890410958905,-0.2979389043253651,0.1945375807724289
1186,-3.6220626299960794,1.3583631989329708,-0.6771957027292814,0.6554971390297428,0.5729665744359862,True,7.866482967398402e-05,0.0008151299708237755,0.003723940581201342,0.0018918523008142176,378,,`gtol` termination condition is satisfied.,0.0410958904109589,2.706849315068493,-0.2970028167919341,0.1907578113284114
1187,-3.597458502485575,1.351493462963812,-0.685380013849237,0.6800667035932668,0.5552504346681476,True,5.3284116033771675e-05,0.0008879651467882716,0.0024288130853593304,0.0015297454607211673,365,,`gtol` termination condition is satisfied.,0.1150684931506849,2.704109589041096,-0.2960384054531934,0.1964380796446008
1190,-3.6445633386477585,1.376471882135997,-0.6586398536408438,0.7055537805233356,0.5577669355110995,True,4.5975503051418114e-05,0.0006360077579585594,0.0021189181810907596,0.0012762784262192496,359,,`gtol` termination condition is satisfied.,0.1068493150684931,2.695890410958904,-0.299974713173994,0.1880573690846163
1191,-3.6610694415046385,1.37236908971605,-0.6602894498347278,0.695395380985722,0.5589226677263741,True,5.3845278101889916e-05,0.000739215140810578,0.00202957333431378,0.0013757716766261067,364,,`gtol` termination condition is satisfied.,0.1041095890410958,2.6931506849315068,-0.294253121028795,0.1942529340963175
1192,-3.708112359226651,1.389656866000186,-0.6640561882332647,0.6799864923233397,0.5615191306321052,True,8.099184476978113e-05,0.0007635622428064974,0.0018407720101328705,0.0012950411667558624,354,,`ftol` termination condition is satisfied.,0.1013698630136986,2.6904109589041094,-0.2995596426575707,0.1993977125319105
1193,-3.7098332034107067,1.3920466947579082,-0.6631053013885942,0.6844005073043,0.553126238821604,True,7.5048090944394e-05,0.000820751536250485,0.0022513798665533564,0.001381981129121517,350,,`ftol` termination condition is satisfied.,0.0986301369863013,2.6876712328767125,-0.2979886552778354,0.1956813615529497
1194,-3.701954646013335,1.3884916783490533,-0.6831350720845358,0.6646451377088662,0.5495375281247321,True,6.192473391613041e-05,0.0007790157557069485,0.00205731492795649,0.0013575861334208868,347,,`ftol` termination condition is satisfied.,0.0958904109589041,2.684931506849315,-0.2987767763882125,0.1995507279474938
1197,-3.545154121599918,1.3080947601237802,-0.7123843969939035,0.5997995872213602,0.5685766625136719,True,0.00017777604241306588,0.0011659875753370118,0.007055274308915371,0.0037289155945974973,349,,`ftol` termination condition is satisfied.,0.0876712328767123,2.6767123287671235,-0.2994564986076556,0.1962805465536294
1198,-3.6502062778072237,1.3690504546827456,-0.712440837917014,0.6235289714477633,0.5571124174375054,True,4.049356290341243e-05,0.0006180389152465368,0.003645564550402979,0.0018932019984658898,360,,`ftol` termination condition is satisfied.,0.084931506849315,2.673972602739726,-0.2984606927074939,0.1901457292631845
1199,-3.5347991686046827,1.3054117449513718,-0.7201403795751913,0.6217711240377184,0.5610671988792414,True,5.9791049679226035e-05,0.0007711458604530233,0.0052037131223446305,0.0025188194424288317,366,,`ftol` termination condition is satisfied.,0.0821917808219178,2.671232876712329,-0.2980081934055428,0.1944682916922513
1200,-3.492803326913665,1.2695585173512907,-0.709170550402473,0.6238157441913638,0.564942223336975,True,5.011212762600154e-05,0.0007284795212344224,0.00529008060954293,0.002441063463758585,376,,`ftol` termination condition is satisfied.,0.0794520547945205,2.668493150684931,-0.2980371941939727,0.1857723638643292
1201,-3.5597159011954735,1.3101977406956449,-0.7145189788636462,0.6647885739910839,0.546354565382517,True,4.951092314244903e-05,0.000780476075647921,0.003241868636963805,0.0019120189340298634,354,,`gtol` termination condition is satisfied.,0.0767123287671232,2.665753424657534,-0.2981846265532886,0.1942918585445054
1204,-3.5952469576524013,1.3352078468264634,-0.6866638558515176,0.6527221772918844,0.5626381105156685,True,4.7662802891105575e-05,0.0006672289661520917,0.0030904318196770027,0.0016753436698838282,381,,`gtol` termination condition is satisfied.,0.0684931506849315,2.6575342465753424,-0.2983618467464849,0.199040756687365
1205,-3.674217838867186,1.3721413500568294,-0.6680816553684145,0.683444864408105,0.5580418713556433,True,3.413028451811176e-05,0.0006111578234684183,0.0033032658652851136,0.0016919124781012628,375,,`ftol` termination condition is satisfied.,0.0657534246575342,2.654794520547945,-0.2969541317981757,0.1874650682583106
1206,-3.6700681616976065,1.3678104202251282,-0.6705829377374173,0.6723984825777994,0.5559722638817967,True,3.255484159025564e-05,0.000567217284133498,0.0038121285140300045,0.0019419327953467942,375,,`gtol` termination condition is satisfied.,0.0630136986301369,2.652054794520548,-0.2976422333423165,0.1867975546874741
1207,-3.685798938596775,1.3713730930534762,-0.6656235827199358,0.6356702624199339,0.5724523446352416,True,8.622670228221042e-05,0.0007921754753512052,0.003834303261472189,0.0019917522915536517,365,,`ftol` termination condition is satisfied.,0.0602739726027397,2.649315068493151,-0.298310127003304,0.1810217311483821
1208,-3.686336587521524,1.37987317613399,-0.6720330090121313,0.6587383144973604,0.5590517238560482,True,5.265329823967421e-05,0.0006489969823026803,0.004717467428610659,0.0024181056842802547,369,,`ftol` termination condition is satisfied.,0.0575342465753424,2.6465753424657534,-0.2988806122929354,0.1847251202414271
1211,-3.702837091218491,1.3764841218962853,-0.661947553461724,0.6352199610262861,0.5742783197591151,True,3.273157076893458e-05,0.0005564517893303787,0.004484683869072828,0.0022595605660288816,362,,`ftol` termination condition is satisfied.,0.0493150684931506,2.638356164383562,-0.2971072692947897,0.1957791242328329
1212,-3.715959447512849,1.378850859399616,-0.6556530612613247,0.6255504483851617,0.5812191213700446,True,3.6219995353288195e-05,0.0005897952516440698,0.00397628183841281,0.0020504521862815114,389,,`ftol` termination condition is satisfied.,0.0465753424657534,2.6356164383561644,-0.2918574887967352,0.1930817439522885
1213,-3.670415034291796,1.3572314353792727,-0.6693571369914044,0.6202432124316333,0.5813679777790424,True,8.61026263899243e-05,0.0008008389792660333,0.006025774422108016,0.0029602218329217852,396,,`ftol` termination condition is satisfied.,0.0438356164383561,2.632876712328767,-0.2994616081593228,0.1977115407740685
1214,-3.7069754359936393,1.3737924458346469,-0.6712688410634687,0.6507341920652019,0.5650998047459432,True,5.82836535882445e-05,0.0007115688067127275,0.004462098505996167,0.002373264656611397,387,,`ftol` termination condition is satisfied.,0.0410958904109589,2.6301369863013697,-0.2920797258997573,0.1929315374751467
1215,-3.7413039291148174,1.3915887374289801,-0.6505294631111581,0.624356982667285,0.5792319914515413,True,6.0247477791697395e-05,0.0006787143458297605,0.0033609429239963304,0.0019364813350546126,390,,`ftol` termination condition is satisfied.,0.1342465753424657,2.627397260273973,-0.298006867150215,0.1956509529934101
1218,-3.749390142885053,1.3968670816292612,-0.6432350676447762,0.63910003354149,0.5734662316668091,True,3.959250835208113e-05,0.000681901004031325,0.003271149880864231,0.0019120230523993495,381,,`ftol` termination condition is satisfied.,0.1260273972602739,2.6191780821917807,-0.2978751518250795,0.192461100559533
1219,-3.7526833571389107,1.3961230265740028,-0.6423396981986255,0.6501291193512744,0.5671382144460537,True,4.751839432842369e-05,0.0006770554692081777,0.0032483214031547216,0.0019164336011315785,381,,`ftol` termination condition is satisfied.,0.1232876712328767,2.6164383561643834,-0.2978015262311717,0.1989604592192241
1220,-3.7449239663116467,1.3960502890519186,-0.63455282340866,0.6764943256094172,0.5537789962598488,True,5.7490403253160295e-05,0.000837832902209256,0.0033343147484358304,0.002135070991978868,382,,`ftol` termination condition is satisfied.,0.1205479452054794,2.6136986301369864,-0.2935415321160943,0.1957410905236302
1221,-3.6932334260465933,1.3675102073734764,-0.6210290458173462,0.6501589477482796,0.5613612855036095,True,0.00010151287845211896,0.0007635047477227869,0.0030237893137129617,0.0018786256751653259,387,,`gtol` termination condition is satisfied.,0.1178082191780822,2.610958904109589,-0.2912377049689021,0.1981700230612595
1222,-3.690881520858182,1.3683702879787465,-0.6094126863348339,0.6860151284407544,0.5541269932027011,True,5.2879822591570875e-05,0.0006226776382489313,0.0024900668640279846,0.001660449271635016,384,,`gtol` termination condition is satisfied.,0.1150684931506849,2.6082191780821917,-0.2946600053781492,0.19484441991953
1225,-3.663089894903195,1.351001232500249,-0.6131000474415126,0.6960379434007877,0.5435615479417023,True,5.7061559399330577e-05,0.0006164268282709489,0.0028570261229515005,0.0018005366015356823,382,,`ftol` termination condition is satisfied.,0.1068493150684931,2.6,-0.2954093753106483,0.1940457364500326
1226,-3.666533770843304,1.361558771666904,-0.5953753978349635,0.7293723275014121,0.5344662095815107,True,5.692679276588797e-05,0.0007149838707514339,0.0033255242966003496,0.0021121537290649246,387,,`ftol` termination condition is satisfied.,0.1041095890410958,2.5972602739726027,-0.2942755944935691,0.1930280700188541
1227,-3.639142400644322,1.3559443252200587,-0.5930944942669771,0.7317237782587367,0.5316471344909874,True,0.00010243396310528232,0.0008707037278511339,0.0031709867589879725,0.0021151672442107357,392,,`ftol` termination condition is satisfied.,0.1013698630136986,2.594520547945206,-0.2985140722429985,0.199732769316132
1228,-3.617813072133861,1.3465782054133237,-0.5987777631215165,0.758721009583691,0.5224581595558064,True,8.604487398914663e-05,0.0007493864017332353,0.0030238981713004865,0.0020049628951235633,390,,`ftol` termination condition is satisfied.,0.0986301369863013,2.591780821917808,-0.2947731326062305,0.192924891066885
1229,-3.6291575473997333,1.3561964994156057,-0.5910690538219551,0.7668444647441669,0.5216033609921203,True,9.663609669870989e-05,0.0008084280850535592,0.002765313095750534,0.0019085513403191915,391,,`gtol` termination condition is satisfied.,0.0958904109589041,2.589041095890411,-0.2952834280585371,0.1985208798995001
1232,-3.616270152155993,1.3457977209407461,-0.5764116065303443,0.805490496712355,0.5136696079326066,True,7.738566476091636e-05,0.0007339165385883891,0.00302843966052852,0.001999839896454625,390,,`gtol` termination condition is satisfied.,0.0876712328767123,2.580821917808219,-0.2957065868873322,0.1983375506767793
1233,-3.587462216705386,1.3282050538886074,-0.5737166858178453,0.8401621260028764,0.4987644864233184,True,8.220853018832239e-05,0.0008043597285084923,0.003373110151963971,0.0023004408906140824,394,,`ftol` termination condition is satisfied.,0.084931506849315,2.578082191780822,-0.2965901073049352,0.1973915911271721
1234,-3.573383695741931,1.328371782127467,-0.5954951118795648,0.8333038381921182,0.4879266758404109,True,0.000122885205031132,0.000860412640303898,0.003598462815169673,0.002448731628043545,387,,`ftol` termination condition is satisfied.,0.0821917808219178,2.5753424657534247,-0.2998782497290771,0.1983685918300534
1235,-3.5632751389354413,1.329106871951708,-0.5980234065371954,0.8020139715824547,0.5065411248897589,True,8.363664515904966e-05,0.0007187496810002205,0.003553613522018687,0.002318368825001453,386,,`ftol` termination condition is satisfied.,0.0794520547945205,2.5726027397260274,-0.2958308398067493,0.1906463361733054
1236,-3.5769691195923805,1.3300159044977073,-0.6074854785596114,0.8252712346981528,0.5022769535847392,True,0.00011960658165628482,0.0008583750238261411,0.0032576453493534073,0.0021014057247806957,380,,`gtol` termination condition is satisfied.,0.0767123287671232,2.56986301369863,-0.2967010026306445,0.1904868399856227
1240,-3.5908110211770854,1.3321305593805837,-0.603572617348595,0.786033143908628,0.5174250111578499,True,6.580146076896014e-05,0.0007452788982276402,0.004294120588766304,0.002515657934746612,381,,`ftol` termination condition is satisfied.,0.0657534246575342,2.558904109589041,-0.2998594268237684,0.1983874147353622
1241,-3.5662229951064734,1.3240341330987604,-0.6176941643238804,0.7635946422127078,0.522121866723484,True,7.925909462248577e-05,0.0007067247215175766,0.004785375521403265,0.0026308167867201407,378,,`ftol` termination condition is satisfied.,0.0630136986301369,2.5561643835616437,-0.294813849927632,0.19071745762349
1242,-3.5759144669986123,1.3329385718923072,-0.6181884704551013,0.747828265614684,0.5286749111241864,True,8.266599443615156e-05,0.000732817339001476,0.004425970817678471,0.0025889638437573397,379,,`ftol` termination condition is satisfied.,0.0602739726027397,2.5534246575342467,-0.2987785147189863,0.1994683268401441
1243,-3.5157756938170737,1.3040273434395504,-0.6220068987045818,0.7321968389047103,0.5374192334643845,True,0.00011073100428382414,0.0009032997880345437,0.005893043123090934,0.0031079167739001454,377,,`ftol` termination condition is satisfied.,0.0575342465753424,2.5506849315068494,-0.2948333926720429,0.1945135327467674
1246,-3.504395117879211,1.2934295732404086,-0.6266561192196857,0.7674022951616462,0.5212675253634388,True,0.00010161463314089687,0.0008266649024608211,0.005826637564081119,0.002942816223499636,382,,`ftol` termination condition is satisfied.,0.0493150684931506,2.5424657534246577,-0.2988152431917747,0.1978257433299198
1247,-3.4898252172410196,1.2940888699388604,-0.6451003850660258,0.7101748187994744,0.5365075818384695,True,9.518844379855301e-05,0.0007918040740935343,0.006266369384466669,0.003167019252232204,376,,`ftol` termination condition is satisfied.,0.0465753424657534,2.5397260273972604,-0.2958721002891786,0.1933315680915557
1248,-3.4507535887104894,1.2722349079081803,-0.6549396398339737,0.7186972664947204,0.5330718192900487,True,9.800920023854298e-05,0.0007847352681632372,0.007717031417265092,0.0034746910736276034,375,,`ftol` termination condition is satisfied.,0.0438356164383561,2.536986301369863,-0.2985251590841742,0.1953825725777546
1249,-3.4810518116516236,1.2880573589525912,-0.6654776079467285,0.6942865362286883,0.5438382622517925,True,0.00011773929217130007,0.0008643702462115555,0.007026036610090279,0.003262823124936642,373,,`ftol` termination condition is satisfied.,0.0410958904109589,2.5342465753424657,-0.2907255761832046,0.1987575312404333
1250,-3.5162847528453822,1.3062323350432772,-0.6620786620829006,0.6508208153353419,0.5619297879321521,True,6.99100338907004e-05,0.0007280333369483669,0.0034084575652774673,0.0020462093687701613,366,,`ftol` termination condition is satisfied.,0.1150684931506849,2.5315068493150683,-0.2979168881583639,0.1961901735608893
1253,-3.520758452414178,1.3056470353564429,-0.6545748056254332,0.6914138198934957,0.5468187109315205,True,6.97853346983863e-05,0.0007173038003529083,0.003759245949727932,0.002112333624196385,361,,`ftol` termination condition is satisfied.,0.1068493150684931,2.5232876712328767,-0.2991182953253515,0.1938998644939217
1254,-3.447675324520389,1.2731672765297912,-0.6626312129251161,0.6792795043540888,0.5531826080128232,True,7.940702740212746e-05,0.0007625422079512938,0.00508576265630698,0.0026688789921624156,370,,`gtol` termination condition is satisfied.,0.1041095890410958,2.5205479452054793,-0.2938384317905722,0.195746191357456
1255,-3.3804390616003555,1.2424391404122301,-0.6761477197734403,0.6602209949929404,0.5562954864521132,True,0.0001140675247976972,0.0008544184321327713,0.006430597774421597,0.0032280819015193156,367,,`ftol` termination condition is satisfied.,0.1013698630136986,2.5178082191780824,-0.2995715969804082,0.194086223163217
1256,-3.454417976784119,1.2781222312275,-0.6747659642261545,0.6896891013887754,0.5470518427112199,True,0.00010711129113325551,0.0008704746774945597,0.004524782488751752,0.002547072865468461,370,,`ftol` termination condition is satisfied.,0.0986301369863013,2.515068493150685,-0.2990644467491309,0.1982983592010718
1257,-3.4293605629241286,1.2620033780368465,-0.6805152960236696,0.6593575738500164,0.5577677023920693,True,0.0001294263465429729,0.000929004304819997,0.0052658154832029205,0.002974500773051533,364,,`ftol` termination condition is satisfied.,0.0958904109589041,2.5123287671232877,-0.2913912968411009,0.1982217552789678
1260,-3.4667591934830666,1.268086943997184,-0.6763684552103325,0.6534506913003493,0.5634805223212597,True,0.0001316544877372437,0.0009135977155347057,0.005491078318436108,0.0030725966085440957,364,,`ftol` termination condition is satisfied.,0.0876712328767123,2.504109589041096,-0.2968607100409309,0.1972071438407904
1261,-3.491655650118024,1.2665323139448652,-0.6751335759768676,0.6360406501058559,0.576745237445683,True,0.00011861031224709879,0.0008577904239361531,0.004822737004625997,0.002754010600786702,359,,`ftol` termination condition is satisfied.,0.084931506849315,2.5013698630136987,-0.2960158237469103,0.190457960507325
1262,-3.4899842448898766,1.2355752518329188,-0.6988624294103818,0.7101773287755231,0.5372401971533339,True,0.0001468735713734767,0.001061301343085321,0.004423632392035929,0.002860356707316436,334,,`ftol` termination condition is satisfied.,0.0821917808219178,2.4986301369863013,-0.2942218891355769,0.1952415657145284
1263,-3.3524576143995475,1.1915030080397828,-0.7175388530573498,0.6300044448100135,0.5717399506496067,True,0.00016544138139973566,0.0010339941290199743,0.007944216917962196,0.003893988122941893,357,,`gtol` termination condition is satisfied.,0.0794520547945205,2.495890410958904,-0.2906468690073021,0.1942873877645174
1264,-3.388921828813796,1.2038085871147914,-0.7207016771508437,0.6213606587848626,0.5747877525580923,True,0.0001370369188339022,0.000976624540986088,0.006259724423567687,0.0032183843507728642,355,,`ftol` termination condition is satisfied.,0.0767123287671232,2.493150684931507,-0.2908055154757989,0.1992531510803068
1267,-3.3098632534607613,1.1673883695207248,-0.7253351709973003,0.6115583706142569,0.5809756534322289,True,0.00014970757705067532,0.0010137271782328244,0.006417718241752811,0.0035472611353063784,387,,`ftol` termination condition is satisfied.,0.0684931506849315,2.484931506849315,-0.299577024468711,0.199629472505009
1268,-3.3575450544173164,1.1931600810257412,-0.72817925418525,0.6058851486187913,0.5856669111849938,True,0.00013387676325863376,0.0009621424040281246,0.005657751278238341,0.003086930738865288,379,,`gtol` termination condition is satisfied.,0.0657534246575342,2.4821917808219176,-0.2990958728420392,0.1955316366398505
1269,-3.3997935556802754,1.2087082808157554,-0.7289775554582462,0.6123728868053572,0.582891393191559,True,0.0001332690870381053,0.0010521641668374446,0.0038154410420406454,0.002458922566112112,435,,`gtol` termination condition is satisfied.,0.0630136986301369,2.4794520547945207,-0.2980121480565662,0.1997596754889536
1270,-3.415450613680568,1.2080459056967412,-0.7259619274956782,0.6369308738872276,0.5689506687051281,True,0.00012380247568526782,0.000985206676200175,0.0033521767601341936,0.0023054982519055338,434,,`gtol` termination condition is satisfied.,0.0602739726027397,2.4767123287671233,-0.2936336942211558,0.1989189716245755
1271,-3.413336962043935,1.1944174049344778,-0.7171961726633664,0.6790573150513015,0.5509518144908562,True,7.69693123846385e-05,0.0011197601098761323,0.002968553525694261,0.001997686044767606,431,,`ftol` termination condition is satisfied.,0.0575342465753424,2.473972602739726,-0.2985469688910138,0.1972659305975721
1274,-3.442964270928753,1.2128063173823331,-0.7136655839521826,0.6536637895950603,0.5576034022013986,True,9.596980569301964e-05,0.0009041762528882004,0.0032244620811012403,0.002177830287250818,421,,`ftol` termination condition is satisfied.,0.0493150684931506,2.4657534246575343,-0.2935524978571326,0.199359860665868
1275,-3.4445777741726507,1.2061095683886889,-0.7164097362142692,0.6676171891942234,0.5462532946418641,True,0.00013195745958414083,0.0010400507650811161,0.003260794585038905,0.002263782257187515,423,,`gtol` termination condition is satisfied.,0.0465753424657534,2.463013698630137,-0.2940471399373007,0.1996106802063246
1276,-3.456777352437474,1.213961314229579,-0.7171679504938855,0.6777051383731026,0.5430981704401328,True,0.00012222775639971333,0.0010554740547474915,0.0035469970720607463,0.0024121487164514184,408,,`gtol` termination condition is satisfied.,0.0438356164383561,2.4602739726027396,-0.2955474316841621,0.1986961521087737
1278,-3.5140183782778838,1.2445213285565966,-0.707642101374348,0.6945782769798977,0.5423450043763204,True,9.123624794321538e-05,0.0009180173925416229,0.0024482861251526678,0.0018909118440635208,412,,`ftol` termination condition is satisfied.,0.1150684931506849,2.4547945205479453,-0.2953367418669835,0.1997097561840295
1281,-3.543296601838891,1.255762500555686,-0.7023653241883501,0.6784976331732929,0.546109260161661,True,7.943233065828921e-05,0.0008167007139377203,0.0025092842669271415,0.0018723765354379173,407,,`gtol` termination condition is satisfied.,0.1068493150684931,2.4465753424657533,-0.2990668254576437,0.1961016215286473
1282,-3.5860551436736317,1.2700176417610105,-0.7038825091262116,0.7126525342383344,0.5289584918386028,True,9.432432980592708e-05,0.0009353396835549306,0.0026811270371655876,0.0019415384003880866,405,,`ftol` termination condition is satisfied.,0.1041095890410958,2.4438356164383563,-0.2966421059696423,0.1998217064070641
1283,-3.596340885231818,1.2858599444656027,-0.7057033264329681,0.6938948299372114,0.539169719297095,True,7.211562084979617e-05,0.0007766761151156567,0.0027510950778789666,0.0018494708526650533,401,,`gtol` termination condition is satisfied.,0.1013698630136986,2.441095890410959,-0.2983186907232167,0.1999281508359137
1284,-3.616757304844977,1.2894707064460478,-0.6986256037914959,0.7381528059987397,0.5115095792223473,True,8.228935073818707e-05,0.0008005649405375588,0.0029430279504348827,0.0019850885762367734,403,,`ftol` termination condition is satisfied.,0.0986301369863013,2.4383561643835616,-0.2998427330596683,0.1986968494885869
1285,-3.6039485443198944,1.2826460866958378,-0.690866401030851,0.7205178139187822,0.519977644679818,True,7.680740655120191e-05,0.0008609232686324146,0.0029984825587409075,0.0020898117395708603,403,,`ftol` termination condition is satisfied.,0.0958904109589041,2.4356164383561643,-0.2986531672554268,0.1994916884309913
1288,-3.610471813794767,1.2840911672166584,-0.6771290497936054,0.7574484954618702,0.5056815318708718,True,7.608921467277761e-05,0.0007935682361831425,0.002806408481775342,0.0018728347438520443,402,,`gtol` termination condition is satisfied.,0.0876712328767123,2.4273972602739726,-0.2957046176490991,0.1949778426032503
1289,-3.5862201709423207,1.2759551673189355,-0.6849915193953166,0.7189450195398425,0.523356474849237,True,7.06600834504963e-05,0.0008062432386617229,0.0030631392967813485,0.0020268929459794404,401,,`ftol` termination condition is satisfied.,0.084931506849315,2.4246575342465753,-0.2987742316764146,0.1994102302436511
1290,-3.6194247696462183,1.291406384611398,-0.6767116844268994,0.736820415762198,0.5190601400523139,True,8.548002995034251e-05,0.0009086337629221021,0.0030513944998421766,0.002082722073250457,390,,`gtol` termination condition is satisfied.,0.0821917808219178,2.421917808219178,-0.2939319719293099,0.1971188162671954
1291,-3.6217208858913756,1.2908336627633636,-0.6718670810578643,0.712437139374133,0.5296858012207365,True,8.30232698402301e-05,0.000891246401722513,0.002975888305379166,0.002080421905640286,391,,`ftol` termination condition is satisfied.,0.0794520547945205,2.419178082191781,-0.2969527823116344,0.1937897608251484
1292,-3.6482240127803385,1.3050479759295333,-0.6635555552398799,0.7228858646646773,0.5364766305361666,True,7.781322136498423e-05,0.0008670572620566306,0.0022403263208814047,0.0016183630023171307,385,,`gtol` termination condition is satisfied.,0.0767123287671232,2.4164383561643836,-0.2900211043408177,0.1887183559067327
1295,-3.6730050623074804,1.321641759601997,-0.6584683938025931,0.7112811964385607,0.5419814132891669,True,6.107260160794115e-05,0.0006978954769468702,0.0023636891083826357,0.001764804571345411,409,,`gtol` termination condition is satisfied.,0.0684931506849315,2.408219178082192,-0.2905252671729939,0.1996810693902611
1296,-3.6584708483480846,1.3144147746820132,-0.6668788873612608,0.7047538963026585,0.5409293952875565,True,6.623989350834789e-05,0.0007720896803804804,0.0025495107086936017,0.001867992002594351,406,,`gtol` termination condition is satisfied.,0.0657534246575342,2.405479452054794,-0.2900411843272119,0.1885268880545061
1297,-3.6447465309735585,1.3108558121431202,-0.6700700079206588,0.7061530045729721,0.5451750737137449,True,5.370680816521784e-05,0.0008299435783912551,0.0025613122646775165,0.0018789905485166105,404,,`gtol` termination condition is satisfied.,0.0630136986301369,2.4027397260273973,-0.2988672473204072,0.191956813058698
1298,-3.647042931791811,1.306699615466662,-0.696127653662126,0.72513397753733,0.520711652777509,True,5.6537207080375604e-05,0.0007595759258878817,0.0023838342748215622,0.0016160053682644226,373,,`gtol` termination condition is satisfied.,0.0602739726027397,2.4,-0.2995166853661173,0.1913503006703596
1299,-3.6641832849372094,1.3172024222202325,-0.6962476724066574,0.7122992747522071,0.5290436281400344,True,4.7876649949806195e-05,0.0006672607288204787,0.002130646581832732,0.0015734797808110142,386,,`ftol` termination condition is satisfied.,0.0575342465753424,2.3972602739726026,-0.288164000535215,0.189944080210057
1302,-3.650129879183675,1.3122984370775803,-0.6855216843132629,0.7022089080958561,0.5420068291580055,True,2.937188578901897e-05,0.000560394790529174,0.0024291325123044355,0.0016109247757485345,387,,`ftol` termination condition is satisfied.,0.0493150684931506,2.389041095890411,-0.298107879517319,0.1928621502490964
1303,-3.6647530779495736,1.324760275593427,-0.6831335664959622,0.7068546614877778,0.5524722531040901,True,4.853462556306884e-05,0.0006687793652416591,0.0029974382428471272,0.0019452496816200237,380,,`gtol` termination condition is satisfied.,0.0465753424657534,2.3863013698630136,-0.2981295382372695,0.19283128625042
1304,-3.668598446840168,1.3185173553711071,-0.6698926921629859,0.7559845744800217,0.5275171823263313,True,8.392926193587959e-05,0.0009742536388354083,0.0034738530849838883,0.0021098601710687745,397,,`ftol` termination condition is satisfied.,0.0438356164383561,2.3835616438356166,-0.297044204987417,0.1936479875637974
1305,-3.698152441253099,1.3314046734392435,-0.6770822347666021,0.699605818703761,0.5355039203374177,True,5.441918406848005e-05,0.0007325634419937211,0.002687181207960162,0.001809431047048656,377,,`ftol` termination condition is satisfied.,0.0410958904109589,2.3808219178082193,-0.2976201865327307,0.1925861500305243
1306,-3.7228879156639008,1.3421082322057951,-0.6807268798796636,0.6898063359869265,0.5365178058160153,True,4.792883445482354e-05,0.0006723835290774545,0.002135539251320582,0.0015567218206563318,368,,`ftol` termination condition is satisfied.,0.1342465753424657,2.378082191780822,-0.2987002120824957,0.1915061244807593
1309,-3.732522325904279,1.3490518868849595,-0.6742088442329037,0.7056669615324853,0.5308687087172969,True,4.540605361842885e-05,0.0006908380246778318,0.0020944067853710517,0.001614628008001301,359,,`gtol` termination condition is satisfied.,0.1260273972602739,2.3698630136986303,-0.2978321666351685,0.1923741699280864
1310,-3.6931185517340306,1.3200721377639348,-0.6788944535599873,0.6966971525049664,0.5334720270992663,True,6.371302320107335e-05,0.0007709468203737017,0.0020836344320112874,0.0014947694104802131,362,,`gtol` termination condition is satisfied.,0.1232876712328767,2.367123287671233,-0.2925510637228402,0.1976552728404148
1311,-3.6763366930116015,1.311354821360057,-0.6723063318314548,0.6715374544885132,0.5533966168592758,True,6.499712159808424e-05,0.0008077842480161989,0.002197229604806714,0.0016212664135981894,377,,`gtol` termination condition is satisfied.,0.1205479452054794,2.3643835616438356,-0.2886135167585148,0.1896707280726025
1312,-3.6932336988826164,1.3182438228335298,-0.6976238785002677,0.6701436861776144,0.5389538398004818,True,5.1730743539607117e-05,0.0006680076987655742,0.002169792641938978,0.0016178930533475727,354,,`ftol` termination condition is satisfied.,0.1178082191780822,2.361643835616438,-0.2925316677198015,0.1983421192743107
1313,-3.670924148767843,1.3026977820450512,-0.7012576308919999,0.6761136809438791,0.5291820751886068,True,9.129729078868011e-05,0.0008389063442971549,0.0027745400156954946,0.002142545815559606,354,,`ftol` termination condition is satisfied.,0.1150684931506849,2.3589041095890413,-0.2880240379406912,0.1898496275167023
1316,-3.664418605882905,1.287789689119257,-0.6878087342325392,0.6742508471786642,0.5503990077092906,True,3.4255551748808605e-05,0.0006186946737280086,0.002298462921083921,0.0015894245252632121,357,,`gtol` termination condition is satisfied.,0.1068493150684931,2.350684931506849,-0.2993546688269953,0.1908516677362596
1317,-3.6801687591780587,1.2977017400611008,-0.7020905443162134,0.6688474969451865,0.5400228837912283,True,4.518279249915841e-05,0.0006723452465441454,0.0021089612983757294,0.0015476366826246831,348,,`gtol` termination condition is satisfied.,0.1041095890410958,2.347945205479452,-0.2917910356099328,0.1984153009533222
1318,-3.65114540598154,1.281715358542935,-0.6778118139540263,0.6700618905244166,0.5494819453370546,True,5.4724651313322e-05,0.0007335853607851426,0.002028760376701153,0.0015469284058886167,372,,`gtol` termination condition is satisfied.,0.1013698630136986,2.345205479452055,-0.2982597213573022,0.1922818035692464
1319,-3.5880528760038386,1.2470396856620076,-0.6894517372818857,0.6641326348024456,0.543366937337326,True,7.913332731737839e-05,0.0007936020331308744,0.003026519596681332,0.0021108827451405475,377,,`gtol` termination condition is satisfied.,0.0986301369863013,2.3424657534246576,-0.2918385006161677,0.1956112685683721
1320,-3.597632780592876,1.2461651853745044,-0.6962157943435818,0.6481247758754367,0.5496407629601957,True,5.416242303678952e-05,0.0007577903599319149,0.00220374130698016,0.0015573035012948113,377,,`ftol` termination condition is satisfied.,0.0958904109589041,2.33972602739726,-0.299470482541162,0.1991996808293113
1323,-3.574188582357526,1.2332491448848142,-0.7117954344056843,0.6305898796837097,0.5549841404321784,True,6.774515504159875e-05,0.0008299018311091286,0.0026078198895287687,0.0017301551383999676,366,,`gtol` termination condition is satisfied.,0.0876712328767123,2.331506849315069,-0.2952637783828096,0.1905891990636506
1324,-3.5873224574495968,1.2392327351128232,-0.7073161519437556,0.6376246754156262,0.5515696736239507,True,7.872084149880142e-05,0.0009081331741359053,0.00277064832091674,0.0018666894888424265,374,,`gtol` termination condition is satisfied.,0.084931506849315,2.328767123287671,-0.2994459575318625,0.1990106871891093
1325,-3.5677955452397256,1.2159172671540208,-0.7007853930914236,0.6440111422213024,0.5446972789715878,True,9.235205715421155e-05,0.0009380391595286303,0.003653434873837691,0.0023738654551894948,373,,`ftol` termination condition is satisfied.,0.0821917808219178,2.326027397260274,-0.2989727912032334,0.1941845998920316
1326,-3.6159540488109285,1.2416049595324514,-0.7037038854905843,0.6493353890220995,0.5462764873762075,True,6.593443501196892e-05,0.0007786946683151796,0.0025573056338239583,0.0017538972700723238,364,,`gtol` termination condition is satisfied.,0.0794520547945205,2.3232876712328765,-0.291672949890942,0.1962442105320953
1327,-3.633496330278716,1.2555226444938647,-0.7032525102895513,0.669950216314554,0.5408713744944597,True,4.583716694812102e-05,0.000677015068650307,0.0020425372650799633,0.0014364276544930697,363,,`ftol` termination condition is satisfied.,0.0767123287671232,2.3205479452054796,-0.2953372099196651,0.1929360577584781
1330,-3.5942959853599183,1.23690812669256,-0.7058251257242936,0.6530765892412058,0.5409482930728442,True,4.7426059040910456e-05,0.0007358460771957636,0.0025830288645432176,0.0016540421697306895,364,,`gtol` termination condition is satisfied.,0.0684931506849315,2.3123287671232875,-0.2905882079419987,0.1967289340061724
1331,-3.4986813149117655,1.1882028325605793,-0.710975999177808,0.6682047943321513,0.5386713553265496,True,6.005762181748171e-05,0.0008243777047421669,0.0030861098303536405,0.0018936182572176204,370,,`ftol` termination condition is satisfied.,0.0657534246575342,2.3095890410958906,-0.2946317065876494,0.1990261135559758
1332,-3.4778617862448553,1.181093031974102,-0.6897213686588215,0.6764191964222912,0.5425982078761764,True,5.056950212092919e-05,0.0008651889709468929,0.0024188931467473917,0.001590499169047228,372,,`gtol` termination condition is satisfied.,0.0630136986301369,2.3068493150684932,-0.2983076838475716,0.1977317266502072
1333,-3.4608693975277958,1.192837331916558,-0.701523083969745,0.6538578987015626,0.5477940524940355,True,5.866625705132727e-05,0.0008605262157241543,0.003235761129738401,0.0020401669917106207,370,,`gtol` termination condition is satisfied.,0.0602739726027397,2.304109589041096,-0.298374055824233,0.1950983030975947
1334,-3.442920714011659,1.1809537736980238,-0.7081693265859019,0.6534143851574145,0.5440614003607094,True,4.455265097787946e-05,0.0007392693963868648,0.002855292935180841,0.0017351038954548418,372,,`ftol` termination condition is satisfied.,0.0575342465753424,2.3013698630136985,-0.2967753718160921,0.1985519639058877
1338,-3.465739419241,1.2032190252589658,-0.7217883166375743,0.6758492721866567,0.5250175736994782,True,4.6418987297739516e-05,0.0007040688074407515,0.00293469031636142,0.001611123232973762,362,,`gtol` termination condition is satisfied.,0.0465753424657534,2.2904109589041095,-0.2927152955869937,0.1936016138704618
1339,-3.4858475084070903,1.224266494261918,-0.7279306226193176,0.6646911682618903,0.5301098989777636,True,3.6799685613079674e-05,0.0006244942576202728,0.002861242251343976,0.0016398918249335619,361,,`gtol` termination condition is satisfied.,0.0438356164383561,2.287671232876712,-0.2911082145570597,0.1976652063254882
1340,-3.489941874813245,1.2238763922687388,-0.708353702811326,0.6991015682154021,0.5239445726358876,True,4.737973283665789e-05,0.0007010034701019344,0.0026212030522675188,0.001528640384488423,361,,`gtol` termination condition is satisfied.,0.0410958904109589,2.2849315068493152,-0.2922908795085936,0.1973486429079382
1341,-3.499501374497111,1.2323382368887998,-0.7150548076308771,0.6484397614810168,0.5457624242670788,True,3.36158515367461e-05,0.0006154403837707383,0.0021761107518389095,0.00137254335601163,355,,`gtol` termination condition is satisfied.,0.1150684931506849,2.282191780821918,-0.2913601646911182,0.1971542895020898
1344,-3.535458414047868,1.2503718919374416,-0.7134334934310615,0.63646344718225,0.5529063978417523,True,3.40542661463573e-05,0.000635185727959878,0.0023419260773438356,0.0014041337409697605,406,,`gtol` termination condition is satisfied.,0.1068493150684931,2.2739726027397262,-0.2903116972135724,0.1998946393496825
1345,-3.58233306117108,1.2691583258977006,-0.7022525012166222,0.6730229008311752,0.5385778435954686,True,3.8060435089932817e-05,0.0006417264380896589,0.001922270387149046,0.0012274458594819426,409,,`ftol` termination condition is satisfied.,0.1041095890410958,2.271232876712329,-0.2984117344274545,0.1976057228793722
1346,-3.622478487958977,1.289105744179846,-0.7098816579960409,0.6544206409537031,0.5425729422101971,True,5.809054256214982e-05,0.0007187838210072148,0.0016833053921912731,0.001140023709399623,404,,`gtol` termination condition is satisfied.,0.1013698630136986,2.2684931506849315,-0.2953598621534962,0.1985935010071454
1347,-3.6086184632195963,1.2695631656261988,-0.7061782414099508,0.6721468279319381,0.538783717301406,True,3.488124941296265e-05,0.0006217282330025348,0.0018349213350725058,0.0011685864014987584,403,,`gtol` termination condition is satisfied.,0.0986301369863013,2.265753424657534,-0.2994739508098409,0.1969887534882793
1348,-3.619476783209317,1.275608608159324,-0.7105021645510555,0.6779618358548003,0.5338601578059061,True,3.3166577656029165e-05,0.0006011182524752203,0.0017577180029577854,0.0011598046851855534,404,,`gtol` termination condition is satisfied.,0.0958904109589041,2.263013698630137,-0.295238238441445,0.1991774491091971
1351,-3.6359417914906618,1.285678160301285,-0.7050739058657982,0.6638454040754848,0.5416818638501275,True,3.671866597882435e-05,0.000627536830794408,0.0026293617064237305,0.0014715886338538809,393,,`ftol` termination condition is satisfied.,0.0876712328767123,2.254794520547945,-0.2954931751961673,0.1947131613670877
1352,-3.639756959464031,1.2811935415970235,-0.70006897434133,0.6949673941228542,0.5330855748802538,True,3.77599968310252e-05,0.0006258432930735448,0.00240778921867982,0.0014461325417998332,395,,`gtol` termination condition is satisfied.,0.084931506849315,2.252054794520548,-0.2994263576661832,0.1979003232264469
1353,-3.668763742099549,1.2965283984078255,-0.6991281804540638,0.7164393655013437,0.5200222367688082,True,3.390809559245326e-05,0.0005586088672236222,0.002385175337194941,0.0013511091210086648,390,,`gtol` termination condition is satisfied.,0.0821917808219178,2.249315068493151,-0.2957687286728383,0.1989275131632688
1354,-3.6557618593582144,1.2939423556100875,-0.694562298053498,0.7344394910100274,0.5075141268245001,True,3.4323728020843795e-05,0.0005508140187870531,0.001854347886603779,0.0011845318319251947,390,,`gtol` termination condition is satisfied.,0.0794520547945205,2.2465753424657535,-0.2950627153521591,0.1996335264839479
1355,-3.622424432440653,1.2858280440306797,-0.6905706686979559,0.7382214178898335,0.5118337426905127,True,3.287235360213705e-05,0.0005618584854626618,0.0015340055810319053,0.0011267783196548193,391,,`ftol` termination condition is satisfied.,0.0767123287671232,2.243835616438356,-0.2932998595696274,0.196183167495262
1358,-3.5992980853654606,1.2625322991407235,-0.6937938856570793,0.7221751670646256,0.5196874561736405,True,3.067230849291739e-05,0.0005133458925444424,0.001998133996823693,0.0012335889744973594,454,,`gtol` termination condition is satisfied.,0.0684931506849315,2.2356164383561645,-0.2947936156898879,0.195412720873367
1359,-3.609354996685387,1.2740017668233437,-0.6915864879147416,0.7363001586566206,0.5168206125057713,True,3.531985374904753e-05,0.0005575102854602715,0.001905123318116911,0.001225340230495967,456,,`gtol` termination condition is satisfied.,0.0657534246575342,2.232876712328767,-0.2999942315200762,0.1962953089879855
1360,-3.62122845767638,1.2760306934371781,-0.6841652870900827,0.7396412524536775,0.5183817059507703,True,3.0536399171700706e-05,0.000563486696881644,0.0017207225654298983,0.001149980220714962,448,,`ftol` termination condition is satisfied.,0.0630136986301369,2.23013698630137,-0.296584612305609,0.1994026608214213
1361,-3.6387068706482912,1.287369522045594,-0.6912896601367027,0.733078682766206,0.5187036275077819,True,2.5202051614645467e-05,0.0004820473614508827,0.0021420194763801825,0.0012217744879437964,447,,`gtol` termination condition is satisfied.,0.0602739726027397,2.2273972602739724,-0.2947406316399739,0.195465704923281
1362,-3.6148017127520755,1.2692585272260437,-0.6924282193619015,0.7315115757146538,0.5229473833183506,True,3.1455979113066966e-05,0.000569448373109124,0.002699257585351691,0.0014731842598205262,446,,`gtol` termination condition is satisfied.,0.0575342465753424,2.2246575342465755,-0.2966573228824447,0.1935490136808103
1365,-3.5561324408426453,1.2413035675145014,-0.7012775571209745,0.7000391215788659,0.5288502097692507,True,4.17545646145344e-05,0.0005725869076350253,0.004675127222135037,0.0020627036889050675,452,,`ftol` termination condition is satisfied.,0.0493150684931506,2.216438356164383,-0.2963153581741651,0.1949985050006028
1366,-3.6103996052547185,1.2640143201431733,-0.6913685351248585,0.7277269327175779,0.5251781149872664,True,3.072072540184475e-05,0.0005147807995597852,0.002931616634745552,0.0014402811082088838,446,,`gtol` termination condition is satisfied.,0.0465753424657534,2.213698630136986,-0.2983518034927563,0.1975955492746114
1367,-3.5787461971680474,1.2426660343194755,-0.7015755835657315,0.7015202326507314,0.5361637589703366,True,3.242818574027892e-05,0.0005474152068671783,0.0038754538896966207,0.0017425259075091347,442,,`gtol` termination condition is satisfied.,0.0438356164383561,2.210958904109589,-0.2946642553934127,0.1955420811698422
1368,-3.523306476106884,1.2181962616607258,-0.708990050961632,0.6776722378780462,0.5442246369480728,True,4.446189789372487e-05,0.0005585189597612797,0.005278186536540774,0.0022426379608967407,454,,`ftol` termination condition is satisfied.,0.0410958904109589,2.208219178082192,-0.2972279801995009,0.1977953279428528
1369,-3.556111111507337,1.2359055171788271,-0.7048514745610593,0.6923959299746764,0.5380714843371752,True,3.959230921703866e-05,0.000577410520225767,0.0030158840050755415,0.0015885194107576525,438,,`ftol` termination condition is satisfied.,0.1150684931506849,2.2054794520547945,-0.2953657048746706,0.1948406316885844
1372,-3.4617056378773663,1.1762419858560742,-0.71474822831132,0.6638538291439601,0.5501141757441327,True,5.289537049504531e-05,0.0005941766868515593,0.004731881505324962,0.0022400273494157063,453,,`ftol` termination condition is satisfied.,0.1068493150684931,2.197260273972603,-0.2996699243543786,0.1985769172047518
1373,-3.4043382640930466,1.1439739203438457,-0.7277004711360069,0.6603971559194608,0.5444161394649127,True,7.022155575371212e-05,0.0006931578613621412,0.005062757050068391,0.002418186352075857,448,,`gtol` termination condition is satisfied.,0.1041095890410958,2.1945205479452055,-0.2950784660051979,0.196554766586407
1374,-3.4299143955988622,1.1566889803717255,-0.7308083942524296,0.641991830076471,0.5521906019597087,True,7.07959990052209e-05,0.0006675003978151086,0.0043494184051932686,0.0020674312134111423,442,,`gtol` termination condition is satisfied.,0.1013698630136986,2.191780821917808,-0.2941629916095749,0.197191372022067
1375,-3.542938608868405,1.218985588838527,-0.7223066314940048,0.648911466990278,0.5529998212343255,True,2.5424976195462626e-05,0.0004965974238093724,0.0024592560710214144,0.0013083856619773289,435,,`ftol` termination condition is satisfied.,0.0986301369863013,2.1890410958904107,-0.2957007135449043,0.1945056230183507
1376,-3.595103331974187,1.2501955242211178,-0.7182841419696283,0.672468684017163,0.5466508429645079,True,2.3562037866721605e-05,0.000515706742469447,0.0019352983998803764,0.0011419780448739425,434,,`ftol` termination condition is satisfied.,0.0958904109589041,2.186301369863014,-0.2980618165585452,0.1982756494622351
1379,-3.6050440222253686,1.2444222950462225,-0.7080266557361671,0.6528430687827136,0.5617135500598173,True,2.2212434390489257e-05,0.00046192856331644635,0.0022135142387060694,0.0011691015133919044,428,,`gtol` termination condition is satisfied.,0.0876712328767123,2.1780821917808217,-0.2986111917327546,0.1947668217163597
1380,-3.5352672058575165,1.2056110189137605,-0.7152323047748363,0.5984345460042257,0.5886510917400595,True,4.732773060773783e-05,0.000625636451541912,0.004253743053756132,0.0020877854573084554,412,,`ftol` termination condition is satisfied.,0.084931506849315,2.175342465753425,-0.2940713048743752,0.1961350316888796
1381,-3.6362700755712485,1.2597373620792207,-0.6925556169722822,0.6992180596792119,0.5499594886352496,True,2.3371112825003128e-05,0.00042183526040889184,0.0019440380606372274,0.0011094838436840767,427,,`ftol` termination condition is satisfied.,0.0821917808219178,2.1726027397260275,-0.2996750742092052,0.195546439292569
1382,-3.692243997669685,1.3010738388284653,-0.6870528150346698,0.7107316480726285,0.5436800779715364,True,2.7193284465611062e-05,0.00045612819195761645,0.001851293567448932,0.0011426206013649017,419,,`ftol` termination condition is satisfied.,0.0794520547945205,2.16986301369863,-0.2953770073275697,0.1993192345085373
1383,-3.7329143128349935,1.3277624996720443,-0.6803517474159736,0.7307864533473089,0.5363083353160312,True,4.3800498435172877e-05,0.0005091432436498388,0.001794427860068934,0.001186394144041544,412,,`ftol` termination condition is satisfied.,0.0767123287671232,2.1671232876712327,-0.2973512166825222,0.1937567926494259
1386,-3.711028546391177,1.3193699920925783,-0.6797266775565387,0.7225601071073248,0.5369506517307677,True,3.69672939199695e-05,0.00047552905755226583,0.00187937728703457,0.001255324343855107,438,,`ftol` termination condition is satisfied.,0.0684931506849315,2.158904109589041,-0.2983118819444471,0.199510138386939
1387,-3.7046048860274126,1.3179341022180344,-0.680552972907288,0.7367266837869872,0.5264495518390211,True,3.599653463037564e-05,0.0004770764688630282,0.0020216913165254534,0.0012661719112089347,436,,`gtol` termination condition is satisfied.,0.0657534246575342,2.1561643835616437,-0.2938931645968218,0.1987182525920977
1388,-3.694480673380904,1.3129177079919785,-0.6842283569451385,0.7160358684942644,0.5364080769763392,True,3.053026595251256e-05,0.0004819014368849089,0.0017995768196140457,0.0011730500832742487,436,,`gtol` termination condition is satisfied.,0.0630136986301369,2.1534246575342464,-0.2963536209040212,0.197651148911662
1389,-3.707076521077338,1.3202564761756,-0.6865379502574596,0.7298978321478331,0.5300481095843372,True,3.4294291249989154e-05,0.00045625318602755046,0.0019035318817396069,0.0011698733659106745,436,,`gtol` termination condition is satisfied.,0.0602739726027397,2.1506849315068495,-0.2998390588754141,0.1991521072435737
1390,-3.7034194079316407,1.3386125516975558,-0.688353594595734,0.6958257266144525,0.5416731373224134,True,2.9679917059388787e-05,0.00048164385223358196,0.0019359704430790955,0.0012040836913132377,428,,`ftol` termination condition is satisfied.,0.0575342465753424,2.147945205479452,-0.2965317835190276,0.1959864196651285
1393,-3.695942389694652,1.3474207387454569,-0.6847985265054299,0.7091718383744625,0.5352695954989963,True,5.527592772866481e-05,0.0006519094388864649,0.0023678739757163063,0.001571411488256093,427,,`gtol` termination condition is satisfied.,0.0493150684931506,2.1397260273972605,-0.2996875200979263,0.1993036460210615
1394,-3.694003201969927,1.3453690912855782,-0.6830968004053141,0.6954505585032162,0.5422603162780678,True,4.234567702838435e-05,0.0005234411291361178,0.00242574936581952,0.0013779602514715228,431,,`ftol` termination condition is satisfied.,0.0465753424657534,2.136986301369863,-0.2985946226702829,0.1944157935229037
1395,-3.6781192614880065,1.3374308996450508,-0.6861911749812808,0.6985076768448828,0.5413794287464725,True,3.880224402404928e-05,0.0004926882003857999,0.0023813490124379153,0.0012845093883413843,429,,`ftol` termination condition is satisfied.,0.0438356164383561,2.1342465753424658,-0.2941564306407471,0.1988360229348351
1396,-3.675774234760497,1.3296890886967434,-0.6670050843896145,0.7248136068056705,0.5344823673005957,True,4.320691073547402e-05,0.000573252204667324,0.002591404986742159,0.0013911183223424084,428,,`gtol` termination condition is satisfied.,0.0410958904109589,2.1315068493150684,-0.294684172375498,0.1980214715242342
1397,-3.668977308604869,1.3300236725086365,-0.684956465899245,0.6351343139583568,0.5626919956928926,True,5.0401748650008313e-05,0.000536512208538441,0.0018864507857013794,0.0012455948625743815,426,,`ftol` termination condition is satisfied.,0.1342465753424657,2.128767123287671,-0.2965896994904422,0.1955815929340274
1400,-3.687526823182052,1.3367987274224171,-0.6892699806559959,0.6298645675971228,0.5668869363886582,True,4.7316219400070606e-05,0.0005041832618293472,0.00182580523918091,0.0011925806140691653,419,,`ftol` termination condition is satisfied.,0.1260273972602739,2.1205479452054794,-0.2956372872443968,0.197470368223951
1401,-3.6572404504410465,1.3260449470448603,-0.679822986697003,0.6576617335572584,0.5546003329166737,True,5.925050649441228e-05,0.0005719737157909899,0.0020725930327063972,0.0013823676240466427,428,,`ftol` termination condition is satisfied.,0.1232876712328767,2.117808219178082,-0.2980210555171914,0.1943073847587053
1402,-3.6739772212732444,1.332710790511633,-0.679695345989545,0.6806304474705719,0.5404504843148591,True,4.634117454234882e-05,0.0005248441991836751,0.0017556990263169123,0.0012221949809370007,424,,`gtol` termination condition is satisfied.,0.1205479452054794,2.115068493150685,-0.2967046487477516,0.1959590605202489
1403,-3.629347684185241,1.3080835748491153,-0.6872903257520199,0.7099764379877388,0.5288995289209438,True,2.625618456034292e-05,0.0004947471679593197,0.0017819818605211927,0.0011624233616860048,426,,`gtol` termination condition is satisfied.,0.1178082191780822,2.112328767123288,-0.2986378823363135,0.1965033172367883
1404,-3.674862492898349,1.3300600928006225,-0.6911700982167907,0.6883886458084608,0.5338374109963279,True,2.113732287218737e-05,0.00041140709321976494,0.0016902262431678717,0.0011397683495302452,423,,`gtol` termination condition is satisfied.,0.1150684931506849,2.1095890410958904,-0.2976978238070907,0.195374183709017
1407,-3.6670285466532864,1.3280101140154925,-0.6884359879926238,0.6746920304433726,0.542673259530901,True,2.7910458660419868e-05,0.0004795189690815611,0.001843903170599227,0.0012535330340112056,425,,`ftol` termination condition is satisfied.,0.1068493150684931,2.1013698630136988,-0.2976175701885382,0.1992754980661451
1408,-3.6345317237449444,1.3309004907418307,-0.694183269745697,0.6678225980781239,0.5452190904310688,True,2.3822625179079577e-05,0.00043670549243932463,0.0017061929961666002,0.0011311359678081695,423,,`ftol` termination condition is satisfied.,0.1041095890410958,2.0986301369863014,-0.2959842488649675,0.1965053088211512
1409,-3.6372145641495393,1.3327070202497537,-0.6899457815771374,0.6934832266970719,0.5352262288665434,True,2.5980253402064047e-05,0.00042850617769651846,0.001601023158690465,0.001089927426281666,419,,`ftol` termination condition is satisfied.,0.1013698630136986,2.095890410958904,-0.2986633256026392,0.1949200888196948
1410,-3.6482710054048013,1.3283198658275663,-0.6876446023504414,0.6736397690901692,0.5435214512620787,True,3.238249560055501e-05,0.000477240732737117,0.0019719956423474433,0.0012746481279192945,423,,`ftol` termination condition is satisfied.,0.0986301369863013,2.0931506849315067,-0.2964136458338489,0.199536002155326
1411,-3.6431270280374943,1.3311248640046474,-0.6759402443471221,0.7129412042281719,0.5295843278136716,True,2.733215543473995e-05,0.0004680170909571032,0.0020197491542384444,0.0012696315102775594,422,,`gtol` termination condition is satisfied.,0.0958904109589041,2.0904109589041098,-0.2999368138022653,0.1961748254181508
1414,-3.626399996602194,1.3271558067651716,-0.6940354950370754,0.7255488159406766,0.5191265855748072,True,3.1969537207050144e-05,0.0004634358288376236,0.0018379504161254985,0.0012267309228887564,419,,`ftol` termination condition is satisfied.,0.0876712328767123,2.0821917808219177,-0.2961242772461716,0.1990420321077134
1415,-3.60539621853224,1.3151835512701613,-0.6820768367060888,0.7063846787728495,0.5319362929824032,True,3.0466490329768754e-05,0.0004391440941090759,0.0017801319877537496,0.0011468706673220686,415,,`gtol` termination condition is satisfied.,0.084931506849315,2.0794520547945203,-0.2946268009100953,0.191029571756107
1416,-3.616797568454634,1.3294391826914849,-0.6817820651963953,0.7100238741767452,0.5303857698219269,True,3.005696829385833e-05,0.0004874943149362964,0.0018363968682561505,0.001179371228118584,417,,`gtol` termination condition is satisfied.,0.0821917808219178,2.0767123287671234,-0.2987872800667748,0.1947034662526381
1417,-3.6581471351065447,1.3534494766166443,-0.6818970309864572,0.7281384275903968,0.5281376290507509,True,1.878216687946985e-05,0.000449277183245627,0.0019560638422480947,0.0012705426760599465,411,,`gtol` termination condition is satisfied.,0.0794520547945205,2.073972602739726,-0.2988475110246823,0.1965798809154073
1418,-3.6881145927601198,1.3835755151798879,-0.6914189689062703,0.7102656141330598,0.52831052578678,True,3.627117134215884e-05,0.0004987232468946318,0.001973018115544621,0.0013236979951537083,405,,`gtol` termination condition is satisfied.,0.0767123287671232,2.0712328767123287,-0.2972452330166817,0.1991129026210979
1421,-3.673859176887886,1.3780314824730056,-0.6824219863214618,0.6803246826865044,0.5460600770727362,True,3.497094404243863e-05,0.00047561898987431373,0.0022027434950213916,0.0013375690307642096,404,,`ftol` termination condition is satisfied.,0.0684931506849315,2.063013698630137,-0.2972515234679316,0.1924238876492158
1422,-3.6708862253837737,1.3821255210334553,-0.6791877940302173,0.6724135306991815,0.547600054401743,True,3.6307465185333616e-05,0.0005103710803471801,0.002451160479182429,0.001473091191085457,405,,`ftol` termination condition is satisfied.,0.0657534246575342,2.0602739726027397,-0.297489500061012,0.1992593395038503
1423,-3.676109866786905,1.394260018200211,-0.6827868222112954,0.7533778639106758,0.5165900616155823,True,4.205223097118896e-05,0.0005974556308409144,0.0025705924302768302,0.0016495110915957106,401,,`ftol` termination condition is satisfied.,0.0630136986301369,2.0575342465753423,-0.2984006906291261,0.1977245266971924
1425,-3.653712423017299,1.3776904438844095,-0.6843843036736036,0.6898878058804552,0.5418747318668198,True,3.694847264692332e-05,0.0005233673756821218,0.003098838635579982,0.0017373280714875021,404,,`ftol` termination condition is satisfied.,0.0575342465753424,2.052054794520548,-0.2984580710818084,0.1981519044010148
1428,-3.643265228234127,1.3694974911744846,-0.6820451414953103,0.6876968953601128,0.5446345955525075,True,3.797305626981165e-05,0.0005310543133716311,0.003830259350024476,0.00196179668620833,402,,`ftol` termination condition is satisfied.,0.0493150684931506,2.043835616438356,-0.2959961988591895,0.1930177823395412
1429,-3.627713015164056,1.35761862369195,-0.6935380367934099,0.6498533536139106,0.5533113241834858,True,7.16397403807901e-05,0.00066930106112825,0.003545866439685955,0.0020293042560979246,405,,`ftol` termination condition is satisfied.,0.0465753424657534,2.041095890410959,-0.2982436191754004,0.1974266711279291
1430,-3.625924091589987,1.3561576572002656,-0.6938858746411241,0.6780790959661853,0.5444973019932028,True,3.644987425727894e-05,0.0005144460208698424,0.0036200126368550753,0.0019073392229894425,402,,`ftol` termination condition is satisfied.,0.0438356164383561,2.0383561643835617,-0.2979319342870027,0.197439299145317
1431,-3.6307287714782004,1.3472917475678436,-0.6945407235352397,0.6621423157524923,0.5536530935737616,True,5.804315828019776e-05,0.0006177294339899538,0.004602506735516896,0.0022666295538264786,398,,`ftol` termination condition is satisfied.,0.0410958904109589,2.0356164383561643,-0.2935952468298269,0.1924360531971388
1432,-3.698458374764922,1.3876688888751643,-0.6858803279650654,0.6649160636794708,0.5552336494455264,True,4.488116248247156e-05,0.000529521057251899,0.003348140591915694,0.0018767362391588142,392,,`ftol` termination condition is satisfied.,0.1150684931506849,2.032876712328767,-0.2991761038875062,0.1976470217749852
1435,-3.7057694917683737,1.3873034769863308,-0.6863014943001776,0.6816801241372443,0.5462756107641314,True,3.1433771927173666e-05,0.00050104274788562,0.0034626930806840165,0.0018819880714225174,387,,`ftol` termination condition is satisfied.,0.1068493150684931,2.0246575342465754,-0.2962255890693297,0.1954428684181833
1436,-3.685850115066027,1.3712574103077406,-0.6892113830037346,0.6533945794187187,0.5568699518117934,True,4.144730373217253e-05,0.00051722652716917,0.003310361686554505,0.0018156848016706933,390,,`ftol` termination condition is satisfied.,0.1041095890410958,2.021917808219178,-0.2983379933554791,0.1985965220256684
1437,-3.6283293283041473,1.3338094561881855,-0.7029029021616163,0.6665452382256888,0.543735795003774,True,5.780463772638711e-05,0.0005924845538216098,0.0044346046103130275,0.002275327934051694,396,,`ftol` termination condition is satisfied.,0.1013698630136986,2.0191780821917806,-0.2997555902553288,0.1933665067714962
1438,-3.6242438430480095,1.3326594713931055,-0.692117472998156,0.672278698750862,0.546559593257678,True,4.3667692339842575e-05,0.0005544833389387793,0.004293194199535485,0.002244953564058812,393,,`ftol` termination condition is satisfied.,0.0986301369863013,2.0164383561643837,-0.2962285760467133,0.197015956078825
1439,-3.6141457283084186,1.3244002713340517,-0.7017260144047971,0.6576363673132957,0.5508885054789242,True,4.180766807527802e-05,0.0005179174071976452,0.004314667785401361,0.0022237153383685986,393,,`ftol` termination condition is satisfied.,0.0958904109589041,2.0136986301369864,-0.2960073581974081,0.1971640224835789
1442,-3.596362981401102,1.317915130081607,-0.7021797941741363,0.6499803922087776,0.5552641825536997,True,3.985324690771087e-05,0.0005288712336068241,0.004537470407805953,0.002167036715293585,388,,`ftol` termination condition is satisfied.,0.0876712328767123,2.0054794520547947,-0.2953572858984572,0.1903802090855791
1443,-3.5844601931254347,1.3107186191435078,-0.7052479610208209,0.6492820884985896,0.5521642219077111,True,3.7287467684778e-05,0.0005230129945116953,0.004123485490641938,0.002042173520380958,392,,`ftol` termination condition is satisfied.,0.084931506849315,2.002739726027398,-0.2985346193840428,0.1952581182952497
1444,-3.682118595216816,1.363636243033463,-0.7040226602725541,0.6347628965666888,0.5597638410209423,True,2.8834131928532886e-05,0.0005193788743671673,0.0022478772858543026,0.0012403428853206366,376,,`gtol` termination condition is satisfied.,0.0821917808219178,2.0,-0.2972934994678975,0.1939877934996218
1445,-3.6626386086882636,1.359010692047112,-0.6998925746486149,0.6639298658081177,0.5461820135496569,True,4.711867839170531e-05,0.0006120707888649061,0.0020281925201787957,0.00122530415283508,374,,`gtol` termination condition is satisfied.,0.0794520547945205,1.9972602739726024,-0.2964427922631529,0.1946910614943253
1446,-3.6852563000302947,1.3648909435380339,-0.6975226772487801,0.678402853114736,0.5432960515185271,True,3.6143020731259695e-05,0.000521281450592447,0.0017357231037051393,0.00106629802272444,371,,`gtol` termination condition is satisfied.,0.0767123287671232,1.9945205479452055,-0.2963024251422974,0.1877529575590886
1449,-3.717794127071502,1.3776434978949916,-0.6907329843692092,0.6496255248373726,0.563369274596822,True,2.437229559537185e-05,0.00041786858813888813,0.0017560556618824534,0.0011041248757705207,389,,`gtol` termination condition is satisfied.,0.0684931506849315,1.9863013698630136,-0.2956541285659579,0.1829932596453551
1450,-3.7289735250743297,1.3763450300350308,-0.7349017578553823,0.7499248863356826,0.49302671227405953,True,0.00015658814503605897,0.0010788979379162957,0.00374850339462487,0.0019390851063349262,351,,`ftol` termination condition is satisfied.,0.0657534246575342,1.9835616438356165,-0.2995222602699696,0.1793556022658925
1452,-3.7461160678479484,1.406092109512737,-0.6965788316624743,0.6305732842840536,0.5645558745668798,True,3.941704686874905e-05,0.000846749163377226,0.0019327598694117865,0.001278791876400016,445,,`ftol` termination condition is satisfied.,0.0602739726027397,2.9753424657534246,-0.2996160739658302,0.1981916886380227
1453,-3.766591628682785,1.4150272334298486,-0.6919796759262479,0.6534572573128253,0.5577117858582787,True,4.4318799928888704e-05,0.0006461990154102167,0.0022260862781672093,0.0013284571621680684,440,,`gtol` termination condition is satisfied.,0.0575342465753424,2.9726027397260273,-0.2990669505091335,0.1979976042182022
1456,-3.735269829872597,1.383752266875759,-0.6984932413287511,0.6642263499506367,0.5504074838715052,True,7.309830962641068e-05,0.0007683344021858597,0.003373067399730714,0.0019176632560047994,440,,`ftol` termination condition is satisfied.,0.0493150684931506,2.9643835616438357,-0.2965493338375892,0.198581827350983
1457,-3.7261608406864446,1.3777513499643272,-0.6850406907260111,0.6616947178010997,0.5554790178973646,True,5.758002718452766e-05,0.0006904086459528231,0.003948015232826945,0.002114083393894053,447,,`ftol` termination condition is satisfied.,0.0465753424657534,2.9616438356164383,-0.2997352562717487,0.1951659713873655
1459,-3.7091346673350603,1.3616114165201998,-0.6925056066919131,0.6592089965598581,0.5490260559213483,True,7.639502761735474e-05,0.0007913749763762818,0.004401075327609653,0.002321744358008543,443,,`ftol` termination condition is satisfied.,0.0410958904109589,2.956164383561644,-0.298358097076352,0.1882502677190175
1460,-3.7083677366403873,1.365425150299341,-0.6904166390931847,0.6733180614009315,0.5435476695755693,True,6.110350242198897e-05,0.000742829100063211,0.0031270053416191687,0.0018655242074806133,436,,`ftol` termination condition is satisfied.,0.1342465753424657,2.9534246575342467,-0.297940319025118,0.1887482431624108
1463,-3.7286491429415953,1.372219257340779,-0.6866933258288114,0.6669095617893686,0.5470416188558532,True,5.5812322786409404e-05,0.0007605169428216501,0.003219964991287775,0.0019224889041487068,433,,`gtol` termination condition is satisfied.,0.1260273972602739,2.9452054794520546,-0.2950313102982551,0.1914929965883955
1464,-3.7635620242058314,1.3903372760402317,-0.68352690755811,0.6552540587176421,0.5515256101642703,True,6.091799386666626e-05,0.0007636291995962607,0.0032724247112179724,0.0019872319276309854,425,,`ftol` termination condition is satisfied.,0.1232876712328767,2.9424657534246577,-0.2967131001005637,0.1873422826008221
1465,-3.7648799646725757,1.3844538720073187,-0.6854815433849105,0.6754608031317996,0.5435305207435478,True,4.958859024764961e-05,0.0005950522932042925,0.002843915029285877,0.00171371585746091,428,,`ftol` termination condition is satisfied.,0.1205479452054794,2.9397260273972603,-0.2996313845701249,0.1996395370791366
1466,-3.778139543791328,1.3792504127203251,-0.6720574250452275,0.6559542567522506,0.5598321509432505,True,5.5898252555321395e-05,0.0006895854233272725,0.002784251333963634,0.0017104476858824462,423,,`gtol` termination condition is satisfied.,0.1178082191780822,2.936986301369863,-0.29530065049317,0.1994166678675628
1467,-3.7969831082767964,1.3782999313393995,-0.6796331125827679,0.6564645187883205,0.5558702844828932,True,4.670136035401712e-05,0.0006212017751014654,0.002141495204575414,0.0013675678196237238,422,,`ftol` termination condition is satisfied.,0.1150684931506849,2.9342465753424656,-0.2978356036917511,0.1972481585236727
1470,-3.733557024060602,1.3407557705256257,-0.6841579389295588,0.6327049095028028,0.5673877941877971,True,3.73020877208066e-05,0.0006012216603115741,0.002850221497805423,0.0016820172004515575,426,,`ftol` termination condition is satisfied.,0.1068493150684931,2.926027397260274,-0.2968234467577144,0.1969063754943213
1471,-3.7706933274241923,1.3520503937136494,-0.6944677841255549,0.6199251704949987,0.5688998090465683,True,6.322843905776516e-05,0.0007163203499880191,0.0027391691838448066,0.0017404817755272512,422,,`ftol` termination condition is satisfied.,0.1041095890410958,2.9232876712328766,-0.299602501991783,0.1997514413802616
1472,-3.7755524043438156,1.3564322862818332,-0.695224633293053,0.6120582938888441,0.5725464363018854,True,5.778854566649309e-05,0.0006592362259357223,0.0027658147665119443,0.0017229122635585208,422,,`gtol` termination condition is satisfied.,0.1013698630136986,2.9205479452054797,-0.299980944316897,0.1997196197644292
1473,-3.7452806728481756,1.3451272580250988,-0.6822221055252591,0.6523504596062712,0.5592216068297796,True,7.847855663600768e-05,0.0009621033341526202,0.0023158112765397252,0.0016188442004065606,421,,`gtol` termination condition is satisfied.,0.0986301369863013,2.9178082191780823,-0.2971738019896237,0.1975717941068177
1474,-3.7412757608407756,1.3494777233689397,-0.7041301670509295,0.6501975717858879,0.5580723185228648,True,3.701214646200671e-05,0.000762866565993099,0.0018728305422574378,0.0012846045096240727,437,,`gtol` termination condition is satisfied.,0.0958904109589041,2.915068493150685,-0.2998836243724643,0.1995287100316297
1478,-3.7557989981634696,1.3513190449943526,-0.6991620451496569,0.6502901021189953,0.5570160649891363,True,4.964459008018321e-05,0.0007253808603788129,0.0022020663745544564,0.0015368095440538815,454,,`gtol` termination condition is satisfied.,0.084931506849315,2.904109589041096,-0.2977939265432404,0.1970819666742583
1479,-3.7640131805119266,1.3561529086470732,-0.7054591527734918,0.6149252855558556,0.5658785960131504,True,5.628947658968249e-05,0.0007393194270345482,0.0021627991955031583,0.0015056011798210965,452,,`ftol` termination condition is satisfied.,0.0821917808219178,2.9013698630136986,-0.2983315192031279,0.1964429298506912
1480,-3.7339099162154152,1.3304959298166585,-0.716041577970265,0.644767753363061,0.5457954066960543,True,4.597453412001221e-05,0.000790689800161652,0.0024366306320685346,0.001696204661064535,456,,`gtol` termination condition is satisfied.,0.0794520547945205,2.8986301369863012,-0.2953532541798216,0.193682332985841
1481,-3.6064556471507716,1.2544432621612474,-0.7145805242062445,0.5814125529335227,0.5769389463986272,True,0.00022358855378307434,0.0012823529594100578,0.006068040328411731,0.0034676819323369856,463,,`ftol` termination condition is satisfied.,0.0767123287671232,2.8958904109589043,-0.2972226227795511,0.197880017259209
1484,-3.5946796942076356,1.2548737009765425,-0.7355574168534379,0.6273801816118979,0.5415116839195304,True,8.861838022313638e-05,0.0010792048520797887,0.005036394135719433,0.002859568435441506,453,,`ftol` termination condition is satisfied.,0.0684931506849315,2.887671232876712,-0.299592855894189,0.1984060917242636
1485,-3.635022152891102,1.2808051882251423,-0.7444665704021902,0.618457438516928,0.5431318316939723,True,6.072931677405071e-05,0.0007491543124399267,0.004480513151198558,0.002491129543689409,455,,`ftol` termination condition is satisfied.,0.0657534246575342,2.884931506849315,-0.294362966518741,0.197044571390148
1486,-3.5915400539382274,1.2451120068487356,-0.7418082774307881,0.5776895167289859,0.565129284116973,True,9.478533491947709e-05,0.0009906083246916837,0.0055521552600073494,0.002996231917223247,459,,`ftol` termination condition is satisfied.,0.0630136986301369,2.882191780821918,-0.2998494962898329,0.199141669829155
1487,-3.6106145452227296,1.250755299810138,-0.7150754771827178,0.5985823974959633,0.5667449471254435,True,0.00018272406285453228,0.0012981531207556572,0.006035878556340035,0.003627360382414768,442,,`ftol` termination condition is satisfied.,0.0602739726027397,2.8794520547945206,-0.2968789977172582,0.1998093791919078
1488,-3.5427705123093074,1.2155641760937586,-0.7227867084676264,0.5613518835744266,0.583285203275603,True,7.796345483556929e-05,0.0009035163838928212,0.005454416283778559,0.0027834291393302076,458,,`ftol` termination condition is satisfied.,0.0575342465753424,2.8767123287671232,-0.2934629467715445,0.1979445911373444
1491,-3.42723760662737,1.1575027672011151,-0.7259396003340727,0.5602925035061078,0.5883517570325667,True,0.0001485442902229775,0.0016607390853039812,0.009040411913708269,0.004589943209675113,464,,`ftol` termination condition is satisfied.,0.0493150684931506,2.8684931506849316,-0.2975365607703363,0.1991111573699748
1492,-3.4734393719517196,1.1781555699939987,-0.740400705582785,0.557459512183486,0.5810939208159799,True,0.00011114604659766144,0.0010133196224040182,0.005610275134227954,0.0030385241570107823,453,,`ftol` termination condition is satisfied.,0.0465753424657534,2.8657534246575342,-0.2934861399205227,0.1935288351517493
1493,-3.459479520482069,1.164708041439297,-0.7262294835468167,0.5558395901108227,0.5997388562317356,True,0.00011464270657668539,0.0009023355078022137,0.006227191380486009,0.003167283195130041,454,,`ftol` termination condition is satisfied.,0.0438356164383561,2.863013698630137,-0.2934266121772801,0.1999837219452017
1494,-3.560913040773907,1.227005203342352,-0.7192401328986562,0.6050539583709938,0.5740340593217483,True,7.594077971300229e-05,0.0008351986686134928,0.004779396442800122,0.002464258661926557,448,,`ftol` termination condition is satisfied.,0.0410958904109589,2.8602739726027395,-0.2949464212341438,0.198572072255442
1495,-3.6542586561143717,1.2732585286298297,-0.6783598221793626,0.6707492288774082,0.5621829572993065,True,0.00010947523530276302,0.0008745732847508301,0.0027249439798357256,0.0018073357875437613,429,,`ftol` termination condition is satisfied.,0.1150684931506849,2.8575342465753426,-0.2955873710470782,0.1958201668618108
1498,-3.653095743626932,1.2726082106523924,-0.713806224134819,0.6176680844881882,0.5692751835541057,True,4.4609126617130395e-05,0.0006904153575448369,0.0025547594447772473,0.0014877641219718145,429,,`gtol` termination condition is satisfied.,0.1068493150684931,2.8493150684931505,-0.2968296845918864,0.1945778533170026
1499,-3.6979817517293974,1.2949680957854188,-0.6903275076202385,0.6695399203120794,0.5616555012105718,True,8.381173276091878e-05,0.0009364012560991922,0.0028285064976652395,0.0018848264191206618,422,,`gtol` termination condition is satisfied.,0.1041095890410958,2.8465753424657536,-0.2948041730347547,0.1958954509134197
1500,-3.7070730670401444,1.300969446582144,-0.7016778153347842,0.6206617120333895,0.5746609469560736,True,3.0482728602163327e-05,0.0005987621561627009,0.0025895691765545435,0.0014686134164468327,428,,`ftol` termination condition is satisfied.,0.1013698630136986,2.8438356164383563,-0.2966536394062486,0.1989625656962132
1501,-3.7117220894865595,1.3053232641516344,-0.7083743161317989,0.6144131199663726,0.5753769908007635,True,3.887624709141021e-05,0.0006073241499610484,0.002394614263765585,0.0013976226074017383,425,,`gtol` termination condition is satisfied.,0.0986301369863013,2.841095890410959,-0.2944628920813771,0.1958069287335374
1502,-3.742247353134242,1.3205003733949343,-0.6698808785609248,0.6278288938162914,0.5881306709640489,True,0.00016387500252092513,0.001091029943146127,0.00323914771359446,0.002146417794134407,424,,`ftol` termination condition is satisfied.,0.0958904109589041,2.8383561643835615,-0.2949326204919648,0.1948987690053445
1506,-3.7377864945150203,1.3125933966654464,-0.7154122570875098,0.6136294284523929,0.572682723109252,True,3.1262246482500554e-05,0.0005773757662708712,0.0028802694472007864,0.0014444090196028944,425,,`ftol` termination condition is satisfied.,0.084931506849315,2.8273972602739725,-0.2960713872703649,0.198939735297688
1507,-3.6945143186772116,1.279050024462442,-0.6858992009672727,0.6435617460782049,0.5809655572037938,True,7.047375719460379e-05,0.000892495936595528,0.0035393617050135983,0.002052811891415825,421,,`ftol` termination condition is satisfied.,0.0821917808219178,2.824657534246575,-0.2951503520057327,0.1945833697262479
1508,-3.7260798335128062,1.290543805606077,-0.7184480625242499,0.6107725690391207,0.5804097652107919,True,3.358829750773735e-05,0.000619288267335516,0.0022822082517831364,0.0013089660666208856,421,,`gtol` termination condition is satisfied.,0.0794520547945205,2.8219178082191783,-0.2960708530706794,0.1998484140548964
1509,-3.7335300720148306,1.2929737925808955,-0.7063270882604821,0.6370052302430557,0.5767341411902684,True,2.4399629323323842e-05,0.0006443448462451331,0.0019990213890394713,0.0012063363466739902,418,,`gtol` termination condition is satisfied.,0.0767123287671232,2.819178082191781,-0.2949433026297856,0.1956014381851307
1512,-3.7489967395437556,1.2810975734391545,-0.715112234033216,0.6450258289105593,0.5693860135182949,True,2.6948381080269503e-05,0.0005462479841790251,0.0022166492419493904,0.0012560504397168275,413,,`gtol` termination condition is satisfied.,0.0684931506849315,2.8109589041095893,-0.2937617544613309,0.1945910134526011
1513,-3.7517498739425337,1.279338235218961,-0.7161371771092478,0.6611618202989972,0.5620218248782259,True,3.3931872763280426e-05,0.0007358920622565786,0.0024091466961668,0.0013708580104337099,413,,`gtol` termination condition is satisfied.,0.0657534246575342,2.808219178082192,-0.2937614229073104,0.1945913450066216
1514,-3.7176337116622387,1.2573621922669789,-0.7122063763376006,0.6654060457347146,0.5601570511559407,True,3.18442882651855e-05,0.0006891134623034625,0.0017602414880407825,0.0011895494513197368,413,,`gtol` termination condition is satisfied.,0.0630136986301369,2.8054794520547945,-0.2984692787567382,0.1966879567462956
1515,-3.735498404494542,1.2757841048177654,-0.7204229339841385,0.6584776379500102,0.5632352235289638,True,4.2060630480294966e-05,0.0007932894724709201,0.001988002840348597,0.001328253218436973,409,,`ftol` termination condition is satisfied.,0.0602739726027397,2.802739726027397,-0.2981601979099979,0.1972930180100316
1516,-3.720954890552309,1.2622851909711845,-0.7241889551732079,0.6573601882067561,0.5601383936348059,True,4.9792127754765995e-05,0.000798984846430965,0.001950433342301269,0.0013864185627569055,411,,`ftol` termination condition is satisfied.,0.0575342465753424,2.8,-0.2943056813031301,0.1940470866108019
1519,-3.666092113031172,1.2263222472907815,-0.7192162457444381,0.6115603086862196,0.59597260227743,True,7.521818168093117e-05,0.0009838584519218031,0.0032345544274673165,0.0018874398257884624,399,,`gtol` termination condition is satisfied.,0.0493150684931506,2.791780821917808,-0.2997303357887462,0.1961426592351728
1520,-3.735678739537227,1.2516101090139446,-0.7244041751036456,0.6400881362544124,0.5740755411909312,True,3.7481475322994834e-05,0.0006596042908218536,0.001808271592324899,0.0012108375153096374,408,,`gtol` termination condition is satisfied.,0.0465753424657534,2.789041095890411,-0.2961365676533676,0.1921248968796676
1521,-3.726708025649533,1.2446189560278804,-0.7249533165733291,0.6176453624054883,0.5823419232393696,True,4.514626659799441e-05,0.0007188513116845076,0.0020545958303556724,0.0013713223234708442,406,,`ftol` termination condition is satisfied.,0.0438356164383561,2.786301369863014,-0.2964071942169991,0.1910786574623481
1522,-3.7096081156023883,1.2428634567102919,-0.7191656302223707,0.6612244860741447,0.5637917057202224,True,4.392194665160669e-05,0.0007666602266885092,0.0023847959299687577,0.0014561434603568458,412,,`gtol` termination condition is satisfied.,0.0410958904109589,2.783561643835617,-0.2986095626073833,0.1882451876736324
1523,-3.704798209371435,1.2479275429048122,-0.7222822349641452,0.6388881289968411,0.572046158494612,True,4.59977059089527e-05,0.0006692685313970956,0.0018462863475616478,0.001307942932877589,406,,`gtol` termination condition is satisfied.,0.1150684931506849,2.780821917808219,-0.2993666404383793,0.1996190542564078
1526,-3.702199245506953,1.2447187580696104,-0.7261250385244286,0.6449571952074478,0.5688348692085522,True,4.7638475728858197e-05,0.0007469778849721945,0.0017250193486546483,0.001265887407153018,399,,`gtol` termination condition is satisfied.,0.1068493150684931,2.7726027397260276,-0.2989602193239754,0.1878144607709851
1527,-3.6720090235655745,1.2381483690405852,-0.7235244242943765,0.6334217501859838,0.572788247614132,True,3.5404117818109505e-05,0.0006372814594218095,0.0016894435562357349,0.0011599449545384693,403,,`gtol` termination condition is satisfied.,0.1041095890410958,2.76986301369863,-0.2985130547181933,0.1939546029352377
1528,-3.689220177189629,1.2443971916843017,-0.7235483512370425,0.6325998782686042,0.5759701920178102,True,4.534945550062311e-05,0.0007277676571247726,0.00163168749509394,0.0011719120711551829,401,,`ftol` termination condition is satisfied.,0.1013698630136986,2.767123287671233,-0.2999590398975324,0.1937522894031333
1529,-3.628506642839304,1.2036937429207513,-0.7273947803764242,0.6347498879097108,0.5720768721875763,True,4.363304663057175e-05,0.0007484806137224573,0.002037746287384003,0.0012107873361042016,399,,`ftol` termination condition is satisfied.,0.0986301369863013,2.7643835616438355,-0.2938990786446695,0.1944536892692626
1530,-3.590451127954313,1.1894289287212014,-0.7379257768669647,0.6271234300976068,0.5749281329551905,True,2.3634661440717442e-05,0.00047648084310551833,0.003154242436849884,0.0015114464836729392,372,,`ftol` termination condition is satisfied.,0.0958904109589041,2.7616438356164386,-0.2967851050405189,0.1985291200830563
1533,-3.6596335228819603,1.216511081862525,-0.7305678446082176,0.5811482123737469,0.6036801963573016,True,8.475973500579723e-05,0.0008518773955880394,0.0026223235750308643,0.001838405886190104,390,,`gtol` termination condition is satisfied.,0.0876712328767123,2.7534246575342465,-0.2998872661371499,0.199742705293109
1534,-3.696291942739049,1.2266435865151624,-0.7154104612219002,0.6253952821883763,0.5826900210186278,True,3.611564710803788e-05,0.0006361765355688241,0.0017541144864580901,0.0012489507536448763,396,,`gtol` termination condition is satisfied.,0.084931506849315,2.750684931506849,-0.295484456427819,0.1924745904402152
1535,-3.6812730241003155,1.2125300438656825,-0.7094372519507667,0.6479737402930783,0.5740308708382895,True,5.784819137882634e-05,0.0007337977521135257,0.0018033516106472159,0.001469378752455033,354,,`gtol` termination condition is satisfied.,0.0821917808219178,2.747945205479452,-0.296242861238563,0.1963843591129603
1536,-3.71834992187477,1.23380117989268,-0.7290764392129331,0.6250147571858338,0.5759946786218384,True,3.354239293617765e-05,0.0005906020498497984,0.0017389301234993655,0.001252722692512386,390,,`gtol` termination condition is satisfied.,0.0794520547945205,2.745205479452055,-0.296718177323772,0.1888294823755611
1537,-3.700687664844145,1.2200743915598091,-0.722410943574076,0.6283651481328909,0.5768251392047677,True,4.486895316342131e-05,0.000639278471758019,0.001634237066223328,0.0012279375865493333,389,,`gtol` termination condition is satisfied.,0.0767123287671232,2.7424657534246575,-0.2981822655552689,0.1932043754841738
1540,-3.679363862926391,1.2118361125860866,-0.7290206452047474,0.6490161565255188,0.5642888076521398,True,5.69767008106948e-05,0.0006702628534426216,0.001673261651497035,0.001282166369894603,388,,`gtol` termination condition is satisfied.,0.0684931506849315,2.734246575342466,-0.2994501220088194,0.1974624278866725
1541,-3.7078310398618926,1.2299041388100629,-0.7347388515765606,0.657359821009485,0.5615147856187447,True,6.45739059991508e-05,0.0005686985989657226,0.0018112563145170333,0.0013574689924869961,471,,`gtol` termination condition is satisfied.,0.0657534246575342,2.7315068493150685,-0.2992943370148749,0.1934456460570825
1542,-3.664501474070423,1.207019296545371,-0.7284806384227694,0.6709879966680885,0.557577161414243,True,9.735461774553745e-05,0.0008322633058385592,0.0020969112660192287,0.0015082058099420077,470,,`gtol` termination condition is satisfied.,0.0630136986301369,2.728767123287671,-0.2989692115409025,0.1986601634605825
1543,-3.678590125891924,1.2125647279601235,-0.727934665105609,0.6666328799277932,0.5573250486010026,True,5.784772057899571e-05,0.0007157189313914689,0.0018885984384380365,0.0013704047862674177,469,,`gtol` termination condition is satisfied.,0.0602739726027397,2.7260273972602738,-0.2980250125454707,0.1996928735707662
1544,-3.70382740168332,1.2219688814363359,-0.7337550804172674,0.6691719100969773,0.5549555823370635,True,5.663556193268386e-05,0.0006622243846056462,0.0018549726551017785,0.001453136606278211,468,,`gtol` termination condition is satisfied.,0.0575342465753424,2.723287671232877,-0.299378360024302,0.1974457896885662
1547,-3.7370599291483018,1.2381124192460429,-0.7265723866823433,0.6838537383416424,0.5510305891383905,True,6.247452609213273e-05,0.0007117015917572535,0.001793475658974735,0.00140548862600937,458,,`gtol` termination condition is satisfied.,0.0493150684931506,2.7150684931506848,-0.2928276308981228,0.1895197747262136
1548,-3.7659895307502027,1.260758034634353,-0.7292326804864357,0.6797305669273541,0.5460569992026729,True,7.102961625797029e-05,0.000628625057182812,0.002017086637104224,0.0015293160725280408,451,,`ftol` termination condition is satisfied.,0.0465753424657534,2.712328767123288,-0.2963849993530327,0.1960914857447613
1549,-3.7689693001301876,1.2546302290346716,-0.7295422984413464,0.6936158079683807,0.5400815974748212,True,6.790246617600167e-05,0.0007387637003914029,0.0020016556037130676,0.0014387889079131575,459,,`gtol` termination condition is satisfied.,0.0438356164383561,2.7095890410958905,-0.2993292679498995,0.1983276330928187
1550,-3.7707177761809603,1.2524500238069023,-0.7273761316896149,0.6882104907376125,0.543733571253062,True,5.414770548592702e-05,0.0006572380614137688,0.0018108583208069225,0.0013530346344686139,454,,`gtol` termination condition is satisfied.,0.0410958904109589,2.706849315068493,-0.2990887498142925,0.1987933845956715
1551,-3.733505755331612,1.2305304954620089,-0.7342233982507304,0.6923484092034489,0.5425760675632735,True,5.359686983887537e-05,0.00066092859301289,0.0016847882484540536,0.0013159290317530787,448,,`gtol` termination condition is satisfied.,0.1150684931506849,2.704109589041096,-0.299102858748062,0.1926566242274912
1554,-3.6711308209177873,1.1976270820255728,-0.7372130888107781,0.6900938180742477,0.5387495405103367,True,6.58212150535081e-05,0.0009457135550531842,0.001846766406436316,0.0012815337961667138,450,,`gtol` termination condition is satisfied.,0.1068493150684931,2.695890410958904,-0.2965405375849301,0.195757135391349
1555,-3.6987620784693513,1.2093020385134603,-0.7366417189777136,0.6756862775911736,0.5445887134627555,True,5.35658490819028e-05,0.0007019633694441315,0.001617314701232947,0.0011769148823877191,446,,`gtol` termination condition is satisfied.,0.1041095890410958,2.6931506849315068,-0.2964389859983188,0.1977985435161632
1556,-3.7520408029627004,1.236932513773101,-0.7348120621328819,0.662410924694621,0.5494769989530517,True,5.1500066227701225e-05,0.0005470149943435273,0.0015670221991080384,0.0011767594670421874,441,,`gtol` termination condition is satisfied.,0.1013698630136986,2.6904109589041094,-0.2928289307416218,0.1927112256763478
1557,-3.668517572176269,1.185085257109462,-0.7290870248180141,0.7174105521767962,0.5300336900018332,True,7.740917219516968e-05,0.0008702285693164227,0.002154337586785021,0.001369013326649259,443,,`ftol` termination condition is satisfied.,0.0986301369863013,2.6876712328767125,-0.2985565216144978,0.197059683487964
1558,-3.6264952980673373,1.1662916675508228,-0.6981514870639471,0.7136538296528806,0.5454419429580016,True,7.980462623662085e-05,0.0009246423474742605,0.003225986785318204,0.001951283559294414,418,,`gtol` termination condition is satisfied.,0.0958904109589041,2.684931506849315,-0.2998529516423334,0.1992814108717396
1561,-3.6495123082223064,1.178648323841098,-0.7620027427337777,0.6543229540584389,0.5412846417132109,True,4.1019349694708955e-05,0.0005314738510000592,0.0020106338367877202,0.001202744134783587,442,,`ftol` termination condition is satisfied.,0.0876712328767123,2.6767123287671235,-0.297008433841426,0.1986077712610359
1562,-3.677551571209215,1.190512625939715,-0.7665288165487278,0.6746703392149633,0.5329791239410345,True,6.188591720561321e-05,0.0007428427029953412,0.002163196325535698,0.0013366764789618907,438,,`gtol` termination condition is satisfied.,0.084931506849315,2.673972602739726,-0.2978952951455412,0.1906111457953507
1563,-3.7183056447760783,1.203708092022297,-0.747456310058718,0.6672416673203038,0.5444071810040139,True,3.18081132377183e-05,0.0005546545589198365,0.001335079640767916,0.0010146596509338491,437,,`gtol` termination condition is satisfied.,0.0821917808219178,2.671232876712329,-0.2944847632614839,0.1980932895582415
1564,-3.7198024465517543,1.2201473563853706,-0.7392121021201892,0.7015623321063539,0.5331546980855577,True,4.868559788147178e-05,0.0006867059149347909,0.0018877667759520287,0.0014455019057230606,433,,`gtol` termination condition is satisfied.,0.0794520547945205,2.668493150684931,-0.2973348776205409,0.1945070149723575
1568,-3.731280504534199,1.2247035577711731,-0.7456673324046234,0.6884275955098117,0.5319723079788542,True,5.2911479523357954e-05,0.0005816543193075941,0.0018034301457017037,0.0013479281514643825,453,,`gtol` termination condition is satisfied.,0.0684931506849315,2.6575342465753424,-0.2926930145984026,0.1912955584127078
1569,-3.7487809088994544,1.220978853794718,-0.7342929113079296,0.6803098997929667,0.541336077126243,True,6.801319953890732e-05,0.0007411128705399634,0.0022557560911772964,0.0016703548538926124,448,,`gtol` termination condition is satisfied.,0.0657534246575342,2.654794520547945,-0.2975971929493277,0.1857049937817182
1570,-3.7505575548946135,1.222877113437058,-0.718813477962795,0.7024560488555673,0.5388256961920844,True,7.08810992814956e-05,0.0006777295762438637,0.00224230482510186,0.0016926932689795887,446,,`ftol` termination condition is satisfied.,0.0630136986301369,2.652054794520548,-0.2968820884676831,0.1873736363665041
1571,-3.7480428245314945,1.2161404003448197,-0.7487701996467073,0.7011118116886951,0.5245618048521441,True,7.417832233358438e-05,0.0007120116780642008,0.002201832083614607,0.0017058615265378924,446,,`gtol` termination condition is satisfied.,0.0602739726027397,2.649315068493151,-0.2973268014927121,0.1866311360365751
1572,-3.719534419800966,1.1997368079284225,-0.7426115620140067,0.685250223136805,0.536262685032031,True,5.3127276614223844e-05,0.0006295569081306229,0.0018125154909907394,0.0014373490523246124,449,,`ftol` termination condition is satisfied.,0.0575342465753424,2.6465753424657534,-0.2981926055216256,0.1948424361328515
1575,-3.745648327228906,1.2054906828686622,-0.7419823244994956,0.6932991096138255,0.5357040933560702,True,7.520091692147848e-05,0.0008134458627241388,0.002079004477418265,0.0016815307253161323,442,,`gtol` termination condition is satisfied.,0.0493150684931506,2.638356164383562,-0.2931551042125997,0.1916817336011888
1576,-3.7619303005378595,1.209518093297474,-0.731337756996008,0.6793946336351614,0.5417624937208299,True,5.505712378255652e-05,0.000677455753317588,0.0020705766507966546,0.0015653224879286069,445,,`ftol` termination condition is satisfied.,0.0465753424657534,2.6356164383561644,-0.2964072511480988,0.1877057653132562
1577,-3.7825358842344015,1.220287290524792,-0.7193328941639086,0.6899018555207306,0.5397684503321466,True,0.0001005645675604342,0.0008011613274524106,0.002012093531349532,0.001446565401688624,436,,`gtol` termination condition is satisfied.,0.0438356164383561,2.632876712328767,-0.2997145598424304,0.1853767146660811
1578,-3.7782759946920907,1.2018230421670753,-0.7168926811986928,0.6848982855095455,0.5425825223820544,True,5.851597636236636e-05,0.0007032612464654296,0.00254401619191183,0.0018484460834022143,434,,`ftol` termination condition is satisfied.,0.0410958904109589,2.6301369863013697,-0.2997731387416572,0.1851221764755774
1579,-3.7643677812457823,1.1927244233032392,-0.7145643214748506,0.6885216391934883,0.5403513143020299,True,7.975698302244686e-05,0.0010267842291636015,0.003036167328516977,0.0020147715690799384,432,,`gtol` termination condition is satisfied.,0.1342465753424657,2.627397260273973,-0.2978192451445036,0.1849614341687216
1582,-3.7553118932151937,1.1921757403970548,-0.7260235366274342,0.6716225470034066,0.5461737651431607,True,6.333058882296034e-05,0.0006418063575900367,0.0029009821589142,0.0019450058908901493,429,,`ftol` termination condition is satisfied.,0.1260273972602739,2.6191780821917807,-0.2986235789260219,0.1857333258898203
1583,-3.740790286986279,1.181292464137042,-0.7222803220522631,0.7053206996777333,0.5342143353181972,True,6.361114532014715e-05,0.0007022537367497008,0.002686546939152323,0.0018920806477228205,428,,`gtol` termination condition is satisfied.,0.1232876712328767,2.6164383561643834,-0.2921710095522263,0.1919866975526761
1584,-3.768774118360889,1.2025887110688331,-0.7202237553990889,0.7085730511671352,0.531154035516635,True,4.460734761973588e-05,0.0005941470323983872,0.0023233372030715296,0.0015839802160483667,423,,`gtol` termination condition is satisfied.,0.1205479452054794,2.6136986301369864,-0.2978402377948113,0.187327423790746
1585,-3.773592848689112,1.201763137055406,-0.7230804807300729,0.7138852976418085,0.5277381149846044,True,5.337253922925513e-05,0.0006266766251816948,0.0023264245400150367,0.001686872126009236,421,,`ftol` termination condition is satisfied.,0.1178082191780822,2.610958904109589,-0.2966575454885191,0.1890777710919755
1586,-3.7935089438569163,1.210832745346278,-0.7181473565171642,0.6934350993346022,0.5357203192067246,True,5.01953794026755e-05,0.000605099059377358,0.0025317515939767762,0.001742386231822219,418,,`gtol` termination condition is satisfied.,0.1150684931506849,2.6082191780821917,-0.2936414709105184,0.1883784752024786
1589,-3.8269437785273914,1.219096908416457,-0.7110681424708698,0.7359037037084589,0.523117607443506,True,6.0484961253252485e-05,0.0006463948941862539,0.002689654723559147,0.0019453959530746567,412,,`gtol` termination condition is satisfied.,0.1068493150684931,2.6,-0.2977630700516036,0.1947134150461904
1590,-3.8235518437260803,1.2128341419617972,-0.7196289327216797,0.7080945567378972,0.5310808029685414,True,5.231337480379752e-05,0.0006350315528527353,0.002562944554777952,0.0017542083185507922,414,,`ftol` termination condition is satisfied.,0.1041095890410958,2.5972602739726027,-0.2986303090207124,0.19940790583561
1591,-3.801124755152347,1.206041083547288,-0.7191785372581564,0.7099623481099806,0.5318709872977834,True,4.975424406726194e-05,0.0005983430598183252,0.002699443339067881,0.0018256923106457687,416,,`gtol` termination condition is satisfied.,0.1013698630136986,2.594520547945206,-0.2997856127459975,0.1991435000942629
1592,-3.763919920215008,1.1927317855869748,-0.7148375608167319,0.6954905146220256,0.5383955369881804,True,5.0557203232201214e-05,0.0006341055014668587,0.0023576579991560105,0.0016539173138524705,414,,`ftol` termination condition is satisfied.,0.0986301369863013,2.591780821917808,-0.2900796547364649,0.1933611138900393
1593,-3.8039675257004237,1.2038009877435976,-0.7130208390575307,0.7042790547296329,0.5353694143695533,True,6.123656249820696e-05,0.0006896761353969122,0.002844043648528802,0.0019548113309415982,406,,`ftol` termination condition is satisfied.,0.0958904109589041,2.589041095890411,-0.2942662633109968,0.189192827947745
1596,-3.82718389958261,1.2189341836197378,-0.7059834345348611,0.7008062945402495,0.5400006286204392,True,4.916828009540873e-05,0.0006092527285955781,0.0022943812550126424,0.0015782669199322656,472,,`gtol` termination condition is satisfied.,0.0876712328767123,2.580821917808219,-0.2983542010403534,0.1906375417406542
1597,-3.8102922717151735,1.195570344925473,-0.7279787447487378,0.6816295217154972,0.5392319847236384,True,5.5610079516340565e-05,0.0006074126720624606,0.002347629819639053,0.0016523005988406106,474,,`ftol` termination condition is satisfied.,0.084931506849315,2.578082191780822,-0.2905704311232152,0.1981494129389757
1598,-3.853291835720453,1.21020289473428,-0.714340527000668,0.6881535027376758,0.5427653726529874,True,6.23244753401671e-05,0.000648938147913172,0.0030100577067393133,0.0020132449771968065,468,,`gtol` termination condition is satisfied.,0.0821917808219178,2.5753424657534247,-0.2996770842378534,0.199414935664207
1599,-3.8480017822107437,1.199939698827853,-0.7252069334755221,0.6791891261542158,0.5432679830885473,True,6.47798947680486e-05,0.0006055864088341871,0.0031359786610402553,0.00198505989595226,469,,`gtol` termination condition is satisfied.,0.0794520547945205,2.5726027397260274,-0.2958632380702662,0.197313758209221
1600,-3.8525867335275197,1.2038377049462945,-0.710977202437747,0.7027392906117892,0.5367338964982643,True,7.041561625395642e-05,0.0006575734811572863,0.003704205201538975,0.0022330499829723532,471,,`ftol` termination condition is satisfied.,0.0767123287671232,2.56986301369863,-0.299604193303982,0.1936219273392371
1604,-3.853352258942755,1.203113573147613,-0.7121154320116999,0.6718631013817601,0.54818793385976,True,8.338768068450375e-05,0.0006862301535454854,0.003952151105695474,0.0023031218342540686,462,,`ftol` termination condition is satisfied.,0.0657534246575342,2.558904109589041,-0.299391475274936,0.1979737238722705
1605,-3.8302248022697163,1.2041536534738697,-0.7039940872011451,0.710850059870475,0.5411464852155267,True,0.0001021099574693626,0.0007382972769934405,0.0040122498739327064,0.0024550177760395567,461,,`gtol` termination condition is satisfied.,0.0630136986301369,2.5561643835616437,-0.2984588555586309,0.1980851241463824
1606,-3.822496464188055,1.2133884708987108,-0.6929906498072532,0.7337340402568182,0.5324305203030677,True,0.00010236380340831181,0.0007574385651988017,0.004118634648356848,0.002475433597294529,463,,`gtol` termination condition is satisfied.,0.0602739726027397,2.5534246575342467,-0.2925363690913481,0.1935746220441696
1607,,,,,,False,,,,,0,0.0,Only 82 obs for 1607 after cleaning — need >= 100.,,,,
1610,-3.7882585760209597,1.2195892061708513,-0.6910867650054795,0.7459727398355721,0.5296767432604531,True,0.00011576989571219034,0.000773815066515696,0.0041859801142048484,0.002535520996050629,460,,`ftol` termination condition is satisfied.,0.0493150684931506,2.5424657534246577,-0.2947567636719913,0.1912912686125376
1611,-3.7968691297390786,1.2264125583416026,-0.6914196628842635,0.753124639177439,0.5262301284853638,True,9.074672659025194e-05,0.0007165830029312859,0.003418417860311017,0.002157370737808105,457,,`ftol` termination condition is satisfied.,0.0465753424657534,2.5397260273972604,-0.2948656802182908,0.1910889824865493
1612,-3.807939830489315,1.2297232950329349,-0.6981660900064048,0.7548889988682428,0.5238963222532099,True,9.860228035746645e-05,0.0007433472100847817,0.0032075762531116937,0.002152948395843983,456,,`ftol` termination condition is satisfied.,0.0438356164383561,2.536986301369863,-0.2969698579682783,0.1994670283456127
1613,-3.8267475602034353,1.2650425898892383,-0.6711590033861208,0.7559954902150472,0.5403213496482574,True,9.588695802993335e-05,0.000906299704570989,0.003198797856282355,0.0019590391118580563,460,,`ftol` termination condition is satisfied.,0.0410958904109589,2.5342465753424657,-0.297355610252226,0.1990812760616649
1614,-3.8905686974273683,1.2786042822698058,-0.6779335425262776,0.7688070128637666,0.5225022605338037,True,7.431338452267838e-05,0.0006457696282987181,0.00301969819329159,0.0020073753887970697,445,,`ftol` termination condition is satisfied.,0.1150684931506849,2.5315068493150683,-0.2978860410873445,0.1931400430907135
1617,-3.879562070972793,1.2742010719902992,-0.6832130582091861,0.7592947137997169,0.523744088128607,True,7.661638104908877e-05,0.000651981418052821,0.0029592780651424263,0.001947187547799755,445,,`gtol` termination condition is satisfied.,0.1068493150684931,2.5232876712328767,-0.2983803747704719,0.1918141636175242
1618,-3.874300148887469,1.274098577819544,-0.6682887597664895,0.8022154669554018,0.5159058029779289,True,8.033388990693057e-05,0.0006649389171740016,0.0031504848698008132,0.002139307917100285,442,,`ftol` termination condition is satisfied.,0.1041095890410958,2.5205479452054793,-0.2983540435767148,0.1906673250988206
1619,-3.8551742155893294,1.2833459508060767,-0.6823420232543647,0.7716935877948803,0.5244679583700407,True,4.885220780575363e-05,0.0005402594679349261,0.0022406044451372255,0.001500525353152938,443,,`gtol` termination condition is satisfied.,0.1013698630136986,2.5178082191780824,-0.2951420194475997,0.1940171930949859
1620,-3.805602538210984,1.2575366708301696,-0.6909395135460845,0.7487143060149791,0.533961225137643,True,5.892411338925694e-05,0.0006167981954076302,0.002158343020239411,0.001517986917638486,450,,`ftol` termination condition is satisfied.,0.0986301369863013,2.515068493150685,-0.2999389423992092,0.1964979439146817
1621,-3.815413111418199,1.268531126498507,-0.6960874741217191,0.7377061442484303,0.5359063068741109,True,5.462089756835412e-05,0.0005734747216446869,0.002216984524417852,0.0015514636380592748,444,,`gtol` termination condition is satisfied.,0.0958904109589041,2.5123287671232877,-0.2982326942054549,0.1982041921084361
1624,-3.8009125961066506,1.2449290692897237,-0.6842548285995226,0.7540164571348269,0.5323644347908127,True,8.20178942967829e-05,0.0006978365535686565,0.002763054200188007,0.002037557445916844,441,,`gtol` termination condition is satisfied.,0.0876712328767123,2.504109589041096,-0.298766902358404,0.1976699839554871
1625,-3.8193842691343463,1.2660883735714452,-0.6946808276656736,0.7308391402699667,0.5370065268017952,True,7.006207705113653e-05,0.0006713356528080542,0.002776144579817604,0.0019286845920252116,436,,`gtol` termination condition is satisfied.,0.084931506849315,2.5013698630136987,-0.2940260219323398,0.194520314281889
1626,-3.878928731628311,1.2990544838872853,-0.6890887268953555,0.7609861397505374,0.5264968794446592,True,6.834552354094792e-05,0.0006747050384958227,0.003370537027893491,0.0021482233241052924,429,,`ftol` termination condition is satisfied.,0.0821917808219178,2.4986301369863013,-0.2967069976785436,0.186804717527361
1627,-3.896256391439657,1.3005350462225147,-0.6805955389040581,0.7575020936351274,0.5321530458281474,True,7.61153545382395e-05,0.0007072536035500963,0.003657262362296807,0.0023383863406979954,427,,`ftol` termination condition is satisfied.,0.0794520547945205,2.495890410958904,-0.2969679846824689,0.1865921130709523
1628,-3.887010434771885,1.2972560078987947,-0.6704339634040707,0.7550727560601869,0.5406391075837133,True,9.297898165140417e-05,0.0007461827957037037,0.004019738812981677,0.0025569393208092375,426,,`ftol` termination condition is satisfied.,0.0767123287671232,2.493150684931507,-0.2984606922238488,0.1850454851980361
1631,-3.8656401314101916,1.2938822585746528,-0.6686302814253601,0.782373148229203,0.53086069751991,True,0.00010723139455950286,0.0007709942379637556,0.004292114276105592,0.0028688805276667418,444,,`ftol` termination condition is satisfied.,0.0684931506849315,2.484931506849315,-0.2983545747288551,0.1851796031324888
1632,-3.829486065967004,1.2970115121136263,-0.6815657139307835,0.7825212282874187,0.5285640468748531,True,8.199938469467293e-05,0.0006932957056205573,0.00318679983717209,0.0023066189247047952,452,,`ftol` termination condition is satisfied.,0.0657534246575342,2.4821917808219176,-0.2987650101452806,0.190412606164243
1633,-3.845615943560651,1.308298480973775,-0.6803031060897223,0.7654926937438653,0.5272956483932252,True,0.00010193887997891294,0.0006924230538551869,0.003049238519019385,0.002173617748138965,518,,`ftol` termination condition is satisfied.,0.0630136986301369,2.4794520547945207,-0.2965490572482944,0.187874608981687
1634,-3.8501981376467147,1.3153483038592753,-0.684434611098998,0.717585166497543,0.5438283281944494,True,8.859667679134316e-05,0.0006943946700556392,0.0029849021181901788,0.002143100966372034,517,,`ftol` termination condition is satisfied.,0.0602739726027397,2.4767123287671233,-0.295735353875253,0.1887835629766044
1635,-3.8589367530884644,1.3071397598392158,-0.6890876556305059,0.7267176521822057,0.5377359860393354,True,8.300109773467983e-05,0.0006571164002728725,0.003225575494188745,0.0022136579980109876,512,,`gtol` termination condition is satisfied.,0.0575342465753424,2.473972602739726,-0.2974883789271179,0.1872380095976129
1638,-3.849955551206091,1.3014161507039614,-0.6876191393273574,0.737339487865191,0.5341777844505828,True,9.204348734962494e-05,0.0006733602393381432,0.0032758642714068313,0.0022623448685354336,506,,`gtol` termination condition is satisfied.,0.0493150684931506,2.4657534246575343,-0.2975683514745927,0.187051036071924
1639,-3.8633290846290076,1.310976712635581,-0.6795889783310695,0.739555116002301,0.5337440428881048,True,0.00010765519206050645,0.0007165237385539544,0.003775964715411572,0.0025206776275912687,505,,`ftol` termination condition is satisfied.,0.0465753424657534,2.463013698630137,-0.2999274702540811,0.1962586034370242
1640,-3.8871272590510886,1.3279000256330606,-0.6785607080497155,0.7382989152938412,0.5287209105441569,True,8.680346003917889e-05,0.0006831433120522515,0.003336453717616002,0.002309311637066343,498,,`gtol` termination condition is satisfied.,0.0438356164383561,2.4602739726027396,-0.2939271446948551,0.1989482414905236
1641,-3.9102785669727935,1.3349984463163587,-0.6658885305618336,0.7813931255903617,0.5195521818423066,True,9.027571304899283e-05,0.0006827797921270829,0.0034988092255133496,0.002375641805814777,496,,`ftol` termination condition is satisfied.,0.0410958904109589,2.4575342465753423,-0.2989833688713688,0.1932160875766169
1645,-3.86906929423516,1.3119173936238997,-0.6916841121073992,0.7443976268677113,0.5268672165880262,True,6.774455403060837e-05,0.0006152427609249032,0.0028528676412424635,0.001992263624913412,497,,`gtol` termination condition is satisfied.,0.1068493150684931,2.4465753424657533,-0.2957009419314567,0.1963511921191628
1646,-3.842008034810742,1.3080969523444053,-0.6898264907316137,0.7814484478792352,0.5177291366979387,True,5.482853987522807e-05,0.0005878881712472994,0.002243683548816204,0.0017079321716779784,496,,`ftol` termination condition is satisfied.,0.1041095890410958,2.4438356164383563,-0.2979109406794247,0.1986805666946695
1647,-3.859313192200163,1.3113462667031301,-0.7101890585043602,0.7391193175388439,0.5279578776142759,True,7.01770965558355e-05,0.0007161498303164595,0.0025929513275086617,0.001925926884006742,492,,`gtol` termination condition is satisfied.,0.1013698630136986,2.441095890410959,-0.293825179506401,0.199036037602225
1648,-3.822842600043609,1.2972984048121505,-0.7116672187453116,0.7098423208492853,0.5403903477969378,True,4.672345186229521e-05,0.0005781987418334225,0.0016733314512666726,0.0013128752150559655,498,,`gtol` termination condition is satisfied.,0.0986301369863013,2.4383561643835616,-0.2996840070212184,0.1840720536879533
1649,-3.845237480709492,1.3207487687909016,-0.7132513429570645,0.7272803564023287,0.5378456764531185,True,5.5839244267471706e-05,0.0006570461073024755,0.0019649429405767874,0.0015533172045694508,493,,`ftol` termination condition is satisfied.,0.0958904109589041,2.4356164383561643,-0.2980145319721991,0.1983419454547996
1652,-3.8690103444393755,1.3280622781927516,-0.7098990709115658,0.7140291084688459,0.5377972956833432,True,6.278859627532367e-05,0.0006454658921588712,0.0020370520135801046,0.001579401443995705,487,,`gtol` termination condition is satisfied.,0.0876712328767123,2.4273972602739726,-0.2955982858494158,0.1971955141924084
1653,-3.856434950382614,1.3279222426638233,-0.7238858770628507,0.6973755821959803,0.5434314904146125,True,4.545070759575502e-05,0.0006206939223198021,0.0016655130944950125,0.0013043418915122662,490,,`gtol` termination condition is satisfied.,0.084931506849315,2.4246575342465753,-0.2938760680304866,0.1984266992655804
1654,-3.8855405787855,1.3440877054422913,-0.719031108312277,0.7129868469830615,0.5372448078628154,True,5.4112823544360744e-05,0.0006314629022454467,0.0019166684601934698,0.0014516123764637772,480,,`gtol` termination condition is satisfied.,0.0821917808219178,2.421917808219178,-0.2975738956092183,0.1947174569178718
1655,-3.7280328489760906,1.288638730814403,-0.7518988206417009,0.7258280535651377,0.5418570622356453,True,0.0005135610688537512,0.0018937727523912016,0.003972460387312232,0.0028539319168013905,471,,`ftol` termination condition is satisfied.,0.0794520547945205,2.419178082191781,-0.2981034255339988,0.1997241530017255
1656,-3.8604187489705026,1.3372696287753907,-0.75510942620535,0.65993066970164,0.5529773281066526,True,5.134289300304591e-05,0.0006524403187544568,0.001397153893996858,0.0010637394112758816,485,,`ftol` termination condition is satisfied.,0.0767123287671232,2.4164383561643836,-0.2958294539753965,0.1966031535439013
1659,-3.83205282952722,1.3254759906607103,-0.7708618575893591,0.6544993849199062,0.5471764758470998,True,5.283213375635513e-05,0.0005674483627851189,0.0013266880059648472,0.0009591817678029915,509,,`gtol` termination condition is satisfied.,0.0684931506849315,2.408219178082192,-0.2932842684522193,0.198690369521118
1660,-3.7798535191060423,1.2924524504496524,-0.6734800864875379,0.758043494553094,0.5558640402415528,True,0.0008253844299046615,0.0024552855228502923,0.005030366990445609,0.00394326962888329,483,,`ftol` termination condition is satisfied.,0.0657534246575342,2.405479452054794,-0.2974234423266558,0.194356264045927
1661,-3.823929064128015,1.3246958706563257,-0.7387248173823383,0.7444851085362911,0.5149703074568482,True,5.597107251338643e-05,0.0006504159795578279,0.001480508097331732,0.001168511098065235,518,,`gtol` termination condition is satisfied.,0.0630136986301369,2.4027397260273973,-0.2950554054593716,0.1922236170924448
1662,-3.8073652964119526,1.3316593550402398,-0.7258067886920858,0.7374232632548957,0.516022351576067,True,7.125176214193791e-05,0.0006483397376445146,0.0013392289860690463,0.0009836782349743275,522,,`gtol` termination condition is satisfied.,0.0602739726027397,2.4,-0.2955705505861311,0.1917098525361652
1663,-3.77868691442487,1.3224574702081642,-0.7427763469199284,0.6905636997680662,0.5327261422754369,True,3.720903059564544e-05,0.0005003330395311267,0.0010801668576021365,0.0007572643318554524,522,,`gtol` termination condition is satisfied.,0.0575342465753424,2.3972602739726026,-0.2959577985530595,0.1965611294353315
1666,-3.7880978111973063,1.3294076411313203,-0.7302757375309726,0.7421848515085778,0.5211869205358252,True,3.973534749711906e-05,0.0006078181075446387,0.0012613991745123116,0.0008912581695911304,534,,`gtol` termination condition is satisfied.,0.0493150684931506,2.389041095890411,-0.2967020052618057,0.1959692270657989
1667,-3.7647004377669426,1.3237781047171524,-0.7305699581119012,0.7083824521791487,0.5310773055769117,True,5.6191543822573316e-05,0.0007011837382488316,0.0018364400871829303,0.0011687586957828972,535,,`ftol` termination condition is satisfied.,0.0465753424657534,2.3863013698630136,-0.2999508149435356,0.1971876682444075
1668,-3.770585466619393,1.3187341827901369,-0.731533965133203,0.740614120209,0.5185491636850027,True,4.4955932804820466e-05,0.0006338583771428395,0.0018264830807314745,0.001065999931618694,533,,`gtol` termination condition is satisfied.,0.0438356164383561,2.3835616438356166,-0.2926659576293977,0.1993789166819041
1669,-3.624558840453817,1.2456553622717554,-0.7365439986181977,0.7782181487161183,0.5076849071476967,True,7.348662315139062e-05,0.0008053741356474814,0.00553887569727649,0.0024402543674330274,547,,`gtol` termination condition is satisfied.,0.0410958904109589,2.3808219178082193,-0.2970618301695508,0.1997120937904383
1670,-3.5918389482222137,1.231899975591269,-0.7491191598652077,0.7073073707342292,0.5338084595305175,True,5.5330875050418166e-05,0.0007875347998487587,0.003015610517559229,0.001764386841848639,540,,`gtol` termination condition is satisfied.,0.1342465753424657,2.378082191780822,-0.297187401980131,0.1997339422865988
1673,-3.643713628763077,1.274185254063699,-0.7432867865409959,0.73552687534367,0.5204560875090185,True,6.193517638670591e-05,0.0007599123003969834,0.0022734145137797467,0.0014406707893632902,529,,`ftol` termination condition is satisfied.,0.1260273972602739,2.3698630136986303,-0.2994579563166869,0.196978929997204
1674,-3.549583878626728,1.2339831979578795,-0.7782510385668386,0.6867647161399785,0.5340409963014114,True,5.581958622363524e-05,0.000652156360910663,0.0030581448678583837,0.0017408024121827838,534,,`ftol` termination condition is satisfied.,0.1232876712328767,2.367123287671233,-0.2943093299392689,0.1965307588297128
1675,-3.550877002414027,1.2290687472590518,-0.7385028245493158,0.7170674923793369,0.5372869779613256,True,5.7747911446986435e-05,0.0007474825120791159,0.0021039197236230743,0.0013992635954071927,527,,`gtol` termination condition is satisfied.,0.1205479452054794,2.3643835616438356,-0.2951458628888826,0.1957840472636159
1676,-3.499906572685276,1.2133237016756424,-0.7466696912679429,0.6857088922014396,0.5499797762612516,True,8.86744232672743e-05,0.0008518758308315255,0.003331582524401918,0.0019440450561768908,533,,`ftol` termination condition is satisfied.,0.1178082191780822,2.361643835616438,-0.2900745045956468,0.1958861333493942
1677,-3.5762600912074287,1.219242014829263,-0.7540744707185778,0.7354723105502816,0.5163215589939496,True,7.692409725742044e-05,0.0008412957500083994,0.00196895960806168,0.0013836247879032589,529,,`gtol` termination condition is satisfied.,0.1150684931506849,2.3589041095890413,-0.2997134713858149,0.1967234149280762
1680,-3.6290551322370104,1.242576431108367,-0.74448266416344,0.7206495932020912,0.5245285478719797,True,4.941835355308039e-05,0.0007018348216509197,0.001412392398844016,0.0010267180164921356,516,,`gtol` termination condition is satisfied.,0.1068493150684931,2.350684931506849,-0.2993270706450393,0.1971098156688517
1681,-3.6258540343634036,1.2364342913296607,-0.7344813653177514,0.7157946350452189,0.5294850748904318,True,6.403880605945897e-05,0.0007510720687570415,0.001592509321938241,0.0012401490801249358,516,,`gtol` termination condition is satisfied.,0.1041095890410958,2.347945205479452,-0.2988388733253075,0.1985586517833662
1682,-3.6761523997246597,1.2997163720314495,-0.763992654727662,0.6603292135323915,0.5460617238220117,True,4.866497750886032e-05,0.0005637994619534724,0.0013604848258981085,0.0010420485394612477,507,,`gtol` termination condition is satisfied.,0.1013698630136986,2.345205479452055,-0.2992290831182714,0.1972294676104385
1683,-3.7208013140903806,1.3355880214877325,-0.7764450800163888,0.6544235841371535,0.5476060191788575,True,6.589821283160499e-05,0.0005597549778872684,0.001268929326680233,0.0009822872764002335,507,,`gtol` termination condition is satisfied.,0.0986301369863013,2.3424657534246576,-0.2974559415328934,0.1988130851709351
1684,-3.726111029098776,1.3249727119645611,-0.7598747941689362,0.6711292148164755,0.548340569828166,True,5.689595104918568e-05,0.0007048949209035399,0.0014872362992190019,0.0011484684691777578,504,,`gtol` termination condition is satisfied.,0.0958904109589041,2.33972602739726,-0.2969704927724894,0.1995118851759305
1687,-3.7801752934430097,1.3631213946201775,-0.7350868724780268,0.6971925184351734,0.5457592247965677,True,5.852130639284687e-05,0.0007455273721072783,0.0015759510056058445,0.001202228837826591,498,,`gtol` termination condition is satisfied.,0.0876712328767123,2.331506849315069,-0.2874585969825642,0.1998948588777351
1688,-3.790531210151496,1.3701922689172785,-0.7200720810209479,0.6741193779388072,0.5592220587768327,True,5.5604185941039914e-05,0.0006978233844710716,0.0014677858368626626,0.0010895356783432065,495,,`gtol` termination condition is satisfied.,0.084931506849315,2.328767123287671,-0.2925296905090655,0.1965168646105276
1689,-3.79310956329899,1.3709419907097868,-0.7449688128360609,0.6766600348599999,0.5491953577221335,True,5.491965496785955e-05,0.000772849952276071,0.0014355143803249661,0.0010329779380364196,499,,`gtol` termination condition is satisfied.,0.0821917808219178,2.326027397260274,-0.295705034399761,0.198200867431968
1690,-3.8133121063129605,1.3822435010007625,-0.7198791948536503,0.6771375028190775,0.5565805378640496,True,6.128524177173858e-05,0.0007977698928507361,0.0016326992848993045,0.001228624182361858,502,,`ftol` termination condition is satisfied.,0.0794520547945205,2.3232876712328765,-0.2989369564591619,0.1999304582380776
1691,-3.80989538778905,1.3845716929957939,-0.7267773147227765,0.6772956619422,0.5555811420473135,True,4.3904619730756145e-05,0.0007027624946610753,0.0015499332162868722,0.0011623313018295314,497,,`gtol` termination condition is satisfied.,0.0767123287671232,2.3205479452054796,-0.2979877237237286,0.1997078868414706
1694,-3.817823804493764,1.3702117015351827,-0.7320175587123393,0.6815687811391439,0.54810447432713,True,5.481155006988548e-05,0.0008880654190678256,0.0016610372936470262,0.001233768829756782,491,,`gtol` termination condition is satisfied.,0.0684931506849315,2.3123287671232875,-0.2980975600621244,0.1965952703219859
1695,-3.8029583358795045,1.380740736884986,-0.7320628918591824,0.6668991227068445,0.5514313939987171,True,6.060291419249044e-05,0.0007974790230501996,0.0018498294623720114,0.0013566273909394583,496,,`ftol` termination condition is satisfied.,0.0657534246575342,2.3095890410958906,-0.2996460141002346,0.1947496136786972
1696,-3.7927535462314017,1.381068556839334,-0.7255743643492939,0.6260556736020447,0.5731550619877963,True,6.374068571048881e-05,0.0008516238139098094,0.002090803697183175,0.0015843615480575304,493,,`ftol` termination condition is satisfied.,0.0630136986301369,2.3068493150684932,-0.2987229126983379,0.1960234403532445
1697,-3.77131801760153,1.3832912613941697,-0.7258980575957913,0.614149955937832,0.5826160484852729,True,6.942760364782636e-05,0.0008652255898935927,0.002262062850626656,0.0017133659040748969,493,,`ftol` termination condition is satisfied.,0.0602739726027397,2.304109589041096,-0.2983660974860265,0.1963877679652822
1698,-3.762889525480538,1.3736664081434677,-0.7392909679264749,0.6324066558893121,0.5704520996329132,True,7.122241312980061e-05,0.0008827249300047699,0.002120948175037203,0.001554839212337626,500,,`ftol` termination condition is satisfied.,0.0575342465753424,2.3013698630136985,-0.299796756471723,0.1992968666864862
1702,-3.7531925278213722,1.3818064329257356,-0.7452784483897682,0.6039864596848056,0.5800832974104548,True,9.49852513165642e-05,0.0008768233256369919,0.002553668163671518,0.0019077862861026263,491,,`ftol` termination condition is satisfied.,0.0465753424657534,2.2904109589041095,-0.299177349942624,0.1997244983574892
1703,-3.7577390473774197,1.374951517226429,-0.746913332630341,0.589894974750407,0.5846876504199394,True,9.696226171572422e-05,0.001008316404361548,0.002580142764451159,0.0019453963639583167,489,,`ftol` termination condition is satisfied.,0.0438356164383561,2.287671232876712,-0.2999612841655715,0.1949321367531132
1704,-3.761317459376762,1.3976803315842354,-0.7251544875118144,0.6026827066804841,0.591030230354489,True,0.0001010431797197552,0.0009379159148197684,0.0032580841699120277,0.002294196250966858,488,,`ftol` termination condition is satisfied.,0.0410958904109589,2.2849315068493152,-0.299183850816067,0.1952170506678712
1705,-3.7973331998417446,1.4047697959539196,-0.728420816517295,0.6740425217292126,0.5620486908538319,True,7.900310114411612e-05,0.0009031961673114938,0.0021334967837405025,0.0016053985111358746,477,,`ftol` termination condition is satisfied.,0.1150684931506849,2.282191780821918,-0.2899848543364108,0.1973567163376095
1708,-3.766885441284074,1.3888276176976642,-0.7404800066054021,0.6245812122258901,0.5799141725839603,True,8.486046794812491e-05,0.0009323191085393963,0.002219640543771391,0.0016328594135738856,475,,`ftol` termination condition is satisfied.,0.1068493150684931,2.2739726027397262,-0.2999560491787215,0.1998363805632451
1709,-3.743824349112304,1.3889162175882193,-0.7301842666512519,0.6377384684644003,0.5808454887642318,True,8.472360168004331e-05,0.0008934239491389528,0.0028623557745114095,0.0020027091742680658,483,,`ftol` termination condition is satisfied.,0.1041095890410958,2.271232876712329,-0.2989112005267073,0.1987322484305717
1710,-3.7586232261159807,1.3948325905544678,-0.7332955532242591,0.6218154907561604,0.5877418681803814,True,8.593284503476141e-05,0.0009161017807886779,0.002885507557425951,0.0020468044559902323,478,,`ftol` termination condition is satisfied.,0.1013698630136986,2.2684931506849315,-0.2983498104878092,0.1955537555856895
1711,-3.756592841822325,1.3963601256900295,-0.7418829461385348,0.6026191516204126,0.5918496455326132,True,9.485608570779819e-05,0.0009540208772451794,0.002769109214772309,0.002037991730942805,471,,`ftol` termination condition is satisfied.,0.0986301369863013,2.265753424657534,-0.2992790640397109,0.194617736313572
1712,-3.729124372207302,1.3783578102571814,-0.7502765943794384,0.6187870704764847,0.579828607495351,True,0.00010223176009903205,0.0009447665782409729,0.003108074309675712,0.0022537566949900386,478,,`ftol` termination condition is satisfied.,0.0958904109589041,2.263013698630137,-0.2967029160225113,0.1974559344654667
1715,-3.7153515007023326,1.3723018737530372,-0.739657081482031,0.6194862292218951,0.5866886761899164,True,0.00012925439227679206,0.0010223315178963291,0.004089321909040175,0.0028029966537478795,477,,`ftol` termination condition is satisfied.,0.0876712328767123,2.254794520547945,-0.2962658161431724,0.1978687845756941
1716,-3.7639429011217387,1.3966529400697778,-0.7394727461198555,0.6102988682220074,0.5924410854717925,True,7.68050233973393e-05,0.0009069075483562381,0.002706223204604143,0.001895429369162657,468,,`ftol` termination condition is satisfied.,0.084931506849315,2.252054794520548,-0.2995924886715885,0.1998261615815041
1717,-3.782676709307871,1.4007971308207625,-0.7268040059579128,0.6291320911033813,0.587135547697592,True,8.451341851742198e-05,0.0009100257149157906,0.0026566772177257043,0.0018591495902334119,466,,`ftol` termination condition is satisfied.,0.0821917808219178,2.249315068493151,-0.2880683460249114,0.1992337998773979
1718,-3.805683195027079,1.4217948409898495,-0.7278630852264506,0.6440070847617256,0.579769199865361,True,7.809479207175126e-05,0.0008607791847761238,0.002354922234211077,0.0016785888509589042,464,,`ftol` termination condition is satisfied.,0.0794520547945205,2.2465753424657535,-0.2935716524289207,0.1969870139283782
1719,-3.79789502311704,1.4133699445507317,-0.7269485315082375,0.6029580699392008,0.6004870714714812,True,7.843512278843154e-05,0.0008768183267960748,0.0023432987582256465,0.0017223961503268796,463,,`gtol` termination condition is satisfied.,0.0767123287671232,2.243835616438356,-0.2929361233579805,0.197787567246285
1722,-3.73114775229206,1.3667877553725243,-0.7282196123888756,0.6230896462520582,0.5903809352699965,True,0.00010749596414895758,0.0009255224394645024,0.0025270852647764895,0.0018364631532006485,535,,`ftol` termination condition is satisfied.,0.0684931506849315,2.2356164383561645,-0.2978745635490027,0.1963871271260307
1723,-3.6857728555665505,1.3354900442050637,-0.7428214230313148,0.5984278276662046,0.5987558286421555,True,0.0001171964146254983,0.0009204457282314076,0.0035765429836317614,0.0022542607608520594,536,,`ftol` termination condition is satisfied.,0.0657534246575342,2.232876712328767,-0.2968310861933327,0.1993813902066465
1724,-3.734995936666873,1.3573107585561937,-0.74035952610911,0.607286345676198,0.5963822091767673,True,8.644475004880617e-05,0.000860910226602682,0.0024334236532534215,0.0016662720384625622,533,,`gtol` termination condition is satisfied.,0.0630136986301369,2.23013698630137,-0.2996987364790373,0.1942032142016403
1725,-3.65087905237085,1.3068267401748537,-0.7453218297017767,0.5971482317990535,0.5998433278814895,True,0.00011322400075760027,0.0008821492744056294,0.004200197473923212,0.0023953051830839316,535,,`ftol` termination condition is satisfied.,0.0602739726027397,2.2273972602739724,-0.2908872858715736,0.1994728076267202
1726,-3.6760999624532023,1.3257923873507294,-0.7503567383892779,0.6475176348906974,0.5783480981610422,True,0.00010886865673639403,0.0009076679374751499,0.003259601933478458,0.002063851139520756,531,,`ftol` termination condition is satisfied.,0.0575342465753424,2.2246575342465755,-0.2985599192238256,0.19814616006864
1729,-3.621714335259097,1.2888542643615162,-0.7537437541188149,0.6031047875016561,0.5994016066664101,True,8.674680982150097e-05,0.0008728545089001214,0.003824189535004754,0.0021123623156363703,535,,`ftol` termination condition is satisfied.,0.0493150684931506,2.216438356164383,-0.2953024202004136,0.1946625736664375
1730,-3.612124800102143,1.2757598968154342,-0.7487595594502147,0.6106195477357876,0.5934827646570724,True,0.00013287307763453607,0.0012007069488353085,0.0045988553099118165,0.0025870491566743884,534,,`ftol` termination condition is satisfied.,0.0465753424657534,2.213698630136986,-0.2931651032203391,0.1967905752992963
1731,-3.5499811094652722,1.236359736926633,-0.7603656605175336,0.6165982513414977,0.5824063068511618,True,0.00011222164201407716,0.0009412593735259342,0.004628671685901066,0.002405109604043892,534,,`ftol` termination condition is satisfied.,0.0438356164383561,2.210958904109589,-0.2976836877474879,0.1995689701196659
1732,-3.553719440081753,1.2431694004482698,-0.7707624296600813,0.6380529798280957,0.5665469965411688,True,0.00010114506911583398,0.0009211433459525641,0.003292409074506419,0.0020134593646216154,526,,`ftol` termination condition is satisfied.,0.0410958904109589,2.208219178082192,-0.2965098895474122,0.1966919612184762
1733,-3.626031628731751,1.2829571870064023,-0.7620161544735007,0.6298879705853561,0.5721474573115748,True,6.863482636875723e-05,0.000808855917380626,0.0019869512824210755,0.0014584900181062127,514,,`ftol` termination condition is satisfied.,0.1342465753424657,2.2054794520547945,-0.290512956902428,0.199260560383046
1736,-3.606009247891909,1.2672390601528405,-0.7613475172059564,0.6371374540715091,0.5677652203848602,True,8.866142394474118e-05,0.0009030277981707365,0.0024868866889902427,0.0017435828303897993,515,,`ftol` termination condition is satisfied.,0.1260273972602739,2.197260273972603,-0.298778136689352,0.1981616884883261
1737,-3.5376271650836673,1.2194060355932903,-0.7549032988903507,0.6622194418613072,0.5587839126762925,True,0.0001304627242842682,0.0012098890534142,0.0033707163224681036,0.002245511759197537,512,,`ftol` termination condition is satisfied.,0.1232876712328767,2.1945205479452055,-0.2994624360704689,0.1969744502434221
1738,-3.615825014649505,1.2727224262157915,-0.7568500422342731,0.6665113280160587,0.5577928565378159,True,7.602956179765123e-05,0.0008506396616393098,0.0021897338963849026,0.0015534204874827282,509,,`gtol` termination condition is satisfied.,0.1205479452054794,2.191780821917808,-0.2909276981837095,0.199775513812735
1739,-3.503778685681503,1.2161422350020286,-0.7540189625630564,0.697827465573348,0.5441208014754452,True,0.00047399076926810433,0.0015884041458277302,0.005200354566844266,0.0033774528544748415,515,,`ftol` termination condition is satisfied.,0.1178082191780822,2.1890410958904107,-0.2988018087720785,0.1998881392548566
1740,-3.35251445450223,1.1143934555018216,-0.721719902866271,0.9765645827584765,0.4683512385800414,True,0.0016518515818723053,0.004272969835456593,0.008133218701647646,0.006068146555131886,493,,`ftol` termination condition is satisfied.,0.1150684931506849,2.186301369863014,-0.299469998925484,0.1991713546275677
1743,-3.2758222847368637,1.0706414123118857,-0.7413583371356676,0.7831464923659471,0.5221779276708007,True,0.0009712094374163026,0.0030419419314922434,0.0069521974414874,0.00392755985006966,518,,`ftol` termination condition is satisfied.,0.1068493150684931,2.1780821917808217,-0.2968670910115545,0.1995003623191429
1744,-3.324080575931693,1.1121250686408672,-0.7683086897131772,0.6271896318507882,0.5741974129444771,True,0.00013356464049912503,0.0010007658691920996,0.004344668784162549,0.0025413778887468205,516,,`ftol` termination condition is satisfied.,0.1041095890410958,2.175342465753425,-0.298316069218993,0.198458947552993
1745,-3.212342492072402,0.9974882685051872,-0.7523610041553872,0.704479860480934,0.5569538206271091,True,0.000176943633447668,0.0013833138042357324,0.0038275666660999505,0.002460096636142299,509,,`ftol` termination condition is satisfied.,0.1013698630136986,2.1726027397260275,-0.2969921425611005,0.1987058981589376
1746,-3.2540615320776882,1.0116743278829905,-0.7618075388152112,0.629178105130868,0.5795248134364033,True,0.00010536278855603114,0.0010214357355910607,0.002581620573754801,0.001652794791825331,510,,`gtol` termination condition is satisfied.,0.0986301369863013,2.16986301369863,-0.2999648735017333,0.1996874496661322
1747,-3.350001774262459,1.0575227472655442,-0.7706289794533253,0.715720727856287,0.5380588869149047,True,0.0003003952690221476,0.0014352033851341966,0.004684996633509049,0.0027903206193822744,505,,`ftol` termination condition is satisfied.,0.0958904109589041,2.1671232876712327,-0.2983594863144951,0.194884363592054
1750,-3.4100281385369584,1.0970541716593907,-0.7604953695324723,0.730267244163759,0.530658887134888,True,7.238720982636921e-05,0.0007785139419202609,0.001716999048996843,0.0012805631684277747,538,,`gtol` termination condition is satisfied.,0.0876712328767123,2.158904109589041,-0.2991220046933223,0.1963690773814544
1751,-3.511824599243373,1.153458435061427,-0.7542011381605244,0.7217941625648302,0.5367241572946801,True,6.197794429586927e-05,0.0007350024337780383,0.002074622312761323,0.0015017307391321283,533,,`gtol` termination condition is satisfied.,0.084931506849315,2.1561643835616437,-0.2960528859176675,0.1977615394078064
1752,-3.4455659228516096,1.1357881433828518,-0.7679706970769288,0.6550648356054716,0.5623220678812336,True,7.066293238487121e-05,0.0008345528646300952,0.0018397747646310843,0.0013584025329185262,537,,`ftol` termination condition is satisfied.,0.0821917808219178,2.1534246575342464,-0.2981849076237006,0.1982519786901904
1753,-3.499974250679055,1.1596098591460557,-0.7635153833217417,0.7187545358603921,0.53220379692192,True,6.916601372572408e-05,0.0008278999999508986,0.0016167765597387088,0.0011425150641535358,532,,`gtol` termination condition is satisfied.,0.0794520547945205,2.1506849315068495,-0.2967388985439041,0.1984082783367815
1754,-3.524157275297039,1.1742801360866524,-0.7561864973663561,0.7706981933450457,0.5166760223130458,True,7.527976230094768e-05,0.0008113075945791243,0.0016681313467571668,0.0012573762643982665,535,,`gtol` termination condition is satisfied.,0.0767123287671232,2.147945205479452,-0.2982316617255763,0.1971776925397968
1757,-3.5250670677865843,1.1669878057611627,-0.7578938362914392,0.7620378842687348,0.5180352696714479,True,5.636296808971934e-05,0.0007107259057316736,0.0016756690347191246,0.0011898415464610716,528,,`ftol` termination condition is satisfied.,0.0684931506849315,2.1397260273972605,-0.2969495705659912,0.1986047405996536
1758,-3.5979345811984746,1.2081258328427236,-0.7407110956534593,0.8612649703260876,0.4927814667223817,True,8.563558769631523e-05,0.0008486663149839719,0.0016280169061330917,0.0011704107851225251,524,,`gtol` termination condition is satisfied.,0.0657534246575342,2.136986301369863,-0.2969847619776166,0.1973479553490073
1759,-3.5611020492999135,1.2074029855384374,-0.7403951476666492,0.8060737372240298,0.508098990974681,True,7.422275331552103e-05,0.0007032089870491878,0.0015013122796991869,0.0011284858260794065,523,,`ftol` termination condition is satisfied.,0.0630136986301369,2.1342465753424658,-0.2964711072893332,0.1965962658490641
1760,-3.5842524174948127,1.2228031108169357,-0.7242286975416056,0.7768025702025319,0.5242671353187376,True,5.392850698130787e-05,0.0007305585998963964,0.0016948123776210368,0.0012103940168778336,528,,`gtol` termination condition is satisfied.,0.0602739726027397,2.1315068493150684,-0.2966060754094927,0.1987773883217143
1761,-3.6137867486691695,1.2491170567126846,-0.725218121523084,0.7591643982049999,0.5294649270046585,True,5.396696026791866e-05,0.0006764856085522375,0.0018709807570860043,0.001301550624429245,529,,`ftol` termination condition is satisfied.,0.0575342465753424,2.128767123287671,-0.29894027973467,0.1974166294132767
1764,-3.59732605975185,1.2455060230713226,-0.7241453962376492,0.7501423586913865,0.5325093891401371,True,6.977095572091341e-05,0.0007101175838518429,0.002343097693555004,0.001502369601358991,527,,`ftol` termination condition is satisfied.,0.0493150684931506,2.1205479452054794,-0.2989169358561923,0.1972853956078699
1765,-3.567349160221521,1.2487907434781018,-0.7270007987192155,0.7218230645582534,0.5433484256600584,True,6.097921327150435e-05,0.0006827279625551517,0.0023307213764571125,0.001495340736345825,525,,`gtol` termination condition is satisfied.,0.0465753424657534,2.117808219178082,-0.2960174164520814,0.1984719566571259
1766,-3.597920654063169,1.2662349386835925,-0.7220609249854641,0.7482266412279032,0.536035521182841,True,7.105228804039503e-05,0.0007333732024830652,0.0020255620416758328,0.0014324264822307977,521,,`gtol` termination condition is satisfied.,0.0438356164383561,2.115068493150685,-0.2998200718919908,0.1930314992954427
1767,-3.6247958272061807,1.2825337223962952,-0.7165936803731449,0.727025918990202,0.5471022697163441,True,7.097603558129878e-05,0.0007214988731530112,0.002230915579527943,0.001520234680479751,517,,`ftol` termination condition is satisfied.,0.0410958904109589,2.112328767123288,-0.2988590546188052,0.1983144799788581
1768,-3.647733204734585,1.2844463358487235,-0.7181936814985674,0.7216085240823968,0.5484085174903708,True,8.194663999305781e-05,0.0007900142336351543,0.0020698443993840466,0.0014917978437594924,508,,`ftol` termination condition is satisfied.,0.1150684931506849,2.1095890410958904,-0.299245366583403,0.1992358683962264
1771,-3.684684315220281,1.316371934124843,-0.7180137279418449,0.7376065199255842,0.5398746056186414,True,6.139857179567336e-05,0.0006670836064380203,0.002023269489665691,0.0014443730560486367,501,,`ftol` termination condition is satisfied.,0.1068493150684931,2.1013698630136988,-0.2935952593509745,0.1961981863989558
1772,-3.690703031382829,1.3032080596333067,-0.7160676380604535,0.7349794596658579,0.5453425702372398,True,6.456143212286334e-05,0.0007048145784928906,0.002017464337711675,0.0014165360448119386,499,,`ftol` termination condition is satisfied.,0.1041095890410958,2.0986301369863014,-0.2948998356760502,0.1939761817391785
1773,-3.67903413427677,1.3035791357415913,-0.7066568270753706,0.7300664912015896,0.5530762232166839,True,6.0576526205610705e-05,0.0006967534742820451,0.001984180745263479,0.0013875140624006236,499,,`ftol` termination condition is satisfied.,0.1013698630136986,2.095890410958904,-0.2946152388136423,0.1948128772572346
1774,-3.6531115638004232,1.288283019523558,-0.7116995566499941,0.7015764458866758,0.5630340490553623,True,7.400156656592764e-05,0.0007442850993907691,0.0021061832745019765,0.0015111844950289406,500,,`ftol` termination condition is satisfied.,0.0986301369863013,2.0931506849315067,-0.2936819881206288,0.1953951771731578
1775,-3.665823072558127,1.2986484234526114,-0.7017970881696748,0.702019300356796,0.5663469963415357,True,5.082991001408776e-05,0.0006672924320537143,0.0020142657259571376,0.001418616411941378,495,,`ftol` termination condition is satisfied.,0.0958904109589041,2.0904109589041098,-0.2956103119803628,0.1940010121272089
1778,-3.6613080500605286,1.2975082175441002,-0.7010654272927015,0.711148054685033,0.5637672713383972,True,4.987635186582268e-05,0.0006412794448245904,0.0020036593135260316,0.0014120304717300145,495,,`ftol` termination condition is satisfied.,0.0876712328767123,2.0821917808219177,-0.2963413710454274,0.1936209141481831
1779,-3.66974489725085,1.3040955577486157,-0.6868746679330573,0.7224126037982397,0.5627800603976301,True,5.3884143503459564e-05,0.0006929703344509506,0.002021176215009795,0.0013774635436037516,496,,`gtol` termination condition is satisfied.,0.084931506849315,2.0794520547945203,-0.2981219094475557,0.1989773914593294
1780,-3.6599736226606403,1.3003720154588914,-0.6968963563739663,0.70691029297494,0.5693388743498754,True,5.4665975014430256e-05,0.0006894100321730666,0.0019644619765864673,0.0013714590316076694,496,,`gtol` termination condition is satisfied.,0.0821917808219178,2.0767123287671234,-0.2976517651965837,0.1989766017971494
1781,-3.6613900138440534,1.301773160991647,-0.7045131779875488,0.7094065263956301,0.5677566011593284,True,4.049868805752666e-05,0.0006179240066288451,0.002032650870060415,0.001362063839545863,492,,`ftol` termination condition is satisfied.,0.0794520547945205,2.073972602739726,-0.2999378100072945,0.1970144939806097
1782,-3.6704048344204856,1.315178451412418,-0.6927346502924993,0.6810541427685315,0.580796645836668,True,5.3028753261062637e-05,0.0007020536976235241,0.00264284472596499,0.0016798600343917315,484,,`ftol` termination condition is satisfied.,0.0767123287671232,2.0712328767123287,-0.298624006596454,0.1919989098520172
1785,-3.6930775237622786,1.3338703338131312,-0.6872780747427399,0.7358781161616943,0.5660549624228458,True,5.4003257895021e-05,0.0007103771761463882,0.0022183804331215263,0.0015711870189790602,477,,`ftol` termination condition is satisfied.,0.0684931506849315,2.063013698630137,-0.2940009003558905,0.1992054731247126
1786,-3.67931962210634,1.3366951000219858,-0.6875896778755257,0.7446681368716148,0.5604572884016372,True,5.4107176393085416e-05,0.0006958126387014773,0.0022732966837668996,0.001576594673748894,476,,`ftol` termination condition is satisfied.,0.0657534246575342,2.0602739726027397,-0.2941445526765194,0.1992863108109515
1787,-3.6801116064698527,1.3477621765190342,-0.6970411513589321,0.724429124439588,0.5653758342951147,True,4.516876836196407e-05,0.0006504260631004248,0.0023352989818298375,0.0016040302226729315,479,,`ftol` termination condition is satisfied.,0.0630136986301369,2.0575342465753423,-0.2961607527165142,0.1976619495502898
1789,-3.640360564909523,1.3166363037249347,-0.6954496131703132,0.7320123466041972,0.5565932812380149,True,5.9156544702078134e-05,0.0007396115196881078,0.0021392891052216677,0.0015291844088728545,477,,`ftol` termination condition is satisfied.,0.0575342465753424,2.052054794520548,-0.2998305961724555,0.1907923202760157
1792,-3.6126072034889094,1.2865166242883075,-0.7084781991536891,0.7177711899904571,0.5568410407752133,True,8.911196593184957e-05,0.0008030007057008373,0.003289898160251491,0.0019788632335140358,487,,`ftol` termination condition is satisfied.,0.0493150684931506,2.043835616438356,-0.299158679864589,0.1980521973256023
1793,-3.655471131349611,1.321817070747041,-0.713628586932692,0.7563743295353542,0.5438674465262819,True,7.51957924920906e-05,0.0007533303774961143,0.0025178962958107634,0.001761206305239542,471,,`gtol` termination condition is satisfied.,0.0465753424657534,2.041095890410959,-0.2932542928946479,0.189925215164902
1794,-3.6788880587029187,1.3330146003062426,-0.7163685079571482,0.7344625661069135,0.5510783381267141,True,7.573270550655298e-05,0.0007842891910482577,0.0025402923384374885,0.0018085814435628632,470,,`ftol` termination condition is satisfied.,0.0438356164383561,2.0383561643835617,-0.2965043112312581,0.1965080355979809
1795,-3.679623274083727,1.3321597361005675,-0.7163300455683826,0.6952529068862103,0.5657967202178378,True,7.522390240849904e-05,0.0007801808900795127,0.002502974287981546,0.0018654430101414203,468,,`ftol` termination condition is satisfied.,0.0410958904109589,2.0356164383561643,-0.2962359040260737,0.1967142582349073
1796,-3.6807539593436474,1.3463991544984395,-0.7162408291466823,0.6884367145248704,0.5707896699688126,True,6.544261585172707e-05,0.0007571734458655854,0.002245022824762071,0.0016243920189794544,462,,`ftol` termination condition is satisfied.,0.1150684931506849,2.032876712328767,-0.2985032552554352,0.1929742968139712
1799,-3.6059020278770095,1.2995321923056395,-0.7233248317492578,0.6640536785392995,0.5814293909138673,True,7.634939921163289e-05,0.00075813324124237,0.0026111030896927116,0.0018322291217923677,468,,`ftol` termination condition is satisfied.,0.1068493150684931,2.0246575342465754,-0.2999181935741821,0.1907047228742892
1800,-3.5916544861675574,1.300444866621538,-0.7304971563312961,0.7003353543919166,0.5674992757968574,True,7.125656588836102e-05,0.0007675377224282847,0.0022835075137408356,0.0016766244792832364,467,,`gtol` termination condition is satisfied.,0.1041095890410958,2.021917808219178,-0.2990443961904986,0.1927092093262827
1801,-3.471926788026225,1.222033121313637,-0.7417568228620145,0.68895144033703,0.5701640517348919,True,0.0001183124792548828,0.0008648970287506475,0.004052913040174492,0.0025859779929301185,482,,`ftol` termination condition is satisfied.,0.1013698630136986,2.0191780821917806,-0.2987541348895229,0.1984193997081404
1802,-3.398467193486881,1.1914907414796005,-0.7475188737460257,0.630765630678921,0.5999745494901475,True,0.00015366725409890925,0.0009106084406683263,0.004592061531109707,0.002853769343458532,486,,`ftol` termination condition is satisfied.,0.0986301369863013,2.0164383561643837,-0.292580671821443,0.1961589555029607
1803,-3.302135942389277,1.1366876212256014,-0.7569464337847568,0.6604775326417793,0.5821891816811644,True,0.00015624328937206177,0.0009482388594301984,0.004144989193954637,0.0026818601736018624,491,,`ftol` termination condition is satisfied.,0.0958904109589041,2.0136986301369864,-0.2996920503669518,0.1977919624689711
1806,-3.3216379015417696,1.144100431008107,-0.7596485211425018,0.6771706381162937,0.5692414316783228,True,0.00010349561929485276,0.000830079833435807,0.002844693605288835,0.0019886799078393134,480,,`gtol` termination condition is satisfied.,0.0876712328767123,2.0054794520547947,-0.2980934572703713,0.1972718809035978
1807,-3.2154168736437674,1.0725283199580788,-0.7917489677728398,0.6513787672200302,0.5713697965938874,True,0.00019970611636311323,0.001176355180000059,0.0038379954623274895,0.0024038942412573003,488,,`gtol` termination condition is satisfied.,0.084931506849315,2.002739726027398,-0.2969643323099331,0.1996703419569587
1808,-3.3827001987561136,1.1521200861074472,-0.7600021424732892,0.6610521351851962,0.5705469126784003,True,8.26112092972418e-05,0.0007693966192860877,0.002289122162513205,0.0016043735361307555,477,,`ftol` termination condition is satisfied.,0.0821917808219178,2.0,-0.2983389853560979,0.1942341202860039
1809,-3.4570278345593444,1.206895981996726,-0.7479576680055243,0.6831304667068931,0.5801430564729436,True,0.0003459944184283768,0.0018995012694324348,0.004112444414245571,0.003175004238254143,358,,`ftol` termination condition is satisfied.,0.0794520547945205,1.9972602739726024,-0.2940139385677489,0.198080752817073
1810,-3.5167019173134832,1.2444481423362268,-0.7451903546428315,0.6296709040671169,0.603373442636467,True,5.260343191107113e-05,0.00067688183750956,0.00235939499613782,0.001504645444263435,461,,`ftol` termination condition is satisfied.,0.0767123287671232,1.9945205479452055,-0.2972609670761718,0.1945187538577865
1813,-3.5564375460586306,1.2574377156539787,-0.7466636434926661,0.6445355763967995,0.5963666336613938,True,6.539330059190765e-05,0.0006824746547329731,0.0023786269893752675,0.0015962376252997477,486,,`ftol` termination condition is satisfied.,0.0684931506849315,1.9863013698630136,-0.2975495672609298,0.1910285916239285
1814,-3.5459586510238537,1.274623645196642,-0.7713705798853909,0.6191433786902619,0.6035200822108568,True,5.172781129519116e-05,0.0007002839166746337,0.002479395676404002,0.001533102822333603,486,,`ftol` termination condition is satisfied.,0.0657534246575342,1.9835616438356165,-0.2973674153447647,0.1973820386051849
1815,-3.5441243137771186,1.2478868000001004,-0.7776450793590812,0.6518660871576871,0.5911508837475709,True,0.0011923027769108186,0.002800005036457428,0.005363661409781787,0.0035918270010712947,559,,`gtol` termination condition is satisfied.,0.0630136986301369,2.978082191780822,-0.2972499977947755,0.1980979474874712
1817,-3.6006572477821477,1.3156419840900198,-0.7608842166644852,0.5901332257706107,0.6200594993944618,True,0.0001794908422369954,0.0011536874960944691,0.0032726349391273683,0.0021862808284143715,558,,`ftol` termination condition is satisfied.,0.0575342465753424,2.9726027397260273,-0.2998904507962657,0.1951638343560098
1820,-3.5978882132646954,1.3258147553031678,-0.7646109622447294,0.5815631592841362,0.6233516108223971,True,0.00024864994522041706,0.0013193223736055557,0.0038501695837716305,0.0025350784129484633,552,,`ftol` termination condition is satisfied.,0.0493150684931506,2.9643835616438357,-0.2995176527078109,0.1947786691069691
1821,-3.5661834476304164,1.3061894863674224,-0.7662414296007061,0.5624095275722192,0.6299874324513015,True,0.00026880259192136447,0.001355029439240517,0.0038266438520951763,0.0025689806759087684,563,,`ftol` termination condition is satisfied.,0.0465753424657534,2.9616438356164383,-0.2996287176829004,0.1996343751661623
1822,-3.4719436954153258,1.2307257059794356,-0.7566461211390492,0.5645749277585017,0.6342921861949536,True,0.00016241174430065957,0.0011444024779952134,0.004160990035420938,0.002430682296022555,566,,`ftol` termination condition is satisfied.,0.0438356164383561,2.958904109589041,-0.2993132731272249,0.1992439993584764
1824,-3.4829874049953795,1.237934069919467,-0.7661804336395571,0.5648297638630465,0.6358084035033563,True,0.0005387297220410713,0.0020763120162888274,0.004778250606650573,0.003435047732879553,546,,`ftol` termination condition is satisfied.,0.1342465753424657,2.9534246575342467,-0.2996119287272343,0.1937800897341323
1827,-3.4005750532408845,1.2061266621473845,-0.7694842794693666,0.5519872555002286,0.6385761971036088,True,0.0002675578944300313,0.0014762633576550586,0.004992898160146714,0.0031145933928682784,564,,`ftol` termination condition is satisfied.,0.1260273972602739,2.9452054794520546,-0.299064434442952,0.1995959119966281
1828,-3.3572099511886617,1.2035425677162728,-0.7755579243284412,0.5720120705114902,0.6254753328731972,True,0.00030817711098524674,0.0013504811572841626,0.006596220532036612,0.003923961689242116,557,,`ftol` termination condition is satisfied.,0.1232876712328767,2.9424657534246577,-0.2949106985134624,0.1993682406959466
1829,-3.413337271641556,1.2366643522994114,-0.7650101156219785,0.6239154349925231,0.5975833889593414,True,0.00019241192369722054,0.001171639027950466,0.005474408320229271,0.0032514067682223166,558,,`ftol` termination condition is satisfied.,0.1205479452054794,2.9397260273972603,-0.2992226741686799,0.1984931514983543
1830,-3.4997916749724967,1.2887505358742473,-0.7790464293487642,0.6303381852359518,0.5945993601816913,True,0.00014653371963945896,0.001030770831537127,0.00444746669750075,0.0026487384994812574,539,,`ftol` termination condition is satisfied.,0.1178082191780822,2.936986301369863,-0.2991363359544156,0.1914865804940557
1831,-3.463746944916501,1.2607129701096826,-0.7813910448008786,0.5855101577188344,0.6173421162674525,True,0.000144171590860717,0.0010446210434228711,0.0051093504674580795,0.0028885298007122503,546,,`ftol` termination condition is satisfied.,0.1150684931506849,2.9342465753424656,-0.295168310206643,0.1921844454580274
1834,-3.415665579386178,1.2211389006100701,-0.796758429393866,0.6183270149180392,0.5943587352515042,True,0.0002664032151428029,0.0013273304714298483,0.006234625068497911,0.0036850649245477145,551,,`ftol` termination condition is satisfied.,0.1068493150684931,2.926027397260274,-0.2984594905064665,0.1990870023471924
1835,-3.40486304027048,1.2143891095006425,-0.7835838766147071,0.5933868759788699,0.6189591419447767,True,0.00026595377785640904,0.0013196264161024944,0.006980793399793768,0.0039514381206150985,549,,`ftol` termination condition is satisfied.,0.1041095890410958,2.9232876712328766,-0.2973791387906202,0.199794395807043
1836,-3.3642193409400005,1.1948190499998208,-0.7777573885485702,0.6242491012085363,0.6082123475365872,True,0.00044302694667039166,0.0016533600910176752,0.00728804066449931,0.004239522385116439,538,,`ftol` termination condition is satisfied.,0.1013698630136986,2.9205479452054797,-0.2979636341189464,0.1991180549610968
1837,-3.352103537538991,1.187063312400804,-0.7977164723652069,0.6181934813329694,0.597653225475635,True,0.00034218786555577314,0.0013399661355684815,0.008795637205696333,0.004730101853124291,543,,`ftol` termination condition is satisfied.,0.0986301369863013,2.9178082191780823,-0.2968086990325422,0.1966251820215792
1838,-3.387413119402137,1.2264143386731363,-0.7959617877902045,0.5943505616181443,0.6124112705053296,True,0.0003189256440574616,0.0013326918090282556,0.007988934481316413,0.004352104698221715,544,,`ftol` termination condition is satisfied.,0.0958904109589041,2.915068493150685,-0.2997410437648315,0.1981384219828834
1842,-3.4360949838119974,1.2515858303184704,-0.7863701014084878,0.580331873344074,0.6249345675042045,True,0.0005451844415759754,0.0016969860796164063,0.010126181410898001,0.005940306281228926,566,,`ftol` termination condition is satisfied.,0.084931506849315,2.904109589041096,-0.2971295184960771,0.1961132854414349
1843,-3.4680550239212984,1.2694619014270478,-0.7945241613580525,0.5895218623852809,0.6195703231815775,True,0.0003484380452673283,0.0014541484714837656,0.008064151920290162,0.004700222925294308,564,,`ftol` termination condition is satisfied.,0.0821917808219178,2.9013698630136986,-0.2990484665819655,0.1981250680156978
1844,-3.554513188635898,1.30013557981933,-0.7742892529967184,0.6274040990534963,0.6078556261924176,True,0.00015796726673003792,0.001128636779925205,0.005500283659107318,0.003188068221999784,553,,`ftol` termination condition is satisfied.,0.0794520547945205,2.8986301369863012,-0.2971261335263067,0.1952216490827951
1845,-3.532566254483302,1.2808474809843973,-0.7708825336386549,0.6442428156067709,0.5980462422125077,True,0.00021142760437455407,0.0013044846923670023,0.005466544290984607,0.003361284823590223,554,,`ftol` termination condition is satisfied.,0.0767123287671232,2.8958904109589043,-0.2987853158509739,0.1994901516794949
1848,-3.5665147685326994,1.2956959497344114,-0.7702466257830236,0.638152914493339,0.6002603444534436,True,0.00014162651801017631,0.0011739003493010742,0.004366495560881715,0.0026816561627931402,544,,`ftol` termination condition is satisfied.,0.0684931506849315,2.887671232876712,-0.2988445828970713,0.1959517787803192
1849,-3.5039202812941435,1.2734779624004633,-0.7780625963115816,0.6203899282722759,0.6068090504436804,True,0.00023135703190762152,0.0013541251784966513,0.006968706200592963,0.0038973629694977483,551,,`ftol` termination condition is satisfied.,0.0657534246575342,2.884931506849315,-0.297403751611542,0.1997697829861213
1850,-3.390273644318902,1.2197558425849486,-0.7864011577688756,0.6093346633221587,0.6145973050688951,True,0.0003660890497245542,0.001401443083854001,0.009788899034337939,0.005362540590749175,555,,`ftol` termination condition is satisfied.,0.0630136986301369,2.882191780821918,-0.2976444056081865,0.1983767009545804
1851,-3.4683965433374238,1.2697013252864109,-0.783093045897967,0.5984163435540318,0.6204655191333555,True,0.0003295094111691375,0.001410418207371014,0.008527017262131715,0.004797527449161621,548,,`ftol` termination condition is satisfied.,0.0602739726027397,2.8794520547945206,-0.2979154542722518,0.1992580803254115
1852,-3.3730858492878197,1.21393700738059,-0.7668629366631862,0.5944118583212915,0.6268815359555315,True,0.00047175347593076387,0.0015937240416598933,0.011112370451539367,0.006066277354118919,556,,`ftol` termination condition is satisfied.,0.0575342465753424,2.8767123287671232,-0.2986314387592375,0.1993438082254784
1855,-3.4322552976176324,1.2451837990578658,-0.7868514679458123,0.5814764509892927,0.6287681491689368,True,0.00031328627677121215,0.001310322172340608,0.009203150791983038,0.005027909602341442,546,,`ftol` termination condition is satisfied.,0.0493150684931506,2.8684931506849316,-0.2966526367860906,0.1987214059676231
1856,-3.5079715843077377,1.294871789853022,-0.7819618210853496,0.6048595246841841,0.6212808580672926,True,0.0006119845552260029,0.0019174194560718494,0.00858645246441374,0.0052425537650670345,541,,`ftol` termination condition is satisfied.,0.0465753424657534,2.8657534246575342,-0.2975978386841901,0.1982310035702819
1857,-3.467157904498461,1.2625129346156687,-0.7714165864430793,0.6142360265494504,0.6206449802429392,True,0.000314829915230749,0.0014477266440163102,0.0083545591650505,0.004823980965785582,541,,`ftol` termination condition is satisfied.,0.0438356164383561,2.863013698630137,-0.2985343418133115,0.1986391927843518
1858,-3.5139597636582662,1.2952689097247814,-0.7746014809900619,0.6225335561728699,0.6151004089482417,True,0.0002551239327434901,0.0012742232721062651,0.007186439828206643,0.004262245318178676,538,,`ftol` termination condition is satisfied.,0.0410958904109589,2.8602739726027395,-0.2992401284346374,0.1968478813534884
1859,-3.477330591867618,1.2870140415511613,-0.766105483498062,0.5724859382925197,0.6442842347247671,True,0.0003767119871472979,0.0015346692363468882,0.007314706734864765,0.004457548824811312,536,,`ftol` termination condition is satisfied.,0.1150684931506849,2.8575342465753426,-0.2996507327991024,0.1951180379730142
1862,-3.433438944294225,1.2577704588268306,-0.7629678129061067,0.6222924672189754,0.6245848023066483,True,0.0003856668717521996,0.0014453026658214864,0.007541238611829536,0.0045870549096963436,542,,`ftol` termination condition is satisfied.,0.1068493150684931,2.8493150684931505,-0.2984170855117866,0.1993114700773825
1863,-3.4911089444991763,1.299449805388888,-0.7560592446711233,0.636460468851255,0.6235072791806398,True,0.00032849819855504777,0.0014140452933744754,0.006974408383796578,0.004296812586358241,528,,`ftol` termination condition is satisfied.,0.1041095890410958,2.8465753424657536,-0.2916023690272886,0.1986855915655943
1864,-3.5134777121807805,1.3098891472565959,-0.7499275831165493,0.607778645716752,0.6351915927373843,True,0.0004409835312617787,0.0015730396470873375,0.007419565648102269,0.0046586969955500395,526,,`ftol` termination condition is satisfied.,0.1013698630136986,2.8438356164383563,-0.293487661241965,0.1971178844094131
1865,-3.5837194319772068,1.3496821909831134,-0.7560502028521023,0.6447873483446693,0.6147288898680309,True,0.0003685237867220562,0.001456266257427131,0.006736440416690384,0.004265013876619858,518,,`ftol` termination condition is satisfied.,0.0986301369863013,2.841095890410959,-0.2983421849916481,0.1981774360436308
1866,-3.6020519211576434,1.354301650384248,-0.7513570856838125,0.6117878534838024,0.6268256223508083,True,0.0003369441013517363,0.0013826106565487627,0.006173115114791684,0.003882397349287655,511,,`ftol` termination condition is satisfied.,0.0958904109589041,2.8383561643835615,-0.2905529893948398,0.1941229961442668
1870,-3.595206602104294,1.3414702901890023,-0.754645561921163,0.6084688534320153,0.6300487717030396,True,0.0003368176369787922,0.001402705728573351,0.006721633956940499,0.004097887107075552,506,,`ftol` termination condition is satisfied.,0.084931506849315,2.8273972602739725,-0.291840880591293,0.191893599779221
1871,-3.5918613554569516,1.344551906237852,-0.7443616570686415,0.6209162705289046,0.6282476265395338,True,0.0003346863521548391,0.0013523283851993102,0.00648788880773985,0.003940157150763373,504,,`ftol` termination condition is satisfied.,0.0821917808219178,2.824657534246575,-0.2913552166162556,0.1938288978738712
1872,-3.589787542453976,1.341167874381885,-0.7466556766686124,0.6245258694633427,0.6266825404026451,True,0.0002655204242855055,0.0012593420292184956,0.005910066886141311,0.0035667238781480555,504,,`ftol` termination condition is satisfied.,0.0794520547945205,2.8219178082191783,-0.2913616290780616,0.1930565973143755
1873,-3.6270151903845305,1.3620558361485038,-0.7634158867838426,0.6745929850488185,0.6019139684384631,True,0.00019185608714727357,0.0010817853058216551,0.005072119903370443,0.0031386470154196365,498,,`ftol` termination condition is satisfied.,0.0767123287671232,2.819178082191781,-0.2972273919393164,0.1870517793969437
1876,-3.6387988199481454,1.3514652229375432,-0.7528771629705019,0.6577335464896974,0.6115817718082397,True,0.00022027847086626706,0.001184511965204837,0.004736208052137794,0.0029203869772743397,494,,`ftol` termination condition is satisfied.,0.0684931506849315,2.8109589041095893,-0.2969507185849282,0.1873491801481873
1877,-3.6899155515164015,1.3710605241408929,-0.7526511457066235,0.6832933297997924,0.599288810865893,True,0.00017298184260280014,0.0011135828643361186,0.004453721286369741,0.0027492495342242985,490,,`ftol` termination condition is satisfied.,0.0657534246575342,2.808219178082192,-0.2998691187312423,0.1839541087840173
1878,-3.685781220496454,1.353293537585243,-0.746093264374989,0.6624259995866456,0.6071296421588203,True,0.00016670041610805333,0.0010475119430006874,0.004046044698000317,0.002470973714022483,488,,`ftol` termination condition is satisfied.,0.0630136986301369,2.8054794520547945,-0.2985022751529826,0.187096133483532
1879,-3.697296094430109,1.3554127040499233,-0.7420624083433309,0.6795229086407717,0.6017468750898377,True,0.00016105841674697217,0.001089313774837995,0.004196236881502405,0.002607891252778676,485,,`ftol` termination condition is satisfied.,0.0602739726027397,2.802739726027397,-0.2981015524864962,0.1871964498252843
1880,-3.6770890473492126,1.3397332728814046,-0.7506081846593251,0.6939061680068895,0.5905102731098163,True,0.00010993953098458839,0.0009437617061225959,0.0038604511511790064,0.0024605106261874313,488,,`ftol` termination condition is satisfied.,0.0575342465753424,2.8,-0.2950219226101979,0.1900963633516164
1883,-3.7346242751339753,1.3787486816054189,-0.7285274919931325,0.7260396455798714,0.5887400710542903,True,0.00017198910206649512,0.0009972414615475652,0.004226470993091297,0.0027089786122813713,475,,`ftol` termination condition is satisfied.,0.0493150684931506,2.791780821917808,-0.2965180069226988,0.1848288331306593
1884,-3.6895522407181005,1.3412287784846928,-0.7602014274578379,0.69813206186675,0.5904114716910409,True,8.559991585072924e-05,0.0008848222157945512,0.004194842651286348,0.0023181092395229337,480,,`ftol` termination condition is satisfied.,0.0465753424657534,2.789041095890411,-0.2959015806762437,0.1876239464000244
1885,-3.682904223221418,1.3389021364049873,-0.7551201436210303,0.6884971312015716,0.5953038476005289,True,0.0001211738807142934,0.0009448095018159486,0.004316888643032943,0.0025258872150019556,478,,`gtol` termination condition is satisfied.,0.0438356164383561,2.786301369863014,-0.2918686648347529,0.1928451213716942
1886,-3.7092236889715893,1.3421018240765872,-0.753011720264465,0.7067096229439369,0.590396170188243,True,0.0001997563907915844,0.0011234935737574887,0.00478385942109779,0.002774721760152867,477,,`ftol` termination condition is satisfied.,0.0410958904109589,2.783561643835617,-0.2932663042663549,0.191649141499225
1887,-3.645461484911098,1.3183060133913094,-0.7621759095775862,0.6399951982416627,0.6079864480326849,True,0.00021630522531223685,0.0012203832442882884,0.00547903125076617,0.0032872165342161604,475,,`ftol` termination condition is satisfied.,0.1150684931506849,2.780821917808219,-0.2959675564405199,0.194532068928297
1890,-3.646483138239218,1.312353772270176,-0.7728782957747742,0.7042925330425605,0.577920186292574,True,0.0002107414469517735,0.0012328791004658196,0.005036380675809717,0.0032160012426974047,476,,`ftol` termination condition is satisfied.,0.1068493150684931,2.7726027397260276,-0.2992896319153299,0.1909844190074321
1891,-3.5686076439368137,1.269661975787718,-0.7807601349882848,0.6804438227980848,0.5802252666890695,True,0.0002963420087820002,0.0013451293616642216,0.006414395903862353,0.0037982550596916977,478,,`ftol` termination condition is satisfied.,0.1041095890410958,2.76986301369863,-0.2983066067835547,0.1994839557980514
1892,-3.5436755195401104,1.2481558218866171,-0.7909411268379308,0.6920769565496923,0.5678707089999773,True,0.0003772152251559837,0.0014705676945938775,0.006025520836031838,0.0038254845351378274,479,,`ftol` termination condition is satisfied.,0.1013698630136986,2.767123287671233,-0.2974793091209726,0.1997984477150811
1893,-3.6068991212099153,1.280597705567841,-0.7741946729537594,0.6987996494856564,0.5687262984872915,True,0.00024746367744349774,0.0012209932364377549,0.005124087716151618,0.003249530816351447,468,,`gtol` termination condition is satisfied.,0.0986301369863013,2.7643835616438355,-0.2922897714446815,0.199844451614053
1894,-3.567718279964085,1.2537688300803385,-0.8026577758280518,0.6588361008325568,0.5730198525594492,True,0.0003356448984323103,0.001407024834158736,0.006095786672220626,0.003702678369981886,472,,`ftol` termination condition is satisfied.,0.0958904109589041,2.7616438356164386,-0.2973042137163391,0.1965131908653352
1897,-3.619864685554018,1.2811667871972725,-0.788948663167565,0.7088884627810242,0.560354195866846,True,0.0002533770180062336,0.001228536468398823,0.006252519224501735,0.0036444966939500056,464,,`ftol` termination condition is satisfied.,0.0876712328767123,2.7534246575342465,-0.2981884828903153,0.1936250243951582
1898,-3.596707739981477,1.2718370557594953,-0.7898690181557022,0.68682962816077,0.5682107362331048,True,0.00018496613336463008,0.0011450249999113012,0.005335305379775659,0.0032006212855404522,463,,`ftol` termination condition is satisfied.,0.084931506849315,2.750684931506849,-0.2973344598438658,0.1949245545513507
1899,-3.6801232127995274,1.31900953346942,-0.7907511042918983,0.6463419772533606,0.5905857960792514,True,0.00023795616693465381,0.0011406295951517625,0.004261119574592065,0.0028456076503691,454,,`ftol` termination condition is satisfied.,0.0821917808219178,2.747945205479452,-0.2934327410840704,0.1939444074714403
1900,-3.615924276823154,1.2772733639883225,-0.8100154359679358,0.6635439861173642,0.5737317396064384,True,8.553135411673292e-05,0.0008070129337861603,0.0026353553433073823,0.0017946588452172102,460,,`ftol` termination condition is satisfied.,0.0794520547945205,2.745205479452055,-0.2968872090935948,0.1995354382911899
1901,-3.6567626229231465,1.3039343561109569,-0.7956039239537588,0.6553354756228378,0.5857341396126964,True,0.00015553235307863214,0.0009957618651636052,0.0026220143978052534,0.0018728263268822383,454,,`ftol` termination condition is satisfied.,0.0767123287671232,2.7424657534246575,-0.2965216197838683,0.1907803139202542
1904,-3.631039898063686,1.2956926331757002,-0.8283902531548774,0.6285787883794022,0.584653070834063,True,0.0001793279043144474,0.0010188679044781036,0.002525235082012909,0.0017535100389388307,544,,`ftol` termination condition is satisfied.,0.0684931506849315,2.734246575342466,-0.2945552072155081,0.1928356931339512
1905,-3.6179783196256836,1.2932438613675277,-0.814251430073049,0.6363849097853268,0.5872532096031595,True,0.00015541095009480568,0.0010259561557207006,0.0030149557755434924,0.0019800885756831674,557,,`ftol` termination condition is satisfied.,0.0657534246575342,2.7315068493150685,-0.2982096214480953,0.1990271373401891
1906,-3.541710913388056,1.2549798845730755,-0.8306623309896616,0.6113459416184408,0.5894470025510606,True,0.0001925750347627811,0.001025670151456909,0.004349422484277742,0.0025200329009859384,558,,`ftol` termination condition is satisfied.,0.0630136986301369,2.728767123287671,-0.2995639729175275,0.194046761701465
1907,-3.5399409315732537,1.2740552357414647,-0.8216589689676381,0.6215893107859354,0.5833841947679603,True,0.00023827184915509034,0.0010892623178828896,0.004875653053865372,0.0028389053563930363,553,,`ftol` termination condition is satisfied.,0.0602739726027397,2.7260273972602738,-0.2966463775759197,0.1976629096725299
1908,-3.5501494062566645,1.278654902949735,-0.8193382171562873,0.6447822420499539,0.5749196679694241,True,0.00018707091919179555,0.0010543209389912488,0.004237631459119874,0.002565932719666826,551,,`ftol` termination condition is satisfied.,0.0575342465753424,2.723287671232877,-0.2986156225336631,0.1948743594619205
1911,-3.5929609149402846,1.2996975903115546,-0.7974203963898867,0.6849761972590805,0.5672384312436825,True,0.00022643053724511044,0.0010610341805207216,0.0039329534449614855,0.0025389981458744056,548,,`ftol` termination condition is satisfied.,0.0493150684931506,2.7150684931506848,-0.2992253498580952,0.1975207156903893
1912,-3.5312603635109645,1.24954422355836,-0.8112083053991427,0.7073638976890269,0.5531003298941449,True,0.00010277522588495422,0.0009946994100700252,0.003710387007682531,0.002145625002994864,550,,`gtol` termination condition is satisfied.,0.0465753424657534,2.712328767123288,-0.2998185988902922,0.1989780852988421
1913,-3.5272434683685336,1.2744199502306532,-0.8089852236787068,0.6040439227103189,0.59467567814532,True,0.00022453446040218564,0.001086168595383417,0.004251824203274604,0.002517497038993054,549,,`ftol` termination condition is satisfied.,0.0438356164383561,2.7095890410958905,-0.297737260539616,0.196824084124412
1914,-3.5456813563046037,1.275484618311501,-0.8077813688204393,0.6579018057885646,0.5746074680309241,True,0.0001719791440397542,0.0010088507438129118,0.003497713374799405,0.0022338147638654928,542,,`gtol` termination condition is satisfied.,0.0410958904109589,2.706849315068493,-0.2969982514957675,0.1996771558588769
1918,-3.5632193915044916,1.2797260415175917,-0.8229981216881945,0.6676153761498926,0.5661220595577914,True,0.00013221439400482374,0.0009191675836050549,0.002996599741780513,0.001907957570430738,533,,`ftol` termination condition is satisfied.,0.1068493150684931,2.695890410958904,-0.2999640136687725,0.1994057008257251
1919,-3.56088264965073,1.2740432251588172,-0.8047276489003611,0.6703916784430402,0.5683116626590328,True,0.00015374897184995735,0.0009623263386561654,0.003006561997359576,0.001959263469875703,532,,`ftol` termination condition is satisfied.,0.1041095890410958,2.6931506849315068,-0.2975708263237125,0.1998144557554404
1920,-3.589404584671282,1.2985677386939527,-0.804553900557711,0.6679036385530668,0.5701893114295672,True,0.00011273003403869493,0.0008913554981256544,0.0025250941435626395,0.0016819854525031773,525,,`ftol` termination condition is satisfied.,0.1013698630136986,2.6904109589041094,-0.2990178538584312,0.1961696726576338
1921,-3.6245823467766747,1.3137504188541829,-0.798655524195926,0.7295474319651405,0.5514681286878067,True,9.61707936806393e-05,0.0009110123773208179,0.0019444039305088151,0.0014244045135723578,519,,`ftol` termination condition is satisfied.,0.0986301369863013,2.6876712328767125,-0.2974129657624229,0.1968833560523573
1922,-3.651194305094511,1.3246210289055698,-0.8084664099381232,0.7135427805997032,0.5543541682845715,True,9.656357421583808e-05,0.0008030635160090573,0.0018381937812623817,0.0013834083525914684,514,,`gtol` termination condition is satisfied.,0.0958904109589041,2.684931506849315,-0.298027713291602,0.196268608523178
1925,-3.6061653303545294,1.2925822851581468,-0.8044993948699102,0.7305899061403127,0.5436214038226834,True,0.00010110032150162189,0.0008666655494718715,0.0022496451453372862,0.0014884650677079933,516,,`gtol` termination condition is satisfied.,0.0876712328767123,2.6767123287671235,-0.2975316825803352,0.1997893678888743
1926,-3.6161570880901404,1.3085136673595115,-0.8037786838317608,0.7047876142493082,0.5540542390082741,True,9.949916442871506e-05,0.0009003667192345959,0.002174082694321165,0.0014745172014650736,514,,`gtol` termination condition is satisfied.,0.084931506849315,2.673972602739726,-0.2994654740773451,0.1989519080207893
1927,-3.634024429273758,1.3155090265153302,-0.7999100064398784,0.7480850453937288,0.5385324736408585,True,8.939570344334235e-05,0.0009582424794544001,0.001767145510358188,0.0013150231370872992,512,,`ftol` termination condition is satisfied.,0.0821917808219178,2.671232876712329,-0.2998365502048851,0.194459771609895
1928,-3.628341501641472,1.318977438392464,-0.7995364339993637,0.750595362486332,0.534389870461386,True,8.590091124929723e-05,0.0010303843678164902,0.0017667493128340594,0.0013393607095780182,512,,`ftol` termination condition is satisfied.,0.0794520547945205,2.668493150684931,-0.2995914505514793,0.1947048712633008
1929,-3.5731394823017695,1.298813254424039,-0.7809596918075067,0.7253832063014666,0.546314195116806,True,8.200020242592275e-05,0.0009112118891475167,0.0018991988314179188,0.0013490867354610044,515,,`ftol` termination condition is satisfied.,0.0767123287671232,2.665753424657534,-0.2987272828464056,0.1983775327082339
1932,-3.5979224791357702,1.3090041826317407,-0.782114335625472,0.766691992721035,0.5334067248733079,True,9.316989668140795e-05,0.000869234139619725,0.001829581835434917,0.0014081922322182934,538,,`gtol` termination condition is satisfied.,0.0684931506849315,2.6575342465753424,-0.2993205031665429,0.1994737611491059
1933,-3.6055116049231963,1.3177454838047202,-0.7825298493880023,0.740693338736133,0.5427349904891364,True,0.00010796050206832768,0.000960534532370778,0.0019293779676019167,0.0013522166396371623,534,,`gtol` termination condition is satisfied.,0.0657534246575342,2.654794520547945,-0.2958427922866284,0.1984535295281518
1934,-3.618929597536088,1.3169808922216673,-0.7823955286244401,0.8062124873564037,0.5230017742650281,True,0.00013438158521145133,0.0010843556982332336,0.0023339101977574704,0.0019053380381951345,530,,`ftol` termination condition is satisfied.,0.0630136986301369,2.652054794520548,-0.2946247055527775,0.1931747551109377
1935,-3.6137591012556443,1.3228141780269385,-0.7840016629706821,0.7833762511672595,0.5286478808496347,True,0.00013024815038795268,0.001097239571565989,0.002374357788773792,0.0019223770827841774,525,,`ftol` termination condition is satisfied.,0.0602739726027397,2.649315068493151,-0.2976528025641634,0.1904467958230706
1936,-3.6147359986765486,1.3251668916337735,-0.7850145154801521,0.8174245930408441,0.5169310495194119,True,0.00014556750418560986,0.0012100860002773992,0.002342399863514011,0.0018924991892789829,526,,`ftol` termination condition is satisfied.,0.0575342465753424,2.6465753424657534,-0.2996906476577086,0.1888329109774569
1939,-3.5840330082537095,1.3287907454826309,-0.7896664670815218,0.7346519826924235,0.5407761719308616,True,8.298941964564736e-05,0.0008082904627580486,0.002092644066912302,0.0013378465577638403,525,,`gtol` termination condition is satisfied.,0.0493150684931506,2.638356164383562,-0.2962595987628474,0.1923152103370511
1940,-3.6101096137645357,1.3329080354625806,-0.7819041528816785,0.8231655125953468,0.5147530768845987,True,0.00013910164981455694,0.001524536649730663,0.002439449542490353,0.0019298319582697666,521,,`ftol` termination condition is satisfied.,0.0465753424657534,2.6356164383561644,-0.2997148766710535,0.1881944005438194
1941,-3.5887395699595297,1.3174649786741637,-0.7873117803465486,0.7288153949934334,0.5456180252749064,True,0.00012292636361966377,0.0010190848526036467,0.0025672176722031474,0.001643826345495079,519,,`gtol` termination condition is satisfied.,0.0438356164383561,2.632876712328767,-0.2934927866514133,0.1940492638350814
1942,,,,,,False,,,,,0,0.0,Only 5 obs for 1942 after cleaning — need >= 100.,,,,
1943,-3.5996581166532473,1.338464924122574,-0.8082145656197773,0.7120277152993644,0.5434616151894244,True,0.00011009466349273925,0.0009035121975194616,0.0019283898816057667,0.0015269452238357954,510,,`gtol` termination condition is satisfied.,0.1342465753424657,2.627397260273973,-0.2993045760593477,0.1949917457554325
1946,-3.6061804188539153,1.3202548686667086,-0.780295612748476,0.7074971737060125,0.5537351853019016,True,0.00011048576622158975,0.0011310713551122024,0.00232978676305414,0.0018704148524785254,505,,`gtol` termination condition is satisfied.,0.1260273972602739,2.6191780821917807,-0.2985888451684118,0.1877013703648766
1947,-3.5464745014714616,1.288407281427451,-0.805752762827758,0.7193093851028399,0.5389738229639592,True,8.569375225168123e-05,0.0009993790763915718,0.0021184827457099375,0.0015125074334954134,516,,`gtol` termination condition is satisfied.,0.1232876712328767,2.6164383561643834,-0.2968444054096323,0.1990484304511313
1948,-3.5234692563167878,1.2794878555899936,-0.8145248936376539,0.6962502401637346,0.5472925934326429,True,6.49612440074845e-05,0.0008838510658866002,0.0025459033200362032,0.0015833579095344947,513,,`gtol` termination condition is satisfied.,0.1205479452054794,2.6136986301369864,-0.2980229589818969,0.19371642237705
1949,-3.5400559956569637,1.2905923380292248,-0.8117731698583742,0.7159617950443006,0.5436952459880823,True,7.440053465183679e-05,0.001011331792294599,0.0026613126712244843,0.0016070601211404109,516,,`gtol` termination condition is satisfied.,0.1178082191780822,2.610958904109589,-0.2963541824861201,0.1996940056723481
1950,-3.6128698909971795,1.3256727041163083,-0.7936408736341243,0.7307292979835477,0.5433695541004149,True,7.256290800545514e-05,0.0009484711593720699,0.0017186195448743054,0.001267107973885226,498,,`gtol` termination condition is satisfied.,0.1150684931506849,2.6082191780821917,-0.2981821898435473,0.1880906221532462
1953,-3.579265325639193,1.3003347071196965,-0.7896019871715048,0.7224435538119084,0.5458606404823974,True,8.57379753499749e-05,0.0008683352465469349,0.0021025184225228546,0.0013792682544430037,505,,`ftol` termination condition is satisfied.,0.1068493150684931,2.6,-0.2930843170624414,0.1926549445374291
1954,-3.578103994913357,1.3002974672740686,-0.795978071513687,0.766482976931803,0.530991474586038,True,5.9874990047669135e-05,0.0009650365548653539,0.001851827030135282,0.0012638776385775895,501,,`gtol` termination condition is satisfied.,0.1041095890410958,2.5972602739726027,-0.2995984802910491,0.194697841523731
1955,-3.584116435211274,1.3012611300029404,-0.7846308277419464,0.7655712641016093,0.5326231287493949,True,6.432861848513981e-05,0.0013061765098325514,0.0019292522120743743,0.001280342324051726,498,,`gtol` termination condition is satisfied.,0.1013698630136986,2.594520547945206,-0.2993387554005209,0.1949575664142591
1956,-3.614027677602082,1.3223051296083816,-0.7955372122705632,0.7881836727569093,0.5252013401824878,True,7.878837165214545e-05,0.0011887918254027134,0.001793240280132779,0.0014313301023177846,487,,`gtol` termination condition is satisfied.,0.0986301369863013,2.591780821917808,-0.2994917482437456,0.1853959639620916
1957,-3.630047261878159,1.3362633944088294,-0.7995870547493897,0.7810263516018952,0.5289963195488363,True,6.713211927391956e-05,0.0011470151983500913,0.0017372590795916598,0.001345687417646988,485,,`ftol` termination condition is satisfied.,0.0958904109589041,2.589041095890411,-0.2998268404886008,0.1846750615090333
1960,-3.646611769609637,1.3467243983094384,-0.786526868889206,0.7973888094499876,0.5261234560198175,True,5.693407314649882e-05,0.0009864600654435382,0.0016680771496169265,0.0012494961218861508,482,,`gtol` termination condition is satisfied.,0.0876712328767123,2.580821917808219,-0.2989486971639681,0.1809538029889987
1961,-3.674601562902655,1.3562520027511282,-0.7773749014800614,0.7573905628273897,0.5424213909165841,True,4.7969817596110966e-05,0.0007694175375740287,0.001837552509424499,0.0012180446037300737,477,,`gtol` termination condition is satisfied.,0.084931506849315,2.578082191780822,-0.299283649302462,0.1823515340214181
1962,-3.681814357634738,1.3475122191573763,-0.7729452156279943,0.820031000772537,0.5174711195663539,True,6.909833707286845e-05,0.0011200246614421815,0.001920772233321755,0.001306899026965737,473,,`ftol` termination condition is satisfied.,0.0821917808219178,2.5753424657534247,-0.2986586449326709,0.1819480433781452
1963,-3.710431819905682,1.373120965574103,-0.7956516239921598,0.7192414991421116,0.5482141061274567,True,5.8787111383343485e-05,0.0008980492387676962,0.0017757823670418106,0.0012095580970167066,464,,`ftol` termination condition is satisfied.,0.0794520547945205,2.5726027397260274,-0.297919468261752,0.1801163326812478
1964,-3.7092762477392074,1.365801037259495,-0.7777894727589715,0.73403129449204,0.5485180495531292,True,4.508160684354792e-05,0.0007799217833336349,0.0017186745816558983,0.0011986610941053853,467,,`ftol` termination condition is satisfied.,0.0767123287671232,2.56986301369863,-0.2993318264501972,0.1822049888110042
1968,-3.647600745714019,1.3216778451096314,-0.7821983544993307,0.7537595637938849,0.5388354167322789,True,5.153854017546692e-05,0.0007354785899451232,0.0026269953102738375,0.001529305005985933,471,,`ftol` termination condition is satisfied.,0.0657534246575342,2.558904109589041,-0.2964070657842215,0.1913602839113673
1969,-3.691380932116324,1.351695353924608,-0.7908444270827307,0.77267386964159,0.5321536254059693,True,5.4489002472023033e-05,0.0009910225508706857,0.0023958204753153235,0.0013417223738287152,464,,`ftol` termination condition is satisfied.,0.0630136986301369,2.5561643835616437,-0.2979668885921391,0.1818037302327207
1970,-3.6889034841295554,1.3477261506517229,-0.7768972777690893,0.786707903970278,0.5325772302990109,True,4.5127478859873456e-05,0.000888677337465511,0.002450524210442443,0.0013888661261082195,465,,`gtol` termination condition is satisfied.,0.0602739726027397,2.5534246575342467,-0.2969967584249528,0.1835150363335133
1971,-3.6516339701157214,1.3198029488936518,-0.7920964434200898,0.7236042272304508,0.5471138160170536,True,4.4310961655340104e-05,0.0008740349554648139,0.0027764935378525404,0.0015162418509733987,464,,`gtol` termination condition is satisfied.,0.0575342465753424,2.5506849315068494,-0.2968395303430423,0.1904691083177035
1974,-3.6572274222853265,1.3249936501117356,-0.7811717730222425,0.740680709347531,0.544266522404326,True,5.29478064413885e-05,0.0009706361462159996,0.0032696827089328407,0.0016370212003075288,462,,`gtol` termination condition is satisfied.,0.0493150684931506,2.5424657534246577,-0.2984468349156449,0.1881800574961634
1975,-3.641378885889073,1.3121989607028388,-0.7825739748062535,0.7087248480896015,0.5551616141866564,True,4.868570900538095e-05,0.0008822361004779433,0.0034326490923073717,0.001643204263176439,463,,`gtol` termination condition is satisfied.,0.0465753424657534,2.5397260273972604,-0.2970317253789916,0.1885666506812798
1976,-3.6512137409338776,1.3228973383736042,-0.7820770833208399,0.720861928390124,0.5509559336025418,True,5.083203616307244e-05,0.0006933464726157709,0.0025185745183031643,0.0014642210234244706,457,,`ftol` termination condition is satisfied.,0.0438356164383561,2.536986301369863,-0.2989539043037571,0.1853634673065874
1977,-3.5952873195080706,1.288332876813274,-0.7889217529578537,0.7094326426377351,0.5510033831322686,True,5.9976671558956796e-05,0.0009414127769585616,0.004033103975441343,0.001960582675974107,466,,`ftol` termination condition is satisfied.,0.0410958904109589,2.5342465753424657,-0.2933037636303274,0.1928867954894975
1978,-3.581184979434596,1.2921271900420075,-0.8016992449746386,0.7349979141199784,0.5331049248621267,True,5.549077926864229e-05,0.0009685047221443155,0.0021147924980037982,0.0015134239169500184,459,,`gtol` termination condition is satisfied.,0.1150684931506849,2.5315068493150683,-0.2992918236173169,0.1950044981974631
1981,-3.54365749956066,1.2627028024777338,-0.8056627895622956,0.7338579555205471,0.5277963493947215,True,4.9580400039340815e-05,0.0009814922822262262,0.002536110811058798,0.0017176166435289744,459,,`gtol` termination condition is satisfied.,0.1068493150684931,2.5232876712328767,-0.299898306668734,0.1910171762850269
1982,-3.5602447782012066,1.2797358222196418,-0.8082849643540858,0.7161167831255378,0.5343665266984298,True,4.5324630063578285e-05,0.0008892039921158153,0.0024626324061044176,0.0016077895235033649,452,,`ftol` termination condition is satisfied.,0.1041095890410958,2.5205479452054793,-0.298082538308432,0.1916829648946097
1983,-3.633291965405672,1.306836043020659,-0.8105832292198478,0.6989627787461296,0.5432354909834041,True,5.3089185945115526e-05,0.0007569857834802094,0.0019435973598583621,0.0014419641162431774,446,,`gtol` termination condition is satisfied.,0.1013698630136986,2.5178082191780824,-0.2952767015974765,0.1877940307216512
1984,-3.6569932251879815,1.318169518692729,-0.8107411876483532,0.6552491896639575,0.5612505319810641,True,4.87902077504929e-05,0.0007824719234905875,0.0018056944217472578,0.0013393370727284894,443,,`ftol` termination condition is satisfied.,0.0986301369863013,2.515068493150685,-0.2962634562969705,0.1857870471982177
1985,-3.6269579249145574,1.3042521421972557,-0.8066244425638004,0.6609000776507934,0.5585870357658177,True,5.071703419850177e-05,0.000856161005827416,0.0022728932859822845,0.0014909023352401329,441,,`gtol` termination condition is satisfied.,0.0958904109589041,2.5123287671232877,-0.2907705995528503,0.1939861199692081
1988,-3.577377625249636,1.261518273594802,-0.7963916810576779,0.6971208657216419,0.5474306545619388,True,4.666039178790666e-05,0.000948102703290565,0.0030923568442419547,0.0016830606496270328,452,,`ftol` termination condition is satisfied.,0.0876712328767123,2.504109589041096,-0.2999114783728936,0.1997922348339123
1989,-3.595034276949669,1.2704065963943527,-0.7848621294738093,0.7351046747873435,0.539230106484186,True,4.183775903850845e-05,0.0008853008520793986,0.0023236744353181786,0.0014662795879269014,443,,`gtol` termination condition is satisfied.,0.084931506849315,2.5013698630136987,-0.2922913899888107,0.1937000592363414
1990,-3.599674668466643,1.2736740445514447,-0.7751798865143988,0.7261670960829005,0.5450838228064743,True,5.1652343304780775e-05,0.0011152438866528032,0.0022942415939973446,0.0014174802864773165,443,,`ftol` termination condition is satisfied.,0.0821917808219178,2.4986301369863013,-0.2922682789846272,0.1923161059326602
1991,-3.6508760355956906,1.3017139527939432,-0.7782519704672987,0.7346427877287244,0.54547074663895,True,5.1070477595667316e-05,0.000896187764556074,0.0018533805660998855,0.001407823205153409,431,,`gtol` termination condition is satisfied.,0.0794520547945205,2.495890410958904,-0.2979120299880594,0.1824529999649667
1992,-3.6150264888103583,1.2829123739394066,-0.7803096346811877,0.7452993092281214,0.5369941377396297,True,7.130385529814789e-05,0.0012129003018427737,0.002022401671471108,0.0013695537577438441,439,,`gtol` termination condition is satisfied.,0.0767123287671232,2.493150684931507,-0.293835493379341,0.1894510940938221
1995,-3.674304816404625,1.3131682397086621,-0.7878763466312896,0.6629241857388644,0.5650834656770586,True,6.426153351239203e-05,0.0007497990118938039,0.0018608893052933905,0.001290904585686017,454,,`ftol` termination condition is satisfied.,0.0684931506849315,2.484931506849315,-0.2968256386911329,0.1829133109599459
1996,-3.7024082951185315,1.3347181327150766,-0.8008185287353076,0.6676761020329737,0.5608711295358505,True,5.153317633268497e-05,0.0007066703578885922,0.001822647527635458,0.0013050700426789944,447,,`gtol` termination condition is satisfied.,0.0657534246575342,2.4821917808219176,-0.2984641178419563,0.1819534846583154
1997,-3.669002736401268,1.30311047611134,-0.7915413924210457,0.6902341592562341,0.5486507217445424,True,7.410297899989824e-05,0.0011567858490376622,0.0020169666715672166,0.0012704402597829491,529,,`ftol` termination condition is satisfied.,0.0630136986301369,2.4794520547945207,-0.2942886337780687,0.1893680066357235
1998,-3.660025647043918,1.2948694485495613,-0.7915068008390455,0.695940741698899,0.5462293441026276,True,6.0963606532071264e-05,0.0009727269841216257,0.0025039709312079136,0.0013209619365493871,527,,`gtol` termination condition is satisfied.,0.0602739726027397,2.4767123287671233,-0.2916820594370434,0.1926740704580169
1999,-3.668377884405224,1.3074327156662067,-0.8098212910263953,0.6377515698922289,0.5631028499603824,True,4.828900776067729e-05,0.0007379823600567858,0.0027211597344982043,0.0013855649556477189,525,,`ftol` termination condition is satisfied.,0.0575342465753424,2.473972602739726,-0.2927929515158128,0.1920863290357744
2002,-3.5144121473409498,1.2126503621452236,-0.8087744534281222,0.62178739135595,0.5716338869487216,True,0.00014998764048839195,0.0014089695116023407,0.00698354956977926,0.00327663178395669,545,,`gtol` termination condition is satisfied.,0.0493150684931506,2.4657534246575343,-0.2984939551144607,0.1942352433217215
2003,-3.549039892715694,1.2214164822904363,-0.8036012468232638,0.5708050251320766,0.5998486335191712,True,0.00011178513964138036,0.0010614714775710457,0.007087237785049583,0.0031869122604272684,539,,`ftol` termination condition is satisfied.,0.0465753424657534,2.463013698630137,-0.2980435080775874,0.1926365025131104
2004,-3.626394645485802,1.2643021591288748,-0.791294760789216,0.6100690299207778,0.5809582944684428,True,9.955992795716856e-05,0.0009859804447418313,0.005615827013880841,0.002700537476041857,525,,`ftol` termination condition is satisfied.,0.0438356164383561,2.4602739726027396,-0.2970112185261448,0.1943533378801172
2005,-3.5948618967089394,1.2310152139494865,-0.7945085201754286,0.5484776964005704,0.6116462198483095,True,8.021522606573443e-05,0.0009175790164002662,0.005904994656879608,0.0026726148411444846,529,,`gtol` termination condition is satisfied.,0.0410958904109589,2.4575342465753423,-0.2957184950102602,0.1961973676877658
2009,-3.5707950778011748,1.2078406399504178,-0.8030416150615549,0.5847009509598217,0.5942686379031329,True,9.648126934702693e-05,0.0009349672647725938,0.00399936894465934,0.00237142568773089,522,,`gtol` termination condition is satisfied.,0.1260273972602739,2.4465753424657533,-0.293446731178238,0.1987475810382142
2010,-3.6234789509333227,1.2389445732332867,-0.8129086628664575,0.6143580479367132,0.5740009651644317,True,0.00013552434723832548,0.001362942146333792,0.004343909499810141,0.0029091046076337107,514,,`ftol` termination condition is satisfied.,0.1232876712328767,2.4438356164383563,-0.297796558985755,0.1942786150541199
2011,-3.513997979007042,1.1459362061605516,-0.8248162290092338,0.5585637547137022,0.600444007630105,True,0.00015846751593460857,0.001378374870758373,0.0052520382653407065,0.0029587303099342806,525,,`ftol` termination condition is satisfied.,0.1205479452054794,2.441095890410959,-0.297134718709334,0.1985515743431743
2012,-3.4945031329737644,1.114834440830225,-0.8116547977165562,0.5682930124291229,0.6046614816171046,True,0.00010752289840069274,0.0011008873253099591,0.004358451586635574,0.0023337410459268225,528,,`gtol` termination condition is satisfied.,0.1178082191780822,2.4383561643835616,-0.2983150598158425,0.1972989139622759
2013,-3.60193251471837,1.1933110252967893,-0.8020299271615544,0.5874908557393118,0.5977156896888063,True,6.966221624194847e-05,0.0008558079365407215,0.0032234148237305304,0.0018497331915709454,515,,`gtol` termination condition is satisfied.,0.1150684931506849,2.4356164383561643,-0.2957720326751681,0.1962134818661005
2016,-3.7028300254508544,1.2587830319919595,-0.8109206230061307,0.6075430123085641,0.5814583705919439,True,6.205869428102352e-05,0.0007084112094001425,0.0019202902504318765,0.0012647530798842977,495,,`gtol` termination condition is satisfied.,0.1068493150684931,2.4273972602739726,-0.2918269842985143,0.1934295591546496
2017,-3.7116800168406763,1.2498989522794226,-0.7983601198129846,0.6551677319373629,0.5684881771681297,True,4.955506020759815e-05,0.0009197535088748604,0.001777592643541774,0.0012326914837491637,493,,`gtol` termination condition is satisfied.,0.1041095890410958,2.4246575342465753,-0.2955423194425027,0.1893174446770213
2018,-3.7094194509678124,1.2559651343838214,-0.7949747838374994,0.6265087320363852,0.5816548911421203,True,5.2746779001947705e-05,0.0006728339449918655,0.0019823462798418904,0.0013432693702216706,492,,`ftol` termination condition is satisfied.,0.1013698630136986,2.421917808219178,-0.2966497276646642,0.1886449842721359
2019,-3.7415789982036385,1.2796588806689335,-0.8021750871316858,0.6507930875894457,0.5665056219851528,True,7.949910786207324e-05,0.0008322259184563393,0.002386273348837047,0.0016276394202409709,482,,`ftol` termination condition is satisfied.,0.0986301369863013,2.419178082191781,-0.298681146996202,0.1820643432054826
2020,-3.749141396912567,1.2859457527696694,-0.7949088558855373,0.6820179493748503,0.5568607893560115,True,6.96972647123727e-05,0.000799194821902403,0.002680697806983813,0.0018246236056975867,478,,`ftol` termination condition is satisfied.,0.0958904109589041,2.4164383561643836,-0.2996965816715167,0.180691073434083
2023,-3.74926279480804,1.2881009249994628,-0.7906902019769247,0.6855706640432605,0.5564552318325062,True,7.179604256075473e-05,0.00069590415514354,0.0024289477460474663,0.001784059783450896,503,,`ftol` termination condition is satisfied.,0.0876712328767123,2.408219178082192,-0.2993801912400436,0.179033747203187
2024,-3.741663261463148,1.2942127118876683,-0.7887939717053722,0.6591015863756053,0.5672662515879221,True,5.891773228582668e-05,0.0007498279938817921,0.0021505448257148614,0.001514401012790216,504,,`ftol` termination condition is satisfied.,0.084931506849315,2.405479452054794,-0.2977912848840256,0.1824171755916172
2025,-3.7422335550889003,1.2962208879885386,-0.7830909027577043,0.6599711441439162,0.5687261252288475,True,4.8437529503416716e-05,0.0006596826859053031,0.002082417134623231,0.0013761486427377675,500,,`ftol` termination condition is satisfied.,0.0821917808219178,2.4027397260273973,-0.2985055576157235,0.1860837130838825
2026,-3.705546563535249,1.2774698027380214,-0.8006969989731214,0.6523653236436728,0.5632109422720505,True,4.931433073417532e-05,0.0007309205434850255,0.001997673031672691,0.001436632954791677,506,,`gtol` termination condition is satisfied.,0.0794520547945205,2.4,-0.2942398111600512,0.1907613695876957
2027,-3.6767641233352113,1.2709511498739081,-0.7960444921292618,0.6336594435055547,0.5676447897009271,True,0.00014506787208340573,0.0011140582707377905,0.002710642993595703,0.001901567937222807,506,,`ftol` termination condition is satisfied.,0.0767123287671232,2.3972602739726026,-0.2969107084315111,0.197385613383269
2030,-3.6025938276336213,1.2162003190185848,-0.7984568907563458,0.6398259950707178,0.563866631986721,True,4.3875739476437965e-05,0.0008750554565164832,0.0026480738408078647,0.001481973993777701,508,,`gtol` termination condition is satisfied.,0.0684931506849315,2.389041095890411,-0.2935132297982903,0.1987855952652517
2031,-3.6783109837887826,1.262757113137236,-0.8068059513077442,0.6529072097039198,0.5591276312621275,True,4.2148681574297635e-05,0.0007790847311926929,0.0019133832514971155,0.0013554569122156436,501,,`gtol` termination condition is satisfied.,0.0657534246575342,2.3863013698630136,-0.2979624411466845,0.1968750119870573
2032,-3.709032383398054,1.273758223913609,-0.8066711811234626,0.6294492222644724,0.5726545984237087,True,5.375315929558418e-05,0.000819940420993219,0.002272793566494295,0.0015427286499304347,488,,`ftol` termination condition is satisfied.,0.0630136986301369,2.3835616438356166,-0.2952992899852467,0.1894846626297838
2033,-3.7234426392864255,1.286765328377344,-0.8015850705403054,0.658205944506762,0.5618778230621194,True,4.849221466467645e-05,0.0008126183520241959,0.002157658135716397,0.0014105573570609591,489,,`gtol` termination condition is satisfied.,0.0602739726027397,2.3808219178082193,-0.2966714406444311,0.1886410815110543
2034,-3.7091845888890145,1.2753338198011916,-0.8019226440253103,0.6145344828545036,0.5756116804921613,True,5.76133797555454e-05,0.0008545047206466711,0.002268428698167638,0.0014670354625783981,489,,`ftol` termination condition is satisfied.,0.0575342465753424,2.378082191780822,-0.2938056846599104,0.1918117240448265
2037,-3.702313004356291,1.2792947765407854,-0.8096022774604134,0.6361051349411752,0.5590811063212668,True,5.583031902656195e-05,0.0009701528592787252,0.0017659730225589605,0.001248753015701223,482,,`gtol` termination condition is satisfied.,0.0493150684931506,2.3698630136986303,-0.2991027347786126,0.1963572496767647
2038,-3.685507049659782,1.2598338668588294,-0.8176752598719748,0.6686475810077683,0.5447927281503651,True,4.6630019042353834e-05,0.0009755360365214426,0.0016503243673058733,0.0011171053370658878,485,,`gtol` termination condition is satisfied.,0.0465753424657534,2.367123287671233,-0.2984698751500614,0.1981057498112105
2039,-3.7085727317881463,1.2642142107425098,-0.8188917477346704,0.638914364291132,0.5570788125218128,True,4.1819849338032224e-05,0.0007407562340548018,0.0017675353489270333,0.0011829221254731122,479,,`gtol` termination condition is satisfied.,0.0438356164383561,2.3643835616438356,-0.2917753860706696,0.192367437567206
2040,-3.6659644673665954,1.2487090637967064,-0.8327536041623455,0.6118458578825627,0.5646157851867185,True,3.292655816154246e-05,0.0006906066062803829,0.0023252148353307914,0.0013561586899655039,487,,`gtol` termination condition is satisfied.,0.0410958904109589,2.361643835616438,-0.2964098943191735,0.1999393429272878
2041,-3.674659279476748,1.256661143006203,-0.8118040790187598,0.6735792718028548,0.5401570816959996,True,5.319830882106662e-05,0.0009882844389903045,0.0020886742714522305,0.0014832038091500935,476,,`ftol` termination condition is satisfied.,0.1150684931506849,2.3589041095890413,-0.2980576887550645,0.193015186248556
2044,-3.720183747771623,1.2633489745397304,-0.8179175701339445,0.6484645333296662,0.5571876665576163,True,4.527436588543538e-05,0.0008208169442756074,0.0015867484254309446,0.0010861073005451831,541,,`gtol` termination condition is satisfied.,0.1068493150684931,2.350684931506849,-0.2945300418448108,0.1899027767654044
2045,-3.650214390316871,1.2312048337187356,-0.8215026569956715,0.7350278118584025,0.5229058324643803,True,6.907534460837936e-05,0.0009948365099952553,0.0018047284191231808,0.001302859055880827,552,,`gtol` termination condition is satisfied.,0.1041095890410958,2.347945205479452,-0.2966551543050938,0.1998991578111574
2046,-3.655589357110486,1.242512549486465,-0.8517797684203732,0.6577297581110041,0.547099876639712,True,5.213818554415319e-05,0.0008692464938820237,0.002019347305868701,0.0014175456365094566,550,,`ftol` termination condition is satisfied.,0.1013698630136986,2.345205479452055,-0.2982235833465149,0.1986595944738998
2047,-3.6502746392420815,1.2398068511851947,-0.848578746401372,0.6490920745032079,0.5507533495995265,True,3.515909414182028e-05,0.0007419477602916348,0.0017416894543787957,0.0011723711998729658,547,,`gtol` termination condition is satisfied.,0.0986301369863013,2.3424657534246576,-0.2971501841119013,0.1995943599978596
2048,-3.6753882653033765,1.2536857862688322,-0.8467867522991392,0.6417236505708172,0.5601956106451248,True,4.2480789893741507e-05,0.0007217220473929125,0.001699233543059056,0.0012247747044896687,545,,`gtol` termination condition is satisfied.,0.0958904109589041,2.33972602739726,-0.2988680370375474,0.196864062660787
2051,-3.696533786578226,1.2664295876242893,-0.8374552488403603,0.6434160587695201,0.5646132656422547,True,3.88770902078143e-05,0.0006605717016551595,0.0016113233315223515,0.001141397234472992,536,,`gtol` termination condition is satisfied.,0.0876712328767123,2.331506849315069,-0.2943019668831851,0.1923342570559987
2052,-3.6756719732842935,1.2488231642633738,-0.8396471181398276,0.6403165270824019,0.5680809005137655,True,5.104942097738089e-05,0.0006722694409895411,0.0017303753584403945,0.0012205920514492302,533,,`gtol` termination condition is satisfied.,0.084931506849315,2.328767123287671,-0.2915735271213384,0.1941704642330076
2053,-3.6285895225303006,1.2187202134885828,-0.8189945481354324,0.6726048700553068,0.5602174939865178,True,6.79738009246662e-05,0.0010328899184277199,0.0024548031803881447,0.001631977925158677,540,,`gtol` termination condition is satisfied.,0.0821917808219178,2.326027397260274,-0.2971592212400937,0.1951499128230162
2054,-3.505842395477089,1.1332751336087652,-0.8496728930347516,0.657622814103257,0.5458575156301255,True,0.00018085784737740255,0.0012004030551316328,0.005469754035473873,0.002971308073349838,556,,`ftol` termination condition is satisfied.,0.0794520547945205,2.3232876712328765,-0.2996101017714205,0.1979253297984529
2055,-3.3431241660895696,1.0389974175539929,-0.8791247198121321,0.5553940826747482,0.5933152675182314,True,0.0005487002911068033,0.001683480503855267,0.01147039171128439,0.005923221567677084,550,,`ftol` termination condition is satisfied.,0.0767123287671232,2.3205479452054796,-0.2968259918584208,0.1950869234023644
2058,-3.1011900441810654,0.81395650843403,-0.8382843644742736,0.5143473147855123,0.6504310148930934,True,0.001554049300376476,0.0024537369538640574,0.018213348308898716,0.00926401512216375,580,,`ftol` termination condition is satisfied.,0.0684931506849315,2.3123287671232875,-0.2998120425626634,0.1969495108483411
2059,-3.1118788206120778,0.8816430783180174,-0.7720362988260941,0.6212449692954132,0.6133565626425114,True,0.0006095582038056045,0.0017282907663601832,0.012489457277434312,0.006324095449227024,563,,`ftol` termination condition is satisfied.,0.0657534246575342,2.3095890410958906,-0.2976040499313145,0.1955655135230599
2060,-3.2614625044149372,0.9568529078823598,-0.8057418016420659,0.5606365320717411,0.6227794593469306,True,0.00047038937258038233,0.0013533745120902375,0.010438620528862274,0.005258568033178652,540,,`ftol` termination condition is satisfied.,0.0630136986301369,2.3068493150684932,-0.2956217172541569,0.1995622231266045
2061,-3.3224216659661203,0.9872243057887174,-0.8071641239919805,0.5805671025690686,0.6082996582046438,True,0.00012207302611547344,0.0008460068352700918,0.006278202716029548,0.0030184897559597567,570,,`ftol` termination condition is satisfied.,0.0602739726027397,2.304109589041096,-0.2997301177355532,0.1968027601081401
2062,-3.268317132867609,0.9915117402142002,-0.8255059931780383,0.5655808562960127,0.6111969545164128,True,0.00018615722945582874,0.0010559305422236111,0.004836761296695251,0.0027896717147525268,568,,`ftol` termination condition is satisfied.,0.0575342465753424,2.3013698630136985,-0.2963359070356118,0.198891885348303
2065,-3.1926281911718712,0.9494329001916094,-0.8196449552129629,0.5896635631659868,0.6023413382753828,True,8.43861371866514e-05,0.000770272328712479,0.003964662654757959,0.0019670794114832846,567,,`ftol` termination condition is satisfied.,0.0493150684931506,2.293150684931507,-0.2955199219375422,0.1980608650029157
2066,-3.0430865670009655,0.884451161854004,-0.8124853159599407,0.6725302670332152,0.570400179793687,True,0.0002458543378627064,0.0013740050751454669,0.004913391538482022,0.00304754185238995,558,,`ftol` termination condition is satisfied.,0.0465753424657534,2.2904109589041095,-0.2964445717159789,0.1999923145979121
2067,-3.1522107589387303,0.9560560528732354,-0.7948072968451224,0.6449296723434933,0.5797765745930437,True,9.216651676645779e-05,0.0008226442718149907,0.002684614414697968,0.0017250017511329032,549,,`ftol` termination condition is satisfied.,0.0438356164383561,2.287671232876712,-0.2834665655846957,0.198862408726396
2068,-3.138647656432898,0.9495346204142547,-0.799878373480689,0.6410973764901746,0.5804567024196676,True,6.480315530589662e-05,0.0007318481453794197,0.0026988488352309077,0.0015051297132263508,549,,`ftol` termination condition is satisfied.,0.0410958904109589,2.2849315068493152,-0.2830238664104445,0.1986242509133007
2069,-3.0643951981831843,0.9327417086427517,-0.7989635617517268,0.6417134486696774,0.5837693093642352,True,0.00011869257608857555,0.0009167904372184434,0.0023083560128537082,0.0017279740695503077,544,,`ftol` termination condition is satisfied.,0.1150684931506849,2.282191780821918,-0.2993011813365231,0.1975896359593826
2073,-3.1630323108598115,0.9759525206528807,-0.8018692452575125,0.6435068295142825,0.5800867855814068,True,9.055978069321806e-05,0.0008030624424357629,0.0017767827852351854,0.0012493575754872548,540,,`gtol` termination condition is satisfied.,0.1041095890410958,2.271232876712329,-0.2931941167132725,0.1998836362827893
2074,-3.1329198241060894,0.9750134860233962,-0.8106378035852064,0.651793716621115,0.5750233659175279,True,0.00016921619425464327,0.0009657722371675774,0.0026562285726968796,0.0018653585084564795,524,,`gtol` termination condition is satisfied.,0.1013698630136986,2.2684931506849315,-0.2982816876325337,0.1977195846693367
2075,-3.1473020876827316,0.9914180705696362,-0.806895491844138,0.6588421416037816,0.5712760311090523,True,3.966541107056077e-05,0.0005294916596444251,0.0018749903063889823,0.0012222540563406686,525,,`ftol` termination condition is satisfied.,0.0986301369863013,2.265753424657534,-0.2836813829208723,0.1987516461011262
2076,-3.1771365622175862,1.0037161555091987,-0.8195913466883221,0.6823614133836362,0.5512690198385761,True,8.138082169553457e-05,0.000760541018370393,0.00227841986386739,0.0014611897832214336,524,,`ftol` termination condition is satisfied.,0.0958904109589041,2.263013698630137,-0.289489019312613,0.1995265880904674
2079,-3.1487325524185863,0.9988179415321782,-0.8156914999898999,0.7351511624510805,0.5265348866101807,True,6.635313538842498e-05,0.0007548894669149943,0.0019573210805335817,0.0013604771909318048,516,,`gtol` termination condition is satisfied.,0.0876712328767123,2.254794520547945,-0.2858263680213661,0.1998582689863611
2080,-3.2371879890496555,1.044311307474384,-0.82654098792472,0.6865767180501979,0.5435087354934672,True,9.254998273657766e-05,0.00077674044843384,0.0021455428859001755,0.001411231350894248,522,,`ftol` termination condition is satisfied.,0.084931506849315,2.252054794520548,-0.2995517197001036,0.1992632060693991
2081,-3.3161728070747594,1.0906505786618632,-0.8277726816075317,0.6795748976243813,0.5481293255671379,True,6.496098415656533e-05,0.0006502660259170817,0.002223918091330639,0.0014205367244306234,511,,`ftol` termination condition is satisfied.,0.0821917808219178,2.249315068493151,-0.2985031133149628,0.1977430689842172
2082,-3.2974942656037953,1.0617153747040589,-0.8326618743205463,0.6039673755920919,0.5813817193700713,True,5.956799786442178e-05,0.0006481893668194151,0.0021320748363356404,0.001341186332973373,509,,`gtol` termination condition is satisfied.,0.0794520547945205,2.2465753424657535,-0.2959608953307417,0.1975553353734495
2083,-3.2441571400558575,1.0405604541515743,-0.8349647128908309,0.660938140628134,0.5537656089439433,True,0.00013582721074948328,0.0009749738055604178,0.0028568862460427963,0.0018847896904042826,485,,`ftol` termination condition is satisfied.,0.0767123287671232,2.243835616438356,-0.2893761261770101,0.198933183247956
2086,-3.3133966706987605,1.073567893260766,-0.8165335558361229,0.6729099088171712,0.5502920303304946,True,7.066639250274552e-05,0.000633645771797189,0.0022290755889858506,0.0014343377511613206,568,,`ftol` termination condition is satisfied.,0.0684931506849315,2.2356164383561645,-0.2954435690189749,0.1981511143767598
2087,-3.2366717999344425,1.033340754012398,-0.7955683370115697,0.7193633496230046,0.5380445343519219,True,0.00010195083432664298,0.0009021008702896399,0.0022637245165275455,0.0015460410420769816,564,,`gtol` termination condition is satisfied.,0.0657534246575342,2.232876712328767,-0.2969486029169968,0.1994878066995421
2088,-3.2508623694850067,1.0376897493062749,-0.7807788342007934,0.7137239045166519,0.5409613438429295,True,0.00013013809264292184,0.0009043464436015146,0.0029056015058559074,0.0018502524608389693,551,,`ftol` termination condition is satisfied.,0.0630136986301369,2.23013698630137,-0.297560660987897,0.1988762253259941
2089,-3.21690391687462,1.0115775278948136,-0.8267850795082169,0.6743487230053321,0.5394957877231804,True,7.88205464595562e-05,0.0007597071622777995,0.0025344804251353223,0.0016181018259139946,558,,`ftol` termination condition is satisfied.,0.0602739726027397,2.2273972602739724,-0.2959565164636137,0.195534855976627
2090,-3.1962535999639976,1.011386173280838,-0.8342876813026874,0.6394131837865494,0.5516315649914362,True,7.21387736811917e-05,0.0006872622561247226,0.0022701970200055765,0.0014675133762344548,559,,`ftol` termination condition is satisfied.,0.0575342465753424,2.2246575342465755,-0.2962407049695947,0.1955414512457559
2093,-3.083446866311446,0.9537844119223237,-0.8285778110471392,0.716977953278972,0.5160971334092571,True,0.00016495610185695875,0.0010297545691205976,0.0037116977118226914,0.0020449592407477215,555,,`ftol` termination condition is satisfied.,0.0493150684931506,2.216438356164383,-0.2998737633482322,0.1987772847551524
2094,-3.110181309574679,0.9647980014681928,-0.7981694375874613,0.6971382311093163,0.5327300340218359,True,8.247319064333422e-05,0.0008754839284302626,0.0033468482747902196,0.0016176632067812927,559,,`ftol` termination condition is satisfied.,0.0465753424657534,2.213698630136986,-0.2980043053335465,0.1983468421162652
2095,-3.1529688047096514,0.9900458394413951,-0.8487146583460977,0.6799523118152881,0.5254936875261605,True,0.0001958603691700094,0.0010811463346359301,0.0030229462117055046,0.0019633872687380475,556,,`gtol` termination condition is satisfied.,0.0438356164383561,2.210958904109589,-0.298667913360713,0.1993927219977192
2096,-3.187250271739386,1.0189811430545594,-0.8047172033041555,0.752351803493027,0.5085196808313004,True,9.543047481712897e-05,0.0007809212643860163,0.0026412422896147218,0.0017509847495467653,556,,`ftol` termination condition is satisfied.,0.0410958904109589,2.208219178082192,-0.2995861087511996,0.1972038003993992
2097,-3.242845603614838,1.0271518080616966,-0.7961474707984991,0.7919686885104684,0.497350398999908,True,0.00013001547407954988,0.0009202342550604501,0.0030534458993211077,0.0021252774211610766,545,,`ftol` termination condition is satisfied.,0.1342465753424657,2.2054794520547945,-0.2989791829796166,0.1945562836431847
2100,-3.3116436904742015,1.0769641776624646,-0.7865887759126434,0.7305248475361213,0.5316129263617068,True,0.0001231859763549899,0.000835985077953713,0.002801314414865656,0.00184113771332659,551,,`ftol` termination condition is satisfied.,0.1260273972602739,2.197260273972603,-0.2975499744118802,0.1994803060719426
2101,-3.296608881372859,1.0794299819468531,-0.7751748830676116,0.7280653735976729,0.5385821644700731,True,0.00013794469984049795,0.0010122059662273995,0.0035913819878613746,0.00227360371893687,533,,`ftol` termination condition is satisfied.,0.1232876712328767,2.1945205479452055,-0.2980226716560907,0.1968926575948726
2102,-3.336743223434604,1.108157806411948,-0.7846023975291383,0.7133033749471307,0.541399930276109,True,0.00010681419352979755,0.0008248836363089373,0.002908532054261797,0.0018092787917727054,545,,`ftol` termination condition is satisfied.,0.1205479452054794,2.191780821917808,-0.2960975011732152,0.1973363798809062
2103,-3.378143298465505,1.134905409404023,-0.7784359408762154,0.7039799331504957,0.5498418146295375,True,8.810433465773578e-05,0.0006759956647040659,0.0030497870629839644,0.0018195641793967259,547,,`ftol` termination condition is satisfied.,0.1178082191780822,2.1890410958904107,-0.2966990100805539,0.1979325787703253
2104,-3.388649326099786,1.1331700047979583,-0.7915268172677866,0.699517210701193,0.5514360804839943,True,9.301305824577798e-05,0.0007148202785703899,0.0034285148763130674,0.001997148015773464,541,,`gtol` termination condition is satisfied.,0.1150684931506849,2.186301369863014,-0.2970130327967992,0.19797108500466
2107,-3.4225945044048123,1.1726035711634628,-0.7895783525205701,0.6847321064851765,0.5584460379294541,True,0.00010823605215931898,0.0009082840909550584,0.003437335254091322,0.002122294985753457,529,,`gtol` termination condition is satisfied.,0.1068493150684931,2.1780821917808217,-0.2988435624771276,0.1997487363118142
2108,-3.3628057251201153,1.1425956391376437,-0.8128360551312099,0.6342729579277161,0.5716602976255908,True,0.00018302143919683055,0.0011905641605502411,0.003614948487771125,0.002383502192898592,529,,`ftol` termination condition is satisfied.,0.1041095890410958,2.175342465753425,-0.299511539053824,0.1999566535317946
2109,-3.3301779561293636,1.1296174613135048,-0.8015234306894813,0.6679537055908359,0.5562958981220872,True,0.00011004190504476832,0.0008135222076847376,0.003114222584172123,0.0018781398590875683,535,,`ftol` termination condition is satisfied.,0.1013698630136986,2.1726027397260275,-0.2986295794026075,0.195240556672727
2110,-3.414716580933248,1.1807497459401715,-0.8110294506005629,0.7138113615748067,0.538996239879919,True,9.724134138598773e-05,0.0009280296233407376,0.0033421886664665055,0.0020238865089720563,529,,`gtol` termination condition is satisfied.,0.0986301369863013,2.16986301369863,-0.299149087195787,0.1983962757053285
2111,-3.437680014567318,1.1928415373468697,-0.8061132161130575,0.6931212013548886,0.547831983572947,True,0.00010599484412606675,0.0009420814982842709,0.003546851939387204,0.002163884820205601,528,,`ftol` termination condition is satisfied.,0.0958904109589041,2.1671232876712327,-0.2973312650449863,0.199842269552677
2114,-3.4869278853502292,1.214238372431419,-0.7941196323419039,0.7059951007986759,0.550447684392282,True,9.248402650571753e-05,0.0007455295087029042,0.003636418883236442,0.0022961182929638786,554,,`gtol` termination condition is satisfied.,0.0876712328767123,2.158904109589041,-0.2987033861797247,0.1984701484179385
2115,-3.4607679495354087,1.2050940972840927,-0.8142268206905254,0.6626368099532615,0.5620308008695304,True,7.763051315913536e-05,0.0007545478370166305,0.0030120578028638816,0.001933340535643526,551,,`ftol` termination condition is satisfied.,0.084931506849315,2.1561643835616437,-0.2950400989995115,0.1969048509088699
2116,-3.420385076721699,1.1676407406983305,-0.7964479877852779,0.719656979780641,0.5463309308801393,True,5.857237768089233e-05,0.0006753445121450774,0.0026070013568450824,0.0016856536230821105,556,,`gtol` termination condition is satisfied.,0.0821917808219178,2.1534246575342464,-0.2973994345523633,0.1974735684083043
2117,-3.5249698927135507,1.2277273852041999,-0.7930001128253625,0.6889800023211738,0.5589329363845799,True,0.0001401657667234814,0.0011095322187021305,0.00343703806221621,0.002221207760197596,553,,`ftol` termination condition is satisfied.,0.0794520547945205,2.1506849315068495,-0.2989807237636149,0.199927461517002
2118,-3.5370910959654847,1.22700740906096,-0.8197979893493653,0.6473163745962873,0.5738636361550723,True,5.747773599701326e-05,0.0005957977457933983,0.002881213562950582,0.0017511572178807856,548,,`gtol` termination condition is satisfied.,0.0767123287671232,2.147945205479452,-0.2990883105013496,0.1986910461921499
2121,-3.5090320095161367,1.212483956072523,-0.8108164275026506,0.6297380890171443,0.5873785682183974,True,8.785786210573769e-05,0.0008279081312185388,0.0029918045152927974,0.0020580356947234985,555,,`ftol` termination condition is satisfied.,0.0684931506849315,2.1397260273972605,-0.2997950754796902,0.1962837413574209
2122,-3.498828284258942,1.2217450427284045,-0.820319188678555,0.6490815946656456,0.5761802594403169,True,5.424028492876063e-05,0.0006840348104443798,0.0028673014957796943,0.0017267121085216162,551,,`ftol` termination condition is satisfied.,0.0657534246575342,2.136986301369863,-0.2989584192239758,0.1972209239001806
2123,-3.5498413618954947,1.2491937321717534,-0.8070033668814147,0.6967948258225295,0.5615930138881706,True,5.6186257703468144e-05,0.0007251051906656315,0.00241674488443114,0.001602403236388133,547,,`ftol` termination condition is satisfied.,0.0630136986301369,2.1342465753424658,-0.2995620401010589,0.1988882475669495
2124,-3.533680596899291,1.2458718798771635,-0.8222975475843239,0.6600680754430328,0.5719766741893042,True,5.667754234101743e-05,0.000637126037636022,0.0024736222330270894,0.0016195368062754084,546,,`ftol` termination condition is satisfied.,0.0602739726027397,2.1315068493150684,-0.2992691470811219,0.1991615027543139
2125,-3.5195161950748877,1.2327594975781222,-0.8118085210231181,0.6699878021173794,0.5732547513188413,True,4.973593976322126e-05,0.000680555265555668,0.0024003776121649936,0.0015778988265049783,546,,`ftol` termination condition is satisfied.,0.0575342465753424,2.128767123287671,-0.2971990312720842,0.1999723531071682
2128,-3.5791252826464985,1.256726491317718,-0.8005730260802923,0.701123659652093,0.5623382735688273,True,7.756048890835291e-05,0.0008160930348230808,0.0025458288119023557,0.0016547818199949902,534,,`gtol` termination condition is satisfied.,0.0493150684931506,2.1205479452054794,-0.2997211600834848,0.1945751617312952
2129,-3.5823817983985413,1.267280039038845,-0.8092669910141537,0.6573238567823434,0.5813623425373443,True,5.185585897759594e-05,0.0006004309326617966,0.0026864225341774865,0.0017143777105881604,534,,`ftol` termination condition is satisfied.,0.0465753424657534,2.117808219178082,-0.2950604085851209,0.1926092004704508
2130,-3.5342590891358747,1.2617306280816964,-0.8040110209585273,0.6697822310466454,0.5801269302846681,True,6.37328865512227e-05,0.0006674528197417507,0.0033702114990012935,0.001932964558950787,538,,`gtol` termination condition is satisfied.,0.0438356164383561,2.115068493150685,-0.2985840809490656,0.1957122408657145
2131,-3.5385272615991514,1.2591261177305542,-0.804495388340503,0.6610641794676767,0.5821363271303277,True,5.341396902023696e-05,0.000668631560878255,0.003096640395745286,0.0017581400308018596,535,,`ftol` termination condition is satisfied.,0.0410958904109589,2.112328767123288,-0.2989220938685566,0.1953742279462235
2132,-3.552634220664018,1.2610226328698637,-0.7992177836040367,0.6766693859535601,0.5730416288377159,True,6.009237782121427e-05,0.0006768556717534185,0.002427653741028619,0.0015884340758688842,525,,`ftol` termination condition is satisfied.,0.1150684931506849,2.1095890410958904,-0.2912875926000755,0.194181270871662
2135,-3.5003727144451795,1.2126150453999072,-0.8088189773585921,0.6734367078341332,0.5672788700137587,True,7.590435097369883e-05,0.0008375421446401688,0.0025028213073081122,0.0016544224424841953,530,,`ftol` termination condition is satisfied.,0.1068493150684931,2.1013698630136988,-0.297480422141434,0.1986873119612925
2136,-3.5281680554053985,1.2304008828684099,-0.8059753329112174,0.6669498321784176,0.5710789955210143,True,4.616725440577092e-05,0.000643513632153912,0.0022748083925674813,0.0015413706539914023,527,,`gtol` termination condition is satisfied.,0.1041095890410958,2.0986301369863014,-0.2999516941432275,0.1921760979997588
2137,-3.4997701575791114,1.2138173731536261,-0.8116853256255246,0.6576343157321893,0.5737134493993002,True,4.492173245042999e-05,0.0006547672611830922,0.002468902312985632,0.0015820548795357084,527,,`ftol` termination condition is satisfied.,0.1013698630136986,2.095890410958904,-0.2955760067204426,0.1965964813572875
2138,-3.409026069844141,1.164920256488331,-0.8262953200567438,0.6412767512575809,0.5757175073950843,True,6.256084417544223e-05,0.0006553112846988689,0.0029859058369831348,0.0017982808781454164,531,,`ftol` termination condition is satisfied.,0.0986301369863013,2.0931506849315067,-0.2979692456617941,0.1986205032113696
2139,-3.3421406755468115,1.1235925637009625,-0.8284927299846953,0.686781134025206,0.555162242955408,True,7.877746771386065e-05,0.0006798523541908902,0.003153474401181388,0.0019462007142665276,535,,`ftol` termination condition is satisfied.,0.0958904109589041,2.0904109589041098,-0.2976714675569812,0.1995020670406821
2142,-3.407953989996398,1.1700018575564382,-0.8288857268953048,0.6720786065227882,0.556114941210897,True,4.892669386620053e-05,0.0005738541427948747,0.002692450243881491,0.0015609623481313397,531,,`ftol` termination condition is satisfied.,0.0876712328767123,2.0821917808219177,-0.2989864214029494,0.1983741307729335
2143,-3.4086028305598313,1.1561694464393673,-0.8190817202665798,0.6391202723074609,0.5745740273588429,True,6.207385089638506e-05,0.0006135593663296277,0.0030969265754504246,0.001820607489010634,534,,`gtol` termination condition is satisfied.,0.084931506849315,2.0794520547945203,-0.2997320239354392,0.1971801135898491
2144,-3.473214621071679,1.1961756343710968,-0.8170640945145801,0.6796074576766599,0.5628565184332575,True,4.7448864837941716e-05,0.0006446610600830817,0.0024191027872989164,0.0015639517529170677,523,,`ftol` termination condition is satisfied.,0.0821917808219178,2.0767123287671234,-0.2982217942213151,0.1996926046584898
2145,-3.438053539637209,1.1861084861880193,-0.8025254344777302,0.6440918389377303,0.5858584656639555,True,7.091249287632253e-05,0.0007341649332535758,0.0028302750470063794,0.0018636588000814466,528,,`ftol` termination condition is satisfied.,0.0794520547945205,2.073972602739726,-0.298038529562687,0.1962577922520931
2146,-3.4686010355133092,1.2172138121706904,-0.804443878716743,0.6354299764309193,0.5905004193441573,True,4.284031777774157e-05,0.0005215180012891897,0.0027835115939117737,0.0015899154853507406,523,,`ftol` termination condition is satisfied.,0.0767123287671232,2.0712328767123287,-0.2989793164540127,0.1982519535447314
2149,-3.4739272531632204,1.208193249275239,-0.8005141695466377,0.6376520726847488,0.590750938253066,True,5.296609052108737e-05,0.0006636435492830583,0.0028391031067148014,0.0016827972490802917,509,,`ftol` termination condition is satisfied.,0.0684931506849315,2.063013698630137,-0.2972554639699075,0.1970408578448726
2150,-3.4633102179739854,1.1945738387779863,-0.8060122779665161,0.6787156147233896,0.5718324353920018,True,4.4885654670918294e-05,0.0005832400342900728,0.0025119967205146656,0.001435101926884638,509,,`gtol` termination condition is satisfied.,0.0657534246575342,2.0602739726027397,-0.2971118240338358,0.1998197991134632
2151,-3.4719981635548223,1.219256880448449,-0.8040193510942489,0.6644775971732912,0.5797128030743702,True,4.387865776755238e-05,0.0005370844957893007,0.0028534994886705513,0.001528722122662596,509,,`gtol` termination condition is satisfied.,0.0630136986301369,2.0575342465753423,-0.2990038191848696,0.1979039293009637
2153,-3.480235735542022,1.2360717301995163,-0.7922379457274199,0.7046684816763178,0.5661201167989087,True,0.00017073274579897752,0.0010536657519595954,0.003389517737625124,0.0023017023130064195,483,,`gtol` termination condition is satisfied.,0.0575342465753424,2.052054794520548,-0.2993760650606878,0.1964504484860309
2156,-3.4443994597584378,1.2065500864553207,-0.8094130419384711,0.6722138877988144,0.571412316050993,True,4.640612957567757e-05,0.0006799597494705658,0.0025644787630577652,0.0014850792698461075,507,,`gtol` termination condition is satisfied.,0.0493150684931506,2.043835616438356,-0.2985396011673741,0.1994313733946801
2157,-3.516962474226961,1.2392919173854235,-0.797443717013343,0.6521501861393061,0.5884915831622194,True,5.077640696853442e-05,0.0005735013434098761,0.0028463311750358713,0.0015691352317573394,499,,`gtol` termination condition is satisfied.,0.0465753424657534,2.041095890410959,-0.2941913953406052,0.1927015240215677
2158,-3.4785391909348715,1.2208471868838882,-0.7925340614717634,0.6685173888524892,0.583733524139623,True,4.0261581088885194e-05,0.000547377801043326,0.002940980456810044,0.001571378341098827,504,,`gtol` termination condition is satisfied.,0.0438356164383561,2.0383561643835617,-0.2995176894739794,0.1984685926987102
2159,-3.4134234808987283,1.1769659623208188,-0.8032932054438674,0.6475287620357896,0.5890427844329238,True,3.7165192013635834e-05,0.0005117114453433365,0.004209474348277874,0.0018222118513383325,500,,`ftol` termination condition is satisfied.,0.0410958904109589,2.0356164383561643,-0.2977802171124643,0.1998136016528916
2160,-3.4985595249042274,1.2227138841580139,-0.8072082100569011,0.6815848757365457,0.5728731531024057,True,4.036465207294307e-05,0.0005257088095961643,0.002197466539120868,0.0012567219432666713,489,,`gtol` termination condition is satisfied.,0.1150684931506849,2.032876712328767,-0.299122563415796,0.1980530062219783
2163,-3.4775247354722847,1.2259670866752832,-0.8077748564778647,0.6657066356000665,0.5770026194511909,True,2.6674726775504317e-05,0.00042092730390276377,0.001993725392067178,0.0012223128200382714,491,,`ftol` termination condition is satisfied.,0.1068493150684931,2.0246575342465754,-0.2991081982660103,0.1987512092007665
2164,-3.4054455873699014,1.179201685627313,-0.8184891084147666,0.6645140933742708,0.5726983870960021,True,2.3613318574830174e-05,0.000391734508499331,0.00196995054887273,0.0011322287410286576,494,,`ftol` termination condition is satisfied.,0.1041095890410958,2.021917808219178,-0.2976350239436903,0.1998687322563636
2165,-3.35779232446806,1.1471348713251086,-0.8246859371552567,0.6341372309410155,0.5805524519679605,True,5.166195096015766e-05,0.0005949426672482731,0.002854078634924474,0.0015660239828769805,496,,`gtol` termination condition is satisfied.,0.1013698630136986,2.0191780821917806,-0.2982777549674364,0.1986024228784925
2166,-3.361170900782434,1.1479127434800371,-0.8210095139216408,0.6404027978678624,0.5791477187156844,True,5.405395652935551e-05,0.0006355220093145442,0.0026423214432745243,0.001530453019786875,497,,`ftol` termination condition is satisfied.,0.0986301369863013,2.0164383561643837,-0.2990003772657766,0.1979308425427114
2167,-3.22529297795478,1.0636318836876526,-0.8234542936542523,0.6332570535954006,0.5878944623579887,True,7.275654826702602e-05,0.0006722686541266781,0.0036783467389055495,0.0017434130912849588,501,,`ftol` termination condition is satisfied.,0.0958904109589041,2.0136986301369864,-0.2980891914760142,0.1990959086669368
2170,-3.26703796834972,1.1052556418856823,-0.8271622971501403,0.6464129993389178,0.5755026337193168,True,4.966784964321697e-05,0.0005093934159290666,0.004424898311855912,0.0019016619746223822,495,,`gtol` termination condition is satisfied.,0.0876712328767123,2.0054794520547947,-0.2999731148284694,0.1974072815184353
2171,-3.336001857783098,1.1398330069267877,-0.8306259746160473,0.6244500610025462,0.5865934869875264,True,4.634102926486761e-05,0.00048804636630653275,0.0038641255762243594,0.0017676430121322448,496,,`ftol` termination condition is satisfied.,0.084931506849315,2.002739726027398,-0.2999309297908561,0.1999159503387257
2172,-3.430381884556679,1.1831499403646706,-0.8151573997534723,0.6803405302380175,0.5688822168359563,True,3.0305486801197777e-05,0.0004986621130949118,0.0030072052701860825,0.0015240037702696201,485,,`ftol` termination condition is satisfied.,0.0821917808219178,2.0,-0.2960863649168598,0.197071112238781
2173,-3.364099165819881,1.1434936990121458,-0.7827909197407582,0.7220264704851507,0.5690991058862234,True,0.00015095610064660487,0.0011731828833430483,0.004522144418729682,0.0028344832666406697,470,,`ftol` termination condition is satisfied.,0.0794520547945205,1.9972602739726024,-0.293779659048332,0.1950559287482539
2174,-3.274956132697368,1.104956611262442,-0.8325120293650294,0.6711364621937791,0.5659952476481718,True,9.047028399070344e-05,0.0006522922667623918,0.003317565170472734,0.0021212824878982304,481,,`ftol` termination condition is satisfied.,0.0767123287671232,1.9945205479452055,-0.2939391523636259,0.1992968898152301
2177,-3.3360283411244076,1.1223086254466952,-0.8532508559270718,0.6789047750320724,0.5444252349097011,True,5.592423503722017e-05,0.0006777915768289987,0.002261589501920831,0.0014931597107760207,509,,`ftol` termination condition is satisfied.,0.0684931506849315,1.9863013698630136,-0.2990382017362905,0.1981353328613729
2178,-3.404837060640233,1.1689476882617134,-0.836481591542353,0.6866594632603167,0.5499355062322155,True,2.7507425097415466e-05,0.0004404385338435905,0.0022685901948572076,0.0013831879110934944,506,,`ftol` termination condition is satisfied.,0.0657534246575342,1.9835616438356165,-0.2989137965554759,0.1978671741488834
2179,-3.454037032241856,1.1746563096003635,-0.8331136761751612,0.6854085455160326,0.5594713962975295,True,6.10308339812618e-05,0.0009109243197034153,0.0024295216985799756,0.0015290247615106422,575,,`gtol` termination condition is satisfied.,0.0630136986301369,2.997260273972602,-0.299096609785164,0.1991738010495192
2180,-3.4575340931514353,1.1873158417341985,-0.8106719785247047,0.7247102655710762,0.5529603465434886,True,0.00015047542541906072,0.0011387998369247847,0.0027515691565914665,0.0019408486907361465,559,,`gtol` termination condition is satisfied.,0.0602739726027397,2.9945205479452053,-0.2997796006280996,0.1950634726051029
2184,-3.4612297354087085,1.2079906247814909,-0.8419990647938409,0.6169832701448387,0.5887211696046568,True,0.00013315038235677966,0.0009417885822465186,0.0036465134250666252,0.002214470815902561,566,,`ftol` termination condition is satisfied.,0.0493150684931506,2.9835616438356163,-0.2998758406775678,0.1982643624254702
2185,-3.4975789026350452,1.2148795632727694,-0.840556208130256,0.649824948572623,0.5759911733689482,True,7.851578404623159e-05,0.0009249918774887585,0.002407794266186261,0.001570615303357651,567,,`gtol` termination condition is satisfied.,0.0465753424657534,2.9808219178082194,-0.2985691055358913,0.1986560781633829
2186,-3.460520682356539,1.200559740709793,-0.8338316210805494,0.61618990539322,0.5954928917062033,True,8.525484317697856e-05,0.0008687531555454286,0.003278661840685866,0.001992275788919343,566,,`ftol` termination condition is satisfied.,0.0438356164383561,2.978082191780822,-0.2991334524834886,0.199914630483818
2187,-3.429126596779423,1.1849050115158957,-0.8531355203566867,0.6342399457682019,0.5822423914322782,True,0.0001180796122897123,0.0009492550424880327,0.004359607249319652,0.002352005642230369,565,,`ftol` termination condition is satisfied.,0.0410958904109589,2.9753424657534246,-0.2988146971829844,0.1997338571198881
2191,-3.3392670670773774,1.1327210575413924,-0.857989556362731,0.6419845329709815,0.5682092922890011,True,0.00011929009312676588,0.0009738765311512192,0.0038328206122507924,0.002273851596251344,561,,`ftol` termination condition is satisfied.,0.1260273972602739,2.9643835616438357,-0.2998774825928768,0.1969992991476052
2192,-3.3751014279261904,1.1659863220903313,-0.863510758236465,0.5924484163166418,0.5903872335082772,True,0.00017408998682036343,0.000988433298533935,0.004290726056347429,0.0024862579389083976,552,,`ftol` termination condition is satisfied.,0.1232876712328767,2.9616438356164383,-0.297504606775045,0.1996689278226184
2193,-3.320810105527938,1.1295503814485248,-0.8674717417632223,0.5984634691682615,0.5831935965770758,True,0.00015407283286343035,0.001139235682146139,0.004811492705268467,0.0026249095112291752,551,,`ftol` termination condition is satisfied.,0.1205479452054794,2.958904109589041,-0.2976054732485928,0.1996337488773952
2194,-3.1981478672011834,1.0655228097149658,-0.8564439193095383,0.6527594548601467,0.561189971121912,True,0.0002591091087471912,0.001118938869950785,0.006778284325658144,0.003614590172591452,543,,`ftol` termination condition is satisfied.,0.1178082191780822,2.956164383561644,-0.298530336169749,0.197906550144142
2195,-3.1393995244113047,1.0257740955368777,-0.8469724727461219,0.6374157906740023,0.5750481266901938,True,0.00021099290451780328,0.001016478994080681,0.006275939836439444,0.0032292495685793984,542,,`ftol` termination condition is satisfied.,0.1150684931506849,2.9534246575342467,-0.2961599516192186,0.1982653200171295
2198,-3.202484144071767,1.0845753965691507,-0.8443089652457828,0.6157041307787183,0.587690688978799,True,0.00027754230618058466,0.0011808258798023153,0.00609715485585725,0.0033075681613461676,530,,`ftol` termination condition is satisfied.,0.1068493150684931,2.9452054794520546,-0.2974755021670557,0.1989613841468355
2199,-3.2321027328335945,1.0921308073174945,-0.866427305019537,0.627371977408827,0.5644586172684136,True,0.0001437554406585237,0.0009293720001725846,0.004188751475948595,0.00231385718310989,529,,`ftol` termination condition is satisfied.,0.1041095890410958,2.9424657534246577,-0.2998320295549448,0.1994114464796927
2200,-3.12930286023667,1.0609009592064929,-0.8485914794581277,0.6346214710928729,0.5693207709024082,True,0.0002581344523466404,0.0012273615859391162,0.006236603283848946,0.003410732580589849,523,,`ftol` termination condition is satisfied.,0.1013698630136986,2.9397260273972603,-0.2974316434633821,0.1950448416344121
2201,-3.201961451391952,1.0866947431148737,-0.8832627728363784,0.7114246395660252,0.5188883054173169,True,0.0002959502865019111,0.0015943908647191693,0.005995635374259818,0.003735964033195262,498,,`ftol` termination condition is satisfied.,0.0986301369863013,2.936986301369863,-0.2960357601390482,0.1948424415703283
2202,-3.103688834987033,1.0302076310414012,-0.857888439399178,0.6486419586536349,0.5680385400706113,True,0.00030598748378271205,0.0013178339785739404,0.005901300684524242,0.0034369628517542427,527,,`ftol` termination condition is satisfied.,0.0958904109589041,2.9342465753424656,-0.2991448503185443,0.198942220999611
2206,-3.116420612458707,1.0368850349382739,-0.869856370415943,0.6387684235210244,0.5647467997886244,True,0.0002582738599657085,0.001123666926637576,0.006319713874932806,0.0035831682903192208,556,,`ftol` termination condition is satisfied.,0.084931506849315,2.9232876712328766,-0.2983024225671835,0.1999678933931788
2207,-3.0668811101226643,1.0170731985331039,-0.8540148201356318,0.6610421504070042,0.5582538719331167,True,0.00022479747511443114,0.0010805837993291773,0.00654226775755955,0.003633538129705671,552,,`ftol` termination condition is satisfied.,0.0821917808219178,2.9205479452054797,-0.2913319773946847,0.1994930204419013
2208,-3.0619377692161613,1.0212565353135115,-0.8449217109304877,0.5987579961682853,0.5911096968017164,True,0.00020806820316700752,0.0012010737867687528,0.006243551593103728,0.003351094837588625,554,,`ftol` termination condition is satisfied.,0.0794520547945205,2.9178082191780823,-0.2947435870671688,0.1976073926790571
2209,-3.17514327171209,1.0928984623728955,-0.8349666049266936,0.6264307914240571,0.5771548639779355,True,0.0001774493958409892,0.0010322869968085449,0.0050894066947599,0.002933023416515023,550,,`ftol` termination condition is satisfied.,0.0767123287671232,2.915068493150685,-0.2968213458864688,0.1978318098960312
2212,-3.125792586137546,1.0609668522303968,-0.8343482918389091,0.5902291626801547,0.5928009741320165,True,0.0002734709705001097,0.0011305981603967332,0.006861264222078963,0.0037626574166315986,547,,`ftol` termination condition is satisfied.,0.0684931506849315,2.9068493150684933,-0.2995792514541714,0.1967353421702672
2213,-3.1708368784777887,1.0638277533156284,-0.8393287592127084,0.6368506100489322,0.5601651630811227,True,0.0001411283169559497,0.0013535848282565659,0.0047103568558200795,0.002628814482856692,544,,`ftol` termination condition is satisfied.,0.0657534246575342,2.904109589041096,-0.2985962290271678,0.1995571176705979
2214,-3.14777941285458,1.066956171311874,-0.8392614734070847,0.6111037099922042,0.5782774775985988,True,0.0002726971572284754,0.0013367243474786254,0.006858512259660747,0.0037971243214225967,542,,`ftol` termination condition is satisfied.,0.0630136986301369,2.9013698630136986,-0.2987380955725686,0.1997994882525764
2215,-3.1731951656960664,1.0722910880452843,-0.839739514614612,0.6218695015661341,0.5748557010494043,True,0.00018565996804775862,0.0010370899572880081,0.00601872496772215,0.0032399336221066543,536,,`ftol` termination condition is satisfied.,0.0602739726027397,2.8986301369863012,-0.2954397713350866,0.1976887354731266
2216,-3.268275969993406,1.1205363295363608,-0.8409139887980412,0.6416692267725308,0.5680221284090351,True,0.00018234222666740327,0.0012425850529753076,0.005114332595372273,0.0029566118902235594,533,,`ftol` termination condition is satisfied.,0.0575342465753424,2.8958904109589043,-0.2980990944645396,0.1983377918493515
2219,-3.259483939436585,1.1077294899716652,-0.856790349899116,0.6016526002413409,0.5809951358015105,True,0.00011610404946702685,0.0009052827340592673,0.004605491801147064,0.002480355418513678,529,,`ftol` termination condition is satisfied.,0.0493150684931506,2.887671232876712,-0.2983627708517135,0.1980741154621776
2220,-3.187319012861349,1.0841915267773108,-0.8685431055758465,0.6217164554975495,0.5665473503364575,True,0.00020624242251735979,0.0011146647156456762,0.0060473839632644395,0.003371244824623315,529,,`ftol` termination condition is satisfied.,0.0465753424657534,2.884931506849315,-0.2967593018989787,0.1957171831988153
2221,-3.1911299620709412,1.0814202255356409,-0.8826243939867227,0.5876809297015589,0.5801443959552703,True,0.00015858045968153095,0.000962478665022764,0.005992851008224314,0.0030184484347177127,528,,`ftol` termination condition is satisfied.,0.0438356164383561,2.882191780821918,-0.29725312598461,0.1997844660352608
2222,-3.1584891075092347,1.0646199848290891,-0.8789516717403829,0.6422150678199772,0.550430475532995,True,9.032663675528918e-05,0.0009174401522219484,0.004324624950743888,0.002341378618522004,531,,`ftol` termination condition is satisfied.,0.0410958904109589,2.8794520547945206,-0.2969417117609274,0.199954109981834
2223,-3.0969628147104182,1.0562400670447059,-0.8834622555866123,0.6278888029279708,0.5523188089901362,True,0.00021594105734820158,0.0010917202240133025,0.0058489679617076615,0.0032505646901781547,519,,`ftol` termination condition is satisfied.,0.1150684931506849,2.8767123287671232,-0.2975867428286597,0.1967229734145304
2226,-3.0203100403082526,1.0189465500445098,-0.8882201677871547,0.6082987543041767,0.5578989321071108,True,0.0002516091944417452,0.0012840769876058453,0.006535640637474343,0.003549696384568842,515,,`ftol` termination condition is satisfied.,0.1068493150684931,2.8684931506849316,-0.297658369662481,0.1988734091465978
2227,-3.001147624083322,1.0014828414632684,-0.8778462082644647,0.5956780084036515,0.5704156582942256,True,0.0002213696301077866,0.001099915303575253,0.006247963774636363,0.003320805501562604,514,,`ftol` termination condition is satisfied.,0.1041095890410958,2.8657534246575342,-0.2952781963794756,0.1989043867469059
2228,-2.995773322981919,1.0020023229854327,-0.8770175499025549,0.6311103743186296,0.5517385219649216,True,0.000195111504785617,0.0009584399564541393,0.005928318074369198,0.003128849935636723,512,,`ftol` termination condition is satisfied.,0.1013698630136986,2.863013698630137,-0.2940739267463781,0.1997252759150659
2229,-2.9283567162742608,0.9805659816733688,-0.8808881969462421,0.6260845317709053,0.5568614694638405,True,0.00022067917649010936,0.0010310717659932482,0.00575597486812182,0.0030137264383133383,505,,`ftol` termination condition is satisfied.,0.0986301369863013,2.8602739726027395,-0.2995528161734495,0.1960633889290124
2230,-2.9701150189567267,1.019039522825778,-0.8705173861357448,0.6207715746395062,0.566419384305363,True,0.0001665380407590523,0.0009118871186018675,0.004827416280699545,0.0026782137120573554,511,,`ftol` termination condition is satisfied.,0.0958904109589041,2.8575342465753426,-0.2925507927278367,0.1992783244957607
2234,-3.0384240925337336,1.0580380738942083,-0.8698893131479314,0.6098440210931332,0.5724952113585731,True,0.00020562973367850226,0.001067237166087377,0.005132585759360128,0.0028768481085880543,510,,`ftol` termination condition is satisfied.,0.084931506849315,2.8465753424657536,-0.2983166178018241,0.1999604307849786
2235,-3.1183770853075123,1.0907877706384348,-0.8630628108994317,0.6069379227575616,0.5795709709328182,True,0.00014591108673124283,0.0008469953493666406,0.004823665323726795,0.002638508982235817,509,,`ftol` termination condition is satisfied.,0.0821917808219178,2.8438356164383563,-0.2987280394500337,0.1977088468638573
2236,-3.1390593787648324,1.1060645869754508,-0.8640069727821195,0.6082115963180692,0.581507699169987,True,0.0001757224159247339,0.0012651375392460098,0.005264685503597953,0.0028648017575566855,502,,`gtol` termination condition is satisfied.,0.0794520547945205,2.841095890410959,-0.297924240008049,0.1972898016760531
2237,-3.162985521116589,1.1163459466995909,-0.8679841275448095,0.6325230198342142,0.5678154131559873,True,0.0001250415047871,0.000974773167600816,0.004329864531325457,0.0024716918412629116,499,,`ftol` termination condition is satisfied.,0.0767123287671232,2.8383561643835615,-0.2999729240294746,0.1977717365520682
2240,-3.2267338249257276,1.1450014637462764,-0.8538283381451718,0.6222442478820369,0.5778224262130415,True,0.00011313895864144581,0.0008654824699231429,0.004173594435686506,0.002361757807287688,491,,`ftol` termination condition is satisfied.,0.0684931506849315,2.83013698630137,-0.2999797483586928,0.1964571379551982
2241,-3.1680628564056965,1.1127438053783765,-0.8574563536942003,0.6124483718011327,0.5833463230026649,True,0.00013277177852969065,0.0009485754769180186,0.004730920569167615,0.00261816993363346,495,,`ftol` termination condition is satisfied.,0.0657534246575342,2.8273972602739725,-0.2972454411523343,0.1963877652721265
2242,-3.1902110569550106,1.118159998887334,-0.8594538436263718,0.6332700789817853,0.5714120270415909,True,9.323279204682231e-05,0.0008198728243288161,0.004666745467948711,0.0023562129038277825,489,,`ftol` termination condition is satisfied.,0.0630136986301369,2.824657534246575,-0.2960887599651698,0.1990505636157695
2243,-3.248094913025504,1.15660924235696,-0.8544567333598234,0.6288925935685482,0.5771929421991115,True,9.045119853119305e-05,0.0007790158697391049,0.00402256393523139,0.002204024727333643,489,,`ftol` termination condition is satisfied.,0.0602739726027397,2.8219178082191783,-0.2961808597013904,0.1944672350538469
2244,-3.230101680270576,1.146928222483868,-0.8484722882627103,0.6208538604117704,0.5848366810449859,True,0.00010273771248183638,0.0007814803001906715,0.005132988026303237,0.0025534754379235116,487,,`ftol` termination condition is satisfied.,0.0575342465753424,2.819178082191781,-0.2936777294263038,0.1979718429885417
2247,-3.2083077089092984,1.1408867735174357,-0.8543182099524884,0.6272981408241235,0.5815744288218422,True,0.00015065683656905512,0.0008729859402707729,0.006935654672562364,0.003239925629282896,486,,`gtol` termination condition is satisfied.,0.0493150684931506,2.8109589041095893,-0.2963259763315926,0.1986697255398567
2248,-3.322738358355928,1.191928461251556,-0.8538390374475765,0.642636179059367,0.5746270280300915,True,7.091684164757247e-05,0.0006198408536595925,0.004026202640962189,0.0019953098240658934,484,,`gtol` termination condition is satisfied.,0.0465753424657534,2.808219178082192,-0.2982477392961198,0.1954912635648703
2249,-3.3481284937500124,1.201423228117645,-0.841541183770697,0.6322683509123974,0.5813607843584042,True,7.872978509483264e-05,0.0008690227204283336,0.0039387422477199585,0.0021251611161279323,483,,`ftol` termination condition is satisfied.,0.0438356164383561,2.8054794520547945,-0.2954797175145608,0.1997145078422536
2250,-3.3834122802692748,1.212378114546835,-0.8413171019604617,0.6417356387438897,0.5765292084448224,True,8.212273894324357e-05,0.0008065843831960899,0.004588884998502483,0.002291207370223642,482,,`gtol` termination condition is satisfied.,0.0410958904109589,2.802739726027397,-0.2992130927547118,0.1995546077009435
2251,-3.3794987472675873,1.200694860415444,-0.8455036195322604,0.6060427191015739,0.5978243279964072,True,8.425473835137739e-05,0.0007724203166162959,0.0036690967741071223,0.002055074256818417,471,,`ftol` termination condition is satisfied.,0.1150684931506849,2.8,-0.2967861914964976,0.1966476895576238
2254,-3.381431207922975,1.1993423436846888,-0.8475218480928662,0.6255937898044127,0.5865167617419837,True,8.201898277976404e-05,0.0007566554931421977,0.003945867643693457,0.0021278525942760333,474,,`ftol` termination condition is satisfied.,0.1068493150684931,2.791780821917808,-0.2989793933108654,0.1944544877432561
2255,-3.316706839584149,1.1642373116446,-0.8602054933720724,0.5994820120635538,0.5952124698176247,True,9.262782134430391e-05,0.0007247058541614282,0.004032424055140188,0.002155013766344001,477,,`ftol` termination condition is satisfied.,0.1041095890410958,2.789041095890411,-0.2997556131447916,0.1992496378654279
2256,-3.3244649543084495,1.1728053853061486,-0.85144518595368,0.6152825062204335,0.5902819005150607,True,7.708967746673494e-05,0.0007285527608109384,0.003988536233267886,0.0020811169515370554,471,,`ftol` termination condition is satisfied.,0.1013698630136986,2.786301369863014,-0.2981710643192516,0.1971877561386336
2257,-3.3238167599375403,1.1705592904746598,-0.858839072862213,0.6077660008946699,0.5912583520182284,True,7.256284240639876e-05,0.0007108550151668696,0.003174305329338737,0.0018480726656655614,467,,`ftol` termination condition is satisfied.,0.0986301369863013,2.783561643835617,-0.2981735201534479,0.1960615671019218
2258,-3.389544472298228,1.2026565790096997,-0.8524327764758572,0.6220436079398369,0.5896697801794873,True,6.413228091327042e-05,0.0006938984677937142,0.0028221258929928997,0.001697389298360731,469,,`ftol` termination condition is satisfied.,0.0958904109589041,2.780821917808219,-0.2970322615653367,0.1999354029874373
2261,-3.398150336065173,1.2057686356193071,-0.8524263279852543,0.5997424041725425,0.5987402014935338,True,7.451731980113267e-05,0.0007344561312335877,0.0030618807038469147,0.0018170112362223085,464,,`ftol` termination condition is satisfied.,0.0876712328767123,2.7726027397260276,-0.2964455356553106,0.1948939912331898
2262,-3.396929124131028,1.2009139173757213,-0.8521059477822747,0.6219967571861877,0.5872399086086622,True,6.398402800540652e-05,0.000749992041298493,0.0030874177847861795,0.001810420368463098,463,,`ftol` termination condition is satisfied.,0.084931506849315,2.76986301369863,-0.2952248492155798,0.1960557751172244
2263,-3.460065792580077,1.2205615326659949,-0.8499932277215004,0.5898088415166637,0.6033859576422973,True,7.427201835356122e-05,0.0007526657993316315,0.0031691329315677195,0.001848793304847015,460,,`ftol` termination condition is satisfied.,0.0821917808219178,2.767123287671233,-0.2995329944614691,0.1998395532003194
2264,-3.505554542385267,1.2163673877207002,-0.844647216480677,0.6368792151145874,0.5859513590897606,True,6.639452394651915e-05,0.000830838244609376,0.003004075559076811,0.0017785492622274801,448,,`ftol` termination condition is satisfied.,0.0794520547945205,2.7643835616438355,-0.2953785379542261,0.1956833785560183
2265,-3.5002680498064143,1.2191155685687687,-0.8425322245893917,0.6089861532800569,0.6007712119835824,True,8.046738804665121e-05,0.0008229293902166507,0.003788762078100994,0.001973862782962836,460,,`ftol` termination condition is satisfied.,0.0767123287671232,2.7616438356164386,-0.2989382052378438,0.199102952964683
2268,-3.516898480633,1.2316216104648545,-0.8449384737111879,0.6382420881999079,0.5851676503228866,True,8.225211569914566e-05,0.0007602194994587951,0.0029769015818608396,0.0016749081854240452,550,,`ftol` termination condition is satisfied.,0.0684931506849315,2.7534246575342465,-0.2987144928471917,0.1993966881104892
2269,-3.518267171141275,1.2389356499563495,-0.8433335309677571,0.6167168263541949,0.5975766616533349,True,7.682358773109253e-05,0.0007015197635316262,0.0028133048712012123,0.0017020141166678888,547,,`gtol` termination condition is satisfied.,0.0657534246575342,2.750684931506849,-0.2990356217014684,0.1992353444804848
2270,-3.5012602069867484,1.2224567362155554,-0.8186143598313916,0.6121848342177504,0.613718046503834,True,0.00020153488106689572,0.0012821946229716063,0.004445793912362582,0.0028630977164208525,532,,`ftol` termination condition is satisfied.,0.0630136986301369,2.747945205479452,-0.2952543285884146,0.1958571121603057
2271,-3.480645032661481,1.2055400439678388,-0.8485651522120686,0.5965190387016714,0.6045093939751932,True,0.0003123387311969589,0.0012470141964148068,0.004290178794539936,0.0027801679195223325,532,,`ftol` termination condition is satisfied.,0.0602739726027397,2.745205479452055,-0.2941383361704324,0.1939284449722071
2275,-3.485062837045711,1.2059105015266147,-0.8411652276890168,0.6159412273326298,0.5950697800106378,True,6.619811745295904e-05,0.0007458001536719667,0.003026327035510869,0.0017626715864316144,543,,`ftol` termination condition is satisfied.,0.0493150684931506,2.734246575342466,-0.2944119842719739,0.1963425651956342
2276,-3.5422852073086073,1.2397059399117962,-0.8290539959894185,0.6375115829397514,0.5867078244504722,True,7.804429831341476e-05,0.0007677181349534979,0.0031632685374782,0.0017713480793737743,534,,`gtol` termination condition is satisfied.,0.0465753424657534,2.7315068493150685,-0.2980125247752456,0.1980230739440942
2277,-3.5825123626683335,1.2534255932397667,-0.8012442754133181,0.6513715642771387,0.5989240630488195,True,0.0001569316791610995,0.001130212872240778,0.004133805533087382,0.002677564282679695,509,,`ftol` termination condition is satisfied.,0.0438356164383561,2.728767123287671,-0.2963480995024041,0.1942748169460671
2278,-3.5611443144297086,1.2378484495790119,-0.8119521317651127,0.6472800233654927,0.5925749449965283,True,9.591100774716539e-05,0.0007989436601373692,0.0032377122980799342,0.0019525585581523588,528,,`ftol` termination condition is satisfied.,0.0410958904109589,2.7260273972602738,-0.2943919394182893,0.196230977030182
2279,-3.588022435045494,1.2501824019426364,-0.8233367592790298,0.6616339038929533,0.576855222727847,True,9.141413747631778e-05,0.0008461901716269183,0.002989592994075676,0.001731662155432457,527,,`gtol` termination condition is satisfied.,0.1342465753424657,2.723287671232877,-0.2955831326260066,0.1993066601113743
2282,-3.547680467108896,1.227965159256698,-0.8280737316811173,0.6427253162698512,0.5827648353268495,True,8.46789402692616e-05,0.0007788551702676653,0.002889729816356672,0.0017090331702336425,525,,`ftol` termination condition is satisfied.,0.1260273972602739,2.7150684931506848,-0.2973039545984055,0.1933189618500657
2283,-3.4786508016516366,1.199057637525454,-0.8345344022547022,0.6480139589901407,0.5815402452400241,True,8.51286688966079e-05,0.0008734667988300709,0.002573503811650733,0.0016446640865957287,530,,`ftol` termination condition is satisfied.,0.1232876712328767,2.712328767123288,-0.2989664362622672,0.1973801983351792
2284,-3.5367547412468956,1.2316271227793922,-0.8252328588786704,0.659949387623392,0.5800650966481506,True,9.863269190091281e-05,0.0008208596601010365,0.0028083538530991456,0.0017261626565883829,523,,`ftol` termination condition is satisfied.,0.1205479452054794,2.7095890410958905,-0.2982457243945408,0.1923771920539304
2285,-3.438268067437905,1.1874605894822137,-0.829256574062634,0.6451872026740875,0.5868777237542293,True,9.176671931333038e-05,0.0009468733496624459,0.002810516709094156,0.0017275841642194892,533,,`ftol` termination condition is satisfied.,0.1178082191780822,2.706849315068493,-0.2972869614215081,0.1996569115881234
2286,-3.4659280597563513,1.1933144890983065,-0.8278811747110226,0.656945750936427,0.582034463677456,True,9.55085171068492e-05,0.0008770621016972864,0.0028276120667652224,0.0016703748811470436,529,,`ftol` termination condition is satisfied.,0.1150684931506849,2.704109589041096,-0.2997522553973663,0.19655245448822
2289,-3.435709841005499,1.1795218420169733,-0.8393442995088958,0.6446450992101113,0.5816968776033438,True,0.00016730640951969733,0.001098605437434348,0.0032636956764767904,0.0022427872305384668,508,,`ftol` termination condition is satisfied.,0.1068493150684931,2.695890410958904,-0.2967158296365574,0.1998351572871739
2290,-3.493999144916019,1.1935903268572188,-0.833481391557712,0.6377173822788456,0.5877340871074941,True,0.00010542571397833907,0.0008818136737526317,0.003260632650729304,0.001825397912067634,518,,`ftol` termination condition is satisfied.,0.1041095890410958,2.6931506849315068,-0.29622633790192,0.1943965785465512
2291,-3.5431167158635866,1.2078971684694326,-0.8350743094511498,0.6487715099199858,0.5819196590781458,True,0.00011167942494108605,0.0008663704144832311,0.0037745131240524074,0.0020407623707917487,517,,`ftol` termination condition is satisfied.,0.1013698630136986,2.6904109589041094,-0.2980731644645931,0.1944212801910756
2292,-3.54568809295519,1.2094371458970965,-0.8261703880990716,0.6635472003896096,0.5773322102943957,True,0.00011387142268322425,0.000890273991959059,0.003972770997789963,0.0021344585757352855,516,,`gtol` termination condition is satisfied.,0.0986301369863013,2.6876712328767125,-0.2987741765806208,0.1938937995940335
2293,-3.5575362383259006,1.2271628088069657,-0.8125390085103116,0.6180791640441023,0.6069399371568499,True,0.0001831095126424762,0.00098208536305202,0.004336068073795721,0.0024783448516478178,488,,`ftol` termination condition is satisfied.,0.0958904109589041,2.684931506849315,-0.2993636751452981,0.1960121824892178
2296,-3.601279519415041,1.2443755587096692,-0.7956246844505633,0.6812237321660873,0.5782715715022956,True,0.0002127280910919658,0.0011254630344264432,0.003740645759158779,0.002425861684625046,517,,`ftol` termination condition is satisfied.,0.0876712328767123,2.6767123287671235,-0.2968919040690636,0.1979026168326054
2297,-3.6081040676556757,1.2492536285027578,-0.8070533228125603,0.6859183978543455,0.5728995300673918,True,0.00017789319251315365,0.0009759477041234441,0.003578188177824917,0.002299459290296124,521,,`ftol` termination condition is satisfied.,0.084931506849315,2.673972602739726,-0.2984652446371278,0.1958310771776523
2298,-3.6014429165912833,1.2416989821538362,-0.784624218723967,0.7103667147567575,0.5699823221822852,True,0.00020398736486300495,0.000997335430154076,0.004005458819153868,0.0025248243267875347,523,,`ftol` termination condition is satisfied.,0.0821917808219178,2.671232876712329,-0.2947071695836802,0.1922511905964037
2299,-3.545146090065544,1.226139506530022,-0.7954295475273293,0.7210786817947256,0.5623144449841623,True,0.00012252752369210275,0.0008660492967018325,0.0033357437788735502,0.002101858224197033,539,,`ftol` termination condition is satisfied.,0.0794520547945205,2.668493150684931,-0.2985542612390915,0.1986029085692327
2300,-3.554710054860363,1.2343622416520454,-0.8026617320696826,0.7239256839081681,0.5560696878885394,True,0.00013670761004543183,0.0008671255297957139,0.003982118002193976,0.0024057688653077855,536,,`ftol` termination condition is satisfied.,0.0767123287671232,2.665753424657534,-0.2952279303687246,0.1990683914460554
2303,-3.5358350915804797,1.2264794119052997,-0.7972058105372966,0.7277090192424767,0.5566698961333711,True,0.00012094002664274985,0.0008650919617600077,0.0033370721315136563,0.0021163582055644956,533,,`ftol` termination condition is satisfied.,0.0684931506849315,2.6575342465753424,-0.299033198449876,0.1976496147853836
2304,-3.5531384341369607,1.2309371060544236,-0.7964144885689423,0.7279092138717186,0.5566662552099989,True,0.00011538998298893027,0.0008140393482729819,0.003585077248638607,0.002201533986618672,532,,`ftol` termination condition is satisfied.,0.0657534246575342,2.654794520547945,-0.296554884471554,0.1977414373432261
2305,-3.568348412782171,1.2545035169366971,-0.8006562638772896,0.7124009927570374,0.5564502993340346,True,0.0002451163173423459,0.0011597148518679302,0.003766262097900711,0.00274772362656496,510,,`gtol` termination condition is satisfied.,0.0630136986301369,2.652054794520548,-0.2988528055642442,0.1960866561906662
2306,-3.515914998575034,1.211940050354713,-0.8052453318156273,0.7208369939651909,0.5565479205236289,True,9.500461372639334e-05,0.0007843668137527735,0.0027249696703147137,0.0017998230519034072,534,,`gtol` termination condition is satisfied.,0.0602739726027397,2.649315068493151,-0.2996560593155721,0.1954645191600934
2307,-3.4746733905200498,1.184066271150434,-0.8090932859623905,0.7197694934637598,0.558255807994087,True,9.628541458204018e-05,0.0008545541715456759,0.002754534055776374,0.0017780824561796985,531,,`ftol` termination condition is satisfied.,0.0575342465753424,2.6465753424657534,-0.2980047749064658,0.1971798794593761
2310,-3.5208411291871458,1.2106096256142471,-0.8029732857431234,0.7224367920645156,0.5598558735580997,True,9.520871755511694e-05,0.0008328764132208193,0.002993309295708797,0.001870689998381763,526,,`ftol` termination condition is satisfied.,0.0493150684931506,2.638356164383562,-0.2975893585749556,0.1950095313375126
2311,-3.4667121765521087,1.1865879819915337,-0.8146089543001757,0.7173792201320288,0.557889132703615,True,9.431464479570697e-05,0.0007674633941258833,0.002951148503994386,0.0017751470730945486,514,,`ftol` termination condition is satisfied.,0.0465753424657534,2.6356164383561644,-0.2964288497927572,0.194194066655714
2312,-3.4382530055289733,1.1745636414802632,-0.8153279416210248,0.719356795906414,0.5545511583430615,True,8.605800192313248e-05,0.0008575791734669892,0.0028714352310393963,0.0016865737634951116,528,,`ftol` termination condition is satisfied.,0.0438356164383561,2.632876712328767,-0.2974915521319304,0.1996819824657329
2313,-3.4300125403163744,1.1756984121495018,-0.813356572727754,0.7235627035326456,0.5540195801753027,True,9.388825227577688e-05,0.0008835558965935618,0.0029741391554900924,0.0017638415031018698,526,,`ftol` termination condition is satisfied.,0.0410958904109589,2.6301369863013697,-0.2986887644991048,0.195322986448779
2314,-3.459867820917647,1.1910247490865797,-0.8105792195974125,0.7207906445552008,0.5538183493047653,True,9.268277272478641e-05,0.0008526687713724068,0.0032712674739747236,0.0018350652329601096,518,,`gtol` termination condition is satisfied.,0.1150684931506849,2.627397260273973,-0.2997538745857563,0.197419660011907
2317,-3.4784931099637646,1.204374733670054,-0.8038594265585843,0.7302770586013022,0.5511248190377958,True,0.00017418724764571477,0.0010624907032152216,0.0030664564409751344,0.0019968904716745352,509,,`gtol` termination condition is satisfied.,0.1068493150684931,2.6191780821917807,-0.2955042270726238,0.1991798016392883
2318,-3.531089745608038,1.228467248436089,-0.8046242069594599,0.7200997353632256,0.5550171480983929,True,7.753071708044553e-05,0.0007497337592905763,0.003041144919127704,0.001802796970555611,501,,`ftol` termination condition is satisfied.,0.1041095890410958,2.6164383561643834,-0.2989020255203033,0.1946537133247542
2319,-3.4747284523601807,1.2009278549016305,-0.8114586453272706,0.7088408013032045,0.5598835287095774,True,0.00015287622991933924,0.0010771246149679165,0.0032003128633152998,0.0021904850126029246,505,,`gtol` termination condition is satisfied.,0.1013698630136986,2.6136986301369864,-0.2958538659439356,0.1947690505045356
2320,-3.497055835750055,1.2098885985304872,-0.8160333884666469,0.7071307002539976,0.557527986645265,True,6.981819706966837e-05,0.0007777433858142919,0.002614458276889627,0.0015908314557111782,498,,`ftol` termination condition is satisfied.,0.0986301369863013,2.610958904109589,-0.2969801071819,0.1936428092665711
2321,-3.468981067495911,1.191903681459676,-0.8230609371214086,0.7108035073467651,0.5549460204775768,True,7.267458478796862e-05,0.0008393757374892673,0.0026241783232341135,0.0016032642094350776,502,,`ftol` termination condition is satisfied.,0.0958904109589041,2.6082191780821917,-0.2986360341736691,0.1952303596493187
2324,-3.503423090821928,1.2082376598225488,-0.8258123994200768,0.6959348904095441,0.558694070915676,True,5.564621679949546e-05,0.000722356218818828,0.0025219252136296343,0.0014752129940973748,491,,`ftol` termination condition is satisfied.,0.0876712328767123,2.6,-0.2996176579327102,0.191005258515761
2325,-3.465828493904712,1.1838399906718253,-0.8338515009591074,0.7015040820830843,0.553402720252486,True,7.503015550578837e-05,0.0009458188365760159,0.002586201890694969,0.001620502542172355,498,,`ftol` termination condition is satisfied.,0.084931506849315,2.5972602739726027,-0.2992074737846938,0.199927613037413
2326,-3.4564231442424016,1.172817899360469,-0.8304521592575552,0.7013745271254457,0.5550948536857396,True,7.029887046454912e-05,0.0008396503556536111,0.002406173196949833,0.001547057366121199,496,,`ftol` termination condition is satisfied.,0.0821917808219178,2.594520547945206,-0.2982093546312637,0.1992183183859584
2327,-3.4337079350010495,1.1645266738627222,-0.8440438477767829,0.6942952657792606,0.5540625248227191,True,6.206752398716828e-05,0.000801315263647495,0.0025101121811503375,0.0015244257158766954,495,,`ftol` termination condition is satisfied.,0.0794520547945205,2.591780821917808,-0.2965173853016571,0.191928755273209
2328,-3.456528567494681,1.1825884291187205,-0.8280107157822924,0.702973782675386,0.5535809721195971,True,8.385438347234263e-05,0.0008366551662434722,0.003572528429322378,0.0020052447823944246,491,,`ftol` termination condition is satisfied.,0.0767123287671232,2.589041095890411,-0.2995404984123356,0.1963553858695616
2331,-3.452590475045544,1.1778851499476304,-0.824260386073891,0.7068952349508952,0.552709682106594,True,8.952026796890257e-05,0.0008740788260556235,0.0034700033490105073,0.0019877635194368104,492,,`gtol` termination condition is satisfied.,0.0684931506849315,2.580821917808219,-0.2998689257148833,0.1987634032957697
2332,-3.5320308004659604,1.2204098256733433,-0.8173742501623292,0.7051794489609047,0.5559976871399792,True,8.458537386379766e-05,0.0007498238267984761,0.0036465994436807314,0.0021745048403031164,477,,`ftol` termination condition is satisfied.,0.0657534246575342,2.578082191780822,-0.2981957666513682,0.1934778443744767
2333,-3.561890664513618,1.22929779707078,-0.8082885922455532,0.7162688519612311,0.5554398977519586,True,9.283368592606325e-05,0.0007957271791017182,0.004204879666323127,0.002338805405210339,475,,`gtol` termination condition is satisfied.,0.0630136986301369,2.5753424657534247,-0.2967028053684681,0.1975935164463119
2334,-3.573654024290211,1.2337887029400456,-0.8113296151621436,0.7058320094142398,0.5574307692480023,True,9.595621293666831e-05,0.0007685936555402885,0.004221816990328587,0.0024019755392122337,469,,`ftol` termination condition is satisfied.,0.0602739726027397,2.5726027397260274,-0.2976457782495166,0.1966505435652635
2335,-3.59531448670293,1.2390064745421323,-0.799547833135409,0.7271538594158284,0.5543532788821198,True,0.00011149727722042319,0.0009175571033333067,0.004740802334660546,0.002715356515405038,466,,`gtol` termination condition is satisfied.,0.0575342465753424,2.56986301369863,-0.2936663149936805,0.192153316273522
2339,-3.5551897526759593,1.2072778001849187,-0.8643183678928484,0.6869347388491037,0.5471883489982501,True,0.00019542930585254512,0.0013018336432608457,0.004794342944469823,0.0030754948716233722,458,,`ftol` termination condition is satisfied.,0.0465753424657534,2.558904109589041,-0.2994677489107888,0.1948285729039912
2340,-3.5709396417777284,1.2247820096894808,-0.8116012050440942,0.7065620996314385,0.5602505156336144,True,0.00010323151778729053,0.0008533114032860797,0.004226730215228877,0.002473603305854504,463,,`gtol` termination condition is satisfied.,0.0438356164383561,2.5561643835616437,-0.2926360538004036,0.1925410105213101
2341,-3.5800629059627838,1.233661786868701,-0.8180344423405453,0.6987051953856489,0.5632831082658832,True,0.00011968561796433391,0.0008639341981095388,0.004524439311673167,0.0026524172230402735,463,,`ftol` termination condition is satisfied.,0.0410958904109589,2.5534246575342467,-0.2953311293590214,0.1998269003888038
2342,-3.571802725312576,1.23905029686932,-0.8183617609384665,0.6845800535737908,0.5704038916271814,True,0.00011836674841898384,0.0008705259191550257,0.004547784363892817,0.0026001534707373506,456,,`gtol` termination condition is satisfied.,0.1150684931506849,2.5506849315068494,-0.2998556316249834,0.195656368129695
2345,-3.5741265709816523,1.2467712419735162,-0.8172852493967475,0.6824472986121296,0.5726228765353863,True,0.00011151263900165775,0.0008762793776423921,0.004046412264104008,0.002423979109765302,453,,`gtol` termination condition is satisfied.,0.1068493150684931,2.5424657534246577,-0.2969659772541941,0.1996737226525662
2346,-3.552086539810072,1.244895640073637,-0.8106198848607347,0.690260772267225,0.5705508029977229,True,0.00016248826095098824,0.0009817112644076975,0.004407698059359231,0.002845182165880748,453,,`gtol` termination condition is satisfied.,0.1041095890410958,2.5397260273972604,-0.2979287144564708,0.1992491084357329
2347,-3.556225124041351,1.2495304026560505,-0.8068507168477805,0.7077037845618231,0.5650578039744292,True,0.00015060917916606128,0.0009552034574888121,0.004192259436402629,0.002734881381781663,451,,`gtol` termination condition is satisfied.,0.1013698630136986,2.536986301369863,-0.2993293092712408,0.1949670125435393
2348,-3.518844580087718,1.2351192101468016,-0.8080205549336692,0.7033109620489443,0.5688793350070087,True,0.00015841550605118985,0.0009825296959549551,0.004204013704192101,0.0027054474211271563,457,,`ftol` termination condition is satisfied.,0.0986301369863013,2.5342465753424657,-0.2995379928407058,0.197081384312996
2349,-3.4364475637694705,1.1953239191697935,-0.8227051005490666,0.6900476895140877,0.5733731125057937,True,0.00011376497833768024,0.000859131393453809,0.0029613136030836856,0.0020193235072546297,466,,`ftol` termination condition is satisfied.,0.0958904109589041,2.5315068493150683,-0.2979615395191355,0.1970505419565222
2352,-3.305424267409065,1.1265106936281604,-0.8232824344800276,0.6949138118503627,0.5789705241566216,True,9.258804677338741e-05,0.0008291395430774273,0.0022679081695264787,0.0015744796213719404,479,,`ftol` termination condition is satisfied.,0.0876712328767123,2.5232876712328767,-0.2984367775111362,0.1963240651537889
2353,-3.3219802372876424,1.1338493386716535,-0.8392682774848333,0.677045000806754,0.577500437099714,True,9.491383403937349e-05,0.0008690088071856917,0.0024513784302802586,0.0016337682693013662,474,,`ftol` termination condition is satisfied.,0.084931506849315,2.5205479452054793,-0.2968974372725578,0.1977227672037402
2354,-3.347005385136744,1.1491479175358221,-0.8404813031563947,0.6683022728681477,0.5791802076459167,True,6.570449756004013e-05,0.0007010973411547795,0.0026156977950590812,0.0015344865682746613,467,,`ftol` termination condition is satisfied.,0.0821917808219178,2.5178082191780824,-0.2952578742683721,0.1990394114968471
2355,-3.3841800530765926,1.167222219224315,-0.8399125891016553,0.6914587022249458,0.5712415059289313,True,6.293196275126867e-05,0.0007652698994146609,0.002442779783748799,0.0015151560054943653,460,,`ftol` termination condition is satisfied.,0.0794520547945205,2.515068493150685,-0.2987777075864447,0.1970683587506431
2356,-3.3681694434554967,1.1504794542997498,-0.8376982246051623,0.6789979967043218,0.5756678680651398,True,7.453978566637987e-05,0.0009001893010397244,0.002337807489342834,0.0014745234166908298,463,,`gtol` termination condition is satisfied.,0.0767123287671232,2.5123287671232877,-0.2996436334462136,0.1919474360036079
2359,-3.4517667872007762,1.1909664189556992,-0.8294861398365861,0.6985604031757205,0.5696294168582557,True,5.789364012445024e-05,0.0007279453947426135,0.0028480713381565954,0.00153860024234421,484,,`ftol` termination condition is satisfied.,0.0684931506849315,2.504109589041096,-0.2972913069150048,0.1942284000432071
2360,-3.453688195260924,1.188493594961975,-0.837784212366404,0.6783888686986213,0.574415765754073,True,5.8863351680721656e-05,0.000754302841834102,0.0030651952868223854,0.0015645075635852945,479,,`ftol` termination condition is satisfied.,0.0657534246575342,2.5013698630136987,-0.2999731431075624,0.1906497733409088
2361,-3.43022697523564,1.1679485128412155,-0.838695452337796,0.6637241246982482,0.5841195838945484,True,6.561919152572941e-05,0.0007161696470723131,0.005879988865995223,0.0022654564629296463,564,,`ftol` termination condition is satisfied.,0.0630136986301369,2.4986301369863013,-0.2986058957775489,0.1978767649158673
2362,-3.5684503023859517,1.2349027939053638,-0.8214451752260133,0.7010688826552022,0.5706414025131381,True,9.650514939433462e-05,0.0008421686225475286,0.003014653033136927,0.0016191329563201285,545,,`gtol` termination condition is satisfied.,0.0602739726027397,2.495890410958904,-0.2998389112296792,0.1982267481646616
2363,-3.2559088890221686,1.1147251816563182,-0.8706039444335536,0.6299740458187993,0.5884416058098716,True,0.00010206551133516729,0.000679434653824782,0.007484817995764343,0.00298764496046375,569,,`gtol` termination condition is satisfied.,0.0575342465753424,2.493150684931507,-0.2963859001412973,0.197241492992747
2366,-3.228492463647906,1.078705912456246,-0.865607256537986,0.6527895389158364,0.5708393053269484,True,7.602022376778227e-05,0.0007260147019015125,0.0052274700532481625,0.002214030870661791,561,,`ftol` termination condition is satisfied.,0.0493150684931506,2.484931506849315,-0.2989265178963904,0.1989701641376235
2367,-3.3918652583690765,1.1672497904639052,-0.8361325323794836,0.7142063999747457,0.5480285793285812,True,5.048314920489562e-05,0.0005919039069027382,0.0025053812195485908,0.0013508073569324772,544,,`gtol` termination condition is satisfied.,0.0465753424657534,2.4821917808219176,-0.2995267857235559,0.1997838044551786
2368,-3.467636630384706,1.2075358887125116,-0.8263852334268255,0.7337128199719678,0.5491048836509035,True,6.272167254956793e-05,0.0006351589688286199,0.0021375019331422696,0.0013321314081193851,540,,`ftol` termination condition is satisfied.,0.0438356164383561,2.4794520547945207,-0.2963344562139881,0.1984556845099306
2369,-3.515954694172852,1.222490898008753,-0.7740935248627496,0.7919585735409911,0.5483330570071401,True,0.00012302674293232155,0.0008690718010681492,0.002841457275609962,0.001922379446972845,534,,`ftol` termination condition is satisfied.,0.0410958904109589,2.4767123287671233,-0.2964840642680639,0.1991637725805871
2370,-3.516666940139279,1.2305998934627822,-0.8228441767400317,0.7018756551123845,0.5658072763888946,True,0.0001029063270036445,0.0007321525372335462,0.003025531048498243,0.0019180810940376048,526,,`gtol` termination condition is satisfied.,0.1342465753424657,2.473972602739726,-0.2943196609255312,0.1959633779110179
2374,-3.480731461347425,1.2310729035311334,-0.834338958354705,0.6830237343015699,0.5703312370766237,True,7.958793175797031e-05,0.0007269157745825782,0.0022550809117995803,0.0014348327439333128,523,,`gtol` termination condition is satisfied.,0.1232876712328767,2.463013698630137,-0.297167931462117,0.1983112431407444
2375,-3.481661953827683,1.2595031160480945,-0.8292389942533939,0.6988845770390159,0.5639804733291455,True,7.394723851278449e-05,0.000751775212291836,0.0022154212751164266,0.0014262100325314038,524,,`gtol` termination condition is satisfied.,0.1205479452054794,2.4602739726027396,-0.2982750237070231,0.1980334652788066
2376,-3.502348489226023,1.2572231405185532,-0.829683305232658,0.6931411442353665,0.5667147758837978,True,7.949526159910769e-05,0.0007581295209447859,0.002378245786742936,0.0015150320866748788,521,,`ftol` termination condition is satisfied.,0.1178082191780822,2.4575342465753423,-0.2977357300927576,0.19892614889215
2377,-3.5839648083706046,1.2989363888717547,-0.8087720424428494,0.7105343947933153,0.5715254690624634,True,0.00010572013920122723,0.0008180990808588692,0.0031840491954231156,0.0018483150542831697,507,,`gtol` termination condition is satisfied.,0.1150684931506849,2.4547945205479453,-0.2955077385147643,0.1940212605841794
2380,-3.6020205829462935,1.3036986215715374,-0.7999598085693203,0.7216723309805295,0.5688451766991809,True,9.12435014738299e-05,0.0008024817108749613,0.00267903728683004,0.0016618373831734914,501,,`gtol` termination condition is satisfied.,0.1068493150684931,2.4465753424657533,-0.2947324766994469,0.1884157902083764
2381,-3.6472157728169297,1.3180721912754079,-0.7750242443041329,0.743243367089737,0.5657111518195915,True,8.77447691907873e-05,0.0007702989801320775,0.002695299936346405,0.0017450971620167973,500,,`gtol` termination condition is satisfied.,0.1041095890410958,2.4438356164383563,-0.2990277797801408,0.1990257410212175
2382,-3.66253047793423,1.3245265416836023,-0.7751275268247384,0.7297561367504269,0.5705998548498109,True,7.5764567507187e-05,0.0007369590546928032,0.0024930171698183765,0.0016107945055377538,492,,`ftol` termination condition is satisfied.,0.1013698630136986,2.441095890410959,-0.2988914041202271,0.1992415873951032
2383,-3.6564238402369473,1.317363220641943,-0.748799165333965,0.7609726079015627,0.559605552349864,True,8.675235948149408e-05,0.0007597840573733587,0.003033255635411889,0.001851839776028902,497,,`gtol` termination condition is satisfied.,0.0986301369863013,2.4383561643835616,-0.298072787460304,0.1935214743777991
2384,-3.646705930741614,1.313550395064126,-0.7573662409453344,0.765273243951472,0.5576792037678763,True,6.981969444814552e-05,0.0007140611810465823,0.002712940634554089,0.001654156177026634,493,,`ftol` termination condition is satisfied.,0.0958904109589041,2.4356164383561643,-0.2962657964527285,0.1953284653853746
2387,-3.6595864732167733,1.3206057158558178,-0.7550101921752506,0.7600949910606937,0.5667182155405326,True,0.000165759782863532,0.0009805333844927204,0.003436296682076081,0.002321130759834041,518,,`gtol` termination condition is satisfied.,0.0876712328767123,2.4273972602739726,-0.2986885599712252,0.1929057018668779
2388,-3.660889597892827,1.3165412952142488,-0.7639405561597603,0.771153073533006,0.5574374822637729,True,7.877064464950834e-05,0.000748975058012134,0.0030737980836492394,0.0018836247207007363,513,,`ftol` termination condition is satisfied.,0.084931506849315,2.4246575342465753,-0.2990494767075227,0.1925447851305803
2389,-3.6709509103083273,1.3188235093123977,-0.7621239631552542,0.7717992055545017,0.557085699082547,True,8.194550958781779e-05,0.0007716426673451996,0.0031566133389606685,0.001870010269158382,517,,`gtol` termination condition is satisfied.,0.0821917808219178,2.421917808219178,-0.2977678630648057,0.1980568882146807
2390,-3.627395327736983,1.288398927462067,-0.7627153882537295,0.7569537949728141,0.5619052685437371,True,8.770833544407819e-05,0.0008589905303027474,0.002917756307747766,0.0018219712441176956,515,,`gtol` termination condition is satisfied.,0.0794520547945205,2.419178082191781,-0.2993978742661771,0.1921963875719258
2391,-3.646446651766116,1.296241753183625,-0.7667863095114513,0.7543065186039816,0.5604913383947763,True,8.798986444031813e-05,0.0008313155749962621,0.0036332399526447265,0.002031800745591468,518,,`ftol` termination condition is satisfied.,0.0767123287671232,2.4164383561643836,-0.2985276479050608,0.1976190223572034
2394,-3.6140536774410057,1.2802237044899274,-0.7674076729335698,0.7539709110656421,0.5599856023022526,True,8.494506545567211e-05,0.0008114990103485857,0.0031872016572829683,0.0018788964641981009,514,,`gtol` termination condition is satisfied.,0.0684931506849315,2.408219178082192,-0.2961390248648908,0.1994811680005319
2395,-3.6130647475185738,1.2891995073078457,-0.7687546630307482,0.7485659901218543,0.560877442397111,True,7.656059381574075e-05,0.000757468843279075,0.003063033294313332,0.001808297233808054,513,,`ftol` termination condition is satisfied.,0.0657534246575342,2.405479452054794,-0.2963737237701823,0.1991714087120433
2396,-3.597418376244066,1.2987981696692035,-0.7712126398202653,0.7443799375067032,0.559724263241364,True,7.919628087975304e-05,0.0007670719667002564,0.003218989485375117,0.0018948352328229756,505,,`gtol` termination condition is satisfied.,0.0630136986301369,2.4027397260273973,-0.2945832099433766,0.1911719201830158
2397,-3.6074702214726324,1.2969583078375417,-0.7678127123523766,0.7396718407429366,0.5609174413237098,True,7.916632573164166e-05,0.0007941762811183481,0.002869602770236459,0.0017171009320606561,502,,`ftol` termination condition is satisfied.,0.0602739726027397,2.4,-0.2961140231659115,0.1992714996524526
2398,-3.6407134317075727,1.3201961133897524,-0.7971184908695721,0.7085023680827429,0.5648444074014747,True,7.50230000898664e-05,0.000791337592300032,0.0033036557055713726,0.0018684779629547787,497,,`gtol` termination condition is satisfied.,0.0575342465753424,2.3972602739726026,-0.2976585534645186,0.199611044090867
2401,-3.636039923305081,1.3200069973570818,-0.7734168763671625,0.7241702162819698,0.5664332483545572,True,6.746809512569477e-05,0.0007548080275634712,0.002723965120522515,0.0016233020839318793,495,,`gtol` termination condition is satisfied.,0.0493150684931506,2.389041095890411,-0.2957709807015959,0.1993274500648993
2402,-3.585686096801873,1.3033783240936054,-0.7862493238447112,0.7157321425413027,0.5649166347752813,True,6.200146559567123e-05,0.0007723264511251179,0.0024357686856110645,0.001465896297360971,502,,`ftol` termination condition is satisfied.,0.0465753424657534,2.3863013698630136,-0.296306543602181,0.195287718235922
2403,-3.604693806467156,1.3107873813384976,-0.7907137570758307,0.7111235973639057,0.5651396333305055,True,6.986360795851367e-05,0.0008259845729548258,0.0022738436840595753,0.0014273906253017149,493,,`ftol` termination condition is satisfied.,0.0438356164383561,2.3835616438356166,-0.2986613608125476,0.1929329010255553
2404,-3.637689108410043,1.3140542651611238,-0.7956331537102117,0.6995022010698364,0.5686524442116951,True,6.575075029242851e-05,0.0008126844327906327,0.0025102851837575904,0.001536402906711465,486,,`ftol` termination condition is satisfied.,0.0410958904109589,2.3808219178082193,-0.2994640822275766,0.1921301796105264
2405,-3.688624406033635,1.3366203044666394,-0.7739767747979874,0.7220895705837034,0.5685834342397384,True,7.753542399989557e-05,0.0008356422390385339,0.0030056682704017517,0.0017559456882751336,481,,`gtol` termination condition is satisfied.,0.1150684931506849,2.378082191780822,-0.2986066255963365,0.1983367810406865
2408,-3.6950554179767505,1.3373089955423307,-0.7751568215138865,0.7016788344553593,0.574825517309255,True,7.386872844963552e-05,0.0008130080428250602,0.002998923944782541,0.001803429253013673,477,,`gtol` termination condition is satisfied.,0.1068493150684931,2.3698630136986303,-0.2979543030044794,0.1991203461863827
2409,-3.7094695105756372,1.3427018839534564,-0.7656097966374302,0.7206520696792835,0.572214994515734,True,6.621896830655821e-05,0.0007793152961839442,0.00280156046483707,0.0016746857934373716,476,,`gtol` termination condition is satisfied.,0.1041095890410958,2.367123287671233,-0.2989805050679332,0.1980765758924751
2410,-3.6963667365407047,1.326439829486794,-0.7677921058608852,0.7236990859493294,0.569767775670983,True,7.936597694393896e-05,0.0008741674291966102,0.002428230509490276,0.0015587939674712727,472,,`gtol` termination condition is satisfied.,0.1013698630136986,2.3643835616438356,-0.296533945731444,0.1965403471943659
2411,-3.6970206218773907,1.3256967943359916,-0.7665832726740249,0.7347440936446488,0.5672435589211059,True,7.083878443821088e-05,0.0007918925133448682,0.002992957214605324,0.001783826257778748,472,,`gtol` termination condition is satisfied.,0.0986301369863013,2.361643835616438,-0.2997707526113752,0.1999569371161262
2412,-3.6894240151606708,1.319475797055022,-0.7609059746613656,0.6984447004285258,0.580011516861192,True,8.67770222422028e-05,0.0008382199519981057,0.003575408679633856,0.002054524444591059,472,,`gtol` termination condition is satisfied.,0.0958904109589041,2.3589041095890413,-0.2999810822013731,0.1973001685303307
2415,-3.6821862415632007,1.316176766846955,-0.7620971396738291,0.6960654027348767,0.5808730712162957,True,9.651168854973079e-05,0.0008032817167264633,0.0036246910424223683,0.0021523564776027185,468,,`gtol` termination condition is satisfied.,0.0876712328767123,2.350684931506849,-0.2967331049582867,0.1998508178313096
2416,-3.632728961126549,1.2964233933247324,-0.7661314413969713,0.6895549401657678,0.582732841948916,True,8.503302081500097e-05,0.0007782753804472644,0.003469622562242278,0.002124846027337595,472,,`ftol` termination condition is satisfied.,0.084931506849315,2.347945205479452,-0.2984449627356287,0.1988311081040335
2417,-3.6488956895728886,1.3052211895827803,-0.7829501495203276,0.7052163280109498,0.5720152718699665,True,0.00010101098046286032,0.0009439120123439527,0.003697915350188725,0.0023302308050499832,466,,`gtol` termination condition is satisfied.,0.0821917808219178,2.345205479452055,-0.2997424212899964,0.1972317799311319
2418,-3.661297122602005,1.303152554779336,-0.7656438485438108,0.7161017565356474,0.5712466932331995,True,0.00012838369124456623,0.0009401864726116992,0.0048201100861203884,0.0029236017015153073,464,,`ftol` termination condition is satisfied.,0.0794520547945205,2.3424657534246576,-0.2993489135571368,0.1995819025063352
2419,-3.6645728899137047,1.3155382379511518,-0.779389727840862,0.7168994280224369,0.5700597083494813,True,0.00012260127143382525,0.0009665382919466481,0.004914138643064963,0.0028354502494005326,460,,`ftol` termination condition is satisfied.,0.0767123287671232,2.33972602739726,-0.29924604620522,0.1960002085837501
2422,-3.649226637541557,1.3073568353825904,-0.7829555057829182,0.6888835560760918,0.5794700947914055,True,0.00011578848462238752,0.0009059327300988006,0.004456328020854368,0.002684141056218605,453,,`ftol` termination condition is satisfied.,0.0684931506849315,2.331506849315069,-0.2987213870376954,0.1963077098122844
2423,-3.663394419292834,1.307455611726434,-0.7682347438978027,0.6974008895459947,0.5825712220185422,True,0.00011438642927671494,0.0008725746276566111,0.0045060462809499695,0.002726956008677423,453,,`ftol` termination condition is satisfied.,0.0657534246575342,2.328767123287671,-0.2966882738862446,0.1983889929116068
2424,-3.63500697512664,1.2806049055122122,-0.7751158700343322,0.6917078468173733,0.5825905826254696,True,0.00010599605395004835,0.0008448997058138997,0.0037546679710445422,0.0023863808148925003,456,,`ftol` termination condition is satisfied.,0.0630136986301369,2.326027397260274,-0.2978118236980356,0.1995375787782997
2425,-3.6333611779907793,1.2765657810115065,-0.7796977814199837,0.6943750458652052,0.5809905696756192,True,8.76453281132765e-05,0.000797770786249172,0.003430718946470104,0.002182803147038094,456,,`ftol` termination condition is satisfied.,0.0602739726027397,2.3232876712328765,-0.2972098556649308,0.199897416809311
2426,-3.6300826484600783,1.2685242171607978,-0.781002825512591,0.6846678899662283,0.5866531546479159,True,9.46809840968429e-05,0.0007967125577870831,0.003634037454973199,0.0023518256475405642,453,,`ftol` termination condition is satisfied.,0.0575342465753424,2.3205479452054796,-0.2997344139020054,0.1972278163587427
2429,-3.6532628929542588,1.2749704372812045,-0.7791089248467594,0.7036392696681734,0.5796431617359007,True,0.00010962642950398268,0.0009826843144241863,0.004327747191072731,0.00262143215992886,447,,`gtol` termination condition is satisfied.,0.0493150684931506,2.3123287671232875,-0.2997404235881318,0.1962643979216738
2430,-3.64321171303382,1.276711569483582,-0.7876440684174603,0.6847988781679706,0.584498989850249,True,0.00010461052097887941,0.0009051929819620651,0.004028927921547902,0.0024643668496807094,446,,`gtol` termination condition is satisfied.,0.0465753424657534,2.3095890410958906,-0.2983475864699008,0.1980675839311922
2431,-3.6156054175716936,1.265572540134896,-0.7967607899400279,0.6805416001340366,0.583148397735173,True,8.871851476162971e-05,0.0007833734297826807,0.003962317080898356,0.0023646274865634235,449,,`ftol` termination condition is satisfied.,0.0438356164383561,2.3068493150684932,-0.2955576390223753,0.1969457111587721
2432,-3.6013784531693553,1.261348911346849,-0.80240502157308,0.6885478503000878,0.5763859499438876,True,9.568235950752272e-05,0.0008828697193977844,0.003960439744469297,0.0024564418377793335,449,,`ftol` termination condition is satisfied.,0.0410958904109589,2.304109589041096,-0.2990533731850817,0.1980675491041956
2433,-3.634688690769975,1.2835218000713433,-0.7922917882800232,0.6895069016797523,0.5810788235292379,True,0.00011625441871941448,0.0009137066155747385,0.0049041769051804286,0.002896172266025703,437,,`gtol` termination condition is satisfied.,0.1342465753424657,2.3013698630136985,-0.2996803304058136,0.196855168835094
2437,-3.6473977009481207,1.292466389640583,-0.7985573025460828,0.6777512404347059,0.5815489339692497,True,0.00012602956941908667,0.0009412721860038853,0.004608225633889308,0.0027788645252323097,429,,`gtol` termination condition is satisfied.,0.1232876712328767,2.2904109589041095,-0.2968631858398164,0.1999639649636703
2438,-3.6576464669996502,1.2996739556984507,-0.7982791301100951,0.6743604230914211,0.5866692693808007,True,0.00014033955787992621,0.0010321924568651626,0.0047654856971306786,0.002853436175964941,428,,`gtol` termination condition is satisfied.,0.1205479452054794,2.287671232876712,-0.2972370042290121,0.1989839494550823
2439,-3.6331756664634813,1.288162879081887,-0.8001537101198917,0.6791379822279612,0.5841063902202506,True,0.00011304122919755666,0.0009640493812110946,0.004270564466664353,0.0026314826318259788,431,,`gtol` termination condition is satisfied.,0.1178082191780822,2.2849315068493152,-0.2998200551275745,0.1963298045129565
2440,-3.4705474290942004,1.1986393059225422,-0.8243664683813517,0.6450180579275914,0.5903903842740289,True,0.0001774735238114153,0.0017772422129198081,0.003164919378362897,0.002187832429400988,446,,`gtol` termination condition is satisfied.,0.1150684931506849,2.282191780821918,-0.2977067673436372,0.1871527140275313
2443,-3.54634327282706,1.2422284893731188,-0.8216044345547592,0.6659988787960863,0.5809077524835147,True,9.682398677723125e-05,0.0008384453525660117,0.002546812302321326,0.0016567532814035035,507,,`gtol` termination condition is satisfied.,0.1068493150684931,2.2739726027397262,-0.2956476786254953,0.191152432656032
2444,-3.4638791923150243,1.1916872783781476,-0.853216797206509,0.6679923254030768,0.5664803710304077,True,7.072184742942884e-05,0.0008951116034347151,0.002359180562234315,0.0014968271064452908,518,,`gtol` termination condition is satisfied.,0.1041095890410958,2.271232876712329,-0.298078615040297,0.1856042236431858
2445,-3.43615985380129,1.1684118712923894,-0.8434054331400842,0.6812504744013206,0.565941397021229,True,6.755416977613016e-05,0.0008348860534933707,0.002340889737970685,0.0015011236954278247,525,,`gtol` termination condition is satisfied.,0.1013698630136986,2.2684931506849315,-0.2984618428273737,0.1905606138407359
2446,-3.503246578619821,1.210812051216406,-0.8458160745310196,0.6641173899405708,0.5749017605125983,True,7.700659844565021e-05,0.0008594698207063216,0.002173993974316522,0.0015059329108028825,512,,`ftol` termination condition is satisfied.,0.0986301369863013,2.265753424657534,-0.2992139311653504,0.1978464448860099
2447,-3.5223315822181744,1.2160583249912074,-0.8306949254131486,0.6762366004475825,0.5750582138097348,True,0.0001132839707191771,0.0012580716653965227,0.0027058623038953224,0.0017854277864772668,506,,`gtol` termination condition is satisfied.,0.0958904109589041,2.263013698630137,-0.2975729790570686,0.1997204504717596
2450,-3.522333578893415,1.220425306660159,-0.8496979733536295,0.6750743471329388,0.5666225010270574,True,6.071050366733761e-05,0.0006954856941926032,0.002108521928106521,0.0014338651429019605,582,,`gtol` termination condition is satisfied.,0.0876712328767123,2.254794520547945,-0.2977909250096286,0.1996313367980331
2451,-3.510453128642517,1.204795711317175,-0.8379823222590422,0.6733409228527656,0.5730813191305479,True,6.390860890895068e-05,0.0006932964184620678,0.002215274667873581,0.001458383876036621,581,,`gtol` termination condition is satisfied.,0.084931506849315,2.252054794520548,-0.2969144596634357,0.1814125377560926
2452,-3.586164380589403,1.239496410284798,-0.8448029218474105,0.6745092252920606,0.5722783433448456,True,8.698638005428861e-05,0.0006642160441399886,0.002693394715334051,0.001628314366306574,567,,`gtol` termination condition is satisfied.,0.0821917808219178,2.249315068493151,-0.2980377585744629,0.1989282920605791
2453,-3.63236148028823,1.2641736204833118,-0.8125193801026305,0.7037300767542753,0.571283714931474,True,0.00010242348588980793,0.0007467018920417292,0.003718435696103263,0.0021284070102490947,560,,`ftol` termination condition is satisfied.,0.0794520547945205,2.2465753424657535,-0.2985843222289414,0.1972930115448699
2454,-3.621297193066559,1.266045269095532,-0.8342655075928956,0.683984765776832,0.5705828240806604,True,9.885624913312327e-05,0.0007912446297010619,0.003184841804716902,0.001929155097006494,559,,`gtol` termination condition is satisfied.,0.0767123287671232,2.243835616438356,-0.2990350423925199,0.1980869384644026
2457,-3.5526815069036863,1.219392551796871,-0.8452534512645601,0.6788166272090185,0.5658765068078898,True,7.862556752204628e-05,0.0007742912758635614,0.0023146911519556944,0.0016026866547228145,568,,`gtol` termination condition is satisfied.,0.0684931506849315,2.2356164383561645,-0.298362248577138,0.1966081958058511
2458,-3.60136157499988,1.2491524168014896,-0.834921560359706,0.6855445388249037,0.563992163694494,True,8.749168120206284e-05,0.0008152208378788698,0.002605670397139735,0.0017149278765658054,553,,`gtol` termination condition is satisfied.,0.0657534246575342,2.232876712328767,-0.2962491222096293,0.1999241585782816
2459,-3.6253893426805543,1.2677589911992546,-0.8352232947161632,0.6711496975237511,0.5716167464822354,True,8.379381556818222e-05,0.0007422192165231773,0.0029642434117108135,0.0018107231942548555,549,,`ftol` termination condition is satisfied.,0.0630136986301369,2.23013698630137,-0.295091941883747,0.196502319954356
2460,-3.5787577888217674,1.2364988565206476,-0.8423803178001817,0.6718121458076817,0.5686050075475593,True,7.138669337172321e-05,0.0007313394658173833,0.002336943214526642,0.0015927170709802193,555,,`gtol` termination condition is satisfied.,0.0602739726027397,2.2273972602739724,-0.2995340044733531,0.1924421300316568
2461,-3.617306864183516,1.2549577299853365,-0.8230704160955796,0.6837745418058696,0.572900734798853,True,7.506321391599518e-05,0.0007369303455809357,0.002589405767475087,0.0016416722888119308,554,,`gtol` termination condition is satisfied.,0.0575342465753424,2.2246575342465755,-0.2993736044982798,0.1977755675793583
2464,-3.611837217594789,1.250551141749659,-0.8447087877600973,0.6664051362436346,0.5697349063580566,True,8.07959454543918e-05,0.0007754011426129666,0.0024134462784531617,0.0015784702280391566,543,,`gtol` termination condition is satisfied.,0.0493150684931506,2.216438356164383,-0.296987291888472,0.1898725529583143
2465,-3.6011406639575303,1.2372247813636597,-0.8384173519462794,0.7041941638484621,0.5546039992687783,True,6.794224942862234e-05,0.0007046562490569763,0.0024318639807594544,0.0015435788785279298,542,,`gtol` termination condition is satisfied.,0.0465753424657534,2.213698630136986,-0.2984254448598529,0.1936220982497306
2466,-3.6151311894605613,1.2428533166965823,-0.8320429111464858,0.6856430393242952,0.5636662184973614,True,7.825631891325712e-05,0.0007189406828129985,0.002641788611605483,0.0016625295803777492,544,,`gtol` termination condition is satisfied.,0.0438356164383561,2.210958904109589,-0.2978220505924016,0.1985856966512458
2467,-3.6321940546848155,1.2457222344559449,-0.8323450797276616,0.6773453223923052,0.5670866902982721,True,7.421141868814746e-05,0.000718505998526523,0.0026863610025845246,0.0016854724464143123,541,,`gtol` termination condition is satisfied.,0.0410958904109589,2.208219178082192,-0.2993495819361925,0.1973246183830138
2468,-3.6020117511715557,1.229860185671568,-0.837785202190108,0.6753024164936037,0.5660231233155941,True,7.709837979664449e-05,0.0007250856801070257,0.002537768868230149,0.0016087826413596477,535,,`ftol` termination condition is satisfied.,0.1150684931506849,2.2054794520547945,-0.2993053183071353,0.1927777098538564
2471,-3.633800677918845,1.243873414209901,-0.829197038666263,0.6799212764671657,0.5677298684358209,True,8.900873929138125e-05,0.0007545427240283602,0.0029785995611049244,0.001823991418453927,526,,`gtol` termination condition is satisfied.,0.1068493150684931,2.197260273972603,-0.295970369864277,0.195623891973826
2472,-3.5674594104046577,1.2119040882358558,-0.839640996219336,0.6877022751258012,0.5583934149536702,True,6.113175014401268e-05,0.0006994193427716351,0.002255471331966191,0.0014542686424672381,537,,`ftol` termination condition is satisfied.,0.1041095890410958,2.1945205479452055,-0.29974047621825,0.1980887133217382
2473,-3.559541683374862,1.2037556324927308,-0.8405656083981481,0.6858132531540164,0.5591916527476396,True,6.0976292844191225e-05,0.0006959234108567077,0.002308941546032373,0.0015076768348888233,539,,`gtol` termination condition is satisfied.,0.1013698630136986,2.191780821917808,-0.2981555780889549,0.1996436214516415
2474,-3.530791284875559,1.184376160624933,-0.8474795585830532,0.681855411453061,0.5565671223257943,True,6.242013661947894e-05,0.0007213023028733425,0.0023382124977253736,0.0015241487366403632,540,,`ftol` termination condition is satisfied.,0.0986301369863013,2.1890410958904107,-0.2953223544691746,0.1827134464738252
2475,-3.5359301923635282,1.181959992122915,-0.8551044171976544,0.6793433458381242,0.5532553415251296,True,5.770897206994407e-05,0.0006107657383639466,0.002279052952774038,0.0014816129820685656,537,,`ftol` termination condition is satisfied.,0.0958904109589041,2.186301369863014,-0.2949814821676684,0.1830543187753312
2478,-3.524345124685791,1.1817032583705782,-0.8566593034089582,0.6832428195904576,0.548978746821331,True,6.459413301990603e-05,0.0007476818332909378,0.0024322079914039494,0.0015658035104755825,536,,`ftol` termination condition is satisfied.,0.0876712328767123,2.1780821917808217,-0.2987461528485907,0.1850525768638029
2479,-3.5480927841942353,1.206939018623307,-0.8486057641528928,0.6901027150856534,0.5494220348686473,True,5.934183112765292e-05,0.0006589918859775336,0.002407638496472396,0.0015208821300748772,534,,`gtol` termination condition is satisfied.,0.084931506849315,2.175342465753425,-0.297210754180563,0.1998312667391146
2480,-3.582164573028922,1.2210569752054585,-0.8534869398569197,0.6617645939138574,0.5627432942685695,True,5.743130871099149e-05,0.0006388337268226977,0.0025497675171272166,0.0015395781674320812,523,,`ftol` termination condition is satisfied.,0.0821917808219178,2.1726027397260275,-0.2978399749144399,0.1969550076277567
2481,-3.5929898975311483,1.2256452953999,-0.8492100224800283,0.6642692219950606,0.5614727829165289,True,5.8786691973465143e-05,0.0006268464091656701,0.002741715957277492,0.0016256463900928336,520,,`ftol` termination condition is satisfied.,0.0794520547945205,2.16986301369863,-0.2976022788333629,0.1970603771941371
2482,-3.601171867890875,1.2348448289487468,-0.852892474304108,0.6512712816112517,0.5649868729002889,True,7.180010868848967e-05,0.0007529401432609906,0.0029548232967613053,0.0017376208970492893,516,,`ftol` termination condition is satisfied.,0.0767123287671232,2.1671232876712327,-0.2995254598658552,0.1785103410771445
2485,-3.6256155176317137,1.245806574056671,-0.8445406147582021,0.6609496812264967,0.5627091876803687,True,7.482268520777872e-05,0.0006966724386079992,0.003478156591040216,0.002082632008364588,539,,`ftol` termination condition is satisfied.,0.0684931506849315,2.158904109589041,-0.2985176845666694,0.193336484809991
2486,-3.621727144336601,1.2438471085155702,-0.8441033198355908,0.665857857660673,0.5596483967848189,True,7.627783073126763e-05,0.0008325819225288529,0.0033150393949963955,0.0021399714630682036,537,,`ftol` termination condition is satisfied.,0.0657534246575342,2.1561643835616437,-0.29850419230518,0.1767829942070076
2487,-3.5885027663665183,1.2327225709847873,-0.8525884375932258,0.6550248831739657,0.5614875932853319,True,7.782007079904622e-05,0.0007233101415491789,0.0033624183871266305,0.002045650318612027,545,,`gtol` termination condition is satisfied.,0.0630136986301369,2.1534246575342464,-0.2998165624785293,0.1979820332101914
2488,-3.5544030618840643,1.2085421368031048,-0.8443792825865226,0.6538358239468366,0.5649153112610396,True,8.588106791298121e-05,0.0007680624085571717,0.0033620296813919124,0.0020425632384365503,545,,`gtol` termination condition is satisfied.,0.0602739726027397,2.1506849315068495,-0.2995854541931039,0.1832033816450735
2489,-3.5493436601748845,1.2044976170149748,-0.8439278173969513,0.6489021731680262,0.5703449610836656,True,5.589706542672782e-05,0.0006635633601609504,0.003490149693977253,0.001783986721232084,549,,`ftol` termination condition is satisfied.,0.0575342465753424,2.147945205479452,-0.2997105981463689,0.1832988135245144
2492,-3.5278814964033653,1.1899897385477143,-0.8531529698913297,0.6353404311876267,0.5724741883104227,True,6.0674124112973434e-05,0.0007815237394492742,0.004931332080168377,0.001987237664195843,547,,`ftol` termination condition is satisfied.,0.0493150684931506,2.1397260273972605,-0.29842808239646,0.1845221124872976
2493,-3.48102664083559,1.1632940682769293,-0.8550191734467357,0.6549496893115313,0.5629214759842857,True,5.1452069391750614e-05,0.0006980103871708172,0.006857885304641112,0.002248649019438646,558,,`ftol` termination condition is satisfied.,0.0465753424657534,2.136986301369863,-0.2977291865751195,0.1936186511757308
2494,-3.4665631072371896,1.1558640675838991,-0.8645076109239712,0.633056090774657,0.5666449369406498,True,4.605830092131527e-05,0.0006551223765681359,0.007217429271289992,0.002192823258574145,558,,`ftol` termination condition is satisfied.,0.0438356164383561,2.1342465753424658,-0.2998127090142105,0.1944836128005695
2495,-3.4368090641623046,1.1314342756912892,-0.8518903699240633,0.6288907813548676,0.5804504363762576,True,6.159398063442832e-05,0.0007079598083610473,0.010239395469534384,0.0029446810699409933,562,,`ftol` termination condition is satisfied.,0.0410958904109589,2.1315068493150684,-0.2956014966699165,0.1986948251448637
2496,-3.421892483407551,1.113893008451861,-0.8413935314380278,0.6426465173803878,0.5809710393119322,True,5.917885845293828e-05,0.0007721633581928711,0.004270380968077024,0.001856389688655858,557,,`ftol` termination condition is satisfied.,0.1150684931506849,2.128767123287671,-0.2990826587285167,0.1962244123624281
2499,-3.5814173224484334,1.2045589483131498,-0.8307657034671833,0.6260234380739262,0.5914352818020174,True,8.646932127651435e-05,0.0010017918484477683,0.0038439150107876267,0.002094990883422301,525,,`gtol` termination condition is satisfied.,0.1068493150684931,2.1205479452054794,-0.2968727281704175,0.1811630727725821
2500,-3.5900485983951813,1.1933320004508563,-0.8161902567029506,0.6470226078022002,0.58817851022396,True,3.8477650709621654e-05,0.0005801651777361163,0.002893439774245062,0.0014048460259793534,526,,`ftol` termination condition is satisfied.,0.1041095890410958,2.117808219178082,-0.2969379933991036,0.177561185554383
2501,-3.6814453627324237,1.2448586733829767,-0.8085712135920343,0.6730570204511582,0.5745981856793612,True,4.613342715057596e-05,0.0005882745392301063,0.00254749356418874,0.0015627298850529104,509,,`gtol` termination condition is satisfied.,0.1013698630136986,2.115068493150685,-0.2975728000234252,0.1996333587951057
2502,-3.637101388528141,1.2375348506713368,-0.799408342112514,0.6557923539791249,0.587083324520385,True,5.107023964905171e-05,0.0005842587490904413,0.002566647620668473,0.0015556513923579889,518,,`gtol` termination condition is satisfied.,0.0986301369863013,2.112328767123288,-0.2956980865309737,0.1966969696385449
2503,-3.630763329318871,1.227883841642582,-0.8097360943728568,0.6572790784927073,0.5778120080924235,True,5.7401084302981074e-05,0.0006337902745409959,0.002690649350599802,0.0016207238023332453,514,,`gtol` termination condition is satisfied.,0.0958904109589041,2.1095890410958904,-0.2989377098723695,0.1988197804996569
2506,-3.591612394430898,1.222494750911586,-0.8058876060909869,0.658636679504148,0.5711252346974948,True,5.710723936221119e-05,0.0005830138357938578,0.002950750670450851,0.0017540771982247684,517,,`gtol` termination condition is satisfied.,0.0876712328767123,2.1013698630136988,-0.298883490029296,0.1988344671231202
2507,-3.644241990353701,1.2494921298313908,-0.7913550724262458,0.6647563211466377,0.570369733702437,True,6.557388679858926e-05,0.000559662482294756,0.0036983765764106833,0.0020377968587845523,512,,`gtol` termination condition is satisfied.,0.084931506849315,2.0986301369863014,-0.2997388903750911,0.1928764540017893
2508,-3.6258925038338363,1.2382677735919698,-0.7861976501743765,0.6656875301115974,0.5730624136814708,True,7.923093167421774e-05,0.0006670901854066334,0.00357064558441237,0.002025219818168557,514,,`ftol` termination condition is satisfied.,0.0821917808219178,2.095890410958904,-0.2990836876932122,0.1954197670005785
2509,-3.6442237192369786,1.24792473391217,-0.7882377169284652,0.6778679931040307,0.5643417588944545,True,7.716019122577388e-05,0.0006449460274089077,0.003743131165773173,0.0020687711147081697,508,,`gtol` termination condition is satisfied.,0.0794520547945205,2.0931506849315067,-0.2986212629238204,0.1990662604250982
2510,-3.625533392518169,1.2472070335239442,-0.8000297087156311,0.6724149059923257,0.5614276321494678,True,0.00012631510410762345,0.0009067419281420687,0.004663651346091444,0.002825541428427588,503,,`ftol` termination condition is satisfied.,0.0767123287671232,2.0904109589041098,-0.2970914818377977,0.1939476065566224
2513,-3.640967770062084,1.2531717438394012,-0.7944210439482348,0.6817535808924912,0.5586365869702828,True,9.036912589341028e-05,0.0006745373735667414,0.004889949826274508,0.0025837168261322254,498,,`gtol` termination condition is satisfied.,0.0684931506849315,2.0821917808219177,-0.292881995991776,0.1944932400545782
2514,-3.64366148886758,1.252963542938769,-0.7774446829195848,0.6855475008168117,0.5597680529777439,True,9.401071487920358e-05,0.0006901510431618206,0.004871778361497094,0.002564446080853074,501,,`gtol` termination condition is satisfied.,0.0657534246575342,2.0794520547945203,-0.2964045349716478,0.1980694544011652
2515,-3.6385639160910177,1.2474781812557345,-0.7676087561614083,0.6924421934814142,0.5579384054531283,True,8.55924336399418e-05,0.0006549771477900614,0.004781993276594099,0.002458043292665418,499,,`gtol` termination condition is satisfied.,0.0630136986301369,2.0767123287671234,-0.2966181047547649,0.1978211176998556
2517,-3.64336847664244,1.2529630193225243,-0.7791558828642156,0.6777452055807213,0.5646017115751709,True,0.00012755727037817779,0.0008374669251609488,0.005361486275231892,0.002926138909046249,492,,`ftol` termination condition is satisfied.,0.0575342465753424,2.0712328767123287,-0.2993291151279937,0.1955710263955525
2520,-3.6171264441256343,1.237665933505739,-0.7607885582685636,0.6760862093151683,0.5676952177309611,True,8.545510311783351e-05,0.0006629144808943821,0.004668857564777701,0.002452555216698408,500,,`ftol` termination condition is satisfied.,0.0493150684931506,2.063013698630137,-0.2965482515563298,0.1977691827636252
2521,-3.622927580110514,1.2457490373743043,-0.7640433521829175,0.701220815113762,0.5621442932647428,True,7.451944636453951e-05,0.0006057587593833662,0.004449958417974381,0.0023202998928526157,498,,`gtol` termination condition is satisfied.,0.0465753424657534,2.0602739726027397,-0.2978857636588596,0.1990779825508648
2522,-3.612110917138498,1.243661241313955,-0.7701112004380903,0.6806971139626065,0.5688402782869554,True,6.228295967586755e-05,0.0005337445430988468,0.004133234600799581,0.0021268116129002836,497,,`gtol` termination condition is satisfied.,0.0438356164383561,2.0575342465753423,-0.2957430394437159,0.1985723807348333
2523,-3.5800398602276418,1.2288837665710193,-0.7835554419989955,0.6704480717839926,0.5678216005807748,True,6.995521779707573e-05,0.0006469463032025335,0.0037710483604305157,0.0020646536563361842,496,,`gtol` termination condition is satisfied.,0.0410958904109589,2.0547945205479454,-0.2923990529235367,0.1986489160888281
2524,-3.5763786101139905,1.2244238464364745,-0.7678425759585452,0.6825976260756267,0.5677008207035004,True,6.677661573580124e-05,0.000627838964584255,0.0038334684913857615,0.0020494657644139834,492,,`gtol` termination condition is satisfied.,0.1342465753424657,2.052054794520548,-0.2922183777017242,0.1990127044311872
2527,-3.6205620816559505,1.2526201784607827,-0.7692301044332869,0.6961231731111311,0.560405200813228,True,7.253982703317514e-05,0.0006144832562378067,0.004546448243225896,0.0023109153314305833,482,,`gtol` termination condition is satisfied.,0.1260273972602739,2.043835616438356,-0.2979244151798607,0.1983421541858468
2528,-3.635551672010728,1.2588560928925232,-0.7636923778328314,0.6859849242212851,0.5685228248219216,True,9.721716568682637e-05,0.0007072219750847439,0.00487435490716797,0.0024216714512521244,480,,`gtol` termination condition is satisfied.,0.1232876712328767,2.041095890410959,-0.2985050147554731,0.1950539709609927
2529,-3.6540989636693584,1.2642129728782054,-0.753622053661512,0.6925486702416918,0.566623408726586,True,8.597148751953254e-05,0.0006858554008268976,0.004428643662670986,0.002291410061931145,479,,`ftol` termination condition is satisfied.,0.1205479452054794,2.0383561643835617,-0.2973705210186192,0.1999435151292811
2530,-3.627732902075864,1.260381958697244,-0.7445432102646411,0.7556279822345975,0.5386692468359346,True,6.430055705656542e-05,0.0006421250550622797,0.004101277993502212,0.0021212116190494025,486,,`gtol` termination condition is satisfied.,0.1178082191780822,2.0356164383561643,-0.2974617458985368,0.1969645834119835
2531,-3.647637378849063,1.3009935781675546,-0.7249890940982776,0.8126473648136342,0.5201978677251912,True,6.943168683253137e-05,0.0007099458950872388,0.0036723376867418963,0.0020353538887965326,478,,`ftol` termination condition is satisfied.,0.1150684931506849,2.032876712328767,-0.2909310978959866,0.1909065047152293
2534,-3.624009238630441,1.2969229290190603,-0.7301630459615134,0.8231597686456579,0.5175144283732743,True,5.3854384597317e-05,0.0006570795101525912,0.002647971933070125,0.001620132001884177,479,,`ftol` termination condition is satisfied.,0.1068493150684931,2.0246575342465754,-0.2909402602856032,0.1924045279189101
2535,-3.636920544430638,1.3006965951623233,-0.7184943071193443,0.8364705825483773,0.5161347701165421,True,4.550347204343086e-05,0.0006400449106862045,0.002478463025251513,0.001562253826268488,476,,`ftol` termination condition is satisfied.,0.1041095890410958,2.021917808219178,-0.2970038820996561,0.1988333531031544
2536,-3.644233499342853,1.3101012198189905,-0.7203149630024532,0.8195033526539734,0.5287333040497938,True,4.6473165791961025e-05,0.000651986197079317,0.0022647152551996683,0.001483665055522064,476,,`ftol` termination condition is satisfied.,0.1013698630136986,2.0191780821917806,-0.290332690062031,0.1901865033268235
2537,-3.660289179186662,1.3129481572416453,-0.717358133839225,0.7818164182950558,0.5471143754505744,True,7.898640847378666e-05,0.0008678208318606939,0.002797819054391997,0.0018135177691339648,471,,`ftol` termination condition is satisfied.,0.0986301369863013,2.0164383561643837,-0.2934575143102216,0.186486706640593
2538,-3.6688543982987785,1.320822216465748,-0.7319278020011332,0.7834922195914785,0.5485012017817649,True,6.324001229562865e-05,0.0007928680898188089,0.003205227406857512,0.0019450805064659999,465,,`ftol` termination condition is satisfied.,0.0958904109589041,2.0136986301369864,-0.2918621893515757,0.1884167997825679
2541,-3.6776411780145506,1.3190720002542324,-0.7200536212919226,0.8184221540473334,0.533133895113897,True,7.899390281610824e-05,0.0007875386027864331,0.0034732902025447596,0.0021798345457610616,496,,`ftol` termination condition is satisfied.,0.0876712328767123,2.0054794520547947,-0.2938564524956651,0.186444447395073
2542,-3.6818094657697857,1.3158401153731956,-0.7207707134446982,0.7868892980284845,0.5434455858228799,True,9.212325158042712e-05,0.0008544220486646238,0.0038800276647818913,0.0023723466629758977,493,,`ftol` termination condition is satisfied.,0.084931506849315,2.002739726027398,-0.2966646910483875,0.1833077612974917
2543,-3.6765865381431526,1.3178315750660279,-0.7213029204261627,0.7860767496174149,0.5424349730404373,True,0.00010753501067953596,0.0011710614586107524,0.003638922709563876,0.002204870689444076,565,,`ftol` termination condition is satisfied.,0.0821917808219178,2.997260273972602,-0.293928417055465,0.1863614470179813
2544,-3.67277907220683,1.3142104995186312,-0.7335460309044651,0.7302689532005419,0.566016550658154,True,9.301579417744207e-05,0.0009009920925679318,0.003666642176819486,0.0021321867161358575,564,,`gtol` termination condition is satisfied.,0.0794520547945205,2.9945205479452053,-0.2929744108802596,0.187639848134459
2545,-3.676823170327899,1.312981050662968,-0.7292425578884506,0.7492424524973744,0.5593501983298388,True,9.999837285586095e-05,0.0009064706514256962,0.0036752650679628632,0.002102824417124602,563,,`ftol` termination condition is satisfied.,0.0767123287671232,2.9917808219178084,-0.2936480380252847,0.1865654824996953
2549,-3.6616654377053606,1.3231232769217836,-0.7358157511558037,0.7587553691323843,0.5483286986169957,True,0.00011226733652914595,0.001086794728520194,0.0030647104100326615,0.0020674885257830618,557,,`ftol` termination condition is satisfied.,0.0657534246575342,2.9808219178082194,-0.2942073190006823,0.1858387426925598
2550,-3.633705085116403,1.3001231806901128,-0.7437044247697525,0.7049394369547747,0.5665305007874343,True,0.00013670887673163646,0.001287256915853574,0.0025838717613851855,0.0018602592418210263,558,,`ftol` termination condition is satisfied.,0.0630136986301369,2.978082191780822,-0.299705894614545,0.1935580250942764
2551,-3.6174339122492025,1.287427872697772,-0.7610496609381779,0.7179289824315577,0.5580779691002642,True,0.00012321545747180415,0.001155498763150298,0.002433582665794846,0.0017496435867655948,561,,`ftol` termination condition is satisfied.,0.0602739726027397,2.9753424657534246,-0.2994646818418158,0.1948247473593754
2552,-3.5841537449310126,1.2786296996512974,-0.7705268659313976,0.6936542316205759,0.5643581705094812,True,0.00011533105711863172,0.0012464831944994973,0.0026791128355882396,0.0018735079239126737,568,,`gtol` termination condition is satisfied.,0.0575342465753424,2.9726027397260273,-0.297735006751389,0.1993089349789522
2556,-3.6364741747151865,1.3114062683252785,-0.7787007922189755,0.6831991018394029,0.5656539339068649,True,9.594732359019848e-05,0.0011611801497635374,0.002868129240008039,0.001966865306365929,546,,`ftol` termination condition is satisfied.,0.0465753424657534,2.9616438356164383,-0.2989816277057142,0.1934948573920799
2557,-3.693541985098666,1.3314068967710455,-0.7526763643091402,0.7151521767094592,0.5596964156554982,True,9.514101806994938e-05,0.001102455026107593,0.003048520435185042,0.0020510399870935915,538,,`ftol` termination condition is satisfied.,0.0438356164383561,2.958904109589041,-0.295139450834379,0.1869770559172766
2558,-3.711427289777631,1.3367607123654752,-0.7516857562134726,0.7332586548890735,0.5533276241141938,True,9.561682256020878e-05,0.001025406500078512,0.0030909855556669995,0.0020415357957735904,536,,`ftol` termination condition is satisfied.,0.0410958904109589,2.956164383561644,-0.294781119974882,0.1889355711333386
2559,-3.7257269328548506,1.3328394529208787,-0.7454371147682111,0.7231366712222517,0.5556102961446319,True,0.00011811523840478309,0.0010691241667429934,0.0029596899560867564,0.0019686430955328862,531,,`ftol` termination condition is satisfied.,0.1150684931506849,2.9534246575342467,-0.2983812922379496,0.1997691771339928
2562,-3.7279359199380195,1.3284710651211236,-0.7497019016555146,0.708446408405822,0.5598914335950119,True,8.986241842511304e-05,0.0010362736040673058,0.002688296202118358,0.0017734086538022755,523,,`ftol` termination condition is satisfied.,0.1068493150684931,2.9452054794520546,-0.2955423007405964,0.186786535558429
2563,-3.7145211339486006,1.3223910203079718,-0.7481361889368531,0.7391219173300615,0.5488313083607264,True,9.306418352861832e-05,0.0009568462419685392,0.0027658785062941805,0.0018776529620657255,523,,`ftol` termination condition is satisfied.,0.1041095890410958,2.9424657534246577,-0.2950051167100301,0.1867161887829017
2564,-3.7263824660475318,1.329229374651108,-0.7543748492126136,0.723468349429141,0.5556380703599139,True,8.707320339295906e-05,0.0009722112839024347,0.002840231655322494,0.001837896186991582,522,,`ftol` termination condition is satisfied.,0.1013698630136986,2.9397260273972603,-0.2980005365594316,0.1852034841023992
2565,-3.703569368670989,1.3272702157748795,-0.762767711516625,0.6955414354382865,0.5639959451474885,True,9.257133190888582e-05,0.0009974463412343042,0.0029271082440113483,0.0019306506022429568,520,,`gtol` termination condition is satisfied.,0.0986301369863013,2.936986301369863,-0.2948036529849424,0.187829752416836
2566,-3.7101977420432446,1.3307334271309115,-0.7582244757397176,0.7147623297157906,0.5646995218289109,True,0.000115732986610963,0.0012138265535558625,0.003769450270343236,0.0023686372578741017,521,,`ftol` termination condition is satisfied.,0.0958904109589041,2.9342465753424656,-0.2987996084951246,0.1996618689666727
2570,-3.6905279484366926,1.3257571426731247,-0.7605219091520424,0.6831309910592696,0.5787278604269148,True,0.00013470235063885665,0.0013107635175910427,0.0035299756675508985,0.002314289959265658,515,,`gtol` termination condition is satisfied.,0.084931506849315,2.9232876712328766,-0.294445488770973,0.1884041870838626
2571,-3.710886487452044,1.3326858926503136,-0.7616835361860453,0.6788098976100952,0.5824251774797506,True,0.00010090905695751671,0.0010016485113860615,0.0032404823758266543,0.002054269719170987,514,,`gtol` termination condition is satisfied.,0.0821917808219178,2.9205479452054797,-0.2964851173743562,0.1863853553347111
2572,-3.7124096300332647,1.3326657787349012,-0.7633733406293831,0.6756711330705403,0.5819081071453377,True,9.382968892208888e-05,0.0011033435655440683,0.002884915942785191,0.0019633212746912945,513,,`ftol` termination condition is satisfied.,0.0794520547945205,2.9178082191780823,-0.2947136357621392,0.1877696974363467
2573,-3.7313571637453045,1.33270921887245,-0.7633918551239401,0.6758093106893552,0.5820865972967337,True,0.00011285379936585508,0.0010024076005068756,0.004069607560185589,0.0024166681717616907,511,,`ftol` termination condition is satisfied.,0.0767123287671232,2.915068493150685,-0.2964139539523189,0.1870618453213179
2576,-3.7337368825929884,1.3325978802445848,-0.7633753969131375,0.6963764735455414,0.5703640767646143,True,0.00012005522088291614,0.0011728243811322601,0.003574966095092376,0.0024594010596984293,532,,`gtol` termination condition is satisfied.,0.0684931506849315,2.9068493150684933,-0.294422547374686,0.1904098543074519
2577,-3.7945162304992053,1.367836535495173,-0.7344877000663087,0.732673827697802,0.5673884044495011,True,0.00012752346365445095,0.0013509359037285422,0.003972295828187777,0.002497200419159432,521,,`gtol` termination condition is satisfied.,0.0657534246575342,2.904109589041096,-0.2982648719333584,0.1988783440086859
2578,-3.8183709043367178,1.3775071884166128,-0.7372890421236543,0.7237840990189454,0.5604489842234524,True,0.00011261607194449803,0.0010218661114113744,0.0032646753888793787,0.0022244767429853976,522,,`ftol` termination condition is satisfied.,0.0630136986301369,2.9013698630136986,-0.294073097706914,0.1922365720423752
2579,-3.7983093132334393,1.3654777702875174,-0.737829026213633,0.7556596208115561,0.5471535021580648,True,0.0001522229011450319,0.001283874539743959,0.0037387096592542413,0.0026800811472149524,519,,`ftol` termination condition is satisfied.,0.0602739726027397,2.8986301369863012,-0.2943381051174507,0.1922671514929317
2580,-3.7831900211742115,1.359605500763712,-0.7386955979510428,0.7428997609685233,0.5532383682834561,True,0.00017425609090217348,0.00129388561719373,0.004142838818781481,0.002810331450745893,520,,`ftol` termination condition is satisfied.,0.0575342465753424,2.8958904109589043,-0.2920815645740872,0.1937876390538029
2583,-3.7474447152944266,1.344821617878585,-0.7584209068446274,0.7013942859987089,0.5650741601496195,True,0.0001310060068398469,0.0012165374049233554,0.0033218368554235327,0.0023409809903433645,524,,`gtol` termination condition is satisfied.,0.0493150684931506,2.887671232876712,-0.2980625453742174,0.1990584223745647
2584,-3.747935338426322,1.3413069342706785,-0.7650790659996872,0.6667979021060845,0.5726477410169789,True,0.00017855376513294883,0.001450433980242937,0.0033919798776633554,0.0024094099421016852,513,,`gtol` termination condition is satisfied.,0.0465753424657534,2.884931506849315,-0.2977708046426331,0.199484643154995
2585,-3.76558828679362,1.3425066022313947,-0.7560710706141149,0.6793607827199649,0.5727874892030353,True,0.00015175674218811036,0.0013234198946791421,0.003164952516572363,0.0022112165864577584,523,,`gtol` termination condition is satisfied.,0.0438356164383561,2.882191780821918,-0.2998713482808849,0.1998367044822345
2586,-3.7638366751373686,1.3348321223389197,-0.7656311377274841,0.6829329912815332,0.5699718203666106,True,0.0001176718670348823,0.0011341797998286238,0.0028011334599119483,0.0019907948069565837,516,,`ftol` termination condition is satisfied.,0.0410958904109589,2.8794520547945206,-0.2977259368727158,0.1996457853923844
2587,-3.8047607881818815,1.359519270442229,-0.7410861200737697,0.6988693048136189,0.5689668444797292,True,0.00010098633659985203,0.001002998264606769,0.0028053454032447383,0.0019465145285978431,508,,`ftol` termination condition is satisfied.,0.1150684931506849,2.8767123287671232,-0.2924772221187801,0.1934899166891785
2590,-3.7967888973928177,1.354633288416544,-0.7527232382891614,0.6482234498810479,0.5853019802683183,True,0.00011882258396576005,0.0010408666988211935,0.0027679251059951966,0.001877149736451755,503,,`ftol` termination condition is satisfied.,0.1068493150684931,2.8684931506849316,-0.2904658018439746,0.1955721728807082
2591,-3.7961124250471943,1.3458697715041918,-0.7509868900869511,0.668775389148531,0.5763107496070853,True,0.00011382995589341198,0.0011679276723661157,0.0027716137767553844,0.001900612733607025,504,,`gtol` termination condition is satisfied.,0.1041095890410958,2.8657534246575342,-0.2913960835845948,0.1951583777412072
2592,-3.7865643230025854,1.340021259881542,-0.7560806990377118,0.6640521477245455,0.5771577133075844,True,9.832659801003009e-05,0.0010707774202521456,0.002557622264422394,0.0016960142534436515,503,,`ftol` termination condition is satisfied.,0.1013698630136986,2.863013698630137,-0.2921042468792375,0.1950560679459399
2593,-3.796240794962814,1.3433316597966793,-0.7485075393388417,0.6894440047452222,0.5634951461828827,True,8.063112308341697e-05,0.0009532610208503168,0.0028220655245295204,0.0017734102397578128,500,,`ftol` termination condition is satisfied.,0.0986301369863013,2.8602739726027395,-0.2982358920214904,0.1886130322312584
2594,-3.817594161848962,1.3506604122672696,-0.7450607856625139,0.6742217570449895,0.5683983434970203,True,8.898982876859912e-05,0.0009996221001380302,0.002964707548886407,0.001851555238814601,495,,`ftol` termination condition is satisfied.,0.0958904109589041,2.8575342465753426,-0.2992951346334752,0.1849819475281332
2597,-3.8370653413017446,1.354185210884521,-0.7410125549623715,0.6534157562230778,0.5757973024703551,True,0.000103913051628656,0.0010747736491539522,0.0032496374727130884,0.002089529346625669,492,,`gtol` termination condition is satisfied.,0.0876712328767123,2.8493150684931505,-0.293599566918312,0.1960084455638625
2598,-3.884463181057696,1.3826023354495187,-0.7470904475969059,0.6702977237559479,0.5651128077319247,True,8.687865945514172e-05,0.0008369389454736602,0.003042634327011428,0.001870908749430682,486,,`ftol` termination condition is satisfied.,0.084931506849315,2.8465753424657536,-0.298726277876273,0.1908761392554049
2599,-3.8958514825940536,1.375443963551136,-0.7483651655182972,0.6826612443723411,0.5595475704663743,True,7.214864868286736e-05,0.0008277300434319552,0.0027882577096094148,0.001793952124551354,481,,`gtol` termination condition is satisfied.,0.0821917808219178,2.8438356164383563,-0.290426957525878,0.1833381284042301
2600,-3.880454053676458,1.3682368393779538,-0.7563441510768957,0.663013584878305,0.5707477188859226,True,0.00010176651921474599,0.0010414691380917546,0.0027786550289452356,0.001789070214849193,487,,`gtol` termination condition is satisfied.,0.0794520547945205,2.841095890410959,-0.2991421559966862,0.1853563053225641
2601,-3.865974902309434,1.3611781265102219,-0.7438934158490629,0.6915869048944813,0.562927882433592,True,0.0001155869366041497,0.0010483858715765652,0.0026763881514347853,0.0018455598270033509,490,,`gtol` termination condition is satisfied.,0.0767123287671232,2.8383561643835615,-0.2976167117914497,0.1867756549063854
2605,-3.8660195303769114,1.3371220112581477,-0.7489872175849329,0.6635687917618358,0.5742516773394177,True,0.00010080660378887358,0.000928527272247768,0.0028595869332290725,0.0018658204400834601,489,,`ftol` termination condition is satisfied.,0.0657534246575342,2.8273972602739725,-0.2945838786014909,0.1969591622973793
2606,-3.845780103263648,1.3203205179068092,-0.7461523327627745,0.6634924809550599,0.5763456587494736,True,7.441927451902911e-05,0.0008614525005828846,0.0029669011564655567,0.001789797675243243,491,,`ftol` termination condition is satisfied.,0.0630136986301369,2.824657534246575,-0.2949141337665249,0.1977941992211612
2607,-3.8328735726186247,1.2938316990520167,-0.7507887401200921,0.6287083604495197,0.5904813275087571,True,0.00010626052294553619,0.0010174718558211139,0.0035412499571895587,0.002026484157821824,491,,`ftol` termination condition is satisfied.,0.0602739726027397,2.8219178082191783,-0.2959028533917778,0.1962035761035306
2608,-3.8287460352361786,1.2957009295687874,-0.7383018570215628,0.6561141726953496,0.5862044250909387,True,0.00012276359328960553,0.001010850399689967,0.003442275881092259,0.00203399429121137,487,,`ftol` termination condition is satisfied.,0.0575342465753424,2.819178082191781,-0.2966386761551884,0.1976032791071272
2611,-3.8273638883620884,1.3034281712306797,-0.7425775638613644,0.6492265986559433,0.5826317534031697,True,9.703893520899109e-05,0.0009588701074376738,0.0029652094110111864,0.0018915031843966842,486,,`gtol` termination condition is satisfied.,0.0493150684931506,2.8109589041095893,-0.298136385771183,0.1939498799105852
2612,-3.7988978043216015,1.289622902374087,-0.7426448563336396,0.6205196852873425,0.5949050994423731,True,7.1964216402437e-05,0.0007474993134717785,0.003315329980338711,0.0019292333696671925,490,,`gtol` termination condition is satisfied.,0.0465753424657534,2.808219178082192,-0.2961858858355727,0.1951751266759332
2613,-3.8134779843059095,1.3028275133552911,-0.7509191313616705,0.6242384797965678,0.588272038553554,True,0.0001445226865809118,0.0013019172200714401,0.003193748651010776,0.0019908040414750895,481,,`ftol` termination condition is satisfied.,0.0438356164383561,2.8054794520547945,-0.2970709972890042,0.1970759928104503
2614,-3.8082210985812655,1.3064491067331154,-0.7446854479212253,0.6354058944983982,0.5822948117510696,True,9.17571952751328e-05,0.0010634719741541966,0.0033016543683554015,0.001988019718235156,481,,`gtol` termination condition is satisfied.,0.0410958904109589,2.802739726027397,-0.2920443174005969,0.1988659966644522
2615,-3.8285023324316736,1.3145277407357168,-0.7386808854083575,0.6500502928193852,0.5706880878124843,True,7.670938916464108e-05,0.0008449510736540636,0.0030419358493019664,0.0017291721253068749,470,,`gtol` termination condition is satisfied.,0.1342465753424657,2.8,-0.2925838286895231,0.1983264853755261
2618,-3.813707495100495,1.3091228897961318,-0.7326486236908979,0.67921051473701,0.5606011431591923,True,8.618305839004268e-05,0.0010672404856842239,0.003025960243104991,0.0017643854418340082,465,,`ftol` termination condition is satisfied.,0.1260273972602739,2.791780821917808,-0.2912433433200533,0.1996669707449958
2619,-3.81404290834418,1.309891015914911,-0.7320560118148229,0.6552115292843192,0.5724538226102939,True,7.639376155614455e-05,0.0008448455770560937,0.003114956291113688,0.0017524764499997796,469,,`ftol` termination condition is satisfied.,0.1232876712328767,2.789041095890411,-0.2985051233861342,0.1903183252672946
2620,-3.821063549153321,1.2999948893911373,-0.7403389291764372,0.6400619033169599,0.5800747734213687,True,8.063824874376479e-05,0.0009567925697110683,0.0030624607813244478,0.0018304612654854607,467,,`ftol` termination condition is satisfied.,0.1205479452054794,2.786301369863014,-0.2979007594559796,0.1870876659688173
2621,-3.8038528575247175,1.2892183244539952,-0.749799805109317,0.6573200603620883,0.5725461354100391,True,8.770399962465235e-05,0.0009039463737687426,0.0028681130354233225,0.0017686904908125916,468,,`ftol` termination condition is satisfied.,0.1178082191780822,2.783561643835617,-0.2986741594730205,0.1862800673688985
2622,-3.8363275708766964,1.3092856363463745,-0.7467162157618881,0.6688081644991519,0.5735140858228455,True,0.00010670367848869009,0.001196412795030166,0.002926905351785744,0.0018912281551112437,456,,`ftol` termination condition is satisfied.,0.1150684931506849,2.780821917808219,-0.2996437446936169,0.1831490963328907
2625,-3.835830790404356,1.3104242964858437,-0.7567979486209652,0.637583012222925,0.5809757738525553,True,8.40407619793909e-05,0.0007424336673145495,0.0029095437170836716,0.0017616796791569283,452,,`gtol` termination condition is satisfied.,0.1068493150684931,2.7726027397260276,-0.2899419439376824,0.1835766274154975
2626,-3.8258795105993526,1.2979862381611031,-0.7449992723011728,0.6779370086937744,0.5656591038766262,True,8.988942885547581e-05,0.0010446224917272443,0.0025325639942061057,0.001641365418224587,455,,`ftol` termination condition is satisfied.,0.1041095890410958,2.76986301369863,-0.2979783312557058,0.1857761992453832
2627,-3.852996665711842,1.323033317952607,-0.7467535321511117,0.680534710291473,0.5645517854248534,True,7.061246274847567e-05,0.0008650345827546293,0.0027410090556581755,0.0016383927667289644,449,,`ftol` termination condition is satisfied.,0.1013698630136986,2.767123287671233,-0.2945052200585925,0.1964050940064567
2628,-3.884063486929713,1.3472144512567354,-0.7330806496632336,0.6530185615066096,0.5813471267242989,True,9.030853250579452e-05,0.0008887390557240307,0.002910695961242814,0.0018634391880898008,444,,`gtol` termination condition is satisfied.,0.0986301369863013,2.7643835616438355,-0.2924307466386339,0.1984795674264153
2629,-3.8776440821589877,1.3335122767778718,-0.7180986760918646,0.7287421910105266,0.5536168813748593,True,9.482752200892317e-05,0.0011671126891249258,0.0030218105180537407,0.001943807825598919,442,,`ftol` termination condition is satisfied.,0.0958904109589041,2.7616438356164386,-0.2922130991728982,0.198697214892151
2632,-3.8689535720232997,1.3366837296534768,-0.7313008253243667,0.694244412915315,0.5632352758427489,True,0.00010662683120139689,0.0007782794001396,0.0028830950882169563,0.0019137563960848825,541,,`ftol` termination condition is satisfied.,0.0876712328767123,2.7534246575342465,-0.2999320411360378,0.1877711652090985
2633,-3.819092203742729,1.3065770116050155,-0.7494470486893285,0.6316891784510661,0.5862740472465715,True,0.0001055088101428972,0.0008326189821106991,0.0025610971065975563,0.0018305915911916808,549,,`ftol` termination condition is satisfied.,0.084931506849315,2.750684931506849,-0.2895953228787168,0.1983534139602601
2634,-3.8241220950352974,1.304990200113425,-0.7491798714142943,0.6642160861470122,0.5738775891781271,True,0.00012420678742158355,0.0011102065998042174,0.002273171663819433,0.0016180842811110208,547,,`gtol` termination condition is satisfied.,0.0821917808219178,2.747945205479452,-0.2898122020631964,0.1982828296553833
2635,-3.8167497390115597,1.3024392908407332,-0.7449520438660729,0.6420134271433054,0.585434877376632,True,0.00010797537631461717,0.000897595867515028,0.002506823875395014,0.0018075227675258823,546,,`gtol` termination condition is satisfied.,0.0794520547945205,2.745205479452055,-0.288668652044625,0.1992512018877572
2636,-3.839909631596625,1.3070275409233918,-0.7487293784812327,0.7013444844479182,0.5644320101959683,True,0.00013677312450042264,0.0009742204388413203,0.002273391838158268,0.0017527682762414755,542,,`ftol` termination condition is satisfied.,0.0767123287671232,2.7424657534246575,-0.2903183705547415,0.1973848357903949
2639,-3.854820866733343,1.3166766429608217,-0.7402748129045319,0.7063841778970321,0.5608096558358237,True,0.00011642660140925996,0.0009561470757469757,0.0024646315463341464,0.0018142985541378504,537,,`ftol` termination condition is satisfied.,0.0684931506849315,2.734246575342466,-0.2999259346652563,0.1844664320325788
2640,-3.9024184324890427,1.3344442688706115,-0.7193017366882082,0.6879800933336638,0.5677467380892661,True,0.00012525650406698617,0.0009945318608327093,0.0026211658172358523,0.001910496195149507,529,,`ftol` termination condition is satisfied.,0.0657534246575342,2.7315068493150685,-0.2933802601815743,0.194322946163562
2641,-3.923446073564268,1.3444926331689644,-0.7239158571698249,0.6591010188073683,0.5767323449278517,True,0.00014245215414874157,0.0010623917307721316,0.0027641432385174546,0.002015254010624489,522,,`ftol` termination condition is satisfied.,0.0630136986301369,2.728767123287671,-0.2948854937002789,0.1929270435677407
2642,-3.9396712378027727,1.35826299994915,-0.7258229946285991,0.6556351710689157,0.5793386136184872,True,0.00011946547740571324,0.0009149137670475401,0.0027537156146694654,0.002001363275766981,520,,`ftol` termination condition is satisfied.,0.0602739726027397,2.7260273972602738,-0.2979102371578143,0.1906814162253062
2643,-3.929903249623144,1.3542088475387992,-0.7423065315090294,0.6016656451453742,0.5967256560621595,True,9.524476890433854e-05,0.0008823732033522353,0.0025053214425529925,0.0017401673990938623,521,,`gtol` termination condition is satisfied.,0.0575342465753424,2.723287671232877,-0.2956586010260251,0.1927186942498556
2646,-3.939528143585748,1.340511707018511,-0.7264342392345369,0.6325996949545245,0.586934009316651,True,0.00010668387529688282,0.0008941609884611667,0.002400394750854384,0.0017393953076393538,516,,`ftol` termination condition is satisfied.,0.0493150684931506,2.7150684931506848,-0.2945202364694743,0.195107292845961
2647,-3.9525411206159995,1.3533331988483945,-0.7316866525906403,0.6543921309246086,0.5770750355113956,True,9.254943166462982e-05,0.0008379792840401828,0.002137057820742167,0.0015814636924270152,514,,`ftol` termination condition is satisfied.,0.0465753424657534,2.712328767123288,-0.2944342621389296,0.1950847109483366
2648,-3.912723498137034,1.310567379619808,-0.7353676108583966,0.5848905359834587,0.6043954745657376,True,0.00011423193070699517,0.0009969603236957651,0.0028208284906666653,0.0019509013677135936,521,,`ftol` termination condition is satisfied.,0.0438356164383561,2.7095890410958905,-0.2900837659312701,0.1980468549180724
2649,-3.947271673215808,1.3342418775615854,-0.7307063075667422,0.6250042589505698,0.5898479610598895,True,0.0001009965168014976,0.0010445914573236435,0.0024504472195319114,0.0016776191396462637,512,,`ftol` termination condition is satisfied.,0.0410958904109589,2.706849315068493,-0.2933374491409208,0.1955828475993048
2650,-3.924663623123305,1.3220880306276057,-0.7306443971192277,0.62340518232751,0.5948773497601728,True,8.646749100825484e-05,0.0008513057953281554,0.002202203474641127,0.0015589229686325213,510,,`ftol` termination condition is satisfied.,0.1150684931506849,2.704109589041096,-0.2925404914321335,0.1955293151489167
2653,-3.903436350127033,1.3101330056933909,-0.7365462390815491,0.5965258376382624,0.606315944281871,True,7.550504424647448e-05,0.000741965320005785,0.002691825584995246,0.0016483236527341702,511,,`ftol` termination condition is satisfied.,0.1068493150684931,2.695890410958904,-0.2929930030465714,0.1956581159469
2654,-3.8897608749141335,1.29226980069643,-0.7461365782020308,0.5674770636117269,0.6227452241816361,True,8.090213982589238e-05,0.000769919295733495,0.0031761197224976895,0.0017945820230713034,514,,`ftol` termination condition is satisfied.,0.1041095890410958,2.6931506849315068,-0.2918952603376684,0.1987817997738863
2655,-3.8710382292471466,1.2815711078469854,-0.7559673880759781,0.5758875311381323,0.612619698006074,True,5.7641723514146977e-05,0.0006782596268139318,0.0030907775838094767,0.0016065524270901957,511,,`gtol` termination condition is satisfied.,0.1013698630136986,2.6904109589041094,-0.28749123196593,0.1841922585582622
2656,-3.8412727881474953,1.2738657588606135,-0.7506955962775091,0.5566843055910854,0.6196339322274702,True,9.267933534331133e-05,0.0009264936587325813,0.003671682721135492,0.0019727527470692,521,,`ftol` termination condition is satisfied.,0.0986301369863013,2.6876712328767125,-0.2961094394454732,0.1921213965105312
2660,-3.884813193863856,1.2991758276191938,-0.7568090640970059,0.6093592263618638,0.5952287160203273,True,7.794182355377245e-05,0.0008382837704508137,0.002862851679862135,0.0016064509535819631,502,,`gtol` termination condition is satisfied.,0.0876712328767123,2.6767123287671235,-0.2998795731238078,0.1845127935740272
2661,-3.8794567281877366,1.2985885432550712,-0.744257015166706,0.5953423439895439,0.6048670359054596,True,9.120616466145145e-05,0.0009558835050801829,0.003248305388023135,0.0018745258551333473,507,,`gtol` termination condition is satisfied.,0.084931506849315,2.673972602739726,-0.2995590280648061,0.1870797353773401
2662,-3.8715479106980135,1.2844234307638773,-0.7307604051022658,0.5530343230107513,0.6245303302248594,True,0.00012569441432529497,0.0011898030375493253,0.0036935293333154808,0.002115049682475799,508,,`ftol` termination condition is satisfied.,0.0821917808219178,2.671232876712329,-0.2989152986734609,0.1878773869170222
2663,-3.92502733470789,1.308880932077301,-0.7336296658635004,0.5678539897888109,0.6199137040157078,True,9.575436227822914e-05,0.0008809379125124642,0.0027030209282650937,0.0017305933290163074,496,,`ftol` termination condition is satisfied.,0.0794520547945205,2.668493150684931,-0.2924351799056024,0.1974521032949376
2664,-3.9105491321130232,1.3011914600631123,-0.7337004196818443,0.5406593126249194,0.632395172329128,True,9.44591989663392e-05,0.0008552268692843373,0.003297540941103047,0.0019602023191739007,495,,`ftol` termination condition is satisfied.,0.0767123287671232,2.665753424657534,-0.2903033383691808,0.1823264248262252
2667,-3.9991495197661178,1.352805590666896,-0.7089689895058251,0.604063716088163,0.6050554020284307,True,0.0001140549859209371,0.0009237925033277103,0.0033328182849123975,0.0023402578489402767,503,,`ftol` termination condition is satisfied.,0.0684931506849315,2.6575342465753424,-0.2996763364840579,0.1888319650261119
2668,-4.010194410440825,1.3564244331396842,-0.6991103897340475,0.599931136185013,0.605407802887661,True,0.0001269527195528322,0.000884968264359597,0.003489754256211749,0.0024284294795669137,500,,`ftol` termination condition is satisfied.,0.0657534246575342,2.654794520547945,-0.2927838708734958,0.1991530320512512
2669,-4.002481903219932,1.3530634451049162,-0.6958969041789917,0.5754475899577488,0.6172857641942971,True,0.00014062496135726279,0.0010467446210046113,0.003362768312978701,0.0023357389553321437,502,,`ftol` termination condition is satisfied.,0.0630136986301369,2.652054794520548,-0.29257661137318,0.199994872582561
2670,-3.999667385127847,1.3546355612483651,-0.6968432414495069,0.6057477426962697,0.6009997164145491,True,0.00010827704636099227,0.0009147645634943707,0.0032422547154624874,0.002212165485321071,496,,`ftol` termination condition is satisfied.,0.0602739726027397,2.649315068493151,-0.2925889906959826,0.1991552757138666
2671,-3.9949288815887614,1.3538284206463895,-0.6827897482692528,0.6117463828789388,0.6037566034525402,True,0.00012535610786102694,0.0009942087560239996,0.0030668785032098673,0.002240679090126408,493,,`ftol` termination condition is satisfied.,0.0575342465753424,2.6465753424657534,-0.2908050674296689,0.1827135039235111
2674,-4.01885223747102,1.3726098752675828,-0.6943472457716227,0.6275241494243328,0.5920890807896724,True,9.120468855944918e-05,0.000819138688061684,0.002582083485947458,0.001875964295217053,487,,`ftol` termination condition is satisfied.,0.0493150684931506,2.638356164383562,-0.2930332138310217,0.198671912792774
2675,-4.00809386459165,1.3618362514866171,-0.6899914907094998,0.6016575875749902,0.603421459341539,True,0.00010468666410593059,0.0009298783141947824,0.0027542369026296743,0.001996388082584526,487,,`gtol` termination condition is satisfied.,0.0465753424657534,2.6356164383561644,-0.292648352682327,0.1996751946704184
2676,-3.9806898930849104,1.3474559970348772,-0.6928679398853231,0.6106816675755334,0.5993811173546587,True,8.754518646546533e-05,0.0007843283401797354,0.002732432039177953,0.0019675240809117625,486,,`ftol` termination condition is satisfied.,0.0438356164383561,2.632876712328767,-0.2910955401159815,0.1829024667836829
2677,-3.9887333670834653,1.360526822626814,-0.698110676872966,0.597222201436737,0.6042719804370816,True,0.0001057187977823,0.0009064494201810845,0.0031152471342163397,0.0021533989621787173,485,,`ftol` termination condition is satisfied.,0.0410958904109589,2.6301369863013697,-0.2921985795586351,0.1995257277133953
2678,-3.9955807562270085,1.3678532747281889,-0.7111722930370267,0.596244795203655,0.6052856088910233,True,0.00012213860258779313,0.0009265052320362069,0.003133498132931107,0.002285325571747763,472,,`ftol` termination condition is satisfied.,0.1150684931506849,2.627397260273973,-0.2969105026450526,0.1946528523123807
2681,-3.9977814419663416,1.364589395822003,-0.690812720675634,0.6103143914116187,0.6014902964795995,True,0.00010846781985403579,0.000898666344886758,0.003447156445326358,0.0023711653350281356,475,,`ftol` termination condition is satisfied.,0.1068493150684931,2.6191780821917807,-0.2961570565180891,0.1952511814044428
2682,-3.9933689730958055,1.3635402163287755,-0.6901524232433248,0.5806241687851377,0.6159440097545421,True,0.00010113626195822967,0.0008969724625884452,0.003314234296962886,0.0022623101801608372,472,,`ftol` termination condition is satisfied.,0.1041095890410958,2.6164383561643834,-0.2955979260635277,0.196412371750532
2683,-3.9786316053434505,1.3476863388052593,-0.6927380142882926,0.5994535031746078,0.6057665533575032,True,9.787405099687349e-05,0.0008621080292965885,0.0031568179141830697,0.0022145767459221793,476,,`ftol` termination condition is satisfied.,0.1013698630136986,2.6136986301369864,-0.2962381816670468,0.1952511290202628
2684,-3.957563960383395,1.348793675630727,-0.695377405380233,0.5774716603464438,0.6144211588628785,True,0.00010142444822996166,0.0008336884977556934,0.0031544260756619065,0.00218226928322134,475,,`ftol` termination condition is satisfied.,0.0986301369863013,2.610958904109589,-0.2941192737517479,0.1972601574379303
2685,-3.9359677716557635,1.3330568499074147,-0.7095208986285382,0.5851325904208313,0.6078687022171433,True,0.0001225057608483526,0.0009816155449582,0.0039101700170983,0.0026695710812175578,474,,`ftol` termination condition is satisfied.,0.0958904109589041,2.6082191780821917,-0.2926452864313476,0.1992280004685159
2688,-3.9444915468490596,1.3496795980449094,-0.7102545703443931,0.5883249122995982,0.6061576169407819,True,0.00011955568883278289,0.0008807239947110602,0.004125087621209706,0.00275997904119125,469,,`ftol` termination condition is satisfied.,0.0876712328767123,2.6,-0.2965988025922322,0.195217261808448
2689,-3.9401411340733805,1.3569821753543678,-0.7067834897408336,0.592782276589044,0.606157753636105,True,0.00011618177621119531,0.0009002104544108723,0.004183779688341452,0.002738149164653528,467,,`ftol` termination condition is satisfied.,0.084931506849315,2.5972602739726027,-0.2964691375165051,0.195488632075705
2690,-3.7962926175698093,1.2748558041351783,-0.7320530331126991,0.5856210903233556,0.6105986244997916,True,7.352643264050464e-05,0.000817940045338457,0.0025107512268991838,0.0016959249119316878,490,,`gtol` termination condition is satisfied.,0.0821917808219178,2.594520547945206,-0.2940050802054029,0.1963696260713855
2691,-3.8039682441754827,1.2855660503537776,-0.7333694836539003,0.584261841916589,0.6051427436819979,True,8.411179937871837e-05,0.0007719527721635424,0.0025616136005452554,0.002002589399994757,484,,`ftol` termination condition is satisfied.,0.0794520547945205,2.591780821917808,-0.2955958690782703,0.194536401523314
2692,-3.8666942513053835,1.3269357079902737,-0.7240684046495103,0.59782503989167,0.5987004365988597,True,0.0001163618834120166,0.0009704716464959628,0.0037161675657237975,0.002666853221432832,465,,`ftol` termination condition is satisfied.,0.0767123287671232,2.589041095890411,-0.28925507699217,0.1864877528899323
2695,-3.9104529025977355,1.3565200731751017,-0.724786326066165,0.6039912708093189,0.5988760495062093,True,9.681135146587476e-05,0.0008971189178356569,0.003645013457098512,0.002509501602599566,458,,`ftol` termination condition is satisfied.,0.0684931506849315,2.580821917808219,-0.2942603072823034,0.1992000460264947
2696,-3.9232250593399383,1.357617472058548,-0.7290049896626923,0.6008648113579621,0.6010803997639167,True,9.947329008613205e-05,0.0009423514285176789,0.0036132188237948757,0.0024872140321361325,458,,`ftol` termination condition is satisfied.,0.0657534246575342,2.578082191780822,-0.2965582164174206,0.1964935985455259
2697,-3.941745708575423,1.3651871511552787,-0.7199920363672309,0.5847298043628297,0.6084303670306892,True,0.0001049860114710109,0.0009437568588369822,0.004014357482047199,0.0026781801927534253,454,,`ftol` termination condition is satisfied.,0.0630136986301369,2.5753424657534247,-0.2982288812394649,0.1947703039148823
2698,-3.9630567170488855,1.3734882050301176,-0.7216251556552579,0.5751424590915678,0.6167250953696573,True,9.307544877108456e-05,0.0008061793260882059,0.0042577852035023235,0.0027770782273576476,443,,`ftol` termination condition is satisfied.,0.0602739726027397,2.5726027397260274,-0.2890971701929997,0.1895875424403897
2699,-3.9414843068800116,1.3648993491791932,-0.7256209664004915,0.6052482996029639,0.6021977247490977,True,0.00012150419050755646,0.0009235412348358827,0.004749096436699148,0.0031441238371896696,442,,`ftol` termination condition is satisfied.,0.0575342465753424,2.56986301369863,-0.2892874783273551,0.1896903492725367
2703,-3.914390161228036,1.360724560754303,-0.7327974980304081,0.5898108913517766,0.6051324860830166,True,0.00011745205075967978,0.0009497675941125916,0.004340950455053023,0.002947144573758827,438,,`ftol` termination condition is satisfied.,0.0465753424657534,2.558904109589041,-0.2880634810153684,0.190304707199588
2704,-3.915289619267413,1.3645708975616149,-0.7352360851969887,0.5901932334136718,0.6059644244166926,True,9.776736035890217e-05,0.0008979795117316561,0.004191101394700338,0.0027896372451974784,441,,`ftol` termination condition is satisfied.,0.0438356164383561,2.5561643835616437,-0.2995126548750126,0.1913976591900367
2705,-3.9402284986112437,1.3739397423892543,-0.7195601505348846,0.5876208073927199,0.6145602202870634,True,0.00013596495557911874,0.000990770588401428,0.004973391550756716,0.0032479450098083294,434,,`ftol` termination condition is satisfied.,0.0410958904109589,2.5534246575342467,-0.2960609223095348,0.1827253664394133
2706,-3.956766659260188,1.382230020605285,-0.6915011947735203,0.607461553094002,0.6140487517581029,True,0.00011536877908649312,0.0009325628875051973,0.00467460891686141,0.0029239113552722022,427,,`ftol` termination condition is satisfied.,0.1342465753424657,2.5506849315068494,-0.2993792507888666,0.1796258222235769
2709,-3.939699202145121,1.3666455540310054,-0.6985066209134438,0.5893256718254252,0.6182623248016377,True,0.00010415835841949435,0.0008609429912678049,0.004397172916117441,0.0028514143133022934,426,,`gtol` termination condition is satisfied.,0.1260273972602739,2.5424657534246577,-0.2984378557269237,0.1797025354848741
2710,-3.9148205940694596,1.3467509824715238,-0.7099801291470199,0.5803867443811268,0.6226742546538037,True,0.0001271576195974283,0.0009707469815866654,0.004646762277450596,0.003013876172361897,430,,`ftol` termination condition is satisfied.,0.1232876712328767,2.5397260273972604,-0.2966025191019902,0.181978423822686
2711,-3.920389983298977,1.3527247042445363,-0.7130303227734393,0.592902828274082,0.615097313570786,True,0.00011166546869172586,0.0009084319611006769,0.004280714145380236,0.0027834760854846085,426,,`ftol` termination condition is satisfied.,0.1205479452054794,2.536986301369863,-0.297061913342164,0.1812963423068705
2712,-3.938682615649581,1.3609770341189353,-0.6842160876250186,0.5982178494070559,0.6216122047945971,True,0.00014085224871978314,0.001006794947687962,0.004711784493564495,0.0030323364286049953,412,,`ftol` termination condition is satisfied.,0.1178082191780822,2.5342465753424657,-0.2975455491065701,0.1806009126818036
2713,-3.9330858250203287,1.3619196153131081,-0.7044504350198293,0.5918459640762334,0.6185281343580705,True,0.00010138790723536678,0.0007486855285849515,0.00456126873428937,0.002937357931016137,421,,`gtol` termination condition is satisfied.,0.1150684931506849,2.5315068493150683,-0.2967127891936648,0.1819936339775396
2716,-3.919699215874019,1.3481913605129612,-0.7089110988113067,0.5872586426169797,0.622435566887987,True,0.00012508853622330215,0.0009486976415601241,0.004389123881848847,0.0029674652324036756,419,,`ftol` termination condition is satisfied.,0.1068493150684931,2.5232876712328767,-0.2961637299027644,0.1827578930289313
2717,-3.939307088513568,1.357666876860723,-0.714864700386562,0.6042693750325351,0.6097287647350147,True,0.00013223442062732437,0.0009354762739657396,0.005054500076631579,0.003309214396960445,412,,`ftol` termination condition is satisfied.,0.1041095890410958,2.5205479452054793,-0.2993111647728996,0.1776129073174096
2718,-3.9379235929292697,1.3613987308678177,-0.7162649369635857,0.5971409979158794,0.6125242645553192,True,0.00013441774039616144,0.0009914445553971662,0.004635100709756108,0.0031683664636398953,417,,`ftol` termination condition is satisfied.,0.1013698630136986,2.5178082191780824,-0.2998583842694592,0.1788263939066525
2719,-3.9273448529164967,1.35474583952353,-0.7136463681271776,0.6019281929595174,0.6122682070484193,True,0.00014736000620192054,0.0010723683201812346,0.004685569614214561,0.0032404974331101282,412,,`ftol` termination condition is satisfied.,0.0986301369863013,2.515068493150685,-0.2986916065598157,0.1797863802302615
2720,-3.9252413637431247,1.3586562062455523,-0.7158718880918341,0.6031729336383798,0.6130850063714693,True,0.00018924500941635587,0.0011525798963022554,0.00557076046074759,0.003861280268428907,408,,`ftol` termination condition is satisfied.,0.0958904109589041,2.5123287671232877,-0.2981490937641124,0.1802833036463351
2723,-3.9705541001984197,1.39060901260124,-0.7087223754738267,0.6087550337706333,0.6097841076189622,True,0.00012425105277054287,0.0008633292562102128,0.004833399073217928,0.0034683050015531553,417,,`ftol` termination condition is satisfied.,0.0876712328767123,2.504109589041096,-0.2911557069378532,0.172802378999982
2724,-3.9519341538595536,1.3736616234949512,-0.7132769578765205,0.5814649390538882,0.62025087010295,True,0.00016055346067455261,0.001111283051462186,0.0049985935433313625,0.0036299745817384536,423,,`ftol` termination condition is satisfied.,0.084931506849315,2.5013698630136987,-0.2872942207669157,0.1765984921652769
2725,-3.9444258081447003,1.3648811999281805,-0.7310788576872009,0.5899310863098689,0.6106860799873961,True,0.000188133467889878,0.0010589328895575089,0.004432460557032749,0.003128622840454902,521,,`ftol` termination condition is satisfied.,0.0821917808219178,2.4986301369863013,-0.2992949975441035,0.1792308394832738
2726,-3.9576608906003563,1.375546434701101,-0.7361946046709563,0.5830378647343603,0.6130662558145404,True,0.00016681519958672096,0.0010456914933450194,0.004174815058964353,0.002933743441668477,517,,`ftol` termination condition is satisfied.,0.0794520547945205,2.495890410958904,-0.2986690754092421,0.1802195418910133
2727,-3.967269727858141,1.3820273454745078,-0.7383731718861878,0.5763723301781111,0.6141663621132983,True,0.0001863301807503607,0.0010618923804165167,0.0046713541179816695,0.003204483188026817,514,,`ftol` termination condition is satisfied.,0.0767123287671232,2.493150684931507,-0.299167335267182,0.1784688277430715
2730,-3.9791876941525848,1.3885103343291045,-0.7294873957666325,0.5800263813363804,0.6143982016289481,True,0.0001792369119664624,0.0010915791073879259,0.004527172137259023,0.0031240470854809643,504,,`ftol` termination condition is satisfied.,0.0684931506849315,2.484931506849315,-0.2997752910476692,0.1779118650821512
2731,-3.9394555744682753,1.3574015017184349,-0.7454646201670224,0.5644773016544863,0.6191652135699885,True,0.000248910377158253,0.0014333052443392857,0.003974396201213313,0.0028652449128895754,516,,`ftol` termination condition is satisfied.,0.0657534246575342,2.4821917808219176,-0.2948445232712414,0.1834453947200671
2732,-3.979669733310288,1.3812447646349615,-0.7237713127544657,0.5711882980506646,0.621887259912695,True,0.00015900660558312401,0.0011186276511387608,0.004361102375323366,0.002985539621927365,497,,`ftol` termination condition is satisfied.,0.0630136986301369,2.4794520547945207,-0.287848917126867,0.1760997633092873
2733,-3.931635127645162,1.3469083723069917,-0.7593926688725486,0.5428329947499106,0.6212180587125476,True,0.00014117125389289593,0.001059409681385577,0.003454242089555889,0.002485152964435659,507,,`ftol` termination condition is satisfied.,0.0602739726027397,2.4767123287671233,-0.293892663315757,0.1837071962448706
2734,-3.9310300712985593,1.3446993924717248,-0.735839462323399,0.5995280301163549,0.6040474501708254,True,0.00014528538482218783,0.0010993368024396545,0.0036744606633536243,0.0026413458168563398,507,,`ftol` termination condition is satisfied.,0.0575342465753424,2.473972602739726,-0.2944025983400432,0.1830475559752767
2737,-3.9284783634596456,1.338862717247311,-0.7425226662525349,0.5427802002859531,0.6276377031077041,True,0.00014853257473134497,0.0011370961019712667,0.003746061322403268,0.002581087477032012,512,,`ftol` termination condition is satisfied.,0.0493150684931506,2.4657534246575343,-0.2956916221469104,0.1817086516675353
2739,-3.936888328833043,1.3494688426956785,-0.755506304776259,0.5390171549112268,0.6262430806474664,True,0.00015287420161813156,0.0011790979531782074,0.0035282564166556406,0.002405268829576097,505,,`ftol` termination condition is satisfied.,0.0438356164383561,2.4602739726027396,-0.2981310773046065,0.1794983651279712
2740,-3.902155003262122,1.2989527399995946,-0.739425861836382,0.5459828001547763,0.626927321932833,True,0.00016447154515060472,0.0011049261634268057,0.003394168718999605,0.002514023738304265,504,,`ftol` termination condition is satisfied.,0.0410958904109589,2.4575342465753423,-0.2894740888343561,0.1889949504515334
2741,-3.941308623714746,1.3285959607268696,-0.7420269984819711,0.5337602002780256,0.6346623484397675,True,0.00016927428430013743,0.0011636072080503522,0.0035384944719598927,0.0024748909925553955,494,,`ftol` termination condition is satisfied.,0.1150684931506849,2.4547945205479453,-0.2958603233980166,0.1820066970597434
2744,-3.9469316409940465,1.3362546452796522,-0.7447598130304026,0.5488693992254321,0.6260166996222021,True,0.00015156648705525277,0.0011099309760447195,0.0035796939294149423,0.002562582195507996,491,,`ftol` termination condition is satisfied.,0.1068493150684931,2.4465753424657533,-0.2958795360546649,0.1815644976665696
2745,-3.968572817417772,1.3445264251100064,-0.7448697603283542,0.5497083969897113,0.6270659518713507,True,0.00015374728356315866,0.0011283674266270628,0.003434350798323379,0.002466273684805751,487,,`ftol` termination condition is satisfied.,0.1041095890410958,2.4438356164383563,-0.2957385498490977,0.1818476348642287
2746,-3.9896614411959868,1.3581175582593181,-0.7475633036590507,0.5672163609726011,0.6176163102323735,True,0.0001677531430794106,0.0014217088334615472,0.0038759925808814393,0.0026994867959253843,476,,`ftol` termination condition is satisfied.,0.1013698630136986,2.441095890410959,-0.2883424920198174,0.1757884842334466
2747,-4.008149640658908,1.3692896658949212,-0.734687335328522,0.5793572693239676,0.6142608853879918,True,0.00011263930618545004,0.0010533264075490922,0.003934182064001214,0.002601928182660439,475,,`ftol` termination condition is satisfied.,0.0986301369863013,2.4383561643835616,-0.290345849642195,0.1735795206831621
2748,-4.03141215345891,1.3880658753880444,-0.7459344295977881,0.575336252923291,0.6101868820741919,True,0.00011997172814431524,0.0010058376199165084,0.003777483710962738,0.0025394632262506138,465,,`ftol` termination condition is satisfied.,0.0958904109589041,2.4356164383561643,-0.2949000377259514,0.1700726099366841
2751,-4.031013818204611,1.3904106183865121,-0.7460635571272204,0.5723195179745352,0.60915051940624,True,0.00011033769725816213,0.0010365430232486556,0.003738105389103602,0.0024565860683753897,462,,`gtol` termination condition is satisfied.,0.0876712328767123,2.4273972602739726,-0.2951966715045172,0.1682175448310734
2752,-4.040721607945885,1.3909470869939569,-0.7242719047639798,0.5521234407759871,0.6282140116107123,True,0.00012560862772680132,0.0010691077196469652,0.003991898290835044,0.0026508510302979604,461,,`ftol` termination condition is satisfied.,0.084931506849315,2.4246575342465753,-0.2957168147235758,0.168622072910876
2753,-4.0553118730394955,1.3986041419513695,-0.7121006745413918,0.5962040345054846,0.6106654360176577,True,0.00010585045287853555,0.0009916504027229689,0.0037115765655276723,0.0025005801166361084,458,,`ftol` termination condition is satisfied.,0.0821917808219178,2.421917808219178,-0.2991020751540026,0.1980524409218173
2754,-4.06192486540709,1.4067939965145853,-0.7091436252372965,0.579410541607642,0.6171652720380918,True,8.490834953408521e-05,0.0008188088467964116,0.003530587987669007,0.002418433156469319,453,,`ftol` termination condition is satisfied.,0.0794520547945205,2.419178082191781,-0.2876628928529138,0.1969442220448596
2755,-4.069286700177458,1.4156540428461601,-0.7199410947518374,0.5441216290630487,0.632024938149061,True,8.284646038399856e-05,0.0009187347497213698,0.0035436198568815553,0.0023409405161808686,454,,`ftol` termination condition is satisfied.,0.0767123287671232,2.4164383561643836,-0.2997930781961443,0.1987153677733783
2758,-4.078016829549668,1.4158699816332976,-0.7244100928887461,0.5706559199514015,0.6189624101297792,True,7.132699136849667e-05,0.0008638861576230739,0.0034035538899396395,0.002329558810623565,472,,`gtol` termination condition is satisfied.,0.0684931506849315,2.408219178082192,-0.2992559477809152,0.1984136993414529
2759,-4.101715383467286,1.4180887968456881,-0.7181635502089181,0.5690963681077277,0.6225000727657936,True,5.7189974160339856e-05,0.0007095729601191432,0.003332063618355316,0.0021625100237593164,464,,`gtol` termination condition is satisfied.,0.0657534246575342,2.405479452054794,-0.2884837535226357,0.1955381615588957
2760,-4.113348943478761,1.40037293094211,-0.7144733984137428,0.559762907759355,0.6257224523888388,True,7.224055674766762e-05,0.0007743219699006132,0.003431145357747906,0.0022931660007126865,462,,`gtol` termination condition is satisfied.,0.0630136986301369,2.4027397260273973,-0.2879384241772366,0.1962137733371702
2761,-4.120214189015259,1.3957618848950684,-0.7430339954387454,0.5402560276999885,0.6282283535975886,True,6.810149355985801e-05,0.0008159690620062736,0.0028725835815632075,0.0020293862942710153,460,,`gtol` termination condition is satisfied.,0.0602739726027397,2.4,-0.287337934836724,0.1968345412994366
2762,-4.103725904838828,1.3808082691809398,-0.7406293047416693,0.548563226959063,0.6263261284796533,True,8.869553408367939e-05,0.0009803291674714849,0.0031468319013734747,0.0022403079447233906,465,,`gtol` termination condition is satisfied.,0.0575342465753424,2.3972602739726026,-0.2996700667988263,0.1973773893820251
2765,-4.108648754269861,1.3769705365384401,-0.7358260238784801,0.5569062165755334,0.6215077769819968,True,6.255629769444782e-05,0.0008542597858675414,0.0027713549033012456,0.0019535506593696085,464,,`gtol` termination condition is satisfied.,0.0493150684931506,2.389041095890411,-0.2987690976239077,0.1985434256665282
2766,-4.134925048338972,1.398105032229985,-0.7351199522870422,0.570671725406335,0.6161833896636474,True,5.565571622313666e-05,0.0009056009618380703,0.002523703352235457,0.0017758131484904727,449,,`ftol` termination condition is satisfied.,0.0465753424657534,2.3863013698630136,-0.2871112798575099,0.1967609997565808
2767,-4.118770500950286,1.3625607946632352,-0.7424066718023437,0.5582631279063806,0.6191467323294257,True,7.791999916966391e-05,0.000880621336293503,0.003249021472219032,0.0021756473942473064,450,,`ftol` termination condition is satisfied.,0.0438356164383561,2.3835616438356166,-0.2878313130855792,0.1960462876390164
2768,-4.088215388790451,1.3260128725110707,-0.7371056299088584,0.560028357177835,0.619799146321069,True,8.956794473477503e-05,0.0008925344188232561,0.0037946967638307766,0.002572717110515335,452,,`gtol` termination condition is satisfied.,0.0410958904109589,2.3808219178082193,-0.2874904352945622,0.1967310070203855
2769,-4.090854420207497,1.3435134730586327,-0.7436181957823461,0.49293708249305557,0.6564792177091786,True,7.044119997868178e-05,0.0007906325314939667,0.0035262808171813067,0.0022762951808599973,448,,`gtol` termination condition is satisfied.,0.1150684931506849,2.378082191780822,-0.2877625566859102,0.1962122627417172
2772,-4.10137122703364,1.3546991617431954,-0.7423950248392213,0.5024813502357359,0.6483685822173106,True,0.00014878825820070006,0.0010088747176411237,0.003556091274005302,0.002414830058534944,442,,`gtol` termination condition is satisfied.,0.1068493150684931,2.3698630136986303,-0.2895244993091591,0.1946947518436579
2773,-4.052249557137027,1.3217520029632643,-0.7442515834020378,0.482613350738748,0.6623755733882274,True,0.00010354883152598966,0.0009738597623563789,0.0034916088998510823,0.002398347419773809,448,,`ftol` termination condition is satisfied.,0.1041095890410958,2.367123287671233,-0.2879716099808616,0.1959330265168153
2774,-4.032997645213152,1.3171109174999567,-0.7746797936770149,0.4710013091710431,0.6633958090939447,True,8.689525004388089e-05,0.0009096203030646955,0.003223596051909934,0.0021538622682071252,452,,`ftol` termination condition is satisfied.,0.1013698630136986,2.3643835616438356,-0.2996449794325833,0.1973873222010715
2775,-3.864312520440251,1.19331724155771,-0.797944649901747,0.43208337064932145,0.6829415308207585,True,6.962064228956511e-05,0.0008577886598243108,0.0022541030304123024,0.0016178144260438532,480,,`ftol` termination condition is satisfied.,0.0986301369863013,2.361643835616438,-0.2998371853668416,0.1775742312645579
2776,-3.8619059236220523,1.1910812051654698,-0.7797835467046866,0.4515893732082367,0.680312814688906,True,8.596831023048263e-05,0.000919272869315013,0.00285832928750729,0.001971083291119383,477,,`ftol` termination condition is satisfied.,0.0958904109589041,2.3589041095890413,-0.2884286390503668,0.1768167882708998
2779,-4.003715734222997,1.2894787214066228,-0.7549697334040963,0.5054828638452117,0.6531901675606642,True,8.134005308849842e-05,0.0009724383055714217,0.0033505183311495516,0.0023118270497297527,450,,`ftol` termination condition is satisfied.,0.0876712328767123,2.350684931506849,-0.2971407517739025,0.1667273295896654
2780,-4.023889826044178,1.278402697268948,-0.7590292140149744,0.4995616593221978,0.6539496305679261,True,9.442810921409179e-05,0.0009107710546918442,0.004018260625253289,0.0027363335613378244,448,,`gtol` termination condition is satisfied.,0.084931506849315,2.347945205479452,-0.297659594038497,0.1996661679204354
2781,-4.033278432434128,1.2863554078875286,-0.7739913587208854,0.4893011948738183,0.654716770615534,True,0.00010701461774372361,0.0009837179381964817,0.004100623823541858,0.0027790675953837394,444,,`ftol` termination condition is satisfied.,0.0821917808219178,2.345205479452055,-0.2986927774613944,0.1991218085451009
2782,-3.903415165252012,1.1970820562165438,-0.8039000579870459,0.44435151178818505,0.6743743121922504,True,9.842667240115218e-05,0.0011086906246664354,0.0027533082289663557,0.001943728411695511,470,,`ftol` termination condition is satisfied.,0.0794520547945205,2.3424657534246576,-0.2966387346589486,0.1805858206452955
2783,-3.895570051615898,1.1992128165279172,-0.8064364256196305,0.43097940228920384,0.6776636118787819,True,9.123474633646915e-05,0.0009169650436824582,0.0030554715352357287,0.001996611943346254,466,,`ftol` termination condition is satisfied.,0.0767123287671232,2.33972602739726,-0.2954083489065326,0.1831440726213202
2786,-3.927376806007678,1.2264321983986148,-0.7923006134362067,0.4539018146476816,0.6650997092800801,True,7.885910720937728e-05,0.0008520065268546073,0.003166122093827151,0.0020393849097857437,458,,`ftol` termination condition is satisfied.,0.0684931506849315,2.331506849315069,-0.2959108799444073,0.1830241300917496
2787,-4.003234165669686,1.2721866643377353,-0.7714564526184056,0.4921578952996371,0.6495061598837423,True,8.350170792773397e-05,0.0009875445952080438,0.003822092583932946,0.0025077861645070526,435,,`ftol` termination condition is satisfied.,0.0657534246575342,2.328767123287671,-0.2922797871459798,0.1722963866580495
2788,-3.950115968611108,1.2343610718702882,-0.7750447890213535,0.48178750210924176,0.6543639377972296,True,8.84618293621295e-05,0.0009062581866899387,0.0037603020658832044,0.002462734382156995,442,,`ftol` termination condition is satisfied.,0.0630136986301369,2.326027397260274,-0.2876056016288183,0.1765331550254888
2789,-3.9336456286853623,1.224257306664469,-0.795025439624494,0.468761311736435,0.6571128741336074,True,0.00010465767864778235,0.0009335344146647354,0.004283297514381361,0.0027076292957703735,447,,`ftol` termination condition is satisfied.,0.0602739726027397,2.3232876712328765,-0.2993602447367559,0.1775638273535533
2790,-3.9491036948510603,1.2337225856906004,-0.7765463790424404,0.4960961811883997,0.6481291570034468,True,0.00010875775674049423,0.0009335377549627567,0.004594777898502623,0.002968030805380472,439,,`ftol` termination condition is satisfied.,0.0575342465753424,2.3205479452054796,-0.2879627289919173,0.1758419549863346
2793,-3.9447869324581495,1.2321084444779686,-0.7873768610427465,0.5052649021254202,0.6418355635343067,True,9.874906737611003e-05,0.0008955536237702896,0.004630860709578588,0.002904787127049074,433,,`gtol` termination condition is satisfied.,0.0493150684931506,2.3123287671232875,-0.2885458763816944,0.1762692639154383
2794,-3.9380152465476357,1.2392170222434924,-0.7871740702202804,0.5235450131999635,0.6356838538616376,True,9.56442825615742e-05,0.0009472339623394031,0.0044071507229087896,0.002773646458335543,433,,`ftol` termination condition is satisfied.,0.0465753424657534,2.3095890410958906,-0.2898372923955657,0.1755879066954483
2795,-3.930918533834407,1.2332793703455422,-0.7737747709515486,0.5332804893172409,0.632939453988992,True,9.415536019825934e-05,0.0008797500987712524,0.004788471128587295,0.0029780256344634636,432,,`gtol` termination condition is satisfied.,0.0438356164383561,2.3068493150684932,-0.2935402530210254,0.171396314130748
2796,-3.9546055122616024,1.2257640016260614,-0.7510535847909654,0.5603631466923285,0.6261220471612156,True,0.00014677482558180552,0.001081600144568888,0.0065650150718593045,0.003914207664530071,432,,`ftol` termination condition is satisfied.,0.0410958904109589,2.304109589041096,-0.2994200945596775,0.1990247602243352
2797,-3.977564321465728,1.2755765829230021,-0.7335125990803283,0.521393643205303,0.6508534659350067,True,8.96927646200894e-05,0.0008335990760955089,0.004794285095998011,0.0028460878918141327,419,,`ftol` termination condition is satisfied.,0.1342465753424657,2.3013698630136985,-0.2994398345868296,0.1975924670468253
2801,-3.913415391551971,1.2382810396504493,-0.7590794356765705,0.49320774859855987,0.6619958721605729,True,8.24575830124038e-05,0.0008983364120809127,0.004152142283252413,0.0025790735735841527,424,,`ftol` termination condition is satisfied.,0.1232876712328767,2.2904109589041095,-0.2947577484820898,0.1708760351939842
2802,-3.917105222132526,1.2348947329442101,-0.7584993284985291,0.5034613953024446,0.6595677458608719,True,0.00010143924613631045,0.0009834527729065982,0.00505113886152153,0.0029827451469700227,418,,`ftol` termination condition is satisfied.,0.1205479452054794,2.287671232876712,-0.2973889932173077,0.167337897930358
2803,-3.9153245944458592,1.2373230405037232,-0.764319863287219,0.4791793494572746,0.6692261811416026,True,0.00011417311656623562,0.001064922626458674,0.005331111757909662,0.003088390021975199,418,,`ftol` termination condition is satisfied.,0.1178082191780822,2.2849315068493152,-0.2976478968169128,0.1673966766790285
2804,-3.874593761589471,1.216998910060262,-0.7664444791692943,0.46606617579725723,0.6779912539716851,True,0.00012391788751856103,0.0010539718019285476,0.005732679571045066,0.003341420057310524,422,,`ftol` termination condition is satisfied.,0.1150684931506849,2.282191780821918,-0.2962634073416151,0.1686088543543092
2807,-3.9314617902702342,1.2531990509320867,-0.7462171625149815,0.4882501091832344,0.6676974132628261,True,0.00015078423250028492,0.0010723422214133547,0.006644180389112628,0.0037207167262067993,408,,`ftol` termination condition is satisfied.,0.1068493150684931,2.2739726027397262,-0.2931874640140064,0.1917556019497684
2808,-3.947805674267467,1.264817276094658,-0.7412325117042488,0.5008707349193411,0.6626117014393667,True,0.00015262747591113278,0.0010988536687990664,0.006591725015866444,0.0037185712761245073,400,,`ftol` termination condition is satisfied.,0.1041095890410958,2.271232876712329,-0.2968699931850458,0.188217079649255
2809,-3.966591868456002,1.2835530370361565,-0.7450300517080735,0.49641645122407063,0.6615008297445628,True,0.00016345706954615466,0.0011797874748604288,0.006592423526619453,0.003765413512688458,396,,`ftol` termination condition is satisfied.,0.1013698630136986,2.2684931506849315,-0.2973017728396555,0.1869885941481614
2810,-3.962772124946569,1.2844591211574048,-0.7354738208602402,0.5128489200557204,0.6564241709615044,True,0.00017480505269981586,0.0011078387739674657,0.006918722587525268,0.004014412740323268,395,,`ftol` termination condition is satisfied.,0.0986301369863013,2.265753424657534,-0.2972017088770902,0.1875247208512052
2811,-3.9672165175952845,1.2961214499833695,-0.7406101903851054,0.513535829256965,0.6545046259903423,True,0.00015852166917971523,0.0010689916955498005,0.0072029080331108995,0.004078870439518317,390,,`ftol` termination condition is satisfied.,0.0958904109589041,2.263013698630137,-0.2986333747105766,0.1859108941199188
2814,-3.98640895609198,1.3072187983891421,-0.751674453047456,0.5133113822463933,0.6506243724557822,True,0.00020747807470675338,0.0010471000001921718,0.006429909131277119,0.003643405072740531,451,,`gtol` termination condition is satisfied.,0.0876712328767123,2.254794520547945,-0.2881480365713018,0.182776136579737
2815,-3.9849012450562533,1.3116722746413323,-0.7337520671950389,0.528555668144156,0.6462192852040531,True,0.0001543065764081437,0.0009009697522332478,0.006148846703001463,0.003422053771894154,455,,`ftol` termination condition is satisfied.,0.084931506849315,2.252054794520548,-0.2890793999653132,0.1822004739550364
2816,-4.004421528923819,1.3290702699280281,-0.7399527734559403,0.5306982112148109,0.6433075797795763,True,0.0001411987068428997,0.00081341458172041,0.0051036511621288475,0.0027178558022199813,521,,`gtol` termination condition is satisfied.,0.0821917808219178,2.249315068493151,-0.2894841711252476,0.181182304021028
2817,-3.991507518647769,1.3105335592784575,-0.736281286447902,0.5341481906554402,0.6428558865531535,True,0.00022849719796779792,0.001063249348414097,0.005850329210471392,0.0031459459428996284,523,,`gtol` termination condition is satisfied.,0.0794520547945205,2.2465753424657535,-0.2886700231902841,0.1828307557903749
2818,-3.968922695728166,1.2980614749778856,-0.7377644118500922,0.5477213663298068,0.6395294825793513,True,0.00022979440377378943,0.000999107104691321,0.006208419285740067,0.0033644998296394686,525,,`ftol` termination condition is satisfied.,0.0767123287671232,2.243835616438356,-0.2873897105693087,0.1829320302800163
2821,-3.959237520616228,1.311579990287843,-0.7397273389684093,0.5556829140485026,0.6342820839907849,True,0.0001788467234574198,0.0009263505678069278,0.005241608871616769,0.002900456606388691,532,,`ftol` termination condition is satisfied.,0.0684931506849315,2.2356164383561645,-0.2995013511364742,0.1846383919117643
2822,-3.952169090086272,1.3016173670423568,-0.7442060882893226,0.5535004385091129,0.6342888355073464,True,0.0002039067033896247,0.0010150914087108207,0.0054454867252227476,0.003063795324851901,531,,`ftol` termination condition is satisfied.,0.0657534246575342,2.232876712328767,-0.2998624932086297,0.1846382084232377
2823,-3.9639240600956396,1.3186487516886685,-0.7445316141177902,0.5668392795319449,0.6291310695800274,True,0.00016214485469221975,0.0008553456733252683,0.005146100452988452,0.002820337206793466,521,,`gtol` termination condition is satisfied.,0.0630136986301369,2.23013698630137,-0.2904287792793528,0.1809530919358684
2824,-3.979265861980151,1.3314920751051254,-0.7316035130285423,0.5849213205277491,0.6237044146066453,True,0.00022588387623011743,0.0010568589268650085,0.0050096095296804245,0.0028541107031709737,516,,`ftol` termination condition is satisfied.,0.0602739726027397,2.2273972602739724,-0.2912772138623187,0.1796789374982083
2825,-4.004848202007408,1.3396464619267676,-0.7335837152666544,0.5957688646126559,0.6195338848445573,True,0.00014809165681901543,0.0008814425877349196,0.004843504107908037,0.002561085215609735,516,,`ftol` termination condition is satisfied.,0.0575342465753424,2.2246575342465755,-0.2957242809588636,0.1760340934577179
2828,-4.039330893215594,1.3658260446200443,-0.7379197207996544,0.5438218921006777,0.6434782977663465,True,0.0001525386055168451,0.0008712967099946603,0.004176636250921927,0.0022738976133756614,507,,`ftol` termination condition is satisfied.,0.1260273972602739,2.216438356164383,-0.2994037899124259,0.171504487780197
2829,-4.055410874696551,1.3801979800782174,-0.7337154572413198,0.5426356608526112,0.6457931738324854,True,0.00014667327910180414,0.0008797921708010065,0.003972037363056139,0.002121458049034643,498,,`ftol` termination condition is satisfied.,0.1232876712328767,2.213698630136986,-0.2884227859484957,0.1688510795620788
2830,-4.0716550355232,1.384624897350634,-0.737744085462754,0.5483129278791223,0.6441296044089545,True,0.00012536942545831882,0.0008186867885067357,0.0038070570430769747,0.0020323703422871864,501,,`ftol` termination condition is satisfied.,0.1205479452054794,2.210958904109589,-0.2907669855732347,0.1999152690785253
2831,-4.105720432511781,1.4023741727904386,-0.7341727000526432,0.5680313445250624,0.6366226046600107,True,9.026259253913378e-05,0.0007443302742154489,0.0033460757004066845,0.0018264240893697504,493,,`ftol` termination condition is satisfied.,0.1178082191780822,2.208219178082192,-0.2956171358695472,0.1943407471307849
2832,-4.078108772297758,1.3828501577630472,-0.732548746447756,0.5526700049647063,0.643078004367525,True,0.00010058389302820845,0.0007170944201838717,0.003497269094510622,0.0018397521200546108,495,,`ftol` termination condition is satisfied.,0.1150684931506849,2.2054794520547945,-0.2951296649221707,0.1956803745259046
2835,-4.0595253709835655,1.3525461273022858,-0.7291613836759894,0.566254734588563,0.639469771181628,True,0.00014872429320436187,0.0008798218078108324,0.0036595743721397856,0.0020686031519875853,493,,`ftol` termination condition is satisfied.,0.1068493150684931,2.197260273972603,-0.2951274027572295,0.1963688507796865
2836,-4.062221001507196,1.3658779917411987,-0.7335065967128215,0.5755833732407665,0.6356839904585917,True,0.0001185047193664132,0.0007754118089894553,0.003937102221126725,0.0021660474930123245,492,,`ftol` termination condition is satisfied.,0.1041095890410958,2.1945205479452055,-0.2958367940609182,0.1947409788877466
2837,-4.067694947183993,1.3898045382580095,-0.7356946125406126,0.5836777646979239,0.6318610805322675,True,0.00010510879493384752,0.0007447692221640646,0.0037263072268594963,0.002079297881541053,492,,`ftol` termination condition is satisfied.,0.1013698630136986,2.191780821917808,-0.2966828610266997,0.1937045601401662
2838,-4.051717406826923,1.3699284718385414,-0.7320650365956051,0.5794602794933504,0.6334464799010927,True,9.913078838022773e-05,0.0006752355738528789,0.00408439513955241,0.00212713868509725,491,,`ftol` termination condition is satisfied.,0.0986301369863013,2.1890410958904107,-0.2965645650128112,0.194383623239036
2839,-4.054061807590402,1.370165777574666,-0.7366137959368784,0.5775638006574074,0.632955395509297,True,0.00016057277715090542,0.0008633261935798118,0.004228702716947016,0.002354888400896156,485,,`ftol` termination condition is satisfied.,0.0958904109589041,2.186301369863014,-0.2980641682417166,0.1931292402055507
2842,-4.06938628687241,1.3910368361798613,-0.7451700553845695,0.5850189445708057,0.6275366055313077,True,0.00012069470007442879,0.0007803251645542189,0.00382585902646705,0.0021222391806021636,481,,`ftol` termination condition is satisfied.,0.0876712328767123,2.1780821917808217,-0.2995309097942998,0.1913771728442294
2843,-4.074182313724948,1.3906640229545073,-0.7459013731787121,0.5922101945029868,0.6250639767980615,True,0.00011598801174140714,0.000782501064419002,0.00365788174937534,0.0020668565115474335,481,,`gtol` termination condition is satisfied.,0.084931506849315,2.175342465753425,-0.2997121927064426,0.1906988276777409
2844,-4.0748578092624435,1.388018707018067,-0.7403352104841269,0.6073747090761544,0.6212658039156534,True,0.00012347161348208176,0.0008118219314559338,0.0038741271730515295,0.002102550707163701,477,,`gtol` termination condition is satisfied.,0.0821917808219178,2.1726027397260275,-0.2993418012366484,0.189524245752844
2845,-4.0745909453320515,1.404930914046356,-0.7368829645471702,0.6233709102517587,0.6165661588493463,True,0.00010559746117623816,0.0007632221217444303,0.0035049292637006906,0.00194750285591894,479,,`ftol` termination condition is satisfied.,0.0794520547945205,2.16986301369863,-0.2998785050596708,0.1896697202590349
2846,-4.088217244308705,1.4067877506840687,-0.7363319272906215,0.6252551268376725,0.6151699402408072,True,9.727336797245625e-05,0.0006804679302528701,0.003604494598120565,0.00198068446210771,472,,`ftol` termination condition is satisfied.,0.0767123287671232,2.1671232876712327,-0.2933691076356612,0.1838775665162632
2849,-4.048316120215308,1.3776542980666415,-0.7370710492515468,0.6228862979198341,0.615017116726253,True,9.563596335744095e-05,0.000689689593501545,0.003545574059004952,0.002188218928386318,498,,`ftol` termination condition is satisfied.,0.0684931506849315,2.158904109589041,-0.2999985749613494,0.1885340484798165
2850,-4.06540133746782,1.375606058619662,-0.7308051634053572,0.6446393660817975,0.6098552749561827,True,0.0001379628347351358,0.0008762448707040349,0.0035079868418323823,0.0023465224521874483,491,,`ftol` termination condition is satisfied.,0.0657534246575342,2.1561643835616437,-0.2923602384083107,0.1865935807705498
2851,-4.039719408881933,1.3618194500999408,-0.7511648309052885,0.6336303492858291,0.6113870729750395,True,0.0001912972667795224,0.0010591401409308354,0.0036149509543161053,0.0024686341335296586,496,,`gtol` termination condition is satisfied.,0.0630136986301369,2.1534246575342464,-0.2995748737910488,0.189973351527657
2852,-4.051454236795022,1.383847218925293,-0.7542854445742119,0.6303550872601206,0.6100454283425807,True,9.110961168322367e-05,0.0006844706620914465,0.0027000100137843453,0.0018401569128749585,494,,`ftol` termination condition is satisfied.,0.0602739726027397,2.1506849315068495,-0.2994247578930443,0.1889420183882176
2853,-4.097319735945302,1.4223565764400152,-0.7455046317194877,0.6567501604111927,0.6023546495564948,True,9.398009986063638e-05,0.0007198436280311936,0.0028836766656205326,0.001877747923390723,490,,`ftol` termination condition is satisfied.,0.0575342465753424,2.147945205479452,-0.2947356535842441,0.1824736675640969
2856,-4.076078206666499,1.4209673122102489,-0.7528211552459924,0.6652610839077473,0.5981876048102786,True,6.584592574840514e-05,0.0006091440502579129,0.0022629170595331884,0.001556087110828693,486,,`ftol` termination condition is satisfied.,0.0493150684931506,2.1397260273972605,-0.2912134132045313,0.1867474987690953
2857,-4.092024597624989,1.4359505909115904,-0.7469099017012222,0.679853903815854,0.5941782973433473,True,7.543566936531377e-05,0.0006647204112926357,0.002203334872876473,0.0015509619457719575,486,,`ftol` termination condition is satisfied.,0.0465753424657534,2.136986301369863,-0.2934725249371712,0.1847297639501845
2858,-4.077362802592974,1.4228727450085734,-0.7489579628723345,0.6780106011582957,0.5940801422750798,True,6.566367467814483e-05,0.0005961124210381853,0.002116439118917753,0.0014941226337434478,481,,`gtol` termination condition is satisfied.,0.0438356164383561,2.1342465753424658,-0.2942220513774465,0.183867402678739
2859,-4.062924593057382,1.420106292085605,-0.7543007200714917,0.6831568684164137,0.5922725541274598,True,7.258457734383289e-05,0.0006378425598064374,0.002288599155410152,0.0015180864983324054,484,,`ftol` termination condition is satisfied.,0.0410958904109589,2.1315068493150684,-0.2942567743143685,0.1832185894214838
2860,-4.082042423809323,1.4494035770540734,-0.7447310913493848,0.6295510429307696,0.6216182836912071,True,5.384954645557436e-05,0.0005788684534614745,0.002524169900784148,0.001570865869341114,478,,`gtol` termination condition is satisfied.,0.1150684931506849,2.128767123287671,-0.2964101941984924,0.1805028137319457
2863,-4.075524281536682,1.428941236955796,-0.7407253865956718,0.6312954439231234,0.6204736398451691,True,8.06640932995904e-05,0.0006313208288210644,0.0024101052130546608,0.001503975836699228,511,,`gtol` termination condition is satisfied.,0.1068493150684931,2.1205479452054794,-0.299185631382286,0.1782559748014369
2864,-4.041726327800494,1.3944477802311865,-0.7497083578108087,0.6152572067568413,0.6249427770470918,True,0.00011427736780157859,0.0007568904616441156,0.0027944059566931455,0.0016989843657547812,514,,`ftol` termination condition is satisfied.,0.1041095890410958,2.117808219178082,-0.299239322724554,0.1792419055547554
2865,-4.025966973948901,1.4012198418568076,-0.7507187688691676,0.6332332969540111,0.6202835975758068,True,6.020495252261414e-05,0.0005257916732918788,0.0025364316048126483,0.001526150837627572,515,,`ftol` termination condition is satisfied.,0.1013698630136986,2.115068493150685,-0.2994751292667951,0.1775106166752899
2866,-4.004109378488307,1.3846034285580535,-0.7609560380560888,0.6134500545171321,0.624646940736726,True,6.2201613872253e-05,0.0005487975809566745,0.002435998431009971,0.0014863048306408893,516,,`xtol` termination condition is satisfied.,0.0986301369863013,2.112328767123288,-0.297280919950574,0.1804449549929355
2867,-3.9539750236259295,1.3398938966998064,-0.7616023067091818,0.6137994077872313,0.6265778511789852,True,6.567091638973269e-05,0.0005387374720306502,0.0026286400443053808,0.0014533722541087441,517,,`gtol` termination condition is satisfied.,0.0958904109589041,2.1095890410958904,-0.2963564747628116,0.181859739222929
2870,-3.945952361720872,1.3437573444872328,-0.7577162894942809,0.6684983141880521,0.6062452874870562,True,5.715495225765572e-05,0.0005120934296748092,0.002345215168399976,0.0013762092528179976,518,,`ftol` termination condition is satisfied.,0.0876712328767123,2.1013698630136988,-0.2972041214748983,0.1805629491415001
2871,-3.930306585398069,1.3366867494249268,-0.7682091603902217,0.6262473560722517,0.6209038361727333,True,8.293055608418291e-05,0.0006312682064662452,0.0026286335525863465,0.001533212220620945,516,,`gtol` termination condition is satisfied.,0.084931506849315,2.0986301369863014,-0.2955074515413449,0.1820795011213625
2872,-3.8852247935354494,1.2918485442753498,-0.7725022683257818,0.6295696592200533,0.6207532117708915,True,6.914171048151472e-05,0.0005680400980981836,0.0027433397245725396,0.001540828263926955,520,,`gtol` termination condition is satisfied.,0.0821917808219178,2.095890410958904,-0.2907468660873736,0.1874776877706582
2873,-3.9462374127506368,1.3310836102266135,-0.7615470284859132,0.6550816262902417,0.613845648415726,True,7.141925641783639e-05,0.0005810273880825827,0.002823883015143441,0.0015714043744328849,513,,`ftol` termination condition is satisfied.,0.0794520547945205,2.0931506849315067,-0.2988719085539057,0.1791452414271471
2874,-3.944604381584014,1.3273885374047885,-0.7679350703957671,0.6465772595628507,0.6148255762220027,True,6.256918338416733e-05,0.0005508216122980256,0.00300799722882481,0.001633478949331889,509,,`ftol` termination condition is satisfied.,0.0767123287671232,2.0904109589041098,-0.2959560523707083,0.1826747939507906
2877,-3.9762754620054017,1.3331687047073963,-0.76462358016558,0.6584578150857405,0.6095332402607685,True,7.530224205557673e-05,0.0006001376876523391,0.0031866978272135573,0.0016743426860344106,501,,`ftol` termination condition is satisfied.,0.0684931506849315,2.0821917808219177,-0.2983879252258521,0.1797438471097342
2878,-4.018689000038329,1.3615713517201335,-0.7659137247540815,0.6661847487243835,0.6055062977924015,True,6.8507061808723e-05,0.0005697114313407449,0.0036028792764310293,0.0018148561695165678,486,,`gtol` termination condition is satisfied.,0.0657534246575342,2.0794520547945203,-0.2914894124496561,0.1739316958467852
2879,-4.009946735076654,1.354487697527344,-0.7562251418648049,0.6758825333033724,0.6024405611935741,True,6.25757782850824e-05,0.0005049049985583836,0.0039295867719909795,0.0019537491848332597,485,,`gtol` termination condition is satisfied.,0.0630136986301369,2.0767123287671234,-0.2906546594025963,0.1751111765019898
2881,-4.021356822549147,1.3583930078074886,-0.7548176407243327,0.6697274623151167,0.6028913143566548,True,6.916210283537028e-05,0.0005493435425667915,0.003923594059985827,0.0019300473954489996,485,,`gtol` termination condition is satisfied.,0.0575342465753424,2.0712328767123287,-0.2933197403068949,0.1723528399536404
2884,-4.01447959101507,1.3508939412811727,-0.7538333993626588,0.6856809725007335,0.5977209626772836,True,6.518396993246165e-05,0.0005278506276810653,0.0037854854025284657,0.0019103885065998296,484,,`gtol` termination condition is satisfied.,0.0493150684931506,2.063013698630137,-0.293541479344169,0.1720848290256246
2885,-4.036836539212517,1.356024963159335,-0.7531233716457985,0.6877968056590096,0.5959947757011453,True,7.899871737770126e-05,0.0005771536293801936,0.004077277077888919,0.0020167319590235276,483,,`ftol` termination condition is satisfied.,0.0465753424657534,2.0602739726027397,-0.2997197912779182,0.193912510203883
2886,-3.9832704156484104,1.3148067552409635,-0.761251898910824,0.6701421319960135,0.6001103751328428,True,0.00011177024985569856,0.0006993837609056463,0.004724216102376773,0.0023925431077584584,485,,`gtol` termination condition is satisfied.,0.0438356164383561,2.0575342465753423,-0.2996227871553118,0.1938514725173725
2887,-4.000865611858967,1.3274630229799738,-0.7484204196062761,0.6800504999412867,0.5970365633219232,True,8.597203834123578e-05,0.0006192707424499122,0.004421626841822398,0.002305950011243549,483,,`gtol` termination condition is satisfied.,0.0410958904109589,2.0547945205479454,-0.2980350956472318,0.1845473158053637
2888,-3.9991828920704022,1.327857984500808,-0.7671004615263629,0.5874240818025013,0.636355361632619,True,9.155007237188092e-05,0.0006594999825214255,0.0035148207845258545,0.0018809459879719078,475,,`ftol` termination condition is satisfied.,0.1342465753424657,2.052054794520548,-0.2987943137225313,0.1862264508969166
2891,-4.010854648607117,1.3356327372535557,-0.7682137146478164,0.5970262881109484,0.6363312406694552,True,5.6411062131463175e-05,0.000513412878516074,0.002954934038557432,0.001557922291083299,473,,`ftol` termination condition is satisfied.,0.1260273972602739,2.043835616438356,-0.2970233947264645,0.1881261339497841
2892,-4.000054203441266,1.3382555383554637,-0.7653006615643528,0.593125025369568,0.6369343574127097,True,5.07458114389942e-05,0.0004755681085357349,0.0029676527424664983,0.001549836554244256,471,,`ftol` termination condition is satisfied.,0.1232876712328767,2.041095890410959,-0.2941822428642326,0.1884001685883629
2893,-4.0042787138123845,1.3347451819294027,-0.7705251548996066,0.593795512482256,0.6360136250453782,True,6.608122642513909e-05,0.0005496742490984523,0.0033688969851628477,0.0016841820723013457,468,,`ftol` termination condition is satisfied.,0.1205479452054794,2.0383561643835617,-0.2937368354659817,0.1911912598527775
2894,-4.028922646288035,1.3495649108336345,-0.7607535680460069,0.596826527422867,0.633965846617835,True,0.0001029162767770931,0.0007194668020525759,0.003842886774684333,0.0018868553823133832,467,,`ftol` termination condition is satisfied.,0.1178082191780822,2.0356164383561643,-0.2974900319935303,0.187382900037185
2895,-4.053716545654565,1.375020846965213,-0.7583620828506187,0.6051999432123282,0.629948910994422,True,7.754011033246648e-05,0.00059061660799211,0.004044318592581685,0.001963349573646536,465,,`ftol` termination condition is satisfied.,0.1150684931506849,2.032876712328767,-0.2985660311314983,0.1824815447975969
2898,-4.0741074654411715,1.3829601523913306,-0.7512090455103427,0.6200646000827928,0.624311711274098,True,7.649407474308454e-05,0.0005919516835018122,0.004295875952777371,0.0020706670467084097,453,,`gtol` termination condition is satisfied.,0.1068493150684931,2.0246575342465754,-0.29377446521399,0.1782227117298715
2899,-4.061984362485244,1.3638344904126138,-0.7367819443241218,0.6490910500819569,0.6188282010701721,True,6.592934364352467e-05,0.0005553163667492236,0.004458207814050938,0.0023092404356277827,453,,`gtol` termination condition is satisfied.,0.1041095890410958,2.021917808219178,-0.2957857822372922,0.176626203997814
2900,-4.052069906642753,1.3550789736910327,-0.7298388174000501,0.6416254018909332,0.6206187077107548,True,7.109935541368251e-05,0.0005640219292305319,0.0047592835672485186,0.0023770570984222006,454,,`ftol` termination condition is satisfied.,0.1013698630136986,2.0191780821917806,-0.2961220866359274,0.1767663504937344
2901,-4.029291844172204,1.357153600921566,-0.7410353657712774,0.63315715114498,0.6216990657581111,True,9.036119623787523e-05,0.0006661180052350281,0.0042217660732744135,0.002204087588866789,453,,`ftol` termination condition is satisfied.,0.0986301369863013,2.0164383561643837,-0.2994856921408357,0.1813501844583372
2902,-4.065199093093169,1.3776464266675932,-0.7332065268865147,0.6672936341231699,0.6125614927134453,True,9.635946471667868e-05,0.0006849992366962642,0.004931528129668096,0.002557407574478249,446,,`ftol` termination condition is satisfied.,0.0958904109589041,2.0136986301369864,-0.2984559102812947,0.1715477189644409
2905,-4.06917389780155,1.3982559878491165,-0.7323272321280554,0.661728751239075,0.6112460001712093,True,8.543989909238658e-05,0.000660417628048603,0.004821614316470489,0.0026259882360158446,466,,`ftol` termination condition is satisfied.,0.0876712328767123,2.0054794520547947,-0.2910491515176226,0.1944720775539523
2906,-4.0371954416010984,1.3866030181358442,-0.7568222874623535,0.6345987653843536,0.6161623199062872,True,8.558318045649423e-05,0.0006823054059742103,0.004280407244847593,0.0023980658300209136,470,,`ftol` termination condition is satisfied.,0.084931506849315,2.002739726027398,-0.2999414671906048,0.1978384417324361
2907,-4.0454802660622535,1.3833099191401554,-0.7709808493991097,0.654243885881657,0.6037669591244392,True,0.00014887255260377479,0.0019474770765474233,0.004513543191237256,0.002894146184760402,551,,`ftol` termination condition is satisfied.,0.0821917808219178,2.997260273972602,-0.2995280555907499,0.1979501487652368
2908,-4.019588122500749,1.35896700091364,-0.775062108360297,0.6377315041620791,0.6054354690763495,True,0.0002581492658515165,0.0014974830716530001,0.004967235291142665,0.003010391619119449,630,,`ftol` termination condition is satisfied.,0.0794520547945205,2.9945205479452053,-0.29997211180145,0.1959312522393684
2909,-3.990332575634348,1.3547215363650802,-0.7800124018003235,0.6417808995568115,0.6016244495024365,True,0.00022895427179240647,0.0013782530560431426,0.004933527177249163,0.002982030041840092,631,,`ftol` termination condition is satisfied.,0.0767123287671232,2.9917808219178084,-0.2991437163680474,0.197110464724731
2913,-3.9772213185801233,1.354266598162613,-0.7727843780911762,0.6818665157071525,0.5868557695782736,True,0.00024316743202190336,0.0014547123411314858,0.0045740046511793765,0.002941394997061168,629,,`ftol` termination condition is satisfied.,0.0657534246575342,2.9808219178082194,-0.2993946510071293,0.1968822673606395
2914,-3.9742168036622854,1.359210009595843,-0.7774347915828247,0.6554024760000993,0.5970666598209445,True,0.00027416648269125676,0.0016883033268264675,0.0046094672387019895,0.0030761807298848452,625,,`ftol` termination condition is satisfied.,0.0630136986301369,2.978082191780822,-0.298594090507254,0.197649641346962
2915,-3.9848952808703095,1.3683980342768585,-0.776298338790687,0.6516443301343675,0.6032667701569775,True,0.0002965205387136086,0.0016641752308975152,0.004460274421338807,0.0030404599848139853,625,,`ftol` termination condition is satisfied.,0.0602739726027397,2.9753424657534246,-0.2987073739932471,0.197042222228728
2916,-3.9804318051950847,1.3562608857096128,-0.7819466551756316,0.6892675078004986,0.5906801109472183,True,0.00026595143174004286,0.0015486442216781197,0.0038560142030507364,0.0026713448709461377,633,,`ftol` termination condition is satisfied.,0.0575342465753424,2.9726027397260273,-0.2993851456431895,0.1948351107651083
2920,-4.0150438915694,1.3614942126200726,-0.7737814882542181,0.6591422393321466,0.6005341361503069,True,0.000223773900488799,0.0012631491948853395,0.004328056658540683,0.0027654058936098934,611,,`ftol` termination condition is satisfied.,0.0465753424657534,2.9616438356164383,-0.2915485533383961,0.19415497835601
2921,-4.0611458782315575,1.379173697583385,-0.762183842471737,0.6946008003508989,0.5890756234460297,True,0.00015376933624962216,0.0010575817132057312,0.0037877656342164756,0.0024180965289860245,611,,`ftol` termination condition is satisfied.,0.0438356164383561,2.958904109589041,-0.2980858669746059,0.1867268456367044
2922,-4.072792235028407,1.3729671735157614,-0.7425024494350699,0.6916844803134403,0.5927386424354433,True,0.0001299053918444973,0.0008892944715695506,0.0035913095781257404,0.002177439822184224,600,,`ftol` termination condition is satisfied.,0.0410958904109589,2.956164383561644,-0.2952063635115764,0.1849093385002308
2923,-4.076801069930203,1.3843136654777368,-0.7380045914158516,0.6766386770389867,0.5932572849253023,True,0.00016079479109432153,0.0010050388497235114,0.003610839569352356,0.0022187431902847368,596,,`ftol` termination condition is satisfied.,0.1150684931506849,2.9534246575342467,-0.2981313332250536,0.1985908370779488
2926,-4.061303103278199,1.3676495928728345,-0.7556744234304132,0.6811143257349391,0.5831284298362308,True,0.0002544901488562733,0.0014173593312085853,0.003972993725551442,0.0025428533847691283,595,,`ftol` termination condition is satisfied.,0.1068493150684931,2.9452054794520546,-0.2998887153438974,0.194043016659863
2927,-4.056884576429285,1.3660474234709992,-0.7421812865162754,0.6779122443717315,0.5876501517113498,True,0.00023671487656699088,0.0011997840666382927,0.0037975466177707705,0.0025158305662189226,590,,`ftol` termination condition is satisfied.,0.1041095890410958,2.9424657534246577,-0.2997255608604704,0.199790954214739
2928,-4.066520967182283,1.396244542776888,-0.7502318119171797,0.6613516531825595,0.5887580555452644,True,0.0001747189147799512,0.0010905320379001723,0.0031321860480110464,0.002081310332827284,589,,`ftol` termination condition is satisfied.,0.1013698630136986,2.9397260273972603,-0.2991987333187275,0.1926415849573939
2929,-4.09292720988031,1.4187678083165753,-0.7342373973977345,0.6879076073063959,0.5809069488829965,True,0.00010740333018906164,0.0008116013586085043,0.002716516292914647,0.0017627390689099046,582,,`gtol` termination condition is satisfied.,0.0986301369863013,2.936986301369863,-0.2996932179369972,0.1941210600024568
2930,-4.1072972864040596,1.4274367742196827,-0.7181689264749911,0.6929934740831651,0.5829592640510414,True,0.00012433417874360014,0.000983384264995285,0.00268619175221802,0.0017325790233974194,569,,`ftol` termination condition is satisfied.,0.0958904109589041,2.9342465753424656,-0.2996469407501294,0.1870869023186797
2934,-4.025867779484262,1.3836522624274465,-0.7215628073294756,0.6326273437346319,0.6072203606644871,True,0.00011491938341441712,0.0009478420341076367,0.002964601445243509,0.0018070232316244601,587,,`gtol` termination condition is satisfied.,0.084931506849315,2.9232876712328766,-0.2994292448404392,0.1921709931731576
2935,-4.042178112153936,1.3872619082485695,-0.7157671403869613,0.663635157551842,0.5942312347394066,True,0.00010698726044767461,0.000889664200652951,0.0030544174883820993,0.0017018400418158134,618,,`ftol` termination condition is satisfied.,0.0821917808219178,2.9205479452054797,-0.299134490947215,0.1998566751717729
2936,-4.0131121297607235,1.3706148875600823,-0.7142383679642678,0.6162714599067801,0.6125420790491681,True,0.00016495010721631658,0.0010199432281333845,0.0030387213484758947,0.0017682956666450252,632,,`ftol` termination condition is satisfied.,0.0794520547945205,2.9178082191780823,-0.2985423334878255,0.1866932059619365
2937,-4.043153128936204,1.4037653664137333,-0.7117022292400035,0.6288334647079805,0.6128615634689815,True,9.82275901523733e-05,0.0007201481763829154,0.0029041263016325075,0.0016751053847163036,628,,`gtol` termination condition is satisfied.,0.0767123287671232,2.915068493150685,-0.2984359361911998,0.1971571927098003
2940,-4.028409293425343,1.4072134447558267,-0.7222690681103034,0.5975456620870607,0.62001398875465,True,0.00011083079082376248,0.0007387175721259974,0.002974721699724231,0.0018194881232170012,649,,`gtol` termination condition is satisfied.,0.0684931506849315,2.9068493150684933,-0.2999390502116434,0.1960928313158114
2941,-4.008063030083663,1.3983400757843294,-0.7109666894635237,0.6289497232798054,0.6077404802784145,True,0.00011587497969426934,0.0007166358407989998,0.003266247689407415,0.0019255374127847675,650,,`ftol` termination condition is satisfied.,0.0657534246575342,2.904109589041096,-0.2995171882853731,0.1948307203826404
2942,-3.983862618826896,1.3844653651631427,-0.7026804652442693,0.6097116120456347,0.6180136754901705,True,0.00012081323760672123,0.0007384085317582994,0.00372795883105155,0.0020475090658702098,650,,`ftol` termination condition is satisfied.,0.0630136986301369,2.9013698630136986,-0.2976565573595492,0.1936651071762411
2943,-3.9768131993902505,1.3795186443523069,-0.7023451052788583,0.6243807177597294,0.6129737182145957,True,0.00010975247596926787,0.0007206284646559063,0.003710194974656522,0.001984119756603007,651,,`ftol` termination condition is satisfied.,0.0602739726027397,2.8986301369863012,-0.2975685377719541,0.1942031870213972
2944,-3.9975713692683463,1.3824391100174893,-0.7044745192624956,0.6136674411611128,0.6151450433916477,True,0.00011756092216512336,0.0006557466724226537,0.003726835655412228,0.001978319595415735,697,,`ftol` termination condition is satisfied.,0.0575342465753424,2.8958904109589043,-0.2980324374125798,0.1865178550425628
2947,-3.914034239517681,1.3337596291122271,-0.7158946254740989,0.6277872578358242,0.6121004221142806,True,0.00012046582661511455,0.0007597638205074802,0.005154558332628599,0.002189086549293528,715,,`gtol` termination condition is satisfied.,0.0493150684931506,2.887671232876712,-0.2988483245034387,0.193917227097166
2948,-3.8573504883118757,1.2980109940609914,-0.7188563933689225,0.6284495834587016,0.6131441711507031,True,8.854897733790175e-05,0.0006230097277181595,0.004937368542105954,0.0019716569408167795,726,,`ftol` termination condition is satisfied.,0.0465753424657534,2.884931506849315,-0.2996467657366612,0.1988414532512926
2949,-3.878920331687253,1.3085530110402994,-0.7270080350119076,0.6556848819122417,0.595911665466913,True,0.00011567087961022611,0.000673667849880132,0.003976938566794622,0.0018647343763004854,716,,`ftol` termination condition is satisfied.,0.0438356164383561,2.882191780821918,-0.2949978668150852,0.197912946977672
2950,-3.9004329666539173,1.3177726697553203,-0.7288544995662692,0.653353190478443,0.5935505206548689,True,9.258941025082931e-05,0.0006210967386442805,0.004299064783945703,0.001831690079390316,712,,`gtol` termination condition is satisfied.,0.0410958904109589,2.8794520547945206,-0.2993832858169779,0.1996078803020098
2951,-3.7701601275936216,1.2408456158572576,-0.7632105625181381,0.6185071361446922,0.604233695720972,True,0.00011348849032392667,0.00068549680544021,0.0040835905581966155,0.002106843285305023,730,,`gtol` termination condition is satisfied.,0.1150684931506849,2.8767123287671232,-0.2987415696581406,0.193774735018921
2954,-3.182480497496038,0.8942807359761804,-0.9072718054429334,0.3398351732151278,0.7797186598039623,True,0.0036232293126889593,0.003362100692440546,0.018995251540992058,0.010968579679453399,738,,`ftol` termination condition is satisfied.,0.1068493150684931,2.8684931506849316,-0.2980151272209704,0.1973063100090549
2955,-3.5464075177475385,1.0970754277713732,-0.6959337223715862,0.6231633092821858,0.6329753859347502,True,0.00040188593790792704,0.001311234366271917,0.008706923368223035,0.004163161606639548,766,,`ftol` termination condition is satisfied.,0.1041095890410958,2.8657534246575342,-0.2953317432432233,0.196417559750957
2956,-3.536633787313862,1.088964629573678,-0.7441351629036794,0.5146268001970568,0.6790158694737032,True,0.0002684625237211219,0.0009772535335515625,0.005251254772343296,0.002829965170479188,752,,`ftol` termination condition is satisfied.,0.1013698630136986,2.863013698630137,-0.2976264376535042,0.1981743472900817
2957,-3.3035581031122265,0.9688004854971191,-0.7650053146500179,0.4893172640101749,0.6913464992401505,True,0.0006169122487985578,0.0013781457002065727,0.008760108842918881,0.004696866825973272,796,,`ftol` termination condition is satisfied.,0.0986301369863013,2.8602739726027395,-0.2980867102770982,0.1972347269529273
2958,-3.3689182116720118,1.00863590614437,-0.8194790731779483,0.5173122852673845,0.6491771594664019,True,0.0005110637332830147,0.0013335695583090214,0.008170733252133905,0.004599413401474274,776,,`ftol` termination condition is satisfied.,0.0958904109589041,2.8575342465753426,-0.299279712369028,0.1951560632110862
2961,-3.5004468163834783,1.0697475149971767,-0.789021960726495,0.5221155202449953,0.6608665905454993,True,0.000201511990461886,0.0009681465246694908,0.0046072430853062755,0.002622101640559873,749,,`gtol` termination condition is satisfied.,0.0876712328767123,2.8493150684931505,-0.2948485399340906,0.1960505925021295
2962,-3.5219661594607268,1.075880706583932,-0.7765327139440026,0.5034433273203396,0.6768586452616799,True,0.00018967389396507025,0.0008765964929421574,0.004290358810504161,0.0021935730038715683,753,,`ftol` termination condition is satisfied.,0.084931506849315,2.8465753424657536,-0.2984675303225502,0.1930459229628266
2963,-3.636501275631706,1.135051293481914,-0.7475890460898833,0.5562311156072584,0.6389933937081343,True,0.00014591021501336854,0.0008128332898893448,0.0032909187665187993,0.001867841874507443,732,,`gtol` termination condition is satisfied.,0.0821917808219178,2.8438356164383563,-0.2986495978513564,0.1920350831117817
2964,-3.6689351315332392,1.1378517252137472,-0.7022912121844607,0.5565940790451507,0.652857036353536,True,0.0001188753168986308,0.0007411029160079898,0.0036649420596435254,0.001801502180641659,734,,`gtol` termination condition is satisfied.,0.0794520547945205,2.841095890410959,-0.2978404871939519,0.1919434933982725
2965,-3.6682530760150325,1.1436271759258396,-0.7009660537911027,0.569186408379198,0.6485301592247691,True,0.0001122198535399809,0.0006782100900842271,0.0032199671641636412,0.0016731868759613641,732,,`ftol` termination condition is satisfied.,0.0767123287671232,2.8383561643835615,-0.2985063478616234,0.1919362325913795
2969,-3.625486400462814,1.1344865226041905,-0.7202878761358773,0.5749448031479757,0.6452895608307944,True,8.586204381402852e-05,0.0006128820273209077,0.0037277773537416964,0.0016439081163973051,734,,`gtol` termination condition is satisfied.,0.0657534246575342,2.8273972602739725,-0.2986544580224234,0.1998040510914037
2970,-3.6221351831234956,1.1354339428778073,-0.7308418907656435,0.5817358634523785,0.642078633096935,True,9.493566741312345e-05,0.0005902979148820168,0.003821832707269707,0.0017147019207237693,731,,`gtol` termination condition is satisfied.,0.0630136986301369,2.824657534246575,-0.2980263870265817,0.1931993672611184
2971,-3.6886687044573008,1.1764222821097288,-0.7218711406255234,0.6096638901299314,0.6310285050792177,True,0.00011642187993302215,0.0007427345749748909,0.003379013347782377,0.0017114466769468798,718,,`gtol` termination condition is satisfied.,0.0602739726027397,2.8219178082191783,-0.2999940764121225,0.1857784775915867
2972,-3.805734291982934,1.239291549660869,-0.7185665580634647,0.6092697883594238,0.624980082859731,True,0.00019384516187403062,0.0010035548996917226,0.003437184802582693,0.0022375164088550546,694,,`gtol` termination condition is satisfied.,0.0575342465753424,2.819178082191781,-0.2989938483607633,0.1976777545254624
2975,-3.8433660278551294,1.2419758214297167,-0.7083499518549278,0.6518358941386796,0.6125622256401855,True,9.357731063085631e-05,0.0006832969668229808,0.003825567717034163,0.001789605183962495,688,,`gtol` termination condition is satisfied.,0.0493150684931506,2.8109589041095893,-0.297693672109114,0.1885958462895658
2976,-3.717391305310618,1.1672443153629097,-0.7125489987822075,0.6452969220838062,0.6181594984910529,True,0.00013236174645321337,0.0007941709958296721,0.00352081307741677,0.001842073988996991,708,,`ftol` termination condition is satisfied.,0.0465753424657534,2.808219178082192,-0.299880734471811,0.1959613023876665
2977,-3.658922641393323,1.1416188920650585,-0.7550014514322773,0.6039459080845827,0.6267355832061332,True,0.00013370110621882382,0.0008087928206773833,0.00380083473284344,0.0019279326526776169,691,,`ftol` termination condition is satisfied.,0.0438356164383561,2.8054794520547945,-0.2997106266788958,0.1969623962724289
2978,-3.5825967378373873,1.1186596792999537,-0.7599389210877714,0.5985138959267521,0.6291475149440452,True,0.00029860670357592835,0.0011617100215907498,0.005988589807822212,0.003375702029876469,721,,`ftol` termination condition is satisfied.,0.0410958904109589,2.802739726027397,-0.2996143761840481,0.1984271650011395
2979,-3.657967667291973,1.17276649832518,-0.7491367913032668,0.5543390261167741,0.6513209865440014,True,0.00030512648999746694,0.0012725748978872657,0.0052306255462657315,0.003272948462034418,694,,`ftol` termination condition is satisfied.,0.1342465753424657,2.8,-0.2970392906785796,0.1938218116069712
2982,-3.7036797276623425,1.1831453839991524,-0.7461492470303479,0.5690387222785889,0.643313608901964,True,0.00032010406114896185,0.0012703269208618846,0.004934567836123071,0.0031033776497190234,685,,`ftol` termination condition is satisfied.,0.1260273972602739,2.791780821917808,-0.297494814513384,0.1976758691221684
2983,-3.6454290635404014,1.1184105714272004,-0.7388373884667969,0.6162806014408637,0.6284946843287027,True,8.193414086393138e-05,0.0006435619217134706,0.0027111655418859846,0.0015310104103293692,694,,`ftol` termination condition is satisfied.,0.1232876712328767,2.789041095890411,-0.2988500345216499,0.1949642434178043
2984,-3.6491490500233263,1.1271301608504385,-0.7423331027574357,0.5829860457347456,0.6425939255990135,True,9.03748462381366e-05,0.000741726648973125,0.0028334495927143178,0.0015312166356012723,694,,`ftol` termination condition is satisfied.,0.1205479452054794,2.786301369863014,-0.2999219611732768,0.195631463156156
2985,-3.6852995533343234,1.1388166428716044,-0.7380756005111516,0.6019247390535098,0.6321430775463869,True,0.00012725665279043826,0.0008173676398452649,0.0030592537567496756,0.0016987440280324445,689,,`ftol` termination condition is satisfied.,0.1178082191780822,2.783561643835617,-0.2984289439935569,0.1997131559985428
2986,-3.7900554158528372,1.1960325949506128,-0.7348808670084367,0.6051860793558502,0.6289807944747372,True,0.00012189136044507746,0.0008066383235675219,0.0034164355609798804,0.0018710225355212196,666,,`ftol` termination condition is satisfied.,0.1150684931506849,2.780821917808219,-0.2990136540310337,0.1885233596038527
2989,-3.741050741569225,1.1672692240219602,-0.7335041472165078,0.5949288607075089,0.6388569386015684,True,0.0001231238306126247,0.0007800501148097021,0.0036584730606974017,0.001888977174393532,673,,`gtol` termination condition is satisfied.,0.1068493150684931,2.7726027397260276,-0.2994943587028374,0.1879530612240444
2990,-3.7450543278530475,1.1843667241592013,-0.751084175794302,0.5413575443104729,0.6598121182499394,True,0.0003216970605453102,0.0013477762781164589,0.004438192171053812,0.002833087604737404,665,,`ftol` termination condition is satisfied.,0.1041095890410958,2.76986301369863,-0.2993395444709117,0.1886189979101491
2991,-3.670125244199534,1.1226378209164707,-0.77172653674095,0.5339993730329702,0.6568599186121195,True,0.0001733199984429649,0.0009555767878331401,0.003809152979898286,0.002087065475332594,677,,`gtol` termination condition is satisfied.,0.1013698630136986,2.767123287671233,-0.2997198142146452,0.1958251097478777
2992,-3.673165111231069,1.1350304730560588,-0.7663074424911616,0.5309612856953511,0.6573244931111212,True,0.00019693746879658738,0.0010520673771774105,0.004581136162363008,0.0023196571814081495,671,,`gtol` termination condition is satisfied.,0.0986301369863013,2.7643835616438355,-0.298218916375482,0.1955953615639721
2993,-3.7050370694406847,1.1580026443741618,-0.7577717106466597,0.5435163991568157,0.6551182289103248,True,0.0001510065405741174,0.0009045296530030217,0.004739794515051972,0.0022511413720419145,671,,`ftol` termination condition is satisfied.,0.0958904109589041,2.7616438356164386,-0.2986550439183047,0.1951592340211493
2996,-3.635676846476726,1.1220660684035608,-0.7653907127211601,0.5362433464179354,0.6563704406073974,True,0.00022130999620193945,0.0010867390468345163,0.003649287423266856,0.002124664186574499,706,,`ftol` termination condition is satisfied.,0.0876712328767123,2.7534246575342465,-0.2986636179209808,0.196780708712252
2997,-3.6580279255616923,1.133634807297778,-0.7596309341912512,0.5434563512323303,0.6539796187816528,True,0.0001374103030481361,0.0007910593290536516,0.003353050576150573,0.0019302761261527053,709,,`ftol` termination condition is satisfied.,0.084931506849315,2.750684931506849,-0.2992688869763709,0.1962258710634103
2998,-3.666266630281024,1.1281938438060504,-0.7675049725012686,0.5463341928742026,0.6505429076932971,True,0.00016364472368654145,0.0009182171488380062,0.0032637767454266045,0.001981586210111086,706,,`ftol` termination condition is satisfied.,0.0821917808219178,2.747945205479452,-0.2987133277363097,0.1982946942020517
2999,-3.5312731735094425,1.057781032461031,-0.7915109031829651,0.5373414647576584,0.6490589072995796,True,0.00018423673301783561,0.0009615488052866589,0.0043501836548751685,0.002367594672038523,716,,`gtol` termination condition is satisfied.,0.0794520547945205,2.745205479452055,-0.2977034503107627,0.1977010148330251
3000,-3.4361208827607217,0.9996363673019618,-0.8210202450540046,0.5319069594466161,0.6352737258042226,True,0.0002190222851411334,0.0010423664178366185,0.004734711807948291,0.002392962061195174,716,,`ftol` termination condition is satisfied.,0.0767123287671232,2.7424657534246575,-0.2974892338280521,0.1951433525633288
3003,-3.5188456966083166,1.0448315970730095,-0.8018139938288655,0.5859182391779721,0.6084774376043482,True,0.00019782376837520279,0.0010184508852496962,0.0034351021810232855,0.0019923179662775146,718,,`ftol` termination condition is satisfied.,0.0684931506849315,2.734246575342466,-0.298503934695717,0.192059738015339
3004,-3.430654711919487,1.0016520036421632,-0.8151345822555414,0.5583329735872837,0.6170116895134143,True,0.00022059878229900944,0.0010167261164447019,0.003542852126148452,0.0020599232375055707,722,,`ftol` termination condition is satisfied.,0.0657534246575342,2.7315068493150685,-0.2987953852250522,0.1959591826560103
3005,-3.3860646291805487,0.987524961381812,-0.8244284797634236,0.5458023835077962,0.6136373393707067,True,0.00025053075785726924,0.001123175341992939,0.0038477301283375747,0.0022180824485452575,728,,`gtol` termination condition is satisfied.,0.0630136986301369,2.728767123287671,-0.2992765221227352,0.1988100758658256
3006,-3.475413233660268,1.0323061894305776,-0.8276545173643324,0.5547495556939803,0.6031951961539009,True,0.000307641797130643,0.0012246402854122174,0.0038913290070912627,0.002285311376220988,696,,`ftol` termination condition is satisfied.,0.0602739726027397,2.7260273972602738,-0.299981460443592,0.1987998989955274
3010,-3.3520008713997904,0.9657987842126502,-0.848916591539968,0.6007324229672125,0.5630914572783673,True,0.0003003091744930459,0.0012247200759365757,0.005114756361921646,0.0023341812686089626,717,,`ftol` termination condition is satisfied.,0.0493150684931506,2.7150684931506848,-0.298879360092478,0.1982395727599133
3011,-3.445685730025207,0.996373065286531,-0.8296636196129079,0.6090836191361925,0.5659063561510701,True,0.00024849198399111894,0.0011070981169662049,0.0040913334168703975,0.002092945710894813,708,,`ftol` termination condition is satisfied.,0.0465753424657534,2.712328767123288,-0.2995495728841548,0.1985370251044059
3012,-3.5095006124167667,1.018637358327333,-0.8163154115121579,0.5896066888032399,0.5895118096650799,True,0.0002522127518291498,0.0010872043512520867,0.00412854650909074,0.0021837946396819985,698,,`gtol` termination condition is satisfied.,0.0438356164383561,2.7095890410958905,-0.299681101770662,0.197374858785018
3013,-3.5536984489655024,1.0507480916016954,-0.7963846721628628,0.5927049231556882,0.5962004949104774,True,0.00022106193987879541,0.0010916493598938277,0.0034466466629949734,0.0020234406351102327,688,,`ftol` termination condition is satisfied.,0.0410958904109589,2.706849315068493,-0.2980912822520856,0.1939142710132357
3014,-3.454004075427313,0.9919580669544869,-0.8210400549934129,0.6009647684244127,0.5783321730009074,True,0.00023493804322380476,0.0011102472477915036,0.0029314319130000813,0.0019376038269121431,688,,`ftol` termination condition is satisfied.,0.1150684931506849,2.704109589041096,-0.2972240592521958,0.1988038075064264
3017,-3.459079216970587,0.992436149376834,-0.8349503603819541,0.5868740797565074,0.583863883816641,True,0.00023666095885379335,0.0010988268347975913,0.0030095897004364667,0.0019198153924209619,671,,`ftol` termination condition is satisfied.,0.1068493150684931,2.695890410958904,-0.2999417363079044,0.1965645589952512
3018,-3.495079189750063,1.0186305210650408,-0.7883213463599967,0.6211628325485904,0.5791558739804037,True,0.00022799484947655157,0.0010893262726905642,0.003148490395626766,0.0020323426726732404,683,,`ftol` termination condition is satisfied.,0.1041095890410958,2.6931506849315068,-0.2943247350331421,0.1972382861429951
3019,-3.47550182661797,1.0292802329355637,-0.7973621480266514,0.6179029154666991,0.5762956269265496,True,0.0002136743798435986,0.0010388764908447151,0.002910340283392612,0.0019556135779921152,678,,`ftol` termination condition is satisfied.,0.1013698630136986,2.6904109589041094,-0.2979670712341902,0.1962663265461057
3020,-3.5409728913671827,1.072747666405146,-0.8089876190230301,0.6053195993904013,0.5831809375612084,True,0.00025632281262928376,0.0011721550373510264,0.003048455777847364,0.0020382808394121326,660,,`gtol` termination condition is satisfied.,0.0986301369863013,2.6876712328767125,-0.2986374841132592,0.1932146751930097
3021,-3.5864274816648196,1.1180826014440686,-0.7980554142442173,0.6340433373641462,0.5740970774044635,True,0.0001669653995691997,0.0009726354047355929,0.0028217264957824694,0.0018447759042597974,645,,`gtol` termination condition is satisfied.,0.0958904109589041,2.684931506849315,-0.2952210399010387,0.1973521463666039
3024,-3.661473299847131,1.1465076170725148,-0.7738628143505337,0.6182898139156972,0.5945689334675013,True,0.00017950975233592796,0.0010604258399308632,0.003013326998302594,0.0019493902012800656,635,,`gtol` termination condition is satisfied.,0.0876712328767123,2.6767123287671235,-0.2988290470330681,0.1952400685461048
3025,-3.7492849119319507,1.1759704817000185,-0.7547514741849819,0.6094295135042777,0.6093577936709441,True,0.000191318840399157,0.0010780294417314764,0.0034869764200421037,0.002129240696137056,626,,`gtol` termination condition is satisfied.,0.084931506849315,2.673972602739726,-0.2996892645594305,0.1856763717465464
3026,-3.7797241455809663,1.1833224170905947,-0.7448128838352619,0.6443275363543535,0.6036683569029649,True,0.00015771375413247283,0.0009765618166748348,0.003164749249096569,0.002026361613904052,619,,`ftol` termination condition is satisfied.,0.0821917808219178,2.671232876712329,-0.2994349020226722,0.183983129970816
3027,-3.737018122194576,1.1424820364800556,-0.7620668011517087,0.6493449128819726,0.5917350280274242,True,0.00016455578716865175,0.0009776225673413241,0.0032494336452215306,0.00215875738995804,620,,`ftol` termination condition is satisfied.,0.0794520547945205,2.668493150684931,-0.294694454328294,0.1911846324279368
3028,-3.69490353598079,1.120461056299616,-0.7920383175238934,0.6201337762116773,0.597988466406946,True,0.00013658639538063048,0.0008709115213960134,0.00298542591472675,0.0019351713833539708,622,,`gtol` termination condition is satisfied.,0.0767123287671232,2.665753424657534,-0.2974179716957312,0.1991032765728859
3031,-3.7128956570705,1.1246103043324136,-0.7883353898869214,0.660037667566387,0.5796189067403698,True,0.00013018775640934193,0.0008300105032181725,0.002941556996149468,0.0019268678250531986,650,,`gtol` termination condition is satisfied.,0.0684931506849315,2.6575342465753424,-0.2973051071000999,0.1985412744551053
3032,-3.6528229253712663,1.0976635396767902,-0.804485358183545,0.6630941589543083,0.5691191492930119,True,0.0001740800773835313,0.0009908163807537146,0.0030130180501625916,0.0019058438086297664,650,,`gtol` termination condition is satisfied.,0.0657534246575342,2.654794520547945,-0.2978811141329275,0.1973448345056589
3033,-3.6599743874267956,1.1022423018062393,-0.8047098517541306,0.6427943788297464,0.5760744249866059,True,0.00014013099652047036,0.0008558688207375728,0.003479240564890708,0.0019378685427301383,654,,`gtol` termination condition is satisfied.,0.0630136986301369,2.652054794520548,-0.2999989107062163,0.1941631490747271
3034,-3.7333122928054205,1.1373119945780688,-0.7810136157569806,0.6551115503145418,0.5810611522504002,True,0.00013750893276768031,0.0008452514582699448,0.0033840894870702225,0.00202500288273549,639,,`gtol` termination condition is satisfied.,0.0602739726027397,2.649315068493151,-0.298049025792783,0.197957817217845
3035,-3.727954370079956,1.1317951887993831,-0.7815615504993874,0.6837281390714517,0.5679521773026917,True,0.00013582621853134924,0.0008135598903410255,0.00292556472614512,0.0019146847887682966,638,,`gtol` termination condition is satisfied.,0.0575342465753424,2.6465753424657534,-0.2967290762522857,0.1993362792644115
3038,-3.6996521414095307,1.1175161637981124,-0.7735562018401176,0.6733200899530433,0.5679403363623817,True,0.00014789506794725426,0.0009110466812242034,0.0028351278485364215,0.0018922138138528868,640,,`ftol` termination condition is satisfied.,0.0493150684931506,2.638356164383562,-0.2977345575026002,0.1980777329272042
3039,-3.7225420694803937,1.1306771354761684,-0.770683630197728,0.6953729459797463,0.5614460180985246,True,0.00011828195960931459,0.0007446881607453793,0.002756808834182164,0.0018046328644197524,632,,`ftol` termination condition is satisfied.,0.0465753424657534,2.6356164383561644,-0.2994863323944099,0.1964551861356191
3040,-3.699503155637795,1.1138254511575936,-0.7748033828716953,0.6994058713194483,0.5588993156987561,True,0.00015328024121239099,0.0009095694684144457,0.002799800089904242,0.0018290406206729992,629,,`ftol` termination condition is satisfied.,0.0438356164383561,2.632876712328767,-0.2974389322287751,0.1900326187080975
3041,-3.717830054163075,1.1248230769768135,-0.7703859778528318,0.7057545634796611,0.5537814506449685,True,0.00013655867516802788,0.0008417272124471387,0.0026587372550878324,0.0017928049155990643,628,,`ftol` termination condition is satisfied.,0.0410958904109589,2.6301369863013697,-0.2988260331976856,0.1992605647908752
3042,-3.769152980435701,1.1438851961828667,-0.7482048800102457,0.6788479202898744,0.5768470116618376,True,0.00012348792163350961,0.0007848148148737607,0.0027681759851098018,0.0017892518451473275,619,,`gtol` termination condition is satisfied.,0.1150684931506849,2.627397260273973,-0.2988376656569889,0.1922038142740523
3045,-3.764913659961276,1.139225939796179,-0.7478927474186869,0.6849293681499069,0.5753782395710114,True,0.00012584459791824767,0.0008131851784210497,0.002745154976082661,0.0018149670582930078,615,,`ftol` termination condition is satisfied.,0.1068493150684931,2.6191780821917807,-0.2968505031357937,0.1993030391651883
3046,-3.7720288680266125,1.14501695500595,-0.7613139609283023,0.684276191670489,0.5711281752631617,True,0.00010685993064123834,0.000769249333398569,0.0025563775654339426,0.001699697822280298,609,,`gtol` termination condition is satisfied.,0.1041095890410958,2.6164383561643834,-0.2966024870322423,0.1998204274443805
3047,-3.8174864586365684,1.1753899651156416,-0.7493209551761174,0.685333807788013,0.5729279102249583,True,0.0001163065386194782,0.0008679274913571633,0.0030318265805597752,0.0018560699990604042,602,,`gtol` termination condition is satisfied.,0.1013698630136986,2.6136986301369864,-0.2968558403072333,0.1896688704880102
3048,-3.8607457962666283,1.2068541355042066,-0.7314075529390682,0.7095076973016609,0.5714690395745841,True,0.0001247632378673487,0.0008973956580199694,0.0032711404247594716,0.0020194408603990558,597,,`gtol` termination condition is satisfied.,0.0986301369863013,2.610958904109589,-0.2995914499849317,0.1812717629623585
3049,-3.8867140728763325,1.231912298260497,-0.7287292104583796,0.7153007868760968,0.5730225611399669,True,0.00011735730627738026,0.0008244386008826322,0.0032801044050873624,0.0019706891316314382,590,,`gtol` termination condition is satisfied.,0.0958904109589041,2.6082191780821917,-0.2987420567496272,0.1964729035770696
3052,-3.9169798529814006,1.2527778169151467,-0.7355726633677955,0.6946103614931678,0.5796452591372319,True,9.774927035216514e-05,0.0007300205726987905,0.003122324345576591,0.0019103809341531122,584,,`ftol` termination condition is satisfied.,0.0876712328767123,2.6,-0.2991954902041799,0.1961341627127535
3053,-3.8627814805714276,1.2230901830786336,-0.7510747364586629,0.6610652223634791,0.5934507348153026,True,8.789194915837745e-05,0.0006652850651268407,0.0026236320231238504,0.0016741470384255858,586,,`ftol` termination condition is satisfied.,0.084931506849315,2.5972602739726027,-0.2988305412894322,0.184256955607903
3054,-3.9100075727528303,1.2484943972248759,-0.748512899052127,0.6783856825543015,0.5883163686917041,True,9.637745024748353e-05,0.000760492737547244,0.0025952215520971844,0.001685189247857529,575,,`ftol` termination condition is satisfied.,0.0821917808219178,2.594520547945206,-0.2974195044206776,0.1964047855950874
3055,-3.904432123242407,1.2497350141414045,-0.74785054555691,0.6761702018320388,0.5880223172773693,True,7.934323967535678e-05,0.0006881260813689542,0.0025566166069633804,0.001609484829134832,573,,`ftol` termination condition is satisfied.,0.0794520547945205,2.591780821917808,-0.2959577795811374,0.1978564983583167
3056,-3.877649247040597,1.2408719470950977,-0.7513250791212561,0.6552125816954391,0.5975837048443735,True,9.908728946437541e-05,0.0007627705945038559,0.00282002641283156,0.00177214845985,574,,`ftol` termination condition is satisfied.,0.0767123287671232,2.589041095890411,-0.2978542718511714,0.1825609162791337
3059,-3.926079029314011,1.2710675380617271,-0.7569375545016324,0.6587327006509397,0.5967463579523826,True,9.904429230856389e-05,0.0007730240229724234,0.002994518080714799,0.0018273608017793249,563,,`ftol` termination condition is satisfied.,0.0684931506849315,2.580821917808219,-0.2957937894161951,0.1926459161833549
3060,-3.8962579190286526,1.2688203247625665,-0.7651744248050336,0.6592250365937717,0.5940133478130121,True,9.730278684442224e-05,0.0007515127752683515,0.002984654889092755,0.001857491970256337,564,,`ftol` termination condition is satisfied.,0.0657534246575342,2.578082191780822,-0.2987509052491087,0.1952749558413492
3061,-3.917625106117744,1.2870139866760968,-0.7674800920868405,0.6548914851875304,0.5958723740450441,True,9.744111034087029e-05,0.000745997172745594,0.003022107164211822,0.0018680909070362438,560,,`ftol` termination condition is satisfied.,0.0630136986301369,2.5753424657534247,-0.2998748460608391,0.1949007620341258
3062,-3.9142160692570003,1.3070016732992848,-0.7721192703091712,0.6397653816128341,0.602816143382172,True,9.80247540880446e-05,0.0007826059176960844,0.0029722720052587134,0.0018549238729577652,560,,`ftol` termination condition is satisfied.,0.0602739726027397,2.5726027397260274,-0.2980989161525378,0.1966907197789687
3063,-3.889567980299724,1.2942855851018253,-0.7817375746562737,0.6116846514224322,0.6117835198960915,True,0.00011166762662736617,0.0008225013283542559,0.0030379043379132648,0.0019299145037952863,558,,`ftol` termination condition is satisfied.,0.0575342465753424,2.56986301369863,-0.2942686523200427,0.1818140230020752
3067,-3.7769717342184586,1.2266800106138738,-0.7932568068318836,0.5974888455821216,0.6153800374541853,True,9.728746942312143e-05,0.0007686924073727913,0.004034222046016467,0.002039657534712507,574,,`gtol` termination condition is satisfied.,0.0465753424657534,2.558904109589041,-0.2915220602846179,0.1927741052794077
3068,-3.8393222328613215,1.242670125060171,-0.7724318242603986,0.6018777104074526,0.618395976046151,True,0.00011910524762304046,0.0008989392112800189,0.0032483048429678653,0.001999360626403145,561,,`ftol` termination condition is satisfied.,0.0438356164383561,2.5561643835616437,-0.2963366427336293,0.1797460325884884
3069,-3.8104570987253457,1.223605924151992,-0.776059113552581,0.597618983489266,0.6193297611006586,True,9.67416289019624e-05,0.0007674004013264215,0.0031658882017743116,0.0018901201036401697,563,,`ftol` termination condition is satisfied.,0.0410958904109589,2.5534246575342467,-0.2988095404812506,0.1865432649388773
3070,-3.885447979661559,1.2523447072710254,-0.7682388239584044,0.6045538990447834,0.6169283450686033,True,0.0001057741901095599,0.0008599164117423253,0.003289019584706839,0.0019855184838016415,546,,`gtol` termination condition is satisfied.,0.1342465753424657,2.5506849315068494,-0.2988834281261462,0.1949308498133077
3073,-3.9077788299689438,1.2629924076769348,-0.7670200274676466,0.6019435778018515,0.6156260187874284,True,0.00011880024365523638,0.0009052007974292998,0.003374355006695033,0.002050995696256973,532,,`ftol` termination condition is satisfied.,0.1260273972602739,2.5424657534246577,-0.2931005774579197,0.1897678346918395
3074,-3.9210395413809724,1.26833999615716,-0.7691131748193749,0.6017367634591346,0.6145168890078326,True,0.00013876778711775613,0.0009767667645504583,0.003541524332884358,0.002112373561803182,535,,`ftol` termination condition is satisfied.,0.1232876712328767,2.5397260273972604,-0.2947727736485444,0.1990415042909095
3075,-3.9590009814665184,1.291809699005401,-0.7583865898575172,0.6118297668025588,0.6110111254713435,True,0.00012473631246123263,0.0009185156942520607,0.0038438893722819176,0.0022442032183725537,527,,`ftol` termination condition is satisfied.,0.1205479452054794,2.536986301369863,-0.2974411208517814,0.1913358900597354
3076,-3.9358458787612913,1.2954720559077895,-0.7530281917620761,0.6065148132205119,0.6167871220745185,True,0.00013349350305207018,0.0009776078457026855,0.0036644766095545603,0.002206446918434572,529,,`ftol` termination condition is satisfied.,0.1178082191780822,2.5342465753424657,-0.2974750062984393,0.1916537364338504
3077,-3.9388757337374822,1.2958411949627955,-0.7548630460184437,0.6049662440524854,0.6183453469208581,True,0.00011666254368840062,0.0008853446328122881,0.0035702238948831077,0.002131367648239324,529,,`gtol` termination condition is satisfied.,0.1150684931506849,2.5315068493150683,-0.299834000592489,0.1889006003833236
3080,-3.936130572322614,1.2889115266204743,-0.7599169643367436,0.5976324737689569,0.617708856209482,True,0.00013798386719069674,0.000889483594604618,0.003388139815523409,0.0020509937317639486,608,,`ftol` termination condition is satisfied.,0.1068493150684931,2.5232876712328767,-0.2946836115180149,0.1871544753747234
3081,-3.9345531004863825,1.288784050202995,-0.7529018020842022,0.5984856378851235,0.6199289322741496,True,0.0001474250285370533,0.0009230238021164843,0.0035850342277919138,0.0021249680395145987,609,,`gtol` termination condition is satisfied.,0.1041095890410958,2.5205479452054793,-0.2954899667924262,0.1863481201003123
3082,-3.9084779648218646,1.272822829335003,-0.7499956333958608,0.6018044287725938,0.6188228614639941,True,0.0001529252138000897,0.0009234730121360104,0.0035111867518515154,0.0021392478826930154,613,,`ftol` termination condition is satisfied.,0.1013698630136986,2.5178082191780824,-0.2990870463020415,0.1893934387591089
3083,-3.9324840940183163,1.2992500866737855,-0.7489256248774439,0.6101005275367686,0.6159466979292418,True,0.00016044038297615809,0.0009276152231473632,0.003775631636294295,0.0022364018523630207,603,,`ftol` termination condition is satisfied.,0.0986301369863013,2.515068493150685,-0.2961010082569321,0.1857370786358063
3084,-3.8966593285736115,1.2950394609021103,-0.7669709941966152,0.6236564529619513,0.6071973920600943,True,0.0001583420472870122,0.0009407407187822742,0.004013737228698939,0.0022949575681153636,604,,`ftol` termination condition is satisfied.,0.0958904109589041,2.5123287671232877,-0.2942074591540088,0.1876306277387294
3087,-3.8901588341836137,1.3017688077901604,-0.7761637346328089,0.6023350907542904,0.6135799286911596,True,0.00016107693446415332,0.000881008474743691,0.003910854349761116,0.002380814554227261,632,,`ftol` termination condition is satisfied.,0.0876712328767123,2.504109589041096,-0.299057355136494,0.1894018599571115
3088,-3.833187406900218,1.2949527913248462,-0.8001881417523907,0.5752810939092218,0.6210173551030672,True,0.00022913069409789846,0.001070228567535509,0.003512159617905672,0.002287883952007891,642,,`ftol` termination condition is satisfied.,0.084931506849315,2.5013698630136987,-0.2988988884078439,0.1949153895316101
3089,-3.8641541305163227,1.3087936079705365,-0.7950026142735217,0.5910813116165058,0.6155566627582066,True,0.0001653965635075671,0.0010462053961051228,0.0032170479335914565,0.0020450704898891396,719,,`ftol` termination condition is satisfied.,0.0821917808219178,2.4986301369863013,-0.2987142086164432,0.1925243420616715
3090,-3.8151106264610015,1.270226669348769,-0.8022271366406285,0.5649945132377262,0.6263931526433926,True,0.00015377910203688496,0.0008951228741492581,0.002796348589525506,0.0019056833623635463,731,,`ftol` termination condition is satisfied.,0.0794520547945205,2.495890410958904,-0.2992039785476569,0.1999326252897297
3091,-3.8295275039616756,1.2700241305009223,-0.8030659625580514,0.5661936809286107,0.6265935018764472,True,0.00021913686912564557,0.0010662119314870373,0.0034175828197731935,0.002174227019150995,725,,`ftol` termination condition is satisfied.,0.0767123287671232,2.493150684931507,-0.2967070509899319,0.1971072269495221
3094,-3.713123732755891,1.1892799052951697,-0.831680358636755,0.5506123907816508,0.6261357275989298,True,0.00016285053409461383,0.0009898834241173287,0.0028471425682239605,0.0018976961639303638,742,,`gtol` termination condition is satisfied.,0.0684931506849315,2.484931506849315,-0.2995002264775003,0.1843598667866291
3095,-3.758279643866382,1.19936798543193,-0.8325998249765725,0.5359697694036256,0.6328739050896302,True,0.000193339174844149,0.0010695449207523372,0.003120644731879755,0.001984139850137655,733,,`ftol` termination condition is satisfied.,0.0657534246575342,2.4821917808219176,-0.2968738487991889,0.1990416375753142
3096,-3.691509908901214,1.1536741525633094,-0.8372853244978299,0.5253957339333265,0.6370074754372937,True,0.00018581210581020347,0.00106404914656989,0.0034387971094732386,0.0020120973101744916,743,,`gtol` termination condition is satisfied.,0.0630136986301369,2.4794520547945207,-0.2977695190997808,0.1906963484822096
3097,-3.7243168547354024,1.1613383037239622,-0.8311532726979731,0.5215955639000629,0.6416956215037328,True,0.00016365263285713215,0.0009748105932924394,0.003059944378845134,0.001975249893347591,731,,`ftol` termination condition is satisfied.,0.0602739726027397,2.4767123287671233,-0.2981518871257011,0.185404792743694
3098,-3.742863206903006,1.1713635382830256,-0.8314422706596697,0.518014259003542,0.6440877673752775,True,0.00016539134673516204,0.0009454732754439047,0.0032711638828677105,0.0019878497542107952,725,,`ftol` termination condition is satisfied.,0.0575342465753424,2.473972602739726,-0.2994056411083518,0.184267898702976
3101,-3.742534024870023,1.1835903227854063,-0.8303161237629838,0.540620450520677,0.6322984002737033,True,0.00015536844164456084,0.00090227148996939,0.0032269473701891324,0.0019386071153907902,719,,`gtol` termination condition is satisfied.,0.0493150684931506,2.4657534246575343,-0.2964960081904613,0.1991909239595208
3102,-3.721476696132237,1.1612804058604995,-0.8333846270141354,0.5383680353775944,0.6339198573099588,True,0.00016500723352988163,0.0009651848528769872,0.003262090254138177,0.0019368791667086379,722,,`ftol` termination condition is satisfied.,0.0465753424657534,2.463013698630137,-0.2983093145957656,0.1850778699093626
3104,-3.782422870666977,1.1907310155255484,-0.8237720784329821,0.5428040648299631,0.6323612590421397,True,0.000178080958563679,0.000998092681418189,0.0032387351298007105,0.0019830894485143805,708,,`gtol` termination condition is satisfied.,0.0410958904109589,2.4575342465753423,-0.2987975729331461,0.1950167050063081
3105,-3.829073613297672,1.2243169865539054,-0.8073687997165921,0.5248056739705196,0.6455018113009144,True,0.00018179307399851754,0.0009537740817050301,0.003760306944790805,0.0020835807952082966,692,,`gtol` termination condition is satisfied.,0.1150684931506849,2.4547945205479453,-0.2974497809940162,0.1963644969454378
3108,-3.901662156611757,1.26562374097372,-0.7953174686382686,0.5352105604339331,0.6423978323232483,True,0.00015851200187081004,0.0009452913737470866,0.0035416503391353595,0.0020241564956700836,673,,`gtol` termination condition is satisfied.,0.1068493150684931,2.4465753424657533,-0.2997084247223937,0.1870033358944172
3109,-3.9185161603110954,1.2878066372141153,-0.7914960238728062,0.5175984540860968,0.6521646152506244,True,0.00015013208561366815,0.0009406581891927949,0.003438222332722435,0.001988456707415772,671,,`ftol` termination condition is satisfied.,0.1041095890410958,2.4438356164383563,-0.2982661066159454,0.1835719802767929
3110,-3.8815763150896583,1.2530729605761606,-0.7900059243518791,0.5128745888553425,0.6548603364436574,True,0.00013797134610403966,0.0009228685988500061,0.003185729056484865,0.001907199453513325,683,,`ftol` termination condition is satisfied.,0.1013698630136986,2.441095890410959,-0.2991673620696309,0.1921069251320012
3111,-3.9135125646192486,1.2748297726267528,-0.7774728327134641,0.5341799247318304,0.64560293459344,True,0.00014636181841693846,0.000906507593954074,0.0036230540121798866,0.001984605671145901,677,,`ftol` termination condition is satisfied.,0.0986301369863013,2.4383561643835616,-0.2990365459317364,0.182801540961002
3112,-3.9323401835566205,1.2881260680002211,-0.7725963392934986,0.5257914992850157,0.6509943224923371,True,0.00013370180744970257,0.0008317367570660713,0.0034134199607124965,0.001965406692970487,669,,`ftol` termination condition is satisfied.,0.0958904109589041,2.4356164383561643,-0.2986346169869488,0.1813608193280724
3115,-3.918783716300978,1.2851633033713776,-0.7754797141276348,0.5264323945639087,0.6486779004299645,True,0.00015087492590045996,0.0009551577170589316,0.003168850507877615,0.0019289961621576294,664,,`ftol` termination condition is satisfied.,0.0876712328767123,2.4273972602739726,-0.2981173903047683,0.1837206965879701
3116,-3.938989416810904,1.3052633848673558,-0.7556929080636986,0.5561132656665133,0.639501065787044,True,0.00014916456837137538,0.0009047738913625106,0.003515749961705115,0.0020496666067345622,656,,`gtol` termination condition is satisfied.,0.084931506849315,2.4246575342465753,-0.2982980202640615,0.1964422964354654
3117,-3.9380603959387526,1.3010170972073973,-0.7541587869127244,0.5576389719659189,0.6385742155504687,True,0.00015542708867954746,0.0009078883416767899,0.003792272363193217,0.0021712539710177312,658,,`ftol` termination condition is satisfied.,0.0821917808219178,2.421917808219178,-0.299820280141465,0.1999543938927849
3118,-3.9058778933648606,1.2859501663001387,-0.7646340667485325,0.5457671213741825,0.6416704858703394,True,0.0001477829266725511,0.0009120494017916939,0.0036294404014842138,0.0020683872631088646,666,,`ftol` termination condition is satisfied.,0.0794520547945205,2.419178082191781,-0.2995760617636308,0.1994151043553571
3119,-3.8897841396795374,1.273171881468402,-0.7712874837719464,0.5460325072982725,0.6414145280871347,True,0.00016611674429133235,0.0009485877302273458,0.003918226070453317,0.0022262827015509298,662,,`ftol` termination condition is satisfied.,0.0767123287671232,2.4164383561643836,-0.2997811604382989,0.1820569264544395
3122,-3.9168498280126314,1.278927718934037,-0.764372944990181,0.5671852209989824,0.6329110641364,True,0.000166265120750122,0.0009106060475488235,0.0036637938747165247,0.0022686539452295893,685,,`gtol` termination condition is satisfied.,0.0684931506849315,2.408219178082192,-0.2982822873556232,0.1959191546103315
3123,-3.9336004199093852,1.2860353793592838,-0.763965850049531,0.5759910132165037,0.6292752366374842,True,0.0001635784433685207,0.0009155721014104684,0.003725815467355287,0.002264378664950027,681,,`gtol` termination condition is satisfied.,0.0657534246575342,2.405479452054794,-0.295320684451326,0.1979936048737053
3124,-3.961918840254954,1.2955950143903499,-0.7573368607477191,0.5907386779673545,0.6242972675506918,True,0.00016293214812807336,0.0008593182020047483,0.0037403799309400645,0.0023247266924412893,677,,`gtol` termination condition is satisfied.,0.0630136986301369,2.4027397260273973,-0.2998265871303641,0.196163052417314
3125,-3.9596146234752636,1.2960962216242702,-0.7562622583733837,0.59608551928657,0.6222247231865947,True,0.0001726025637670751,0.0008672472628398137,0.0038450535213440306,0.002387012917534724,680,,`gtol` termination condition is satisfied.,0.0602739726027397,2.4,-0.2976405757898994,0.1954429261025412
3126,-3.937635138171572,1.275648206574528,-0.765055205265446,0.5900679962050478,0.6235575259816533,True,0.00015212240682033082,0.0008379429755493723,0.003413241315605768,0.0021633065664357367,685,,`ftol` termination condition is satisfied.,0.0575342465753424,2.3972602739726026,-0.2997446267275191,0.1992465393914687
3129,-3.8938462569050976,1.2541298011918653,-0.7680483748943795,0.5959782473476009,0.620728058398697,True,0.00013836782136534854,0.0008117049856872731,0.002931544338210415,0.0019628129010187457,688,,`gtol` termination condition is satisfied.,0.0493150684931506,2.389041095890411,-0.2980990025298487,0.1987518973657365
3130,-3.91153202893409,1.2716177235773805,-0.7585615086483446,0.6133852646151058,0.6151766359148995,True,0.00015859338532900837,0.0008448246690699181,0.0038197731788665178,0.0023621373674388227,679,,`gtol` termination condition is satisfied.,0.0465753424657534,2.3863013698630136,-0.2940835612593147,0.1989425297647895
3131,-3.9022163734831974,1.2637999638820356,-0.7658817841633184,0.6077109623981612,0.6154601076214223,True,0.0001534116631022096,0.0008024735333878464,0.003563278399785879,0.00227536789886319,678,,`gtol` termination condition is satisfied.,0.0438356164383561,2.3835616438356166,-0.2982076585144797,0.1958552833591284
3132,-3.930018702233261,1.277032891605535,-0.7620941298107524,0.6215426238589933,0.6105967888478175,True,0.0001666758603654808,0.0009106791004520487,0.0039565463065826326,0.002443040642054762,671,,`ftol` termination condition is satisfied.,0.0410958904109589,2.3808219178082193,-0.2987195524006812,0.1944542244699273
3133,-3.972991110742623,1.323536863189057,-0.7418996016831301,0.5442280488118243,0.6544388377255881,True,0.00014297353272846083,0.0008708954811932185,0.003840492328300934,0.002187256909531356,661,,`ftol` termination condition is satisfied.,0.1342465753424657,2.378082191780822,-0.299597128048334,0.196584152791948
3136,-3.990153627076841,1.33258648318331,-0.7371095497225826,0.5536508834628256,0.6491771002981613,True,0.00011819518404540546,0.0007909806988397228,0.0037221096837525697,0.0021390631023254026,649,,`ftol` termination condition is satisfied.,0.1260273972602739,2.3698630136986303,-0.2939801056800594,0.1933150206757371
3137,-4.013930838205194,1.3405096197505855,-0.7329080022627331,0.5731361456418583,0.641474868906192,True,0.0001252375041755811,0.0008120299732836905,0.0036208239016464606,0.0021411229811131253,645,,`ftol` termination condition is satisfied.,0.1232876712328767,2.367123287671233,-0.298491343377242,0.1894397015229691
3138,-3.9994204839829846,1.3397669438586706,-0.7341710942554469,0.5581534176195388,0.6464746372161405,True,0.0001071588356588926,0.0007058076741390213,0.003707043703015382,0.002132901151773449,645,,`ftol` termination condition is satisfied.,0.1205479452054794,2.3643835616438356,-0.2966759802977766,0.1910019493282918
3139,-3.9936984477937716,1.3302413181629822,-0.7298107215145524,0.5799892670623236,0.6386570443223814,True,9.85434309551006e-05,0.0007363220185932688,0.0036058227760973334,0.0020026754461542322,645,,`ftol` termination condition is satisfied.,0.1178082191780822,2.361643835616438,-0.2953456681202792,0.1920085743283853
3140,-3.9367233028079656,1.2895509985751918,-0.7493083722498369,0.5599624785748157,0.6477202982179783,True,0.00011093559729737812,0.0007733182252195802,0.0033195808454889535,0.0019228941068990908,657,,`ftol` termination condition is satisfied.,0.1150684931506849,2.3589041095890413,-0.2997662932036276,0.1983069942632965
3143,-3.8755441734984775,1.2515504882594286,-0.7666416975931208,0.5421787661159516,0.6529369218128188,True,9.194275259941994e-05,0.0006660091402402474,0.00312864066327465,0.0018641840967823333,660,,`ftol` termination condition is satisfied.,0.1068493150684931,2.350684931506849,-0.2962127139632787,0.197220518135526
3144,-3.926957671847211,1.2773028671121787,-0.7597407047769704,0.5605799288628152,0.6451378060894536,True,0.00011395684942174235,0.0007415060924087991,0.003556744829138366,0.0020574464066047335,650,,`gtol` termination condition is satisfied.,0.1041095890410958,2.347945205479452,-0.2994779975890344,0.1967166812172675
3145,-3.8853230645376144,1.2527758702056075,-0.7783025422436229,0.5412495108638885,0.6509267118531123,True,9.797715773681035e-05,0.0007081604490688923,0.003108555555608207,0.0018917176233134473,655,,`ftol` termination condition is satisfied.,0.1013698630136986,2.345205479452055,-0.2950703394320198,0.1982324382797158
3146,-3.9275651418811837,1.2694052363289983,-0.7763422707246893,0.5506988362039167,0.6459579483261835,True,0.00011747186438172429,0.0007615803683011415,0.003350358429841955,0.001983720611203459,641,,`gtol` termination condition is satisfied.,0.0986301369863013,2.3424657534246576,-0.298297636362288,0.1896405399243852
3147,-3.9480164991201008,1.2813135617238236,-0.760568740172045,0.581043894847149,0.6371177702230925,True,0.00011112478670914132,0.0007347669543449958,0.0035085721686115233,0.002049986255871414,639,,`ftol` termination condition is satisfied.,0.0958904109589041,2.33972602739726,-0.2945244848901577,0.1927706414656388
3150,-3.952158521979935,1.2720350240138012,-0.7564544141902078,0.5774083403616741,0.6362994070434957,True,0.00011696279384596392,0.0007340553164557022,0.0037580551841186385,0.002169187602066704,636,,`ftol` termination condition is satisfied.,0.0876712328767123,2.331506849315069,-0.296565032620423,0.1907300937353735
3151,-3.947916258185864,1.2537328548434494,-0.7514461024059839,0.5866824907132487,0.634412786390692,True,0.00014458882404303516,0.0008187066618101883,0.0041003906726802195,0.002406089663231978,635,,`gtol` termination condition is satisfied.,0.084931506849315,2.328767123287671,-0.297669055406662,0.1896260709491346
3152,-3.947763433519815,1.2559230523625502,-0.7494989011430438,0.5812437108369768,0.6349249189923984,True,0.0001437579852381073,0.0008314802236237032,0.004370407448827856,0.002473488257556765,635,,`ftol` termination condition is satisfied.,0.0821917808219178,2.326027397260274,-0.2973609320118212,0.1899341943439753
3153,-3.938069867686395,1.253061779220353,-0.7478534420511462,0.5808981447435446,0.6345882514003055,True,0.00012641777003976977,0.0007510512835679676,0.0042545119650401145,0.0023821479533676637,634,,`ftol` termination condition is satisfied.,0.0794520547945205,2.3232876712328765,-0.2964673842421809,0.1908277421136155
3154,-3.9638066011210373,1.2583207040169013,-0.7389000992788548,0.5932460581139202,0.6304651894483523,True,0.00013716027136726638,0.0007578148446275084,0.004558354946128483,0.0025407167480161258,622,,`gtol` termination condition is satisfied.,0.0767123287671232,2.3205479452054796,-0.2972223486722199,0.1840631686640796
3157,-3.973754719266174,1.2582998356585027,-0.7210416042154651,0.6161113461825177,0.6233127383801953,True,0.00015816953900863498,0.0007967572030520462,0.00450056434650239,0.002627733827679273,624,,`ftol` termination condition is satisfied.,0.0684931506849315,2.3123287671232875,-0.2994662414991867,0.1986975470528133
3158,-3.9511295145141494,1.2430274814072553,-0.7082849208710016,0.6273152881810623,0.6215784596425744,True,0.00015081881599005357,0.0007752041601179993,0.004716154099502894,0.0027075715166547812,622,,`ftol` termination condition is satisfied.,0.0657534246575342,2.3095890410958906,-0.2972489902610307,0.1978833207441609
3159,-3.9585305480396276,1.2405524508892996,-0.7025453917410915,0.6322536942191863,0.619864912018685,True,0.00017327603247996407,0.0008511359892188087,0.0053130037741024785,0.0029732257772765434,619,,`ftol` termination condition is satisfied.,0.0630136986301369,2.3068493150684932,-0.2943368098481037,0.1921669124232919
3160,-3.910942028456825,1.2115403928794843,-0.7131926951683533,0.6296849843187493,0.6212070938914598,True,0.00016064770743454314,0.0008114024569314157,0.0048303430436122405,0.002725412444699955,625,,`ftol` termination condition is satisfied.,0.0602739726027397,2.304109589041096,-0.2982622783833194,0.1968048471578016
3161,-3.9275487432808145,1.216557652390059,-0.7110560948161573,0.6298710541413998,0.6198218756381192,True,0.00018649408582916433,0.0009068930294464291,0.005260758635308877,0.0029490417549683377,615,,`ftol` termination condition is satisfied.,0.0575342465753424,2.3013698630136985,-0.2982237498269478,0.1971916179564703
3165,-3.9152482420253953,1.1984564283143584,-0.7147493001146386,0.6360621799024617,0.6154036874068247,True,0.0001734223026924131,0.0008404872619725054,0.005035925406718742,0.002840852994337161,617,,`gtol` termination condition is satisfied.,0.0465753424657534,2.2904109589041095,-0.299795276400163,0.1980289266556975
3166,-3.882759516687769,1.1743078668522011,-0.7266170997596496,0.6318914499890277,0.616358022543341,True,0.00019181846957963547,0.0008830537505591322,0.005294727771566703,0.0029858241557090175,629,,`gtol` termination condition is satisfied.,0.0438356164383561,2.287671232876712,-0.2964570981815524,0.1960193869162416
3167,-3.8505570046255966,1.1597830999743317,-0.7422813711609326,0.6219520919152886,0.6179022102440737,True,0.00017992871285763622,0.0008455837247025074,0.004893233788497933,0.0028516383848911247,625,,`gtol` termination condition is satisfied.,0.0410958904109589,2.2849315068493152,-0.2989595703466343,0.1829153923252557
3168,-3.8536732932587032,1.1781026145393265,-0.7404101524676011,0.5582411931585773,0.6560774428335642,True,0.00014215235024346397,0.0007321764728025354,0.0045010236897968115,0.0024376439185147827,621,,`ftol` termination condition is satisfied.,0.1150684931506849,2.282191780821918,-0.2985813550866846,0.1998902911350103
3171,-3.866319570332082,1.1905381719568087,-0.7415588747990677,0.5702350918887115,0.6497165468786261,True,0.00015579896487866721,0.0007585784855584749,0.005155533989752469,0.002678017909857127,614,,`ftol` termination condition is satisfied.,0.1068493150684931,2.2739726027397262,-0.2949155281027724,0.1975609569950218
3172,-3.905094081279789,1.204467149233971,-0.7344003009974946,0.5663037310189291,0.6487851425906327,True,0.0001804078892973216,0.0008332888518849031,0.005475870957424088,0.0028574856897619245,606,,`ftol` termination condition is satisfied.,0.1041095890410958,2.271232876712329,-0.299186057776002,0.1993620295579064
3173,-3.924484493774398,1.2199558859215671,-0.7409369175309323,0.5606351243394233,0.6480765360355767,True,0.00014731582354534197,0.0007746921415226478,0.005049272202731087,0.0026565892823629633,603,,`gtol` termination condition is satisfied.,0.1013698630136986,2.2684931506849315,-0.2983417685566197,0.1999240916097072
3174,-3.9693960744350916,1.2691671808047644,-0.736968227496486,0.5783890891054084,0.6396075112671729,True,0.00011743335695649649,0.000715591789391896,0.004554322002326495,0.002418632939765345,587,,`ftol` termination condition is satisfied.,0.0986301369863013,2.265753424657534,-0.2989784000791541,0.1934980850186401
3175,-3.9890155701618206,1.281695227164066,-0.7286364646838085,0.5957744396279678,0.6340252688902296,True,0.0001275212636368504,0.0007488463857549232,0.004696654857452146,0.0025400422084982696,582,,`ftol` termination condition is satisfied.,0.0958904109589041,2.263013698630137,-0.299765157386005,0.192711327711789
3178,-3.956360841091496,1.2600584481762924,-0.738469611404583,0.5966543159718745,0.6328478133173799,True,0.00011691314763486833,0.0007667394493339499,0.0037891205121795574,0.0022413014025344687,588,,`gtol` termination condition is satisfied.,0.0876712328767123,2.254794520547945,-0.2988460061987494,0.1983895370237884
3179,-3.973085466369327,1.2818557972143292,-0.7405686332403232,0.6058655895935948,0.6285584541978768,True,0.00010223416793109016,0.0007380319889019886,0.0036274513650900067,0.002101290514094618,578,,`gtol` termination condition is satisfied.,0.084931506849315,2.252054794520548,-0.2959930172609829,0.1922285813985655
3180,-3.9948292549098214,1.3049884942641101,-0.7337160979869218,0.6246097242104262,0.6224768102196611,True,7.424978893834885e-05,0.0005841421829575957,0.003332679533079516,0.0019329704484935479,573,,`gtol` termination condition is satisfied.,0.0821917808219178,2.249315068493151,-0.2965911811518691,0.1910224345141719
3181,-4.015971928541294,1.320563314540266,-0.742126121084163,0.6159365257504866,0.6223035355644553,True,0.00010302548391218087,0.000762217075403179,0.003598375843594936,0.002194571689224256,568,,`ftol` termination condition is satisfied.,0.0794520547945205,2.2465753424657535,-0.2993982797783326,0.182349915072268
3182,-3.9941526116010686,1.3038047531551482,-0.7406139679582692,0.6246239774300283,0.6207632890126286,True,9.754130679810738e-05,0.0007068581734319513,0.0037356623362549556,0.002139213990319753,586,,`ftol` termination condition is satisfied.,0.0767123287671232,2.243835616438356,-0.2976235616810693,0.1843911965612784
3185,-3.9685177986785707,1.2894650073567524,-0.7487244063529787,0.6009977343311399,0.6242821233479734,True,9.937461159911865e-05,0.0006969063735858647,0.003340115939766592,0.0020318393071780457,584,,`gtol` termination condition is satisfied.,0.0684931506849315,2.2356164383561645,-0.2979323649673389,0.1872489604211701
3186,-3.9550814453364462,1.2775860509839483,-0.7488452369502797,0.5894326267937039,0.6267769144275829,True,0.00010954183748149068,0.0007338783432304509,0.0032976238845035402,0.002064405856591614,585,,`gtol` termination condition is satisfied.,0.0657534246575342,2.232876712328767,-0.2997231146019347,0.1882242780438895
3187,-3.9439311696888657,1.2709631849865903,-0.7436918245536324,0.5961270875195348,0.6250368603532164,True,0.00010239100494081423,0.0006909105795111592,0.0030713034827037815,0.0019554612123100037,589,,`ftol` termination condition is satisfied.,0.0630136986301369,2.23013698630137,-0.2956245170867665,0.1920395054833475
3188,-3.9571725566734792,1.2785163416995813,-0.7455797822915998,0.6073113824355827,0.6209960317044685,True,0.00010824325981790347,0.0007177013758584615,0.00340988921138563,0.0020909094507048556,582,,`ftol` termination condition is satisfied.,0.0602739726027397,2.2273972602739724,-0.298946371034897,0.1889998538264775
3189,-3.956636621436152,1.2777669325323264,-0.7418371717960973,0.616284196922846,0.6183050360103951,True,0.00010929443807787201,0.0007202333485971236,0.0036322530872007954,0.002165737475683568,579,,`gtol` termination condition is satisfied.,0.0575342465753424,2.2246575342465755,-0.2984254749051099,0.1895532262453048
3192,-3.959012512207709,1.2817148101149922,-0.7356037335859317,0.6368504116588608,0.6111375786384544,True,9.499584353806022e-05,0.0007044834393714242,0.0032998996098045634,0.0020145978227829025,573,,`gtol` termination condition is satisfied.,0.0493150684931506,2.216438356164383,-0.2995563766270123,0.1856658168150954
3193,-3.95091223052341,1.2793988423931808,-0.745312023194251,0.6291503020619367,0.6115087992744739,True,9.702038512233413e-05,0.0007582000179420944,0.003006087381539258,0.0019100177999659695,572,,`ftol` termination condition is satisfied.,0.0465753424657534,2.213698630136986,-0.2989302356318511,0.1863931828555302
3194,-3.958987586137088,1.2892804466208592,-0.7440234592500602,0.6366300353899436,0.6084497618803832,True,7.85010558413506e-05,0.0006519671232160036,0.0028438873656284345,0.0018042156931162396,568,,`gtol` termination condition is satisfied.,0.0438356164383561,2.210958904109589,-0.29671434425929,0.1846316331863732
3195,-3.8945438703524062,1.2441827727826034,-0.7652002041537738,0.6101508669622985,0.6148094660892491,True,9.922984020000352e-05,0.0007159920802847449,0.0025256448120684364,0.0017099359641654548,584,,`gtol` termination condition is satisfied.,0.0410958904109589,2.208219178082192,-0.299846667370169,0.1927526550243403
3196,-3.8671656753752504,1.2487033310899132,-0.7523578073414503,0.5421697645980854,0.6560559484517341,True,8.1108384480368e-05,0.0006571264356258392,0.0029416972585033477,0.0018038110386881213,583,,`ftol` termination condition is satisfied.,0.1150684931506849,2.2054794520547945,-0.298822865740866,0.1974616963323406
3199,-3.846910602909217,1.2294239151143205,-0.7551310034800266,0.5436068785818798,0.6548447943790162,True,9.885128565942657e-05,0.0007023485856285862,0.0027307660128041487,0.001704768173470572,668,,`gtol` termination condition is satisfied.,0.1068493150684931,2.197260273972603,-0.2987849350013408,0.1973246402973871
3200,-3.8387429089430984,1.2234621914137551,-0.7532002333620158,0.5411558987236799,0.6553711123873772,True,9.661482690815043e-05,0.0006620922724926516,0.0029192156060681373,0.0017521253335569368,672,,`ftol` termination condition is satisfied.,0.1041095890410958,2.1945205479452055,-0.2991278483903544,0.1987896382071718
3201,-3.608309155364859,1.0773887850620836,-0.7986424151312259,0.5014584773634645,0.6687755336341972,True,0.00017904878506434145,0.0008298446558466864,0.00572112589351874,0.002755960117750819,700,,`ftol` termination condition is satisfied.,0.1013698630136986,2.191780821917808,-0.2963002601760146,0.1882026936536544
3202,-3.569585687506264,1.0254548286739096,-0.775672080021404,0.5115430172204549,0.6620555245739872,True,0.0001989397833208227,0.0009785634540031064,0.006299625762356003,0.0028940085512907826,720,,`gtol` termination condition is satisfied.,0.0986301369863013,2.1890410958904107,-0.2995475591151143,0.199251500652551
3203,-3.6513128211877595,1.0743737823371826,-0.7637352314505609,0.4965199861541774,0.6749778815602331,True,0.00011848397481078253,0.0007655453745744171,0.005075598203743961,0.0025001363884293555,706,,`ftol` termination condition is satisfied.,0.0958904109589041,2.186301369863014,-0.2971066131185518,0.1933718004403719
3206,-3.611568014972976,1.0411198329485913,-0.7595502431073263,0.5012125783638808,0.6757343494880899,True,0.00012174730569975259,0.0007460368239104913,0.004277940804696765,0.0022443487622678766,707,,`gtol` termination condition is satisfied.,0.0876712328767123,2.1780821917808217,-0.2956900501719786,0.1981737279259742
3207,-3.749228032250259,1.120861161443934,-0.7414073373780669,0.532136040731024,0.6606984826424475,True,0.00012526116155128658,0.0007836870183013781,0.0035768553934651874,0.0020755503110003277,683,,`ftol` termination condition is satisfied.,0.084931506849315,2.175342465753425,-0.2978948976702677,0.1960197555547573
3208,-3.7404304995912154,1.1268940311333537,-0.7402266419914236,0.5369399378618231,0.6583247248192802,True,0.00011503351344291184,0.0007107111363158374,0.003655317068119267,0.0020871418266573097,684,,`ftol` termination condition is satisfied.,0.0821917808219178,2.1726027397260275,-0.2975545275153506,0.1966360295350506
3209,-3.635112790519193,1.0675718537504384,-0.7540395151390321,0.5404181944193929,0.6553896345523554,True,0.0001420441095367104,0.000862213103058718,0.00398979362651217,0.002266747300241965,698,,`ftol` termination condition is satisfied.,0.0794520547945205,2.16986301369863,-0.2993647815904541,0.1911376399083321
3210,-3.6173839517963886,1.0518980553116537,-0.770990985481364,0.5299347407502106,0.6526574971379621,True,0.00014220605842199172,0.0008716551799466372,0.0037225640794983925,0.0022123946146101474,695,,`ftol` termination condition is satisfied.,0.0767123287671232,2.1671232876712327,-0.2973685226134809,0.1929770057842004
3213,-3.615738382388364,1.0500486039576986,-0.7497251926763773,0.5215401941570249,0.6592166065031223,True,0.00013677944720018182,0.0007840003849361602,0.004032938057346017,0.0023711154898252767,738,,`gtol` termination condition is satisfied.,0.0684931506849315,2.158904109589041,-0.2996141399579438,0.1972402395418524
3214,-3.5896231336484212,1.043473759472976,-0.7466841966832225,0.5414756030741034,0.6458397577271391,True,0.00014119506945412652,0.0008007825694282523,0.004612892091026798,0.0025536428925777917,738,,`gtol` termination condition is satisfied.,0.0657534246575342,2.1561643835616437,-0.2950796272780852,0.1990063527173415
3215,-3.451818765031141,0.9790029262284866,-0.775155836584024,0.5585846353470754,0.6269000435987669,True,0.00023049135805247958,0.0009231169167676033,0.00774536451538601,0.0036560610424059446,750,,`ftol` termination condition is satisfied.,0.0630136986301369,2.1534246575342464,-0.2986902397331235,0.199793589287726
3216,-3.4548855947222905,0.9725105175952043,-0.7693392548471207,0.5715760129086704,0.6204790334149832,True,0.00030874030900166795,0.0011539358325694817,0.007062630339047674,0.0035932824129558533,736,,`ftol` termination condition is satisfied.,0.0602739726027397,2.1506849315068495,-0.2954777038533797,0.1956428488332785
3217,-3.454435050196609,0.9671798981253742,-0.7660871322426598,0.5582867979504813,0.6295713045967198,True,0.00022384282990782167,0.0009708055105130874,0.007508835451848836,0.0034737410428197515,741,,`ftol` termination condition is satisfied.,0.0575342465753424,2.147945205479452,-0.297332979060033,0.1985775853241874
3220,-3.431847423307154,0.940580738985248,-0.7539786762889498,0.5710547173605822,0.6254381683820306,True,0.00023909716103643393,0.0009440181714813138,0.00722341500313134,0.0034430605396082894,738,,`gtol` termination condition is satisfied.,0.0493150684931506,2.1397260273972605,-0.2995570568211351,0.1978326420885609
3221,-3.4577468601585015,0.9598089418623517,-0.7491818653013974,0.5580156304618074,0.6286517453276078,True,0.00018389794802208464,0.0008391614439275407,0.007368493570021035,0.00332068250215782,740,,`gtol` termination condition is satisfied.,0.0465753424657534,2.136986301369863,-0.2939471189846437,0.1971734337020146
3222,-3.508177627752974,0.9909257987023967,-0.7474859479516243,0.5372803917587484,0.631981926068079,True,0.0001662515367109471,0.000861663735823958,0.005016571914730739,0.0027363039602888877,730,,`gtol` termination condition is satisfied.,0.0438356164383561,2.1342465753424658,-0.2978990526828008,0.1998152347916328
3223,-3.5546916154435064,1.021719625216804,-0.743487697416291,0.5382764236179378,0.6372344755713699,True,0.0001216099567997088,0.0007174716001934811,0.004507772929248394,0.002442112222564832,722,,`gtol` termination condition is satisfied.,0.0410958904109589,2.1315068493150684,-0.2977543583723531,0.1979559654452171
3224,-3.524032427999713,1.0074867062421107,-0.7562862183969153,0.5327643881996352,0.6325679804656419,True,0.00014235558589972502,0.0008245864424300325,0.003819892146679046,0.002255627225687199,713,,`gtol` termination condition is satisfied.,0.1342465753424657,2.128767123287671,-0.2983592341880473,0.195724992515206
3227,-3.5522032468515734,1.0177957793537467,-0.7564004715758873,0.5242872826714626,0.6415837773599834,True,0.0001310725975277803,0.0007435388931864395,0.004449743663000765,0.0024963521959872805,708,,`gtol` termination condition is satisfied.,0.1260273972602739,2.1205479452054794,-0.2983660739097137,0.1968733919442379
3228,-3.6019111590660957,1.0429123693761366,-0.7459895623658938,0.5322795546722411,0.6414420457729542,True,0.00012775429359640868,0.000741443494235182,0.004403018998511855,0.0024501830928514395,703,,`gtol` termination condition is satisfied.,0.1232876712328767,2.117808219178082,-0.2992112168022972,0.1969036223343638
3229,-3.731489639772487,1.1289803352595886,-0.7294532959675534,0.5178087132685222,0.659270550058717,True,9.546747017485623e-05,0.0006790237437111983,0.00416552481586193,0.002360005797006548,677,,`ftol` termination condition is satisfied.,0.1205479452054794,2.115068493150685,-0.2972893604770812,0.1968901626106121
3230,-3.744889641682646,1.1358260273269336,-0.7252898893871353,0.5301970972729034,0.6576201118391094,True,9.56687478463664e-05,0.0006964962036639377,0.00418658036218079,0.0023534494887008264,677,,`ftol` termination condition is satisfied.,0.1178082191780822,2.112328767123288,-0.2992751251462899,0.1997160409726979
3231,-3.679534797077388,1.0977644796214265,-0.7425526160777571,0.521123465662606,0.659129954136861,True,9.828088004650488e-05,0.0007016171753875726,0.003730518456895047,0.0021772609997406977,677,,`ftol` termination condition is satisfied.,0.1150684931506849,2.1095890410958904,-0.2996243225664714,0.1895267830354013
3234,-3.577270364905445,1.030978064018321,-0.7618467035398432,0.5159217734695322,0.6574238847735118,True,0.00012060327292368641,0.0007346183815104358,0.004499684443626294,0.002420513322273916,696,,`gtol` termination condition is satisfied.,0.1068493150684931,2.1013698630136988,-0.2993623880552173,0.1947821800041826
3235,-3.5617244831010533,1.0310815826618729,-0.7705571639134658,0.50111206166832,0.6608902644677694,True,0.00013684602978930845,0.0008393067046528437,0.003923317899623412,0.0023304498504115507,689,,`gtol` termination condition is satisfied.,0.1041095890410958,2.0986301369863014,-0.2991575651689278,0.1952585740541672
3236,-3.492816967019146,0.9908168013598035,-0.7837009749232619,0.5024143581101533,0.6540021541697104,True,0.00013247632078716053,0.0007764962937450301,0.004546229619896226,0.0024970718076765585,695,,`ftol` termination condition is satisfied.,0.1013698630136986,2.095890410958904,-0.298908598944274,0.1983321363965644
3237,-3.5278714950390633,1.0147793041574509,-0.7765368702194374,0.5171200790575716,0.6437412666683248,True,0.00017297684569369024,0.0009514722684852288,0.004115623695605408,0.002348610908481654,686,,`gtol` termination condition is satisfied.,0.0986301369863013,2.0931506849315067,-0.2998302352654378,0.1993114615493356
3238,-3.5746434981911808,1.0375259497824134,-0.7618803275706186,0.5105569938593939,0.6513389162485973,True,0.00010761439790792338,0.0006866693241693066,0.004029624186099008,0.002187546941101521,681,,`gtol` termination condition is satisfied.,0.0958904109589041,2.0904109589041098,-0.299065353049231,0.1977085898090714
3241,-3.4897904286405965,0.99852407503405,-0.7623877226313157,0.5255040420842676,0.6389018609404981,True,9.847696740733737e-05,0.0006533782444346804,0.0037875853860961134,0.0021228662467956167,681,,`gtol` termination condition is satisfied.,0.0876712328767123,2.0821917808219177,-0.2963685835820803,0.1947519691045779
3242,-3.382675246146276,0.9428346248529891,-0.766118225992457,0.537951184671761,0.6239898855918729,True,0.0001327053882394706,0.0007818875561386815,0.003590711472180713,0.0021192408721637207,685,,`gtol` termination condition is satisfied.,0.084931506849315,2.0794520547945203,-0.2995829585538735,0.1992151635629008
3243,-3.41898364810019,0.975980884197371,-0.7523558250867244,0.5623332465618536,0.6160439899710756,True,0.00012128232385602733,0.0007529485312447905,0.0035845195274599247,0.002046783951683022,677,,`ftol` termination condition is satisfied.,0.0821917808219178,2.0767123287671234,-0.2972575415459472,0.197662431036976
3245,-3.392073279820194,0.9550389182730433,-0.7511474996987882,0.5447495589014477,0.6195802063169047,True,0.00011855418121707893,0.0007454525077777547,0.0035108940660795265,0.0020144470172242857,668,,`ftol` termination condition is satisfied.,0.0767123287671232,2.0712328767123287,-0.297769489141395,0.1979712761766055
3248,-3.481299956592414,1.015776574858438,-0.7445606915164649,0.5817177435532764,0.5982628071365436,True,0.00011641753892760101,0.0007533376168565247,0.003138206319554621,0.0019077678083814166,646,,`ftol` termination condition is satisfied.,0.0684931506849315,2.063013698630137,-0.2993990864138944,0.1995499447907583
3249,-3.4751371658845875,1.0307546499258895,-0.7331694156350174,0.5459595011116722,0.6212265626130712,True,7.170577082202088e-05,0.0005689986906029995,0.00372841453297429,0.0018520973893239412,665,,`ftol` termination condition is satisfied.,0.0657534246575342,2.0602739726027397,-0.2916391168888225,0.1994814357978357
3250,-3.520312572938715,1.0627334354609939,-0.7179123334182208,0.590433139649368,0.6025359305012107,True,7.091756166259652e-05,0.0005486830157589285,0.0038549812529520538,0.0017811563273692058,668,,`ftol` termination condition is satisfied.,0.0630136986301369,2.0575342465753423,-0.2986609226522946,0.1985818567756098
3251,-3.515648904753947,1.0543276669007986,-0.7268533222724206,0.5799600368410985,0.6068975501573716,True,7.136873207282644e-05,0.0006108158315087982,0.0036215753639821193,0.001816101599706385,667,,`ftol` termination condition is satisfied.,0.0602739726027397,2.0547945205479454,-0.2992156529495607,0.1980408612002049
3252,-3.5520344622987996,1.068963630486754,-0.7216855790996161,0.5624486678353137,0.6192117899312924,True,8.22209054556134e-05,0.0006609466078889787,0.0043313153393484925,0.0019644345414298416,662,,`ftol` termination condition is satisfied.,0.0575342465753424,2.052054794520548,-0.2966196576336961,0.1990911949791401
3255,-3.6328310071384378,1.1164910120642986,-0.7147244957191776,0.5739301577407347,0.6197755983233708,True,7.103172501233889e-05,0.0006519477983358037,0.003284355548090931,0.001764165899740437,641,,`ftol` termination condition is satisfied.,0.0493150684931506,2.043835616438356,-0.2963906756693953,0.1873259764592855
3256,-3.4705927855649006,1.0224882305931653,-0.7577946865991437,0.568860622063184,0.6069631730465922,True,8.666222607155808e-05,0.0006602949113946179,0.005162401159198504,0.0022176152175838585,661,,`ftol` termination condition is satisfied.,0.0465753424657534,2.041095890410959,-0.2965017583619816,0.1998891510307589
3258,-3.44022831300831,1.0141767889350501,-0.7730647934923998,0.5107668586130459,0.6194820009931612,True,0.00014433374680400196,0.0008992159234894377,0.005779464696603184,0.002653711790499374,661,,`gtol` termination condition is satisfied.,0.0410958904109589,2.0356164383561643,-0.2918257589089179,0.1992947937777403
3259,-3.344366408642118,0.9635004967711226,-0.7709064966197358,0.5454615366444667,0.5999078245916464,True,0.00011578506497478063,0.0007296241276397162,0.00386151962540845,0.0020875985917335055,647,,`ftol` termination condition is satisfied.,0.1150684931506849,2.032876712328767,-0.2984830328850382,0.1996875512691229
3262,-3.3577044146543913,0.9772474401562369,-0.7327055591313306,0.5509424280649967,0.6033276113238439,True,9.432951343027193e-05,0.0006815365726679669,0.003023252172966864,0.0017400122540426157,641,,`ftol` termination condition is satisfied.,0.1068493150684931,2.0246575342465754,-0.2993761420810771,0.1987104559074838
3263,-3.3511392741431036,0.9832870297684962,-0.7377468584857808,0.553781043793091,0.5971535719839957,True,0.00010166164152772064,0.0007219408914340655,0.0027119257530001783,0.001694237935066957,640,,`ftol` termination condition is satisfied.,0.1041095890410958,2.021917808219178,-0.2987517021757579,0.199334895812803
3264,-3.3509266361611827,0.9836004360054146,-0.7154149293860085,0.5637089223673227,0.5970103538299084,True,6.973824107085085e-05,0.0006261925353960858,0.00243590437632573,0.0014248291509684138,638,,`ftol` termination condition is satisfied.,0.1013698630136986,2.0191780821917806,-0.2956376649854099,0.1975330235418601
3265,-3.3535908909405108,0.9875491658796895,-0.6971295533043141,0.604210787491609,0.5808403228639982,True,9.325177298281597e-05,0.0006790018332415935,0.0026382003225266463,0.0016422127121980515,639,,`ftol` termination condition is satisfied.,0.0986301369863013,2.0164383561643837,-0.2996663005776584,0.1984202974109025
3266,-3.2965512614720063,0.9718207921241409,-0.6953589518029313,0.6166432438902336,0.5661097295283128,True,7.294320433711232e-05,0.0006124311861914168,0.002607312491199598,0.0015074239095294883,631,,`gtol` termination condition is satisfied.,0.0958904109589041,2.0136986301369864,-0.2973797878524947,0.1998001956164459
3269,-3.228035930927665,0.9422932505732724,-0.6966308860423852,0.6310769214460679,0.5485411106219882,True,0.00011185065542674289,0.0008059119356224184,0.002439434909010922,0.0016574041492240631,702,,`gtol` termination condition is satisfied.,0.0876712328767123,2.0054794520547947,-0.2973117052997643,0.1994684483784901
3270,-3.20981895399372,0.9323081529849483,-0.7015601244981244,0.6967128751859959,0.5161705687516508,True,0.00013648617903107643,0.0009225339584298903,0.002570664068981976,0.001896232032843899,699,,`ftol` termination condition is satisfied.,0.084931506849315,2.002739726027398,-0.2981288621021374,0.1994515349138326
3271,-3.2032574066577877,0.9228006285024176,-0.6758862608369481,0.6810380962427335,0.5351506281907359,True,0.00011638489184571623,0.0008159840791022994,0.0029175090514489957,0.0018326001878447933,692,,`gtol` termination condition is satisfied.,0.0821917808219178,2.0,-0.2984148204508051,0.1985090018644054
3272,-3.1729454398231267,0.8929601359964277,-0.668280607338645,0.7135519378732985,0.5205054771369888,True,0.00015027508800730842,0.0008733189823783523,0.0022169777680463333,0.001699895369376269,688,,`gtol` termination condition is satisfied.,0.0794520547945205,1.9972602739726024,-0.2988388545289444,0.1994876474235682
3273,-3.1391798514290707,0.8675991340679233,-0.6934384630809239,0.7099436856267244,0.5233309959856091,True,0.00015677399421858438,0.0008218290513821074,0.0034949402388231017,0.0020520361695571076,688,,`gtol` termination condition is satisfied.,0.0767123287671232,1.9945205479452055,-0.2989996112301833,0.1983634487369848
3276,-3.044599171248756,0.8053014379571517,-0.7287773433619318,0.7863139021304248,0.46185622599676673,True,0.00038422322102538685,0.0011020901566893336,0.008559988407349858,0.003932802384930663,724,,`ftol` termination condition is satisfied.,0.0684931506849315,1.9863013698630136,-0.2982091658054055,0.1982277205084856
3278,-3.195858666749602,0.8458293875623065,-0.7088683694497341,0.736476154929078,0.4882606435433855,True,0.00021477789664261102,0.0008625330526866242,0.005317602104621395,0.002832300061168727,730,,`ftol` termination condition is satisfied.,0.0630136986301369,1.9808219178082191,-0.297602810401977,0.1997990668849894
3279,-3.1886101803064837,0.8572261347060245,-0.6777009182959836,0.7129425346828236,0.5149991481826738,True,0.00023339230955888324,0.0010085777500912917,0.005239234238108155,0.002746996111382066,810,,`ftol` termination condition is satisfied.,0.0602739726027397,2.9753424657534246,-0.2969729768082577,0.1990918194187114
3280,-3.2120478970395925,0.8707753258692048,-0.6882968993615239,0.6810719874688941,0.5277342555563003,True,0.00024146511471705273,0.0010009213421689853,0.00399261654021372,0.002408797470322078,805,,`ftol` termination condition is satisfied.,0.0575342465753424,2.9726027397260273,-0.2999354350636432,0.1987481190933111
3283,-3.2830649113572874,0.890984799555825,-0.6863586783812612,0.689488044616844,0.5305798660119043,True,0.0001459956593725622,0.0007668243875613324,0.0022465767096635607,0.0016102793871133473,797,,`gtol` termination condition is satisfied.,0.0493150684931506,2.9643835616438357,-0.2988346764753723,0.199396189288051
3285,-3.3101575685991023,0.9254901895857472,-0.6822191878448305,0.7056176729049816,0.5234258278978647,True,0.00010987705016036228,0.0006694643313756898,0.002232473669336716,0.001440920726750745,786,,`gtol` termination condition is satisfied.,0.0438356164383561,2.958904109589041,-0.2992824080717689,0.1987000408575263
3286,-3.2155094885270734,0.8846091563026378,-0.7470053514088806,0.6431851410601988,0.5181897064739325,True,0.00016710122838568567,0.0008552633323907398,0.002301180346323226,0.001657563019737131,795,,`gtol` termination condition is satisfied.,0.0410958904109589,2.956164383561644,-0.2992347455331747,0.1997005910517123
3287,-3.32444180836376,0.9488138458804403,-0.7201505678354254,0.6815632655860829,0.518033970191421,True,0.00018257479444821134,0.0009850421680678769,0.0024751292489465083,0.0017496285623539742,773,,`ftol` termination condition is satisfied.,0.1150684931506849,2.9534246575342467,-0.298898300383824,0.198143337855667
3290,-3.345228871673364,0.9515934260698854,-0.7239460159326919,0.6537150108486065,0.5294650963896935,True,0.00019801585468482878,0.0009285861868081019,0.002330388537286931,0.0017634670755617096,750,,`ftol` termination condition is satisfied.,0.1068493150684931,2.9452054794520546,-0.2993941874876146,0.1981862095283554
3291,-3.365792097862343,0.9809584277357638,-0.7153772340799869,0.6054435062404966,0.5597242731741613,True,0.00012421519039508978,0.0006849074213888866,0.002225552419408134,0.00148071501451509,764,,`gtol` termination condition is satisfied.,0.1041095890410958,2.9424657534246577,-0.2987233422170857,0.1990887044040212
3292,-3.3938216373168957,0.9839460351050846,-0.7228733733093904,0.5857846004727512,0.5739600645181888,True,0.00011413923565595193,0.0006601870677434872,0.002522606712803814,0.0014757792970435132,761,,`ftol` termination condition is satisfied.,0.1013698630136986,2.9397260273972603,-0.2991459083301989,0.1997984369981283
3293,-3.412445115300129,0.9861140815712415,-0.7096466294911649,0.6167682068017283,0.5730198353381327,True,0.00011031435256428625,0.0006391562585677944,0.00278474972434441,0.0015153566007207074,762,,`ftol` termination condition is satisfied.,0.0986301369863013,2.936986301369863,-0.2975212824888739,0.1978001547411514
3294,-3.45352494111253,1.021981569888779,-0.7238020985491646,0.605294310638544,0.5824179749942522,True,0.0001222185954057079,0.0007859184721170724,0.002938238365190769,0.0016088717665367997,753,,`ftol` termination condition is satisfied.,0.0958904109589041,2.9342465753424656,-0.2977762813573725,0.197545155872653
3297,-3.4577074643228936,1.0080078006437612,-0.7271903831810891,0.6104721373751856,0.5822152703896799,True,0.0001200007018368262,0.0008353117974172297,0.0029165540540636824,0.0016218445359155187,746,,`ftol` termination condition is satisfied.,0.0876712328767123,2.926027397260274,-0.2985584624887767,0.1988055537363176
3298,-3.523539010260806,1.057836924836329,-0.753105537031849,0.6335037064615994,0.5736023821663255,True,0.00011693987385054259,0.0008447801485135892,0.0021982917292991734,0.0014365258235644104,712,,`ftol` termination condition is satisfied.,0.084931506849315,2.9232876712328766,-0.2990060033610768,0.1979495951294416
3299,-3.5321298178121086,1.0655300645686232,-0.7266618582588689,0.6426308938782159,0.5790028598292113,True,0.0001007475126316021,0.0008363578905982304,0.0019926606434391425,0.0013666836909953517,740,,`gtol` termination condition is satisfied.,0.0821917808219178,2.9205479452054797,-0.2986456359317593,0.1978783234810792
3300,-3.5451487155393906,1.0790243947618468,-0.7279148048158763,0.6688366164410205,0.5710956354474546,True,7.29812137680921e-05,0.0006232077648839615,0.002308983773384412,0.0013571045001508385,746,,`ftol` termination condition is satisfied.,0.0794520547945205,2.9178082191780823,-0.2988715633726307,0.1992150346159302
3301,-3.5856365890889337,1.0947083453706976,-0.7182726333345351,0.6945515721497216,0.5636033153626033,True,7.505069612441151e-05,0.0007793155507412611,0.0023665784715068763,0.0014728977728953564,743,,`ftol` termination condition is satisfied.,0.0767123287671232,2.915068493150685,-0.2983082672859301,0.1968141271917773
3305,-3.487638771556827,1.0370038605993006,-0.7520884464303368,0.6611210064060794,0.5643355233475871,True,0.00013488358190773516,0.0008145079977930283,0.002996666196053557,0.0019008230154725,771,,`ftol` termination condition is satisfied.,0.0657534246575342,2.904109589041096,-0.2975610561593007,0.1972414522418219
3306,-3.5266401636586786,1.0473806384907463,-0.7445303206360844,0.6550505012651282,0.5714886139579901,True,0.00011198574510140938,0.0007511150747252361,0.0028584412046536653,0.0017685604785961332,792,,`ftol` termination condition is satisfied.,0.0630136986301369,2.9013698630136986,-0.2997751335458996,0.1983114644426612
3307,-3.54649891839217,1.0613355673185714,-0.7376606636910923,0.6319059669665721,0.5871709423195489,True,8.674397141394976e-05,0.000616410579314849,0.0024483305790480815,0.0016025196204773105,782,,`ftol` termination condition is satisfied.,0.0602739726027397,2.8986301369863012,-0.2982075304295085,0.1998790675590523
3308,-3.5695642977927764,1.08660199713466,-0.7434851986201585,0.679723562198765,0.5604238962770537,True,6.481886759627537e-05,0.0005957032267208865,0.002216128667104354,0.0014158170550614682,776,,`ftol` termination condition is satisfied.,0.0575342465753424,2.8958904109589043,-0.297268007430969,0.1959026810963009
3311,-3.532411921374111,1.074062751849669,-0.7645600144546135,0.6199470882287796,0.5765110710606468,True,7.056020372786933e-05,0.0005323756924986461,0.002783820308360362,0.001561980754059986,772,,`ftol` termination condition is satisfied.,0.0493150684931506,2.887671232876712,-0.2993852892216709,0.1967754640697996
3312,-3.531768622543262,1.0720623142468295,-0.7701926432272805,0.6133195612469953,0.5746952766201745,True,7.258384830688218e-05,0.0005413325045688661,0.002798557251896965,0.0015458095477755378,769,,`ftol` termination condition is satisfied.,0.0465753424657534,2.884931506849315,-0.2987993368515635,0.1975577730884077
3313,-3.5905809562878352,1.0994140329815956,-0.7525374771891177,0.6413566847676165,0.5692580956797831,True,5.9536148397745597e-05,0.0005941171546505941,0.002634574903751803,0.0015177055283639885,770,,`gtol` termination condition is satisfied.,0.0438356164383561,2.882191780821918,-0.2996159132984051,0.1988145338372777
3314,-3.639637849163473,1.12376910057907,-0.7567988004387107,0.6402460467143691,0.5666771467127735,True,6.080410796997251e-05,0.0005481754209535783,0.002328815073937865,0.001440289690563143,757,,`ftol` termination condition is satisfied.,0.0410958904109589,2.8794520547945206,-0.294130217172706,0.1911915337253546
3315,-3.6475504045992957,1.1348748329895353,-0.7419665973350846,0.618987782752753,0.5789267043336016,True,5.704812250336475e-05,0.0006204658467577086,0.0022900868135516564,0.0013946279069912374,751,,`ftol` termination condition is satisfied.,0.1150684931506849,2.8767123287671232,-0.294569233941571,0.1911617210175111
3318,-3.681311307798464,1.143250042653015,-0.7283980727866527,0.6670669599466242,0.5609562758875023,True,6.395749187472774e-05,0.0006707123163810579,0.002262439241274778,0.001402972042100337,752,,`ftol` termination condition is satisfied.,0.1068493150684931,2.8684931506849316,-0.2963188807609355,0.1978969445347236
3319,-3.7077682629229147,1.17626897288346,-0.7335979405137015,0.6893499139027293,0.5539626605958985,True,6.868151997017137e-05,0.0006673687445448908,0.00244641352521665,0.0015227332748298046,748,,`ftol` termination condition is satisfied.,0.1041095890410958,2.8657534246575342,-0.2998474740769332,0.1942764197143694
3320,-3.708765390891383,1.1774383040023841,-0.7459959065874543,0.6497501387654087,0.5681814203582094,True,6.150595708344482e-05,0.0006128659451960164,0.0024240236681934897,0.0014704145086132819,746,,`ftol` termination condition is satisfied.,0.1013698630136986,2.863013698630137,-0.2987995035654241,0.1951179486149516
3321,-3.667486863502762,1.1659673683894447,-0.7596686923060094,0.6197940100275395,0.5746185546464838,True,6.329612121260014e-05,0.0006042488148833607,0.0027011012466777915,0.0015843380133977213,740,,`ftol` termination condition is satisfied.,0.0986301369863013,2.8602739726027395,-0.2937232024207027,0.1914744316535107
3322,-3.6751421348192674,1.1660263616491435,-0.7595022068189786,0.6300301450984513,0.5682753468809114,True,9.221880251730964e-05,0.0008114680367277293,0.0023351045559349484,0.0015663975904406423,739,,`ftol` termination condition is satisfied.,0.0958904109589041,2.8575342465753426,-0.2931628868075934,0.1912535864872688
3325,-3.678294360143868,1.1723502142691686,-0.7599498010733751,0.607465869837388,0.5769535510580321,True,6.16461645806595e-05,0.0005233716746975908,0.002623521583513428,0.001567356536141211,735,,`ftol` termination condition is satisfied.,0.0876712328767123,2.8493150684931505,-0.2941706575972973,0.1903789687047502
3326,-3.7215213695157066,1.196399538343417,-0.739187368625832,0.6481207872151066,0.5658353555055363,True,7.397584393915705e-05,0.0005844187358762212,0.0026583355902484217,0.0016221901539193156,734,,`ftol` termination condition is satisfied.,0.084931506849315,2.8465753424657536,-0.2994227175912176,0.1967157921900301
3327,-3.7153288012452297,1.197770254750244,-0.7379860538305252,0.6176917751913575,0.5836276842113187,True,7.122224286067272e-05,0.0005825349563658511,0.0029131784716414613,0.0016970382612556602,734,,`ftol` termination condition is satisfied.,0.0821917808219178,2.8438356164383563,-0.2997426090337803,0.1940716689056738
3328,-3.6841439458993315,1.1712354333325143,-0.7472470366043042,0.6258913619910862,0.5801411764935592,True,9.051820840840076e-05,0.000645753263260236,0.002683932090818883,0.0016173023775106188,733,,`ftol` termination condition is satisfied.,0.0794520547945205,2.841095890410959,-0.2986407213564386,0.1972775577324916
3329,-3.738783808307764,1.2167972676140042,-0.7316823302069219,0.6147808601460029,0.5911916856852363,True,7.353424044867442e-05,0.0006448935060814142,0.002493957744503716,0.0015722125557846185,737,,`gtol` termination condition is satisfied.,0.0767123287671232,2.8383561643835615,-0.2988684132274106,0.1949458647120434
3333,-3.7591626667445794,1.223155122546238,-0.7378656236316784,0.6103118467931352,0.5953412808720042,True,7.108456598440023e-05,0.0005409281534075418,0.0030410701999986525,0.0018374061370695798,831,,`gtol` termination condition is satisfied.,0.0657534246575342,2.8273972602739725,-0.2990354731427561,0.193085435364499
3334,-3.8046171466006657,1.2493402742566717,-0.7393009549221685,0.6223309416616596,0.5925873732971437,True,6.686128869622767e-05,0.0005265871526298476,0.002859743593756424,0.001755898207063257,815,,`gtol` termination condition is satisfied.,0.0630136986301369,2.824657534246575,-0.2997558461158623,0.1900918214854014
3335,-3.785544083740854,1.2346859175143095,-0.759411706225195,0.6185656509359376,0.5904688440781548,True,7.333145885976642e-05,0.0005533409097944215,0.002755964116995724,0.0017708118792445417,820,,`gtol` termination condition is satisfied.,0.0602739726027397,2.8219178082191783,-0.2992394610718065,0.1945748168676475
3336,-3.8276206051467128,1.2441495138927077,-0.744650987959511,0.6532439004804057,0.5800450116635156,True,6.902029430455006e-05,0.0005914948210411155,0.002331759462730916,0.0015514195053996246,803,,`gtol` termination condition is satisfied.,0.0575342465753424,2.819178082191781,-0.2961744461955853,0.188387088416653
3339,-3.8185186363056918,1.244838206336012,-0.7439903396640707,0.6532298989359653,0.5831052004498928,True,6.46037851357693e-05,0.0005091769737184638,0.0028125526824541733,0.0017391233428411194,803,,`ftol` termination condition is satisfied.,0.0493150684931506,2.8109589041095893,-0.2985020766321771,0.1861842915198166
3340,-3.795737087641365,1.2317865730672524,-0.7579671798032838,0.6363968566482229,0.5880254349918265,True,6.44585454529563e-05,0.0004970068638158254,0.0030007079075019378,0.0018025517746178578,807,,`ftol` termination condition is satisfied.,0.0465753424657534,2.808219178082192,-0.2961676642889294,0.1884391719887067
3341,-3.810505858955487,1.24622255140715,-0.7781425831179104,0.6102414913738479,0.5922243895978322,True,6.890723134915887e-05,0.0004970322251768165,0.002840152746413311,0.0018020908645630972,800,,`ftol` termination condition is satisfied.,0.0438356164383561,2.8054794520547945,-0.2975859412211881,0.1870176011291033
3342,-3.8101480088549273,1.248319200353348,-0.7678441448979627,0.6009487031898695,0.6013742986243865,True,8.503074146536215e-05,0.0005770797534455817,0.0027492771846922112,0.0018723570038568622,797,,`ftol` termination condition is satisfied.,0.0410958904109589,2.802739726027397,-0.2956494348871539,0.1890954265558777
3343,-3.8551197618210717,1.2700698285234997,-0.7676538920823744,0.607501704929922,0.602874734995719,True,6.845473680333512e-05,0.0005212378728030841,0.002415822209315518,0.0016527059068277008,780,,`ftol` termination condition is satisfied.,0.1342465753424657,2.8,-0.2988803246213881,0.1829577622713503
3346,-3.8152257324928867,1.2413763471272197,-0.7794825503320356,0.5893525557241622,0.6077414984946881,True,8.121397272581779e-05,0.0005432244632910079,0.0024975114549016806,0.0017647075005854651,780,,`ftol` termination condition is satisfied.,0.1260273972602739,2.791780821917808,-0.2969293991967379,0.1880803763084866
3347,-3.8184687039019294,1.2396667874036564,-0.779784290111568,0.587782257362413,0.6093952656277178,True,8.910114776921945e-05,0.0005793367296290688,0.002654289887425395,0.0018467664734979228,778,,`ftol` termination condition is satisfied.,0.1232876712328767,2.789041095890411,-0.2974090261368706,0.187956235202949
3348,-3.75863973014447,1.212960132085547,-0.7917881868980101,0.5784139587302616,0.6095641400938923,True,0.00010189025759683564,0.0006010078685489411,0.002867737001391963,0.001975354572255485,792,,`ftol` termination condition is satisfied.,0.1205479452054794,2.786301369863014,-0.2982903807187142,0.1955238972207398
3349,-3.702718821675663,1.19052479944435,-0.8165181803303714,0.570394207048679,0.5989909065084945,True,0.00011884098476734508,0.00064746974188475,0.002835390369263422,0.001976762977760584,791,,`ftol` termination condition is satisfied.,0.1178082191780822,2.783561643835617,-0.2979507212103993,0.1958635567290548
3350,-3.6986893243235377,1.183390866253099,-0.8060760757257213,0.5888284449937145,0.5882489319644022,True,0.00011805931879890645,0.0007160203300955884,0.0025829857595252685,0.0018836483287002965,793,,`ftol` termination condition is satisfied.,0.1150684931506849,2.780821917808219,-0.2998116935656962,0.1975019832629861
3353,-3.772114106748974,1.227136509626296,-0.7844458084020934,0.6010476139889965,0.5887430228549859,True,8.921518823605152e-05,0.000685325195461365,0.00214157613850683,0.001543762716966354,770,,`ftol` termination condition is satisfied.,0.1068493150684931,2.7726027397260276,-0.2990060840597749,0.1911626229810714
3354,-3.7938389810735944,1.2409464584402168,-0.7833692206584518,0.5922612519853243,0.5925357741159815,True,8.045063879118345e-05,0.0006214015541665687,0.0021622272971568448,0.001496046684032388,760,,`ftol` termination condition is satisfied.,0.1041095890410958,2.76986301369863,-0.2962680224765676,0.1884023722118988
3355,-3.8226117410009737,1.2635678461904492,-0.772385413552804,0.595559475699809,0.593511652955094,True,8.342899489091743e-05,0.0006475448733257857,0.002449191688907367,0.0016665409592984243,752,,`gtol` termination condition is satisfied.,0.1013698630136986,2.767123287671233,-0.2977684631647656,0.1803763634915709
3356,-3.819767474073335,1.2664045465159255,-0.7747565221787376,0.6009932185716165,0.5899904602403945,True,8.162476803992623e-05,0.0007119107309073694,0.0023786856653503535,0.0016580271905994937,750,,`ftol` termination condition is satisfied.,0.0986301369863013,2.7643835616438355,-0.2990910812378461,0.1827470056548923
3357,-3.851123482182277,1.2743779535266586,-0.7619438480110748,0.5966730504891242,0.5975916027070124,True,7.725524454610787e-05,0.0006111775022561586,0.0024871196338316246,0.0016801137797184784,740,,`gtol` termination condition is satisfied.,0.0958904109589041,2.7616438356164386,-0.2961511192935292,0.1978597811287992
3360,-3.846792590294236,1.2650136906787828,-0.7487123420796834,0.5907253387949584,0.6046542751099723,True,7.491360441277304e-05,0.0006527841515883278,0.00265783898590244,0.001740862178573909,744,,`gtol` termination condition is satisfied.,0.0876712328767123,2.7534246575342465,-0.299913485838308,0.1990776802806798
3361,-3.835386982034266,1.2309474469421309,-0.7589094390334931,0.595064751566156,0.600540892227812,True,8.822418291761308e-05,0.0007499235671975848,0.0027714318778431497,0.0017871859181901061,738,,`gtol` termination condition is satisfied.,0.084931506849315,2.750684931506849,-0.2985388818713495,0.1959299702577207
3362,-3.8131362138009246,1.24418496882854,-0.7568290753153966,0.5854402143525033,0.6065295079595768,True,7.49517442168577e-05,0.0005974683435794587,0.003060596866436465,0.0018784725372105828,748,,`gtol` termination condition is satisfied.,0.0821917808219178,2.747945205479452,-0.2980602401466751,0.1781903558473831
3363,-3.847428130179798,1.26847002054789,-0.7482937611445551,0.604150285576088,0.6007235104497451,True,0.00010419123808567449,0.000688464494142328,0.0033156450207602224,0.0020245033684477714,751,,`ftol` termination condition is satisfied.,0.0794520547945205,2.745205479452055,-0.2995436728827416,0.1942867353106225
3364,-3.728843963343351,1.1975808712943374,-0.7888561578066238,0.551499374029237,0.6143700635069648,True,0.00010917972319714856,0.0006248457909344234,0.004698557048379786,0.00262085926762132,777,,`ftol` termination condition is satisfied.,0.0767123287671232,2.7424657534246575,-0.2985982359675059,0.1848507131448727
3367,-3.7193444374429396,1.1959894440568644,-0.7921663262873064,0.5580358308952115,0.6090189158093282,True,0.00013047184869307746,0.0007439808782020704,0.005198154122230557,0.00286184903848053,769,,`ftol` termination condition is satisfied.,0.0684931506849315,2.734246575342466,-0.2982860812098676,0.1867445630819185
3368,-3.767915699950182,1.2377349698859146,-0.8034825317968182,0.5384291854025877,0.615619053958502,True,0.0001873374014864497,0.000845098780857836,0.0047209315451680915,0.0028314214508844498,746,,`ftol` termination condition is satisfied.,0.0657534246575342,2.7315068493150685,-0.291518789454217,0.1809297968434601
3369,-3.730447068634879,1.2188735884016326,-0.7969048311496575,0.5534724459356604,0.6109308408280005,True,0.00011085232283436665,0.0006426052705409645,0.0046320617030255655,0.0026008874188380897,758,,`ftol` termination condition is satisfied.,0.0630136986301369,2.728767123287671,-0.298444240838908,0.1860144162680305
3370,-3.7557722315048783,1.2397011214212839,-0.7945860521288663,0.5602638425913068,0.6113642644809664,True,9.77153440073435e-05,0.0005894375636611731,0.003807366389677227,0.0022892784301404017,744,,`ftol` termination condition is satisfied.,0.0602739726027397,2.7260273972602738,-0.2995861427033365,0.1816965097070516
3371,-3.8003944287460474,1.2644347105770852,-0.795084919765784,0.5502989240443965,0.6159820173131442,True,0.00012164136773560675,0.0006864283133546542,0.00409508550984944,0.0025034248844646666,735,,`ftol` termination condition is satisfied.,0.0575342465753424,2.723287671232877,-0.2983604234628202,0.1748560798993793
3374,-3.849952198652,1.287598974111156,-0.761934571391768,0.5733695994727093,0.6162220048104408,True,9.330717327488017e-05,0.0006010182274261701,0.003971748373536794,0.0023799653918071192,719,,`ftol` termination condition is satisfied.,0.0493150684931506,2.7150684931506848,-0.2973310569935234,0.192063373379202
3375,-3.841005745614008,1.287528033259755,-0.7600229017587912,0.592992239116648,0.6102387726882073,True,8.604750227079747e-05,0.000644389021552255,0.0037278423212507785,0.002240540885622211,718,,`ftol` termination condition is satisfied.,0.0465753424657534,2.712328767123288,-0.2991054007841788,0.193634086762206
3376,-3.853014024846041,1.2976232386390736,-0.7591146711915044,0.5745215795623009,0.6189527323804908,True,9.718121527419206e-05,0.0006275975330256204,0.00420051481168041,0.002448805982507917,717,,`ftol` termination condition is satisfied.,0.0438356164383561,2.7095890410958905,-0.2985137909894811,0.1887813353663154
3377,-3.8523927672596767,1.2952615904946108,-0.7646485377430916,0.5714415026032338,0.6191225634276771,True,9.454822040065301e-05,0.0006430280740238437,0.0038692519045883346,0.002277271296494046,713,,`ftol` termination condition is satisfied.,0.0410958904109589,2.706849315068493,-0.2994176258580074,0.187877500497789
3378,-3.891535665868749,1.3170248916080292,-0.7501215955788247,0.5678924765331409,0.6277848105920186,True,7.744385033222316e-05,0.0005967078137917926,0.003428030144245439,0.002076841667428995,697,,`ftol` termination condition is satisfied.,0.1150684931506849,2.704109589041096,-0.2991132257079851,0.182763201293705
3381,-3.8880531422910356,1.308493781323766,-0.7460246565582346,0.5655172395615139,0.6292865166938293,True,7.424535210756968e-05,0.0005873390170369594,0.0033978687530051743,0.0020109146497488037,693,,`ftol` termination condition is satisfied.,0.1068493150684931,2.695890410958904,-0.2961978284536427,0.1821240709189629
3382,-3.8398212741645934,1.2841407075340663,-0.7516909889247624,0.5564581243602141,0.6322365573203732,True,8.250796845901818e-05,0.0005862417220126396,0.003767998872582096,0.0021910645201768434,705,,`ftol` termination condition is satisfied.,0.1041095890410958,2.6931506849315068,-0.2993031804400944,0.1879919459157021
3383,-3.8744789785467684,1.2981872871004967,-0.7465781972990276,0.5662622501794639,0.6279273496079602,True,7.602382487481102e-05,0.0006032402608795403,0.003361352908130977,0.0020128335203516423,698,,`ftol` termination condition is satisfied.,0.1013698630136986,2.6904109589041094,-0.2974083876148438,0.183571168768344
3384,-3.866290152548856,1.298774740279475,-0.7516346317370263,0.5811631792595344,0.6177764085856561,True,6.75316218651357e-05,0.0005665716777196317,0.003079124751258539,0.0018801689947939779,690,,`ftol` termination condition is satisfied.,0.0986301369863013,2.6876712328767125,-0.2969966122202608,0.1844657069558151
3385,-3.9007348378212767,1.3230209020745456,-0.740178901463855,0.5893335014277716,0.6160754045535605,True,6.548736488591153e-05,0.0005617402018167662,0.0029938428886930805,0.0018678305536572251,682,,`gtol` termination condition is satisfied.,0.0958904109589041,2.684931506849315,-0.2990379053659623,0.197645846328462
3388,-3.887519474962814,1.3114259432229767,-0.7486478048918334,0.6009425460345567,0.6101888126250364,True,6.582172853564421e-05,0.0005629121170152086,0.002795310644848366,0.0017751314099532273,677,,`gtol` termination condition is satisfied.,0.0876712328767123,2.6767123287671235,-0.2980467782894707,0.1986840447507975
3389,-3.8963457564105064,1.3187175526984283,-0.7511848753422705,0.5944712083075151,0.6132479619516168,True,6.232671967727395e-05,0.0005266133562120995,0.002827314587240995,0.001792525101553423,673,,`gtol` termination condition is satisfied.,0.084931506849315,2.673972602739726,-0.2989461101111311,0.1976715117166352
3390,-3.872915142388926,1.3089205410951241,-0.7567224001726425,0.5851219022418291,0.6155326920596458,True,6.166041347397976e-05,0.0005320490608348221,0.0028947381136964446,0.0017908955317025132,675,,`gtol` termination condition is satisfied.,0.0821917808219178,2.671232876712329,-0.2974963224820366,0.180734081399375
3391,-3.8898750375985376,1.3170429205972034,-0.7560623761613274,0.5830081357959669,0.6188622894350089,True,5.714655025092416e-05,0.0005119553523244386,0.0030937174702951745,0.0018482866922200347,673,,`gtol` termination condition is satisfied.,0.0794520547945205,2.668493150684931,-0.298392479258892,0.1984500444938804
3395,-3.8893467638396215,1.3155630510712963,-0.7596773148912126,0.5711248951642217,0.6277070337627625,True,5.878706448730732e-05,0.0004974402396100331,0.003010527895246962,0.001802878157732088,717,,`gtol` termination condition is satisfied.,0.0684931506849315,2.6575342465753424,-0.2990935351154195,0.1978680377128471
3396,-3.922129450624213,1.33266791519742,-0.7399877504174509,0.5919523625175722,0.6245837088305013,True,5.75606414600532e-05,0.0004726681598122807,0.003026309439860687,0.0017928268195672472,715,,`gtol` termination condition is satisfied.,0.0657534246575342,2.654794520547945,-0.2989478016737555,0.1935286834240385
3397,-3.8866845062658664,1.3105394660390948,-0.7512154446208976,0.5793614581731927,0.6276803128444319,True,5.590048836468294e-05,0.0004680773567744182,0.002996018525497908,0.0017842247305848073,717,,`ftol` termination condition is satisfied.,0.0630136986301369,2.652054794520548,-0.2990872408576676,0.1969207790507263
3398,-3.8725353159427747,1.2967359446380313,-0.7538634553675759,0.5746938895426259,0.628565613916465,True,6.718625193186402e-05,0.0005351549055338447,0.0029226720268065395,0.001795420018604774,720,,`ftol` termination condition is satisfied.,0.0602739726027397,2.649315068493151,-0.2983265086043783,0.1979088376639634
3399,-3.8981674718056563,1.3069382317440243,-0.7436582626016612,0.5961516681844273,0.6222044608159832,True,6.0261160616693425e-05,0.00049747432040727,0.002901093182201251,0.0017537748237358174,715,,`ftol` termination condition is satisfied.,0.0575342465753424,2.6465753424657534,-0.2994100778079592,0.193066407289835
3402,-3.874688682672044,1.2943360648758082,-0.7527087849344756,0.603652899885134,0.6180592555384853,True,7.176135649086841e-05,0.0005598104260152995,0.003110360429507553,0.0018536083013370164,709,,`ftol` termination condition is satisfied.,0.0493150684931506,2.638356164383562,-0.2998038254328792,0.1926726596649148
3403,-3.8754332170526773,1.2939941285300707,-0.7526614685792723,0.6055689407360302,0.6165480395795979,True,8.043724129316197e-05,0.000621112568535742,0.002859338724447939,0.001807054546208364,699,,`ftol` termination condition is satisfied.,0.0465753424657534,2.6356164383561644,-0.2992040630853424,0.1899988558172649
3404,-3.812006348641587,1.2546293475807566,-0.7668290747985547,0.5831499721211975,0.6225326839958217,True,8.431522897984676e-05,0.0006539592908550893,0.0034039534379581757,0.0019115546954137507,719,,`ftol` termination condition is satisfied.,0.0438356164383561,2.632876712328767,-0.2975612749496843,0.1990393291639308
3405,-3.8230531171337914,1.2530208289642757,-0.7733252282050145,0.5712668424419903,0.6235690524885732,True,8.846756139434038e-05,0.0006636709568296316,0.0032974171474849504,0.0019138915006308942,716,,`gtol` termination condition is satisfied.,0.0410958904109589,2.6301369863013697,-0.2997282257613067,0.1958648830351248
3406,-3.8782477954613066,1.2978611962044297,-0.7501689475794772,0.5656179072882563,0.6356398420756364,True,7.923781296608748e-05,0.0006559458681679679,0.0030943902559793573,0.0019499648009919073,690,,`ftol` termination condition is satisfied.,0.1342465753424657,2.627397260273973,-0.2985090239747199,0.1899460190801092
3409,-3.817243562512885,1.260802548398434,-0.7671892551400804,0.55746356872402,0.6367704722985351,True,9.7307220293266e-05,0.0007204622549676538,0.0035360744013731875,0.002098282238479545,710,,`ftol` termination condition is satisfied.,0.1260273972602739,2.6191780821917807,-0.2967768751318134,0.1956996099659806
3410,-3.6808759404886375,1.189167743729152,-0.8245913858626052,0.509550317674708,0.6408547465824006,True,0.00019912178678198176,0.0008691002566616929,0.007126019675188781,0.004018254544871204,738,,`ftol` termination condition is satisfied.,0.1232876712328767,2.6164383561643834,-0.2961679769633858,0.1847440504428204
3411,-3.700237337453198,1.1899515188343024,-0.8234190307391329,0.49801166321126,0.649890273163999,True,0.00018664200741392824,0.0008158719162064642,0.00738157976295635,0.00405318800325656,734,,`ftol` termination condition is satisfied.,0.1205479452054794,2.6136986301369864,-0.2999194739048507,0.1862305228900242
3412,-3.6950069470855937,1.1809899836319726,-0.8392961278684278,0.47569667823826367,0.6488924314052118,True,0.00018581248588660335,0.000843694507341983,0.007106859801965335,0.0038424002345819807,730,,`ftol` termination condition is satisfied.,0.1178082191780822,2.610958904109589,-0.2975348130278002,0.1897603133279963
3413,-3.7739996570985266,1.2230180779312818,-0.7971098544051016,0.5085281444040072,0.6416031379794502,True,0.00010753089453467949,0.0007225703374449404,0.004581918218392685,0.0026510833108485806,709,,`ftol` termination condition is satisfied.,0.1150684931506849,2.6082191780821917,-0.2998059325369641,0.1861975660677901
3416,-3.605643649363781,1.1126902624127495,-0.8615500587277538,0.4660460258976415,0.6386692578777929,True,0.00024887412460585184,0.0009036737116777562,0.008089563348593105,0.004349995331065655,741,,`ftol` termination condition is satisfied.,0.1068493150684931,2.6,-0.2981299631388412,0.1868375342697921
3417,-3.6853165119907576,1.1580952910695188,-0.8433783226925573,0.48100891245153005,0.636969387142317,True,0.00014931354709678426,0.0007264225135923185,0.006286806672103351,0.0034197159754913867,719,,`ftol` termination condition is satisfied.,0.1041095890410958,2.5972602739726027,-0.2981799840660535,0.1749523130604525
3418,-3.7311092793212612,1.1847628346673194,-0.8247522808174634,0.49986417553606755,0.6329195923668081,True,0.00012072059730395063,0.0006892762239360723,0.0051296249246835565,0.0028984812245913,703,,`ftol` termination condition is satisfied.,0.1013698630136986,2.594520547945206,-0.2995185616839786,0.1978491972896031
3419,-3.7836640767013856,1.2104909352253779,-0.7999527992470918,0.5008291591157836,0.6369365367039481,True,0.00012712777405273097,0.0007818226067674692,0.004468820955378404,0.002635549640175464,695,,`ftol` termination condition is satisfied.,0.0986301369863013,2.591780821917808,-0.2984420225087796,0.1888531038470169
3420,-3.7548777937029243,1.187999232560524,-0.8180988635995924,0.4940998633833343,0.6380636838316743,True,0.0001104790749638984,0.0007115690540484273,0.004400752165865189,0.002550280989832112,694,,`ftol` termination condition is satisfied.,0.0958904109589041,2.589041095890411,-0.2942751784303258,0.1949882032396878
3423,-3.724221093839301,1.1663415316667818,-0.8275473383401906,0.5073243261794025,0.6238927830958741,True,0.00013000231098993047,0.0006930951041933986,0.00484161070130478,0.002815036263267388,760,,`gtol` termination condition is satisfied.,0.0876712328767123,2.580821917808219,-0.2997094610070474,0.1992817051119404
3424,-3.7856907781647737,1.1981031126741835,-0.8006217774317032,0.5203279180075576,0.6251793360367064,True,0.00010374265252749844,0.0006171486612424589,0.004216028909553456,0.002508744575402515,740,,`ftol` termination condition is satisfied.,0.084931506849315,2.578082191780822,-0.2969145476320783,0.1929526553347579
3425,-3.7817631519097925,1.1957890437229384,-0.802096868006802,0.5027558269467755,0.633270218649482,True,0.00010051644666665514,0.0006018015761986033,0.0038053051200107623,0.0023629431968170086,736,,`gtol` termination condition is satisfied.,0.0821917808219178,2.5753424657534247,-0.2925971672836858,0.1966154440173695
3426,-3.683935653953832,1.135501919475998,-0.8303814186323174,0.4999974940847365,0.619839032923171,True,0.00012860167455015157,0.0006685680844280374,0.004654721463955435,0.0027272541491225387,759,,`ftol` termination condition is satisfied.,0.0794520547945205,2.5726027397260274,-0.2992428535047616,0.1829789481011602
3427,-3.708513081899563,1.1570778684802292,-0.8191452936237049,0.5048620837025957,0.6199031662473938,True,0.00010369625763660635,0.0006249868093812026,0.003906880872059873,0.0024074632698321444,744,,`gtol` termination condition is satisfied.,0.0767123287671232,2.56986301369863,-0.2931610653575787,0.1781741097125551
3431,-3.6501568875933965,1.1203556089086106,-0.8332911522877479,0.4924239721079895,0.6172858092442771,True,0.00012525171897929643,0.0006392480838463243,0.004737560159003054,0.0027077879075517344,750,,`ftol` termination condition is satisfied.,0.0657534246575342,2.558904109589041,-0.2939350224556645,0.1882483428138303
3432,-3.606245981858235,1.0957585225605193,-0.8643910362289648,0.4851495841234393,0.605665712338429,True,0.00013385903998030786,0.0006929632384455241,0.004570795668489186,0.0026661635478367617,746,,`ftol` termination condition is satisfied.,0.0630136986301369,2.5561643835616437,-0.2965791572911144,0.1981168246526174
3433,-3.6270338366934145,1.1041038090061075,-0.8209290327237785,0.49698271241896225,0.6113232153501788,True,0.0001310872729046556,0.0007051938031627723,0.004433534382088653,0.0026530293911077663,754,,`ftol` termination condition is satisfied.,0.0602739726027397,2.5534246575342467,-0.2998798570804634,0.1942500470087028
3434,-3.560502370548763,1.0689434181978985,-0.8470967600367887,0.48589016699871956,0.601427347730978,True,0.0001497296659898269,0.0007267788524339409,0.004527351917628652,0.002681016096764906,756,,`ftol` termination condition is satisfied.,0.0575342465753424,2.5506849315068494,-0.29708854541031,0.1967075927075568
3437,-3.5671127773775644,1.0687597262192932,-0.8431370898530728,0.4941093285695574,0.5974866436754157,True,0.00014549161536143589,0.0007176596220546044,0.004807210141094413,0.002730398279247698,745,,`ftol` termination condition is satisfied.,0.0493150684931506,2.5424657534246577,-0.2954749418334443,0.1975389497641083
3438,-3.659000018516199,1.1178127255226504,-0.8118399563042393,0.5058279426144695,0.6073496219838217,True,0.0001064795838741495,0.0005950055972304074,0.004573735843827745,0.0025890421168687653,729,,`gtol` termination condition is satisfied.,0.0465753424657534,2.5397260273972604,-0.291783680986972,0.1934261937693244
3439,-3.6913115516336097,1.1345951992715457,-0.8006747829982721,0.49786912820398366,0.6169863660510762,True,0.00010583096489247098,0.0006560883352390665,0.0038507436928631325,0.0024336402240154645,717,,`ftol` termination condition is satisfied.,0.0438356164383561,2.536986301369863,-0.2990793019753799,0.1863695386052341
3440,-3.7200590897286756,1.151150486172882,-0.7948070164057464,0.5118848269789312,0.6165499366592719,True,9.863166863965475e-05,0.0005874812176838469,0.0040923808564064966,0.0024379450763884333,713,,`ftol` termination condition is satisfied.,0.0410958904109589,2.5342465753424657,-0.2942160988301299,0.1779079333201356
3441,-3.7201217736313628,1.1538881485470225,-0.7711886293149667,0.5044883168841865,0.6320204667363606,True,9.921516934493589e-05,0.0006220620158967066,0.0038525643409092598,0.002365305702233193,706,,`ftol` termination condition is satisfied.,0.1150684931506849,2.5315068493150683,-0.2925734288315014,0.1963210941486624
3444,-3.7392467082673577,1.1704504200420118,-0.757979715390606,0.5169333176932251,0.6290704241554483,True,0.0001021928458153651,0.0006463514093900623,0.004146490635952472,0.0024459824024937,698,,`ftol` termination condition is satisfied.,0.1068493150684931,2.5232876712328767,-0.2982037131790095,0.1900856812241868
3445,-3.7149815374834985,1.1670481383199895,-0.7710019736672047,0.5027285231771642,0.6345562986030072,True,9.38166872026409e-05,0.000595458477646216,0.0039322355755413456,0.0023559394243211663,693,,`gtol` termination condition is satisfied.,0.1041095890410958,2.5205479452054793,-0.2974234526819164,0.1911299094760583
3446,-3.716132059445301,1.1694166093532954,-0.7716087081199859,0.4998324387916258,0.635856492938173,True,9.417752117772652e-05,0.0006046157807014964,0.0040094801989785656,0.002412183544973992,692,,`gtol` termination condition is satisfied.,0.1013698630136986,2.5178082191780824,-0.2951229652193428,0.194369448783341
3447,-3.7355178643779037,1.1698004480614574,-0.764891257410155,0.49072692833130777,0.6406647577809969,True,9.058482206858584e-05,0.0005953876861179364,0.0042002192443413,0.0024521149010548002,690,,`gtol` termination condition is satisfied.,0.0986301369863013,2.515068493150685,-0.299332142812905,0.1910023018853766
3448,-3.741357091261864,1.170434289316942,-0.7656636247545185,0.49772700043718665,0.6346096849125047,True,9.016182437669036e-05,0.0005746342259026657,0.003627908745889612,0.002288001082996502,685,,`ftol` termination condition is satisfied.,0.0958904109589041,2.5123287671232877,-0.2979619218688722,0.192626018824394
3451,-3.742496049781446,1.1668017660326087,-0.7588075242821464,0.5135344621369694,0.6298914911608154,True,8.429372501958517e-05,0.0005701134829074012,0.003545540669786089,0.002224698534780834,679,,`gtol` termination condition is satisfied.,0.0876712328767123,2.504109589041096,-0.298838067108815,0.1911765030905497
3452,-3.7623058901383266,1.1847314087278438,-0.7423179355701616,0.5190612766691007,0.6339917348027856,True,8.567541949158723e-05,0.0005954074370664727,0.0037680062467648425,0.0023270579376518134,671,,`gtol` termination condition is satisfied.,0.084931506849315,2.5013698630136987,-0.2978625463014563,0.180666144523525
3453,-3.785351583778462,1.2031458335227816,-0.7286234588208067,0.5435048584251385,0.6265477655681605,True,8.934460794915813e-05,0.0005461611585642531,0.0032135662699162046,0.0020570976650467546,760,,`ftol` termination condition is satisfied.,0.0821917808219178,2.4986301369863013,-0.2990497111024572,0.1914884735949551
3454,-3.809466569775327,1.2130518815577085,-0.7219591805265274,0.5327764247829904,0.6336961511100221,True,0.00011000293392846128,0.0006143035272975685,0.0038620746638728417,0.0023718044942913144,760,,`ftol` termination condition is satisfied.,0.0794520547945205,2.495890410958904,-0.2969757121662599,0.1991522839974841
3455,-3.763581392722835,1.185085352371457,-0.7379761637820346,0.5179861762091585,0.637453387016295,True,0.00012165230196935,0.0006434465796660595,0.004210227903927785,0.00253876528291061,764,,`ftol` termination condition is satisfied.,0.0767123287671232,2.493150684931507,-0.293801604645346,0.1998879190252663
3458,-3.7746487808307845,1.1951066428044,-0.7484854917692253,0.5099938122368327,0.640915065333573,True,0.00013992282587838283,0.0006683832347002045,0.00410182575165337,0.002380965914581734,851,,`ftol` termination condition is satisfied.,0.0684931506849315,2.484931506849315,-0.2940359500034314,0.1999867641876994
3459,-3.719795776127736,1.1630373794370397,-0.7754507641878224,0.48930263067947566,0.6442161562211682,True,0.00014449879976474153,0.0006805126291815894,0.004495641530905723,0.0024893831214514942,861,,`ftol` termination condition is satisfied.,0.0657534246575342,2.4821917808219176,-0.295210282359838,0.1955186446413601
3460,-3.718206032051289,1.1661929778879623,-0.7812671588074052,0.48262675826430335,0.6470642045276367,True,0.0001365313234858089,0.0006902541474370159,0.004302468455831512,0.002360634500432582,853,,`ftol` termination condition is satisfied.,0.0630136986301369,2.4794520547945207,-0.2943893300158713,0.1960771694682407
3461,-3.7429219167925436,1.1859250264669245,-0.7756168246635731,0.4797704313302908,0.6494456194965712,True,0.00014441884833129556,0.0007175091755152197,0.004092360652762457,0.0023407022956554754,848,,`ftol` termination condition is satisfied.,0.0602739726027397,2.4767123287671233,-0.2988276140484648,0.1915651701870466
3462,-3.7858692123629116,1.2143762843113206,-0.7745907414713807,0.47633616092117337,0.6504222584982997,True,0.00014277989132975894,0.0006981187711177912,0.0038488539841869023,0.0022233860807908475,832,,`gtol` termination condition is satisfied.,0.0575342465753424,2.473972602739726,-0.2955275015050391,0.1997068707607681
3465,-3.8399368983660795,1.24933141986352,-0.7746310622013768,0.4837230759012704,0.649028893193464,True,0.00013579024644785006,0.0006904356448080548,0.003154267651229529,0.0020259780979144664,811,,`gtol` termination condition is satisfied.,0.0493150684931506,2.4657534246575343,-0.2998073419111453,0.1949686139667355
3466,-3.88146069369353,1.2745880458268697,-0.7738339535810657,0.49709092707500685,0.6419165877897345,True,0.0001524147709377804,0.0007602274309469181,0.002714267751942368,0.0018499023747422564,793,,`gtol` termination condition is satisfied.,0.0465753424657534,2.463013698630137,-0.2933736593967673,0.1908476207953341
3467,-3.906675546000505,1.2811560627464653,-0.7913997097213162,0.4894124838559746,0.6410548248827191,True,0.00014912596139786145,0.0007188079889613921,0.002960324785544628,0.0019773993920949224,794,,`ftol` termination condition is satisfied.,0.0438356164383561,2.4602739726027396,-0.2997562057551177,0.1838201280545741
3469,-3.9021022112943173,1.2865241709775603,-0.7753759680356898,0.4481770304634632,0.6717299058191746,True,0.00010788736159835746,0.0006221431895267097,0.003298888222369267,0.001999388573407289,792,,`ftol` termination condition is satisfied.,0.1150684931506849,2.4547945205479453,-0.2977634910919673,0.1849118065732915
3472,-3.861336947483656,1.266695772264762,-0.7710184882880959,0.44035616979380804,0.6770766107957505,True,0.00011981820869320745,0.0006626477962633579,0.0035594139734892545,0.0021520973586278943,793,,`ftol` termination condition is satisfied.,0.1068493150684931,2.4465753424657533,-0.2939458534512349,0.1883564822148702
3473,-3.8574543522527076,1.2751508470886241,-0.7734696067313883,0.42972211037819796,0.6848032146953982,True,0.00012619836459104927,0.0006977858507404743,0.004015643755510729,0.0023685263531583113,796,,`ftol` termination condition is satisfied.,0.1041095890410958,2.4438356164383563,-0.29560957485804,0.1861727710002296
3474,-3.88385167686814,1.2817347585325656,-0.7580343692287096,0.44584163512449676,0.6786667473421517,True,0.00012573774824531494,0.0006938061197998137,0.003647026633744428,0.002232411693815309,788,,`ftol` termination condition is satisfied.,0.1013698630136986,2.441095890410959,-0.2999815244563185,0.1821074599088278
3475,-3.8920796322723072,1.2893395422248466,-0.7553564590843935,0.46278470134074096,0.6718796755325682,True,0.00010484719995194122,0.0006587957879463767,0.0033712038664239557,0.0020777066539549322,777,,`ftol` termination condition is satisfied.,0.0986301369863013,2.4383561643835616,-0.2914617782703546,0.1923351731077168
3476,-3.8922579548893257,1.2912586018610328,-0.7536508286429942,0.46580749347200584,0.6699906550858957,True,0.00011086693736685318,0.0006766282521603126,0.003263626501814727,0.0020394808137560345,777,,`ftol` termination condition is satisfied.,0.0958904109589041,2.4356164383561643,-0.2951101706998816,0.1886867806781897
3479,-3.870882321350012,1.2813836895064927,-0.7552793051622594,0.4738989378461985,0.6657509300817254,True,0.00010503156150190741,0.0006525441977475522,0.0032266090987038147,0.0020158724773101052,772,,`ftol` termination condition is satisfied.,0.0876712328767123,2.4273972602739726,-0.2959812990077507,0.1878156523703207
3480,-3.8574046190748392,1.2708807115885195,-0.7507034058100499,0.4830735307303661,0.6631639694917628,True,9.990480943741882e-05,0.0006151063314351145,0.003254346970102877,0.0020534323504284523,797,,`ftol` termination condition is satisfied.,0.084931506849315,2.4246575342465753,-0.2926260847841572,0.1911708665939141
3481,-3.8063777348436783,1.240397671485296,-0.7699047752743334,0.4633994179192182,0.6690327371942799,True,0.00010294711130095396,0.0006092291130457416,0.003121636357466033,0.0020159095446658656,805,,`gtol` termination condition is satisfied.,0.0821917808219178,2.421917808219178,-0.2963402899997751,0.1859486965841927
3482,-3.8214585686777447,1.2498172424474683,-0.7782220315190496,0.4576958037610284,0.6680747271965062,True,9.350689226874729e-05,0.0005908730253947334,0.003188515307497559,0.001996736734259291,794,,`ftol` termination condition is satisfied.,0.0794520547945205,2.419178082191781,-0.2996574178608538,0.1949627121245919
3483,-3.7821619296060542,1.2189603928527792,-0.7908351352526765,0.46304010841314236,0.6587786112747614,True,0.00012464557862246255,0.0006747162881046347,0.003249950308403872,0.0021388307473922444,805,,`ftol` termination condition is satisfied.,0.0767123287671232,2.4164383561643836,-0.2935639714407742,0.1892095981661403
3486,-3.81678567729177,1.2320143745311816,-0.7877317635019754,0.45304057722496244,0.6660615965480733,True,0.000138616318177137,0.0007513478087016382,0.003505376467164795,0.0022702110650969325,788,,`ftol` termination condition is satisfied.,0.0684931506849315,2.408219178082192,-0.2977489933924465,0.185069660577493
3487,-3.8561912712096915,1.255076320409253,-0.7730150344969456,0.47245927435819524,0.6590429966870522,True,0.00010687592210328762,0.0006015872943465268,0.0033711898301640635,0.002100420150046478,776,,`ftol` termination condition is satisfied.,0.0657534246575342,2.405479452054794,-0.2932579649781113,0.19053898639996
3488,-3.878306795738693,1.2672769014845175,-0.7587308698500744,0.4880018838552097,0.6528519334594122,True,0.00011159964770061928,0.0005913069931078182,0.0032649588446248515,0.002068502225190749,774,,`ftol` termination condition is satisfied.,0.0630136986301369,2.4027397260273973,-0.2976732563841855,0.1999181341517558
3489,-3.8446295157000794,1.2466792947194378,-0.7781876287235178,0.4801584209538621,0.6550410760527123,True,0.00011189931794463418,0.0005895531192252279,0.0032478770934886375,0.0020691964113344224,769,,`ftol` termination condition is satisfied.,0.0602739726027397,2.4,-0.2926143079202871,0.1783264546346245
3490,-3.875082316164196,1.2627673999645497,-0.7683905559143698,0.5017294635651943,0.6467509164951236,True,0.0001295561299067834,0.0006224074280864112,0.0031736848998999726,0.0020419256415467094,775,,`ftol` termination condition is satisfied.,0.0575342465753424,2.3972602739726026,-0.2989905972053851,0.1989481956754207
3493,-3.8612205107568776,1.2504394413966435,-0.7795144206566298,0.5081483087720342,0.6419067411621657,True,0.00012481858979731896,0.0006598202582804928,0.0031474270263429755,0.002046000449974066,766,,`ftol` termination condition is satisfied.,0.0493150684931506,2.389041095890411,-0.2979748522168036,0.1996280633113827
3494,-3.823903001330701,1.2286413648758976,-0.7959512108004514,0.4984830408191195,0.6444417368741266,True,0.00010095090240089331,0.0005989085881964577,0.003347237677720846,0.001981581778939971,764,,`ftol` termination condition is satisfied.,0.0465753424657534,2.3863013698630136,-0.2946449348206954,0.1762305212047434
3495,-3.746922260839381,1.1796806745523218,-0.8078580346438151,0.47621647489299074,0.653165237391065,True,0.00011351924748807299,0.000654124532148836,0.003837822423742877,0.0021965274632006464,782,,`ftol` termination condition is satisfied.,0.0438356164383561,2.3835616438356166,-0.2951150756284416,0.1869813994303064
3496,-3.678984055530271,1.1388786349920896,-0.8435168664661045,0.4445509270211854,0.6610200294479535,True,0.00014707466269134515,0.0007014554578616397,0.005266954354169905,0.0027997297279186394,797,,`ftol` termination condition is satisfied.,0.0410958904109589,2.3808219178082193,-0.2956379866013263,0.198874041705915
3497,-3.6814622854824313,1.1271399358983398,-0.8505318506634851,0.4401727224980594,0.6582605962703527,True,0.00013728028055646428,0.0006719953540815485,0.004157436834339252,0.0024617066600302415,782,,`ftol` termination condition is satisfied.,0.1342465753424657,2.378082191780822,-0.2997456138026849,0.1901733251439922
3500,-3.441467053381788,0.9602663194698398,-0.9500000207831297,0.4218831691994371,0.6321655410595247,True,0.0003749877483550974,0.0010707609207529507,0.006802207959659485,0.003918193371452314,819,,`ftol` termination condition is satisfied.,0.1260273972602739,2.3698630136986303,-0.297829172879253,0.1997270036190018
3501,-3.5623245333607922,1.026527810916321,-0.9131810981778694,0.4038225444812723,0.654416259934632,True,0.00015678774038265997,0.0007097086182885998,0.00402810046287598,0.002464508538933646,804,,`ftol` termination condition is satisfied.,0.1232876712328767,2.367123287671233,-0.2985269053141512,0.1980880504637729
3502,-3.563471630523386,1.0380403634918762,-0.9202196457263037,0.4050965912837187,0.654254991252266,True,0.00016567893741371102,0.0006946272243317358,0.0039142474397304595,0.002433889073154021,801,,`ftol` termination condition is satisfied.,0.1205479452054794,2.3643835616438356,-0.2992465925670419,0.1997445735519459
3503,-3.6814294477025737,1.120195735883778,-0.8696181422128111,0.41534134580738935,0.6652168101635465,True,9.554960028706341e-05,0.0005497344303670368,0.003289452428357676,0.00197829713801772,769,,`ftol` termination condition is satisfied.,0.1178082191780822,2.361643835616438,-0.299853362005553,0.1805482633915418
3504,-3.637620187609394,1.0879984884356386,-0.8776043116790923,0.41442289083405337,0.6636835724461227,True,0.00012926934238921848,0.0006461965642495868,0.00391070537603003,0.0023531039277529284,777,,`ftol` termination condition is satisfied.,0.1150684931506849,2.3589041095890413,-0.2945072177589042,0.1871280597348913
3507,-3.5241666212532325,1.0122400266146045,-0.9162089948490151,0.40833399013150073,0.6571984450415895,True,0.000221246400765429,0.000781859721671801,0.00538331292984718,0.0031304075710865556,799,,`ftol` termination condition is satisfied.,0.1068493150684931,2.350684931506849,-0.2992780289320139,0.1997131371869741
3508,-3.6375026545435456,1.0836493180933262,-0.8740779179209729,0.4124136677050998,0.6704651520755365,True,0.00012505098531342114,0.0006576104160196125,0.0034313040369431183,0.0021874022679384195,771,,`ftol` termination condition is satisfied.,0.1041095890410958,2.347945205479452,-0.2992495006000032,0.1813598757423822
3509,-3.4466812108345506,0.9688029152826851,-0.9500000176662449,0.41426214851456905,0.636186499501141,True,0.0002734960486802963,0.0008748612132692218,0.005509162137900389,0.003250710858034688,807,,`ftol` termination condition is satisfied.,0.1013698630136986,2.345205479452055,-0.2998362802773455,0.1989545491484064
3510,-3.4496366984179465,0.9758535680570437,-0.9500000203817153,0.40943019780638046,0.6407993887658434,True,0.0002151694349029834,0.0008560421964100584,0.004523784495170167,0.0028201434450296063,802,,`ftol` termination condition is satisfied.,0.0986301369863013,2.3424657534246576,-0.2988547148022163,0.1975821715116747
3511,-3.5299616654489014,1.0307357051200967,-0.9430375209764009,0.41228497301249883,0.6450673908460484,True,0.0001826636567502859,0.0007784516341889246,0.003653050400929625,0.0024105262131678797,784,,`ftol` termination condition is satisfied.,0.0958904109589041,2.33972602739726,-0.2960882076931541,0.1986043610792056
3514,-3.598007081887972,1.0756420660262893,-0.9201487288623283,0.4230760344355579,0.6476962127900581,True,0.00017241877237771853,0.0007280261417315329,0.003257202350930257,0.0021871943479363077,822,,`ftol` termination condition is satisfied.,0.0876712328767123,2.331506849315069,-0.2959641003130694,0.1860893400062132
3515,-3.547719081917327,1.05740107407149,-0.9394359697462514,0.419332705264521,0.6425225737630393,True,0.00021671119136529245,0.0008324902057595432,0.0034878366257783773,0.0023371243876357307,834,,`ftol` termination condition is satisfied.,0.084931506849315,2.328767123287671,-0.298501044353357,0.1961174654288766
3516,-3.616702693999601,1.1007408144818305,-0.9155285334925827,0.45195424913696336,0.6313876758422661,True,0.0001720492100628646,0.0007567775848049183,0.0032347058972568483,0.002143873702127958,811,,`ftol` termination condition is satisfied.,0.0821917808219178,2.326027397260274,-0.2981127049256398,0.184142760497608
3517,-3.586377668188065,1.0735354883978014,-0.9139549466618222,0.4481602174494407,0.6398504382707921,True,0.00021699541218613027,0.0007893505495248775,0.0033453408179671086,0.002237983005533695,820,,`ftol` termination condition is satisfied.,0.0794520547945205,2.3232876712328765,-0.2956241502189619,0.1855498718732748
3518,-3.4351542011724017,1.0097693988691596,-0.9500000336035459,0.45068720061320156,0.6155964171075766,True,0.00025270829474865076,0.0009753430809129203,0.003289966832682731,0.00238451454003069,844,,`ftol` termination condition is satisfied.,0.0767123287671232,2.3205479452054796,-0.2996987384406518,0.1967381478732391
3521,-3.4698105321113584,1.0298595005827338,-0.9467556390358759,0.44436504484934847,0.6233691802880891,True,0.00021132112389343088,0.0008494196395296906,0.003290556776921923,0.0022535450834603064,835,,`ftol` termination condition is satisfied.,0.0684931506849315,2.3123287671232875,-0.2981610504566879,0.1981989161211416
3522,-3.4201415264562294,1.0091027122199978,-0.9500000160316844,0.45189403488840096,0.6187303799548816,True,0.0002279979000128268,0.0008702190644916364,0.003509780503579943,0.0023885046646476516,843,,`ftol` termination condition is satisfied.,0.0657534246575342,2.3095890410958906,-0.2989886539075704,0.1933644615948696
3523,-3.4602940685175434,1.0394973360446547,-0.9015359441128162,0.4816113815015261,0.6166680737804521,True,0.0001949232018701925,0.0007961641501034352,0.0031881748390435107,0.0021782714376218314,838,,`ftol` termination condition is satisfied.,0.0630136986301369,2.3068493150684932,-0.2996635774913063,0.1993275886276816
3524,-3.52965092268358,1.0787073505718128,-0.8680070203669741,0.49674928789544726,0.6212364680326748,True,0.0001526413161666051,0.0006965055382291947,0.0028350966438419538,0.0018906600871283913,816,,`ftol` termination condition is satisfied.,0.0602739726027397,2.304109589041096,-0.2973793724821397,0.1933955645312897
3525,-3.4950127328057397,1.0613296149402063,-0.8848796418724671,0.47522814778089173,0.6304910013140881,True,0.00018068231501101889,0.0008031705033123101,0.0028980258475043742,0.0019402683454451846,818,,`ftol` termination condition is satisfied.,0.0575342465753424,2.3013698630136985,-0.2995639102895784,0.1954264115345017
3529,-3.445604317143143,1.0389580813961237,-0.9055323677935259,0.4861934641173987,0.6207178715347768,True,0.000205412547317187,0.000835056223564247,0.0030048824265891437,0.0020703662763257385,820,,`ftol` termination condition is satisfied.,0.0465753424657534,2.2904109589041095,-0.2987414246311989,0.1945507412659932
3530,-3.5195323898463373,1.0869462272612056,-0.8783026606306691,0.5101809127385181,0.6152974936591653,True,0.00015918248106115094,0.0007171485104894229,0.0029442649113150545,0.0019520597660500577,798,,`ftol` termination condition is satisfied.,0.0438356164383561,2.287671232876712,-0.2998832938179202,0.1900356451287568
3531,-3.577683674230337,1.1240027296587893,-0.8517818857102426,0.5163837546513546,0.6219086401285606,True,0.00016493057919414372,0.0007186624782782688,0.0032841746125940353,0.0021334303437060484,788,,`ftol` termination condition is satisfied.,0.0410958904109589,2.2849315068493152,-0.2994257339011434,0.1978080632600999
3532,-3.6143550472190267,1.1346670940878287,-0.8520491660627986,0.5060298351516072,0.6313543573356977,True,0.00019336729784771931,0.0007574398226523553,0.00362559622326,0.0024182995536399907,764,,`ftol` termination condition is satisfied.,0.1150684931506849,2.282191780821918,-0.2980014271894614,0.1944750579083327
3535,-3.61167450825464,1.1274685619877884,-0.8500279404573362,0.4969917272211905,0.6371688454648751,True,0.00019868704977453979,0.0007728702134594442,0.0037855568698740493,0.0024904206349253225,760,,`ftol` termination condition is satisfied.,0.1068493150684931,2.2739726027397262,-0.299003290009767,0.1934731950880272
3536,-3.6121695430942706,1.1329230615414316,-0.864042444589989,0.49080540952872825,0.6345091116064457,True,0.00022306670294697123,0.0008406418834804387,0.003940615879579555,0.002599983956673465,751,,`ftol` termination condition is satisfied.,0.1041095890410958,2.271232876712329,-0.2930483664335314,0.1917496691735352
3537,-3.632405267046734,1.150847900901494,-0.8625769118087225,0.4963920727485984,0.6305885018506426,True,0.00020992308005770535,0.0008199922406870695,0.004305028502585011,0.002728629239294906,747,,`ftol` termination condition is satisfied.,0.1013698630136986,2.2684931506849315,-0.2992767885834932,0.183307139836714
3538,-3.6564777327523466,1.167700893584738,-0.8575045271848561,0.5003029176784187,0.6329092447755487,True,0.00018232463012548297,0.0007417440395021491,0.0043059480022541625,0.0026490927756894107,732,,`ftol` termination condition is satisfied.,0.0986301369863013,2.265753424657534,-0.2928134013817436,0.1795213916207309
3539,-3.6506489127371156,1.160344071171913,-0.848949392793225,0.512193468265195,0.6270193094359445,True,0.00021402892282240693,0.0008049269695424767,0.004750842509953207,0.0029031708371101504,732,,`ftol` termination condition is satisfied.,0.0958904109589041,2.263013698630137,-0.291826288859403,0.1788388275323933
3542,-3.6116326283929996,1.1420503610179844,-0.8610469115647087,0.512841160327474,0.62364915586361,True,0.00023150655452639993,0.0008340003596216073,0.004488721798963619,0.0028466185668248934,738,,`ftol` termination condition is satisfied.,0.0876712328767123,2.254794520547945,-0.2999758885272293,0.1827268960327358
3543,-3.5994591668697162,1.1437738370143662,-0.8590398823819404,0.5195410939572357,0.6201297326550566,True,0.00022453975951023064,0.0008227532744501105,0.004721137184051048,0.002886565693859599,732,,`ftol` termination condition is satisfied.,0.084931506849315,2.252054794520548,-0.2913443404539467,0.1807543260534145
3544,-3.5963872170194002,1.1520420592588796,-0.8676581548001279,0.5379788125261508,0.6077530120450343,True,0.0002900802681117965,0.0008959540140527085,0.005259882288745234,0.003307809817654757,732,,`ftol` termination condition is satisfied.,0.0821917808219178,2.249315068493151,-0.2916650215614814,0.1808224892864306
3545,-3.6146664429608912,1.1521185406822374,-0.8601272527023743,0.5409626195751193,0.6069647005754697,True,0.0002357762487365878,0.0008273567677605708,0.004826341266489768,0.003012652691086198,726,,`ftol` termination condition is satisfied.,0.0794520547945205,2.2465753424657535,-0.2912252275083685,0.1810570348468082
3546,-3.5514768495543696,1.1232495504252218,-0.8806346442008225,0.5287409253033598,0.6113998913874025,True,0.00024053174810716882,0.0008315782321718199,0.00427141979426096,0.002783241007325873,735,,`ftol` termination condition is satisfied.,0.0767123287671232,2.243835616438356,-0.2961292118678784,0.1884352587161885
3549,-3.5669535057153907,1.1375159690090906,-0.891477377853842,0.516738164210003,0.6157369796091847,True,0.0003049172108232711,0.0009992319726870604,0.004758610631900375,0.003124509058078153,727,,`ftol` termination condition is satisfied.,0.0684931506849315,2.2356164383561645,-0.2985309564327353,0.1854745600264891
3550,-3.5112951366355687,1.0997848706935427,-0.9213705905857916,0.5227855476682302,0.6049810335677649,True,0.00029154389975067984,0.0009379326139181544,0.00358630404837361,0.0025605779569812734,737,,`ftol` termination condition is satisfied.,0.0657534246575342,2.232876712328767,-0.2997477129425483,0.1957674510400553
3551,-3.540307407369546,1.120924000015428,-0.9074075112145613,0.553980465657312,0.5967906695206061,True,0.0002619925907457015,0.0008856103981364509,0.0037980917352480052,0.0026424184627733124,724,,`ftol` termination condition is satisfied.,0.0630136986301369,2.23013698630137,-0.2948808949372031,0.1888414769674382
3552,-3.5310500266123923,1.114825510344768,-0.9125873899138007,0.5487093373366301,0.5958591042474574,True,0.00027667638248765787,0.0009127291033047718,0.0038206865020042817,0.002670695242427485,722,,`ftol` termination condition is satisfied.,0.0602739726027397,2.2273972602739724,-0.2929030672097506,0.1913511177953706
3553,-3.493002647063824,1.0909210392693993,-0.9184317016621338,0.5442422124031908,0.594558125217416,True,0.0004012513348446151,0.0010429333323626047,0.003354698487048883,0.0025201382707435317,912,,`ftol` termination condition is satisfied.,0.0575342465753424,2.2246575342465755,-0.2983230646771393,0.1973315605659758
3556,-3.5430105109297587,1.1178916961423386,-0.9237689301424062,0.5406823518195775,0.5969659163402434,True,0.000430285754001526,0.0011155620124006303,0.0037428239817191636,0.0028143764253832507,886,,`ftol` termination condition is satisfied.,0.0493150684931506,2.216438356164383,-0.2942138745815866,0.1902589706673539
3557,-3.4538646315899926,1.0615690913252287,-0.9500000304930682,0.5330979048701514,0.5902948924117747,True,0.0004298995957141906,0.0011249673969115333,0.0032462606208310345,0.0024555482126948996,898,,`ftol` termination condition is satisfied.,0.0465753424657534,2.213698630136986,-0.2997218847601438,0.1794886933081457
3558,-3.3676027118381335,1.007726712692375,-0.9500001111500295,0.5492986961421383,0.5721066978437181,True,0.0005479001015934349,0.0012756445803587342,0.003689393174119784,0.0027279243320821097,931,,`ftol` termination condition is satisfied.,0.0438356164383561,2.210958904109589,-0.2996175966156367,0.1993735695033512
3559,-3.410141393561117,1.043914669726168,-0.9500000841879838,0.5689482775090999,0.5674721521049746,True,0.0005485666487198622,0.0012561515765809005,0.0035252112974462164,0.002702199339954219,914,,`ftol` termination condition is satisfied.,0.0410958904109589,2.208219178082192,-0.2972864548076871,0.1921130993858113
3560,-3.4908826617272113,1.0875882012973526,-0.9500000310430535,0.5580436545744104,0.5798216224521952,True,0.0004379237762588467,0.0011489613519842334,0.003403517257359158,0.0026616317483625666,876,,`ftol` termination condition is satisfied.,0.1150684931506849,2.2054794520547945,-0.2976765375339815,0.1780577664207392
3563,-3.477374537001256,1.072304271457658,-0.950000052867459,0.5633489210197464,0.5768907294712534,True,0.00042389034315049,0.0011178369119508552,0.0031111125374375,0.002464094278772718,870,,`ftol` termination condition is satisfied.,0.1068493150684931,2.197260273972603,-0.2992570391393088,0.1821247698382753
3564,-3.3854648078186664,1.0268615567927644,-0.9500000546941294,0.537084507279903,0.5843162964130056,True,0.0004621336587808655,0.0011631256392550106,0.0032428778248897857,0.0024884269941474516,905,,`ftol` termination condition is satisfied.,0.1041095890410958,2.1945205479452055,-0.2950270415306076,0.1987527639510203
3565,-3.435907469743362,1.057918074371216,-0.950000036930707,0.5416318985046458,0.5840522346574131,True,0.00042822246840130236,0.001164436458227132,0.003265250187507099,0.002506961536473589,885,,`ftol` termination condition is satisfied.,0.1013698630136986,2.191780821917808,-0.2990826556036692,0.1882124707521272
3566,-3.4824852719670263,1.0722289366666848,-0.9500000088163345,0.5652874284245206,0.5735295096972951,True,0.0003621432386992965,0.0010442833968128816,0.003392042510179008,0.0025464424054351073,870,,`ftol` termination condition is satisfied.,0.0986301369863013,2.1890410958904107,-0.2998749301977222,0.1785783476204985
3567,-3.5539166588512052,1.113789128404221,-0.9256628474105512,0.5754285624500002,0.577336853531913,True,0.00035220605106085144,0.0010291583800385177,0.0038286361715935157,0.0027825594772015005,853,,`ftol` termination condition is satisfied.,0.0958904109589041,2.186301369863014,-0.2996362502835167,0.195169440924745
3570,-3.581163378771525,1.1191562781149196,-0.9188530128122594,0.5784817789530732,0.5757576629050907,True,0.0004132471123621471,0.0011162101983311554,0.004595549145027428,0.003190424564623511,847,,`ftol` termination condition is satisfied.,0.0876712328767123,2.1780821917808217,-0.2987627426900817,0.1966248618096884
3571,-3.6361655511554645,1.1460093969188818,-0.8809140624896512,0.6122260576661813,0.5737002740547276,True,0.00036882247787760103,0.0010803457454110032,0.004858183911795351,0.0032803800310075852,832,,`ftol` termination condition is satisfied.,0.084931506849315,2.175342465753425,-0.2985240581613028,0.1848315572656793
3572,-3.6244077631009475,1.1535425358369567,-0.8782995390767785,0.6214951638918779,0.5714065475279531,True,0.0003984669780832007,0.001130266849055911,0.004767269370510655,0.003301002071213072,831,,`ftol` termination condition is satisfied.,0.0821917808219178,2.1726027397260275,-0.2961406179624974,0.1876929181158209
3573,-3.629877603204232,1.1580582685961485,-0.8873203659957161,0.6055714189653386,0.5760110452200874,True,0.0004307761038643172,0.0011551970116571845,0.004796069627115416,0.003329039152535393,830,,`ftol` termination condition is satisfied.,0.0794520547945205,2.16986301369863,-0.2983961441386555,0.1852065309498027
3574,-3.594740519152662,1.1609662992753151,-0.8784905443486797,0.615713316103259,0.5733764712810858,True,0.00042693616903697983,0.0011091830070425312,0.004549668589209453,0.003234396936544404,852,,`ftol` termination condition is satisfied.,0.0767123287671232,2.1671232876712327,-0.2948994592035961,0.1889976008367459
3577,-3.6265847131284343,1.1783907568200809,-0.8670917145435914,0.6199843270618708,0.5743397546279028,True,0.00044052593174793146,0.0010704371518519063,0.004795522909710114,0.003342305805576408,901,,`ftol` termination condition is satisfied.,0.0684931506849315,2.158904109589041,-0.2998851246511952,0.1819177037921251
3578,-3.606389313505979,1.166742232955447,-0.8615008543397265,0.6409839042137143,0.5650714195416991,True,0.00041275262706569804,0.0010468654579301755,0.004529222282254643,0.003198815682695663,911,,`ftol` termination condition is satisfied.,0.0657534246575342,2.1561643835616437,-0.2971100272978952,0.1868904837371242
3579,-3.6211861455659746,1.1723240346627368,-0.8683033316878024,0.6143516198772268,0.5730697645018971,True,0.0004485148024231231,0.001134230353061827,0.005075922299541902,0.0035076184098934817,901,,`ftol` termination condition is satisfied.,0.0630136986301369,2.1534246575342464,-0.2999597916937604,0.1831167358370689
3580,-3.619923771959206,1.173285550315176,-0.8512590729512701,0.6086263992234827,0.577144167673245,True,0.0003979241759760368,0.0010473209526606234,0.0051052535862675785,0.0034540922317834372,900,,`ftol` termination condition is satisfied.,0.0602739726027397,2.1506849315068495,-0.2998370846986217,0.1834064562538548
3581,-3.6551010371015993,1.194382044103754,-0.8360785334410563,0.6144398504861882,0.5792967376069913,True,0.0003505058084154156,0.0009616709228343856,0.005413737564587161,0.003451004536822885,883,,`ftol` termination condition is satisfied.,0.0575342465753424,2.147945205479452,-0.2947843114782677,0.1773393819876113
3584,-3.6571375632504464,1.1934872287221416,-0.8045116449268719,0.6167666870271379,0.5894735005807212,True,0.0003793744322003407,0.0010046924402272992,0.005147182160396666,0.0033973361260635783,889,,`ftol` termination condition is satisfied.,0.0493150684931506,2.1397260273972605,-0.299879712016528,0.1986859082199146
3585,-3.645826058277247,1.1901072681157565,-0.8160497963321418,0.6110302698526863,0.5914242158945663,True,0.0003883334945466646,0.001055397451581775,0.005188716031113188,0.003410473034150195,888,,`ftol` termination condition is satisfied.,0.0465753424657534,2.136986301369863,-0.2999953976795287,0.1991144315189841
3586,-3.675832498114914,1.2014236691608144,-0.8133531514542812,0.626632518137432,0.5853323214176207,True,0.0003531077278338678,0.0009975434677628873,0.005260874873647209,0.00341003810086375,870,,`ftol` termination condition is satisfied.,0.0438356164383561,2.1342465753424658,-0.2931488369183282,0.1954757686891092
3587,-3.642298579521344,1.17765869358648,-0.8451090826039421,0.5990631304888474,0.586216467776487,True,0.0003876523715871648,0.0010274122537800342,0.005612097670953134,0.003605622742269866,872,,`ftol` termination condition is satisfied.,0.0410958904109589,2.1315068493150684,-0.2992518517679666,0.1990599963025975
3588,-3.672906089993203,1.1951550009456728,-0.8265298428542517,0.6276783304877416,0.5774738331366994,True,0.00039295497942367567,0.0010285464887211586,0.005637452134050044,0.003664356278324187,861,,`ftol` termination condition is satisfied.,0.1342465753424657,2.128767123287671,-0.2976148743271947,0.1916564271107977
3591,-3.6736254213503274,1.192757724588255,-0.8298120638562484,0.6066433636537012,0.5861562723049734,True,0.00037997056683166633,0.0010265627287067457,0.005458045517776388,0.003544431147791334,854,,`ftol` termination condition is satisfied.,0.1260273972602739,2.1205479452054794,-0.2999951555469786,0.1863576117002864
3592,-3.6513539866992746,1.1796518304927364,-0.8263975325118849,0.6045049103229231,0.5910310844992384,True,0.00040784571801794436,0.0010497734932972448,0.005537187430603561,0.0036035089376943484,859,,`ftol` termination condition is satisfied.,0.1232876712328767,2.117808219178082,-0.2999715080059428,0.18681536519822
3593,-3.6448183468976034,1.1818241876950517,-0.8267020742317434,0.6036272531409423,0.5906198285176874,True,0.0004335719787263501,0.0010741257292411974,0.005961571510150182,0.0038133205207094923,853,,`ftol` termination condition is satisfied.,0.1205479452054794,2.115068493150685,-0.2911846051178786,0.1859000032334119
3594,-3.647385145734836,1.1865361837612187,-0.8329413228514875,0.6006831858528726,0.5901624851049156,True,0.00039058839683182996,0.0010502483224190818,0.005692017026378408,0.0036530914110522814,849,,`ftol` termination condition is satisfied.,0.1178082191780822,2.112328767123288,-0.295019107015622,0.1812884197550571
3595,-3.6511738907125935,1.1882132948320505,-0.8372752622779219,0.59705821939048,0.5894289363885472,True,0.0003949438291724674,0.0010223221424395955,0.006026144044186565,0.0037728696957575573,845,,`ftol` termination condition is satisfied.,0.1150684931506849,2.1095890410958904,-0.2964239027745396,0.1797075967888432
3598,-3.648466561604769,1.182552682948668,-0.8354954488328842,0.6045925333079974,0.5866601383103438,True,0.00037376430774630566,0.0010218897837905889,0.005869278642065689,0.0037285085843981247,840,,`ftol` termination condition is satisfied.,0.1068493150684931,2.1013698630136988,-0.2955687996236413,0.1806729608391066
3599,-3.6535597387232737,1.1910170762502894,-0.8464868048953712,0.5996687412461329,0.5847052765319088,True,0.0003645437582685566,0.001010165920866948,0.005678794545476501,0.00363300922098035,838,,`ftol` termination condition is satisfied.,0.1041095890410958,2.0986301369863014,-0.2962474228525639,0.1796301158642312
3600,-3.6500681443517866,1.192517419077249,-0.8587546144328845,0.5815494537400273,0.590272040612866,True,0.0003384532650392839,0.0010087120829724227,0.005399805655047634,0.003496160226798089,835,,`ftol` termination condition is satisfied.,0.1013698630136986,2.095890410958904,-0.2978293109065063,0.1788979212142211
3601,-3.651844411032897,1.1940991514796655,-0.8641771901906514,0.5779715807849345,0.5925052663672411,True,0.0003478368911405317,0.0010359729203451567,0.005347934055254105,0.0035268838850688483,832,,`ftol` termination condition is satisfied.,0.0986301369863013,2.0931506849315067,-0.2981391161446267,0.1794496445619022
3602,-3.687505095932461,1.2173781987531473,-0.84470918529269,0.6003779204677481,0.5899563165893184,True,0.0003245447652784081,0.0009890543163803807,0.005683108489389701,0.0036153061219732913,820,,`ftol` termination condition is satisfied.,0.0958904109589041,2.0904109589041098,-0.2941586066887353,0.1991534027609288
3605,-3.68379206903756,1.2196389562535765,-0.8537687174768644,0.5708729727744765,0.5977043124096288,True,0.00039786557889661745,0.0011651037630797357,0.0057073346551884795,0.0038024194156546245,818,,`ftol` termination condition is satisfied.,0.0876712328767123,2.0821917808219177,-0.2951951901776176,0.198712596602028
3606,-3.6690907417331347,1.2064368445322122,-0.8465678896028704,0.592998787886316,0.591827128607331,True,0.00032989977932405855,0.000948015858858293,0.005210577548911417,0.003445146644871599,896,,`ftol` termination condition is satisfied.,0.084931506849315,2.0794520547945203,-0.2940896373360422,0.1989767645366193
3607,-3.646831406589418,1.1941444774163734,-0.857758210185435,0.5706196645091844,0.601883329884057,True,0.00038871320328077194,0.0010077696008492976,0.005565629273487572,0.0036779283765496183,889,,`ftol` termination condition is satisfied.,0.0821917808219178,2.0767123287671234,-0.2993583143573894,0.1773329222303072
3608,-3.618707730971046,1.1778748700500974,-0.8768823538728978,0.5515555757760725,0.6058571661091521,True,0.00046090547251476235,0.0010987586998877593,0.006044892275585846,0.0039721689391080004,902,,`ftol` termination condition is satisfied.,0.0794520547945205,2.073972602739726,-0.2998985139217719,0.1785566361445631
3609,-3.6412314518785602,1.1895626427722048,-0.876299248986526,0.5541691179590261,0.603674566603977,True,0.00047269369863293985,0.0011355248167375244,0.0064470057609406555,0.004196803093546003,885,,`ftol` termination condition is satisfied.,0.0767123287671232,2.0712328767123287,-0.2996559879033511,0.1757677088117236
3612,-3.68806508617656,1.212353126404015,-0.8592729801110028,0.5542557333262688,0.6076257896159901,True,0.000446667658695756,0.0010978563399773882,0.005824035426462436,0.003761243778147613,977,,`ftol` termination condition is satisfied.,0.0684931506849315,2.063013698630137,-0.298600398703983,0.1953685762126047
3613,-3.706987763245297,1.2225305601297967,-0.8591206141177307,0.5659683985924813,0.6040450861096945,True,0.0004289448838005038,0.0010669487617706716,0.005885746903771103,0.00377027426541437,963,,`ftol` termination condition is satisfied.,0.0657534246575342,2.0602739726027397,-0.299311410457969,0.1919696172350514
3614,-3.7090444884268527,1.2234171930452762,-0.8677817049308766,0.559847462014643,0.6050347937286653,True,0.0003926518094820247,0.0010386126503267152,0.005569327744749657,0.0035716623229801055,957,,`ftol` termination condition is satisfied.,0.0630136986301369,2.0575342465753423,-0.2949039065130392,0.1880589888630651
3616,-3.6763174830837815,1.2027783205960076,-0.8730121521327027,0.5536677375702792,0.6065774200341819,True,0.0003587722322636027,0.0009777900888147941,0.005050791968401051,0.003330682277800454,976,,`ftol` termination condition is satisfied.,0.0575342465753424,2.052054794520548,-0.2997783046866127,0.1915027230064077
3619,-3.597537130250948,1.1567555168297794,-0.9079678612976149,0.5726282285454382,0.5857254621179833,True,0.0003285126481229021,0.0009900362925108815,0.003767585014529241,0.002834231211572593,986,,`ftol` termination condition is satisfied.,0.0493150684931506,2.043835616438356,-0.2925922680816207,0.1746764889876442
3620,-3.55134073147894,1.1231765817368438,-0.939458959757005,0.5492383000878568,0.5849908538486962,True,0.00033922394797497634,0.000970804977288408,0.0035485223704660217,0.0027068860093808034,1001,,`ftol` termination condition is satisfied.,0.0465753424657534,2.041095890410959,-0.2955714353751917,0.1839630583957596
3621,-3.5949899505111502,1.1542260099192714,-0.9213708918079824,0.5775329598737553,0.576029173171434,True,0.00034844632772430926,0.0010333347767827734,0.003633027763437918,0.002772891458425696,988,,`ftol` termination condition is satisfied.,0.0438356164383561,2.0383561643835617,-0.2988542612177738,0.1765694354973007
3622,-3.608127237341639,1.1511559920491454,-0.8987296795115137,0.5923397822995229,0.5758926174500542,True,0.00031606893337750405,0.000976955671634722,0.0038774345766140112,0.002879786970597423,980,,`ftol` termination condition is satisfied.,0.0410958904109589,2.0356164383561643,-0.2934702552737026,0.1995650023852076
3623,-3.649747742219081,1.1760668805148937,-0.8801127528485572,0.5832827090012938,0.5872460688521448,True,0.0003711095039897797,0.0010376973946377203,0.004418618991142682,0.0031996082308148074,956,,`ftol` termination condition is satisfied.,0.1150684931506849,2.032876712328767,-0.2922698474721842,0.1905680909286881
3626,-3.608688276058212,1.1460974743408305,-0.8803958269634374,0.5847800370040813,0.5895364883855141,True,0.000295931768375533,0.0009462464095272126,0.003652173059413754,0.0027267468939894167,972,,`ftol` termination condition is satisfied.,0.1068493150684931,2.0246575342465754,-0.2992154632709302,0.1944060479086584
3627,-3.6105613209443352,1.1420609002553819,-0.8871765686142509,0.5847242472660309,0.5857568843526842,True,0.0003567299867464251,0.0010847708923776827,0.004117607272444255,0.003065285634977265,971,,`ftol` termination condition is satisfied.,0.1041095890410958,2.021917808219178,-0.2998118193163104,0.1933787300314487
3628,-3.6313497362910008,1.1508772120868023,-0.8647366636046379,0.6035852543937724,0.5815523507367737,True,0.00031943500288883654,0.0009717088610416689,0.00401895903521905,0.0029219853230806328,957,,`ftol` termination condition is satisfied.,0.1013698630136986,2.0191780821917806,-0.2998049118294226,0.1914761158635977
3629,-3.6833996749827698,1.185700930064904,-0.8643114623263648,0.5982275579185113,0.5836079369165122,True,0.000307562332991372,0.0009595428668216993,0.004316105963997138,0.0030271031309957513,937,,`ftol` termination condition is satisfied.,0.0986301369863013,2.0164383561643837,-0.2996482909780992,0.1826376532809123
3630,-3.7203721188789833,1.2150860873263085,-0.8556251766573735,0.6004016661205042,0.5847415732723616,True,0.00038519802480843217,0.0011031292296042534,0.005257672960710921,0.0035122011589988934,920,,`ftol` termination condition is satisfied.,0.0958904109589041,2.0136986301369864,-0.2999123707794713,0.1823329557516538
3633,-3.7603333842400217,1.2239644373449272,-0.8132994534018968,0.6203821854434911,0.5872788043247295,True,0.00041255346345020255,0.0010381677313844955,0.005376189269903507,0.0034523391489752857,1015,,`ftol` termination condition is satisfied.,0.0876712328767123,2.0054794520547947,-0.2977946487062794,0.1996686227893376
3634,-3.749112811521031,1.2173400869241235,-0.8388173464328856,0.6309426933697405,0.5825196975943056,True,0.0003432032332796733,0.0009792034595546243,0.0052049516521277435,0.0033112418387895347,1019,,`ftol` termination condition is satisfied.,0.084931506849315,2.002739726027398,-0.2966200772224559,0.1748250843336007
3635,-3.750560224578882,1.2186430993475441,-0.8394129235494621,0.6284694242155933,0.5800181539605764,True,0.00037751828809734565,0.0011125507058687549,0.004951910289686849,0.0032869347340574637,1023,,`ftol` termination condition is satisfied.,0.0821917808219178,2.0,-0.2979557371399113,0.1992808508511439
3636,-3.7565997763801318,1.2340506707942045,-0.841739367646576,0.6363321317042053,0.5768907802629348,True,0.00031079611090485844,0.000988078384368673,0.0048178361193584335,0.003129604989061457,1002,,`ftol` termination condition is satisfied.,0.0794520547945205,1.9972602739726024,-0.291409156198533,0.1955688689589591
3637,-3.755820348244859,1.2203924466422895,-0.8388071110276462,0.611644223414373,0.5864417437830475,True,0.0003567822642811555,0.0010302099363854718,0.004963551172232198,0.0032061055180503087,1019,,`ftol` termination condition is satisfied.,0.0767123287671232,1.9945205479452055,-0.2960808685441923,0.1906205357088565
3640,-3.7508713912190075,1.2164376040317144,-0.8340355530397235,0.5710003236371339,0.6058893666433831,True,0.0003733958328634826,0.0012693968882274492,0.004654427813158896,0.0029673842819594484,1120,,`ftol` termination condition is satisfied.,0.0684931506849315,2.9835616438356163,-0.2966789596131582,0.1906956431277887
3641,-3.7449327563867807,1.1965730711772908,-0.8360367270546063,0.5969715915027671,0.5915331698267926,True,0.0004376953726951386,0.001390989431185772,0.005013488675718351,0.0032656905490409233,1117,,`ftol` termination condition is satisfied.,0.0657534246575342,2.9808219178082194,-0.2963163500028076,0.1904952224154854
3643,-3.7570537930863845,1.1977647365920132,-0.8274905361466466,0.613478496994316,0.5864762049028759,True,0.0003836605687743193,0.0013082542697026205,0.004875678128010678,0.0031372914933874346,1098,,`ftol` termination condition is satisfied.,0.0602739726027397,2.9753424657534246,-0.2917561530831132,0.1851355060649097
3644,-3.7281281066496508,1.1810375992785465,-0.8403919075960478,0.590318933752251,0.5938212707632967,True,0.000418649422445272,0.0013533285375745918,0.004349699616328591,0.002977173251180828,1154,,`ftol` termination condition is satisfied.,0.0575342465753424,2.9726027397260273,-0.2995505597634437,0.1882349811385881
3647,-3.6852604735712684,1.1727004730137762,-0.8563252013854372,0.548657745634395,0.6064512291560546,True,0.00036433632382496114,0.001110716488685356,0.00345235978585453,0.0025045011764914713,1162,,`ftol` termination condition is satisfied.,0.0493150684931506,2.9643835616438357,-0.2951355600692027,0.1919801928247015
3648,-3.7246425295405494,1.2086552288823929,-0.874809907627894,0.5388088259291536,0.6086299827293662,True,0.0003586672926920681,0.001020563948151833,0.0038112345063866146,0.002707796040020075,1142,,`ftol` termination condition is satisfied.,0.0465753424657534,2.9616438356164383,-0.2988511636593816,0.1885482270154838
3650,-3.7732845783370936,1.2283274215232516,-0.8687038564314346,0.5600350693875641,0.6006612846193511,True,0.00037567644027145723,0.0011568330400772825,0.0041176255329304955,0.002838924154071587,1116,,`ftol` termination condition is satisfied.,0.0410958904109589,2.956164383561644,-0.2961807482846036,0.1816814567508411
3651,-3.7128530986810957,1.2037759716281136,-0.8890102092788047,0.5163805085812634,0.6169846216812643,True,0.0003863498956154539,0.0011742977572889337,0.0033679257454409797,0.0025337387023820243,1131,,`ftol` termination condition is satisfied.,0.1342465753424657,2.9534246575342467,-0.2985310030983301,0.1901069074393427
3654,-3.7288369194634243,1.2085656080762162,-0.8867851700065253,0.507431646957429,0.6227870000927271,True,0.0003517624358995081,0.0010710385746644526,0.0033739260728673616,0.002463922495334628,1118,,`ftol` termination condition is satisfied.,0.1260273972602739,2.9452054794520546,-0.2999887224004372,0.1880004220085971
3655,-3.735941927671098,1.2037907349048158,-0.8764248409279081,0.5052631998053928,0.6238206561810524,True,0.00033001500474381875,0.0010534387297922387,0.0031659685710751524,0.002347027095478586,1119,,`ftol` termination condition is satisfied.,0.1232876712328767,2.9424657534246577,-0.298778246604672,0.1900552246042105
3656,-3.7793175119783693,1.2269272065404335,-0.8565786899554828,0.526763562106134,0.6187563985549094,True,0.00032647521931233013,0.0010383951891067469,0.003249728533774285,0.002391118583060503,1102,,`ftol` termination condition is satisfied.,0.1205479452054794,2.9397260273972603,-0.2963765196494611,0.1807714914867812
3657,-3.8141185136394644,1.243775806476523,-0.8531294464022112,0.5256057985454964,0.6206130560931412,True,0.0003064259382203534,0.0010342759550700316,0.0034468455301475544,0.002392310497051509,1081,,`ftol` termination condition is satisfied.,0.1178082191780822,2.936986301369863,-0.299606592454553,0.1763300298045455
3658,-3.803320089442744,1.2300448527007983,-0.8683939956036472,0.5352775801842256,0.6111013673710811,True,0.0003232686098835721,0.0010040025695436108,0.0035350168084014636,0.0025236707042262073,1102,,`ftol` termination condition is satisfied.,0.1150684931506849,2.9342465753424656,-0.2976980474554555,0.1808918436747283
3661,-3.839870428407403,1.2423289496574375,-0.8478920123169862,0.5479527845003765,0.6121810974954943,True,0.000294870380705715,0.0010228977967488625,0.0034043600927957805,0.0024237638529515,1081,,`ftol` termination condition is satisfied.,0.1068493150684931,2.926027397260274,-0.295235439650416,0.1977600569238678
3662,-3.8471840436476015,1.2394605688917901,-0.8403329535769098,0.5552926113870185,0.6088866474597772,True,0.00026087374914371284,0.0009726936546536672,0.0032696343059804857,0.002335109914044046,1079,,`ftol` termination condition is satisfied.,0.1041095890410958,2.9232876712328766,-0.2946639511151652,0.1985047179475418
3663,-3.8479593327975232,1.2372752779144798,-0.8432874005284036,0.5357547400687669,0.6162358677905574,True,0.0003045956554171969,0.0010063358235860567,0.0036497251517185673,0.0025264759880084036,1080,,`ftol` termination condition is satisfied.,0.1013698630136986,2.9205479452054797,-0.2964536201671861,0.1965542809488476
3664,-3.8658109581529567,1.2463002377524062,-0.8442465608944546,0.5537676042405233,0.606160126471828,True,0.0002480982907957039,0.0009404491649793254,0.0035437890878239173,0.0024111731490797537,1076,,`ftol` termination condition is satisfied.,0.0986301369863013,2.9178082191780823,-0.2933381982426427,0.1888939736551779
3665,-3.8679027125780197,1.2464884068399364,-0.8508707718589636,0.5443088116880916,0.6060450479516379,True,0.00024197817418757854,0.0009211705347329982,0.00342132941261298,0.0023483815283263116,1072,,`ftol` termination condition is satisfied.,0.0958904109589041,2.915068493150685,-0.2958314391049707,0.1857575064242491
3669,-3.840021745419309,1.223887656306799,-0.8636628179472537,0.5254080945620591,0.6105586247227912,True,0.000286616701353535,0.0009506567093785356,0.0032347887468956666,0.0023948035585087484,1130,,`ftol` termination condition is satisfied.,0.084931506849315,2.904109589041096,-0.2940542179904954,0.188664940854767
3670,-3.8290400118790533,1.21652617281018,-0.8839575466289076,0.5133888649712139,0.6108150127891172,True,0.00030485793093157874,0.0009356981655384824,0.0033093924570146795,0.002390165623194784,1123,,`ftol` termination condition is satisfied.,0.0821917808219178,2.9013698630136986,-0.2946702634529856,0.188667962840919
3671,-3.833641127621682,1.2182900326531487,-0.8836261946939451,0.48576934754710566,0.6241307193140845,True,0.000271492459058759,0.0009141535131888114,0.003176201127860379,0.002328127630001397,1128,,`ftol` termination condition is satisfied.,0.0794520547945205,2.8986301369863012,-0.2963834413626146,0.1871487868220824
3672,-3.7710031670500626,1.178376377327695,-0.8930509706979078,0.46997732685021587,0.6325715550932058,True,0.00027518183869267655,0.0009125473652474662,0.00292686028782896,0.002146891648660589,1150,,`ftol` termination condition is satisfied.,0.0767123287671232,2.8958904109589043,-0.2965883542254998,0.1979547759557251
3675,-3.661080233559101,1.1226396192781785,-0.9446623000123169,0.4171058071212904,0.6509687852014105,True,0.000360897583068,0.0009876732680741509,0.004662391572917275,0.002607601560198286,1188,,`ftol` termination condition is satisfied.,0.0684931506849315,2.887671232876712,-0.2999546175951723,0.1920156153500176
3676,-3.7309419714916165,1.1605320912341794,-0.8991865141625591,0.4273470392786732,0.6568451934360309,True,0.0003201034360276113,0.0009522153057593721,0.003871372648158959,0.0023718185349601,1153,,`ftol` termination condition is satisfied.,0.0657534246575342,2.884931506849315,-0.2988568556925904,0.1793504674078123
3677,-3.7340143619710395,1.157355347158236,-0.8858252406792805,0.43536329269985047,0.6549358437695227,True,0.0002712246778280119,0.0009060292510225813,0.004024829805699741,0.002368656109883851,1157,,`ftol` termination condition is satisfied.,0.0630136986301369,2.882191780821918,-0.2994206973635755,0.1820914712875874
3678,-3.7793059010218104,1.18488023863828,-0.8782999392619437,0.436025326671425,0.6601984579108998,True,0.0003009438818125134,0.000999817721563026,0.0036869472640598906,0.0024047925571560637,1129,,`ftol` termination condition is satisfied.,0.0602739726027397,2.8794520547945206,-0.2981392717548222,0.1985922456089393
3679,-3.672805197776537,1.1050810768312198,-0.8953948629961026,0.40647038076676567,0.6705942699302538,True,0.0003868561559309131,0.0010646532068690417,0.004772287997800748,0.0026728776556952,1180,,`ftol` termination condition is satisfied.,0.0575342465753424,2.8767123287671232,-0.2977995197331956,0.1981795959158006
3682,-3.7008091093845454,1.115530489803383,-0.873766612814345,0.41549622071938874,0.6669890470491577,True,0.00047019350186883657,0.0012025787728916903,0.004727731594329642,0.002734259916732349,1161,,`ftol` termination condition is satisfied.,0.0493150684931506,2.8684931506849316,-0.2997604118112751,0.1920902356160437
3683,-3.786493012265027,1.173078888629993,-0.8324749431212037,0.44113783023291403,0.6593600715728193,True,0.00031286830141237455,0.0009458532012026908,0.003796011529872788,0.0024069339570355667,1127,,`ftol` termination condition is satisfied.,0.0465753424657534,2.8657534246575342,-0.2978656201891969,0.1990284347069137
3684,-3.8247610704866557,1.192986094194932,-0.8332414132972222,0.437825727445384,0.66094544092246,True,0.00031765954271812926,0.000934039123235134,0.0036507506465704893,0.002494042092675761,1106,,`ftol` termination condition is satisfied.,0.0438356164383561,2.863013698630137,-0.298549740703329,0.1869383442608785
3685,-3.835836350299876,1.1977354537825942,-0.8293618045832711,0.45262255462537676,0.6545749872099959,True,0.00027288262195571393,0.0008771297484837997,0.0033365190960974607,0.0023644469597369237,1094,,`ftol` termination condition is satisfied.,0.0410958904109589,2.8602739726027395,-0.298919806044472,0.1838824643152514
3686,-3.7819816984316694,1.181761182000984,-0.8440587552045772,0.43857730427426345,0.6580880959555788,True,0.00029666490347637876,0.0009040190792527771,0.003120823137600136,0.002317039937218359,1113,,`ftol` termination condition is satisfied.,0.1150684931506849,2.8575342465753426,-0.2984809777953485,0.1917253587679064
3689,-3.8151632350210107,1.1935696603201387,-0.830222338078496,0.4415191292068365,0.6617716549272212,True,0.00025133180739461095,0.0008535688854113124,0.0030447425109162733,0.0022147429405414603,1091,,`ftol` termination condition is satisfied.,0.1068493150684931,2.8493150684931505,-0.2998872683131283,0.1840734223137685
3690,-3.8082048148669285,1.190137999687552,-0.8226426032461934,0.4419333715652209,0.6617359190923495,True,0.0002519913048420775,0.0008503328417404419,0.0030787807797048976,0.002225216003747699,1094,,`ftol` termination condition is satisfied.,0.1041095890410958,2.8465753424657536,-0.2983741293365559,0.1816798357626811
3691,-3.8462285724429313,1.2086324565238509,-0.8116799419402875,0.45266350707937864,0.6597179197625527,True,0.00027348677587287233,0.0008602245176971406,0.0037962358169062087,0.002590571471215168,1080,,`ftol` termination condition is satisfied.,0.1013698630136986,2.8438356164383563,-0.2993216761511945,0.1732291052850353
3692,-3.831317845360373,1.199931269864148,-0.8043281553750664,0.4609337794235056,0.6588125867739486,True,0.0002600766886340208,0.000877213810074122,0.003594042899503442,0.002479413313461923,1123,,`ftol` termination condition is satisfied.,0.0986301369863013,2.841095890410959,-0.2996405363069558,0.1743603169044507
3693,-3.8418161994084588,1.2017624401648317,-0.8072774633452883,0.4708361049419441,0.6542211877394333,True,0.00025500659116636326,0.0008382923027840294,0.0037043803053865795,0.002549136300630039,1109,,`ftol` termination condition is satisfied.,0.0958904109589041,2.8383561643835615,-0.298902349757244,0.1738137787976975
3697,-3.8129032992223495,1.1894038321243832,-0.8305288269557721,0.46347852071695816,0.6568056274231201,True,0.0002279170899485962,0.0007850135052535445,0.0034698897774843927,0.0023910091953574194,1112,,`ftol` termination condition is satisfied.,0.084931506849315,2.8273972602739725,-0.298558836070907,0.1777657773279112
3698,-3.828119514965029,1.2003087840868654,-0.8136218753133705,0.483123591653911,0.6540372891341707,True,0.0002322137034047291,0.0007917007776816778,0.003715259687239378,0.0024820745253233568,1103,,`ftol` termination condition is satisfied.,0.0821917808219178,2.824657534246575,-0.2981604950742695,0.171843134171466
3699,-3.7840041987932067,1.1692673882307092,-0.8314600914539267,0.4890368310904368,0.6469371503655579,True,0.0002703000195375169,0.0008709882909501742,0.0034960707514617804,0.0024548842667441177,1117,,`ftol` termination condition is satisfied.,0.0794520547945205,2.8219178082191783,-0.298380508553767,0.1794430737417902
3700,-3.7168172022259736,1.1189441466309662,-0.8591402471788857,0.4611756421405144,0.6520387386633549,True,0.0002718764596189707,0.0008343205364403911,0.003255270051830311,0.002358548016760224,1132,,`ftol` termination condition is satisfied.,0.0767123287671232,2.819178082191781,-0.2992052824605728,0.1892455746759806
3703,-3.5058325896862486,0.9903738241592815,-0.9500000240052273,0.39906024798507017,0.6682635672386484,True,0.0004643958482156871,0.001039887483680833,0.007477637159149503,0.0035161573817865054,1250,,`gtol` termination condition is satisfied.,0.0684931506849315,2.8109589041095893,-0.2989027952769768,0.1970763203720194
3704,-3.3902620785476247,0.9152165032907054,-0.950000095263309,0.3979468592486388,0.6524889028231555,True,0.0007480045942579237,0.0012217785559223175,0.00753903048906554,0.003882898599023345,1259,,`ftol` termination condition is satisfied.,0.0657534246575342,2.808219178082192,-0.2998715755511292,0.1986868858320551
3705,-3.385664948050728,0.9071748354221262,-0.9500000554448491,0.41918822387339644,0.6316329955392264,True,0.0006429753924002732,0.0011427560992886294,0.007319302572633693,0.003714044238261257,1271,,`ftol` termination condition is satisfied.,0.0630136986301369,2.8054794520547945,-0.2990141042850255,0.1985784989689098
3706,-3.114581091481953,0.7519460071950951,-0.9500002477465466,0.4711275771464335,0.5854399075800009,True,0.002026569985940233,0.0018596807779189518,0.014613896980219785,0.007057241831959604,1231,,`ftol` termination condition is satisfied.,0.0602739726027397,2.802739726027397,-0.298892293844274,0.1980442177610493
3707,-3.1304499389776956,0.7189593359380025,-0.9500002445722341,0.3705440672369531,0.6838228594488267,True,0.0022066068069061195,0.0020095948955196874,0.015530443983257765,0.006931434604251027,1272,,`ftol` termination condition is satisfied.,0.0575342465753424,2.8,-0.2968536596174703,0.1975589345071903
3710,-3.21356989194774,0.7874199081676088,-0.950000178898201,0.3770406921875092,0.6848014609396552,True,0.0012785644260858515,0.0016041528657053591,0.008285461513287462,0.004924850584580246,1268,,`ftol` termination condition is satisfied.,0.0493150684931506,2.791780821917808,-0.2987127654156968,0.1986898380181531
3711,-3.099353107311879,0.7463588810896421,-0.9500003143349984,0.35951365989880446,0.6982440442660401,True,0.0018423985862084822,0.0018859349763457008,0.010492069688276106,0.005906506796155183,1291,,`ftol` termination condition is satisfied.,0.0465753424657534,2.789041095890411,-0.2999358631709183,0.1999114613239186
3712,-3.2000605160636697,0.8284954238399658,-0.9500000644359888,0.39021530648236163,0.6822057501721429,True,0.0009156632485453934,0.0013378020010576407,0.006539925541118783,0.004010038650380989,1303,,`ftol` termination condition is satisfied.,0.0438356164383561,2.786301369863014,-0.2973933727370554,0.199322854915157
3713,-2.9621869303355814,0.7318853675391291,-0.9500002086753339,0.3858464411180658,0.7068187684545194,True,0.0020450699744433485,0.0019360503495035862,0.008951165621946111,0.005477590219929684,1348,,`ftol` termination condition is satisfied.,0.0410958904109589,2.783561643835617,-0.298220037277662,0.1997524817285395
3714,-2.7975612768176,0.6897021859242107,-0.9500003036598367,0.48075682620892984,0.6367809510449111,True,0.0021173624451978567,0.001962457001286307,0.005965488902210811,0.004513007872565819,1338,,`ftol` termination condition is satisfied.,0.1150684931506849,2.780821917808219,-0.2993357906774342,0.1978787457069589
3717,-2.5016907734177294,0.554248146555793,-0.9500006978790957,0.6253647202098896,0.5298377378213714,True,0.003943390398836029,0.0027846832833705983,0.0071252882621630495,0.005471622547880873,1236,,`ftol` termination condition is satisfied.,0.1068493150684931,2.7726027397260276,-0.2999447908691576,0.1994055790874882
3718,-2.6405662065350106,0.6124133153550131,-0.9500005970870021,0.4344937082769917,0.6776447585095151,True,0.004759650955660364,0.0029930755443684028,0.007968283606730691,0.0060750118266909596,1269,,`ftol` termination condition is satisfied.,0.1041095890410958,2.76986301369863,-0.2999038745985208,0.1997943857159697
3719,-2.462657749997369,0.5488528873745914,-0.9500009274338255,0.5191175230165588,0.6199086885287031,True,0.004933772238702,0.0028549871715453654,0.009092481695800415,0.006416744570140094,1282,,`ftol` termination condition is satisfied.,0.1013698630136986,2.767123287671233,-0.2995781302176969,0.1982507513852412
3720,-2.0573349688093505,0.4237711325776196,-0.9500008595708006,0.5609599101957741,0.5647393891912657,True,0.008238109930275088,0.00395334707616957,0.009648519516880314,0.006754478353406641,1205,,`ftol` termination condition is satisfied.,0.0986301369863013,2.7643835616438355,-0.2999688160498974,0.1996633467716793
3721,-2.396988482569611,0.5263159927745532,-0.950001555394335,0.4411881266820971,0.7515267273578263,True,0.010622112311766362,0.004510843526324326,0.01325112272768173,0.009251414115042725,1150,,`ftol` termination condition is satisfied.,0.0958904109589041,2.7616438356164386,-0.2999284403949301,0.199915678825084
3724,-1.8814248633744617,0.3674346831761411,-0.9500011518879495,0.7765646013809664,0.4858312853150777,True,0.03437629143511433,0.008034999528878407,0.022010870953344096,0.012646170292211028,1186,,`ftol` termination condition is satisfied.,0.0876712328767123,2.7534246575342465,-0.2992869688833752,0.1995418414950904
3725,-1.9495815342757574,0.40694247097649594,-0.9500011747929008,0.9517762739158185,0.43965161007944953,True,0.027608719802801125,0.006985271084639633,0.02240716647743751,0.011793362607995107,1216,,`ftol` termination condition is satisfied.,0.084931506849315,2.750684931506849,-0.2993073886506825,0.1995989502769633
3726,-1.7549825009581121,0.43948315929575815,-0.9500007438925115,0.724547428729964,0.5805233038099584,True,0.031225368663670455,0.00725596073082863,0.02768229836785464,0.013290537328690065,1183,,`ftol` termination condition is satisfied.,0.0821917808219178,2.747945205479452,-0.2988455092454184,0.1999985120381986
3727,-1.874585047930769,0.5183345565077717,-0.9500006921080684,0.7205428788113099,0.582956501824949,True,0.017720671925887374,0.005685682985534832,0.01769217114467414,0.010576494238056797,1148,,`ftol` termination condition is satisfied.,0.0794520547945205,2.745205479452055,-0.2949153734759285,0.1999738655642175
3728,-2.077039600137371,0.48639066128713593,-0.9283377342255084,0.6782962681004494,0.5959569078915432,True,0.012289672500393641,0.0049221096722853516,0.02088858451849511,0.010343112330679017,1099,,`ftol` termination condition is satisfied.,0.0767123287671232,2.7424657534246575,-0.2960501846153475,0.1992125130745177
3731,-2.268486346792068,0.5939399351874388,-0.8279592889237378,0.7257597933789607,0.5699084565932834,True,0.016482137557518532,0.005807718003229522,0.01581779290717364,0.010952726574943419,1054,,`ftol` termination condition is satisfied.,0.0684931506849315,2.734246575342466,-0.2990359474068544,0.1999268236357728
3732,-2.4890514384945903,0.5723142829563038,-0.6288128757249137,0.6338852090247014,0.6503664983032856,True,0.016280727632465804,0.0056312325938687085,0.01953114564629807,0.01226580882558563,1150,,`ftol` termination condition is satisfied.,0.0657534246575342,2.7315068493150685,-0.2995265638310643,0.1999674939253764
3733,-2.3945723685723226,0.4946953954282149,-0.6917256808340853,0.5855010432119204,0.6543129642104158,True,0.007642433053858477,0.003993118964209963,0.009303386698360986,0.006530570106359861,1175,,`ftol` termination condition is satisfied.,0.0630136986301369,2.728767123287671,-0.2993487868777376,0.1998872734321742
3734,-2.527195402763222,0.5177785574314933,-0.743315427867166,0.5526887251807662,0.6604737315450818,True,0.0038863483539616495,0.0028516947943317723,0.0068459907752349445,0.004557977621496195,1215,,`ftol` termination condition is satisfied.,0.0602739726027397,2.7260273972602738,-0.2999171492711082,0.1993181162051754
3735,-2.361361439703209,0.4834613390824326,-0.8510004605045328,0.5691166013357006,0.6403525406857079,True,0.0022062022217868406,0.0023111687052362927,0.00854535291735127,0.00402404598312205,1182,,`ftol` termination condition is satisfied.,0.0575342465753424,2.723287671232877,-0.2960071647039276,0.1998189083184684
3738,-2.4357158705994624,0.543127747569004,-0.8560126744138674,0.5430338394414499,0.6526795948062859,True,0.0018426207021549714,0.0019615005140783976,0.01243575585088177,0.004043115008546493,1192,,`ftol` termination condition is satisfied.,0.0493150684931506,2.7150684931506848,-0.2992289216363702,0.1983847990096806
3739,-2.425131923818306,0.5624178914736684,-0.9395327977877759,0.5150819184157839,0.6353469477726711,True,0.002699281987459926,0.002193898207402215,0.01746684317387213,0.006363821261301559,1156,,`ftol` termination condition is satisfied.,0.0465753424657534,2.712328767123288,-0.2979988055413519,0.1977520014406591
3740,-2.2417457563491854,0.5463473000314402,-0.9500004043898108,0.5954727415261333,0.573966552909966,True,0.0037360810562743828,0.0028991128656233483,0.019704887726803136,0.006921780601266874,1119,,`ftol` termination condition is satisfied.,0.0438356164383561,2.7095890410958905,-0.2935124715953541,0.1984986786669805
3741,-2.3479806984251184,0.5813659280081537,-0.9500002097266506,0.6076191996746465,0.5590289353060964,True,0.0035812943625908797,0.002679681820462667,0.021633391830956174,0.008095326748753956,1130,,`ftol` termination condition is satisfied.,0.0410958904109589,2.706849315068493,-0.2950626157105386,0.1986501806223305
3742,-2.387493505912306,0.6017302083429642,-0.9500000849449391,0.6067772178938786,0.5314037839565326,True,0.002680433261792753,0.002217045375090082,0.01120021879010736,0.00584369956482625,1091,,`ftol` termination condition is satisfied.,0.1150684931506849,2.704109589041096,-0.2954016338144189,0.199916737309252
3745,-2.5243333082557036,0.6232510853515089,-0.8309387170582985,0.6577449296507821,0.5788461359666293,True,0.002603761811791544,0.002073578066327374,0.010843278929687112,0.0056727355212753666,1127,,`ftol` termination condition is satisfied.,0.1068493150684931,2.695890410958904,-0.2981331324392606,0.199824912222297
3746,-2.4889438678124396,0.6037611959467251,-0.8854534383988486,0.5993269455774015,0.5947585230756154,True,0.002673345356031155,0.002179237175975389,0.010828468234486936,0.005544803063777409,1132,,`ftol` termination condition is satisfied.,0.1041095890410958,2.6931506849315068,-0.2998465771276397,0.1995631003961475
3747,-2.5361891228430213,0.6144149631597594,-0.8675483765692497,0.5974799352510608,0.6019846034724298,True,0.004041348308012635,0.002608811313128965,0.013493740346880799,0.006923867996189834,1174,,`ftol` termination condition is satisfied.,0.1013698630136986,2.6904109589041094,-0.2938565872948108,0.1995409649603989
3748,-2.571175173331894,0.6163093497909136,-0.8667589943464743,0.6384083783607828,0.5785964330208657,True,0.0038464168409086457,0.0024708641689079112,0.014306740455787973,0.007134234706216156,1191,,`ftol` termination condition is satisfied.,0.0986301369863013,2.6876712328767125,-0.2994845034827097,0.1991612363421507
3752,-2.5598155053848983,0.6271655225798715,-0.8756012213968926,0.6698034773702635,0.5474514145298671,True,0.0036446735713495802,0.002463838935985402,0.014638607967524532,0.007364452891212794,1171,,`ftol` termination condition is satisfied.,0.0876712328767123,2.6767123287671235,-0.2986851878169181,0.1995071354761902
3753,-2.661258551344605,0.66129911224188,-0.849186599238874,0.7386953575086261,0.533939230242963,True,0.003726793351477688,0.0024149356192916666,0.015259649962495616,0.007801129837857859,1189,,`ftol` termination condition is satisfied.,0.084931506849315,2.673972602739726,-0.2998155762962141,0.1998808921532127
3754,-2.5392992238549907,0.6340043729859074,-0.9212167294185024,0.6589821887912245,0.545872448376551,True,0.005201970277228787,0.0029065674287494393,0.017740651090712593,0.009011722788379715,1174,,`ftol` termination condition is satisfied.,0.0821917808219178,2.671232876712329,-0.2999782614004873,0.1990316260507544
3755,-2.526227813646688,0.6421399961124851,-0.9342809371109515,0.646494398509381,0.5469686586149629,True,0.00522584694496233,0.002932814837664933,0.01835305916365466,0.008979210785041703,1174,,`ftol` termination condition is satisfied.,0.0794520547945205,2.668493150684931,-0.2991004410098801,0.1994550901642961
3756,-2.6005678047614333,0.6587328819565801,-0.9068196522409341,0.6381624341841335,0.5680321559930891,True,0.005664604973174039,0.0030414617909390244,0.018659076294227115,0.009323499612916945,1194,,`ftol` termination condition is satisfied.,0.0767123287671232,2.665753424657534,-0.2973778634290649,0.1991556683455186
3759,-2.482840353379186,0.6102145423536115,-0.9500000458775693,0.653072065776826,0.5447339331367813,True,0.00639650999093996,0.003248749189511296,0.020103588510581093,0.009834605799572188,1190,,`ftol` termination condition is satisfied.,0.0684931506849315,2.6575342465753424,-0.299540732685455,0.1992272749609542
3760,-2.369671409179502,0.5977298392288227,-0.9500002709205053,0.6658742298304691,0.5361517332871936,True,0.009320115559773877,0.003968913693430728,0.023683405093820865,0.011682925646759027,1149,,`ftol` termination condition is satisfied.,0.0657534246575342,2.654794520547945,-0.2998021218037781,0.1991791478479555
3761,-2.4325840140027966,0.6249747189111835,-0.950000162123937,0.6577940158813943,0.5482890107760466,True,0.009552920889995839,0.004003661564720666,0.024887634508809195,0.012235524446617818,1168,,`ftol` termination condition is satisfied.,0.0630136986301369,2.652054794520548,-0.2994296648787521,0.1991258662954242
3762,-2.4163884318987114,0.631565185964833,-0.9500001171473145,0.6620224020387219,0.5438512458392734,True,0.010374105420238814,0.0042067815641763885,0.026813525673836703,0.01304844905549964,1159,,`ftol` termination condition is satisfied.,0.0602739726027397,2.649315068493151,-0.2984386437687744,0.199173343330984
3763,-2.5142001133166096,0.67226113171269,-0.9219996796871195,0.6689327275001048,0.5530184648363301,True,0.009055157391263122,0.003980114452120125,0.026805660507505328,0.012596774996111493,1157,,`ftol` termination condition is satisfied.,0.0575342465753424,2.6465753424657534,-0.2975057037922108,0.1999621005171122
3766,-2.6108000735532597,0.7123677479457552,-0.8848482824245709,0.6890600557876535,0.5601976883489423,True,0.006660931797091809,0.003391267723449512,0.024187649625761618,0.011440917273869507,1143,,`ftol` termination condition is satisfied.,0.0493150684931506,2.638356164383562,-0.2984385087392407,0.1986093675619175
3767,-2.633322848210345,0.7112754880286634,-0.8930311346191858,0.6885507827331558,0.5618579866564201,True,0.005913979057122065,0.0031659539898556835,0.022992662686832584,0.010998918187163418,1142,,`ftol` termination condition is satisfied.,0.0465753424657534,2.6356164383561644,-0.298943838607501,0.1994468005542766
3768,-2.7203034248414273,0.7437690967671352,-0.8674827960589592,0.6788755048460854,0.5764234058968649,True,0.005435704769320083,0.003070726730570241,0.02180840120709251,0.010559953041353898,1146,,`ftol` termination condition is satisfied.,0.0438356164383561,2.632876712328767,-0.2999338190645501,0.1990573470544377
3769,-2.648653732332178,0.716341456664705,-0.8920480150030083,0.6600863613862945,0.5774213664168201,True,0.006327307833219056,0.0033003564296802193,0.02249017296315969,0.011282174537929537,1140,,`ftol` termination condition is satisfied.,0.0410958904109589,2.6301369863013697,-0.296982951314209,0.1994539349996819
3770,-2.52591973663331,0.6917060592893249,-0.9500000628876636,0.6425450147414195,0.56393891920372,True,0.006443493948899544,0.003417302159565197,0.015942678719833896,0.009467884198627631,1103,,`ftol` termination condition is satisfied.,0.1342465753424657,2.627397260273973,-0.2971501955737144,0.1991229049354038
3773,-2.5504173065824522,0.703315301887239,-0.9489658073388698,0.6557818230050851,0.5589123588097807,True,0.006768224623705695,0.003513838700119407,0.017332873201771133,0.01011027541731536,1099,,`ftol` termination condition is satisfied.,0.1260273972602739,2.6191780821917807,-0.2986201042816885,0.1999097330821792
3774,-2.592219179682712,0.7286140708958815,-0.9386392970842481,0.670484093632862,0.5518977556272199,True,0.006282983228075698,0.003385749101119609,0.017313813179681555,0.010186767887177789,1095,,`ftol` termination condition is satisfied.,0.1232876712328767,2.6164383561643834,-0.298075581043502,0.199477907625662
3775,-2.5641406921024257,0.7272225292186789,-0.9500000540305502,0.6626792496167057,0.547597169465162,True,0.006725892541408181,0.0035530991259640544,0.017506379855857363,0.010366453582943237,1087,,`ftol` termination condition is satisfied.,0.1205479452054794,2.6136986301369864,-0.2975427107265286,0.1983366458718049
3776,-2.6321121368387894,0.7541708795317339,-0.9226171565567116,0.6558531327675645,0.5640784646710532,True,0.006047882768445698,0.0033291903140786156,0.01785831384874776,0.010210793599794066,1091,,`ftol` termination condition is satisfied.,0.1178082191780822,2.610958904109589,-0.2995903484145642,0.1995469464417539
3777,-2.733196372210595,0.7948624039050425,-0.8705328544515946,0.6909604552580432,0.5699801589183491,True,0.005196355035237958,0.003080017481680837,0.0177642235439788,0.00992510130700408,1079,,`ftol` termination condition is satisfied.,0.1150684931506849,2.6082191780821917,-0.2989319795715342,0.1980000803344141
3780,-2.7799520723256514,0.8133224101953529,-0.8648597319162992,0.6961005420033639,0.5727037081923368,True,0.0048424845864220075,0.003006609930193778,0.017458530536765406,0.009860013593905526,1048,,`ftol` termination condition is satisfied.,0.1068493150684931,2.6,-0.2995081660001583,0.1983195319758143
3781,-2.654316992602281,0.754198287681548,-0.9062066514477327,0.6588036412554131,0.5756454800031808,True,0.005118534460797875,0.003139646821238653,0.01687793735353595,0.009766977519368683,1056,,`ftol` termination condition is satisfied.,0.1041095890410958,2.5972602739726027,-0.2989077579527271,0.1978361634467047
3782,-2.578501606328896,0.7252637865265908,-0.9335606699200951,0.6733436946685886,0.5634851025863997,True,0.006215714404300639,0.0034359807210520253,0.01819527557075933,0.010530685567798861,1060,,`ftol` termination condition is satisfied.,0.1013698630136986,2.594520547945206,-0.2996761345038029,0.199356683178371
3783,-2.64140706256268,0.7623492076644052,-0.9020857582093409,0.7036718264494646,0.5654435589186708,True,0.0052344140920495795,0.0031537989029464843,0.017617612298345464,0.01015507763418065,1052,,`ftol` termination condition is satisfied.,0.0986301369863013,2.591780821917808,-0.2995859485516183,0.1990146800280611
3784,-2.6430837277988033,0.7619956411046658,-0.891445511706417,0.7408054647909245,0.5547454144672017,True,0.0058310040151842695,0.00337065572279454,0.01856471351727671,0.010638379005895426,1048,,`ftol` termination condition is satisfied.,0.0958904109589041,2.589041095890411,-0.2998169928021535,0.1997113729321012
3787,-2.789281977012523,0.8095991364722256,-0.8374239809310537,0.7270102852974806,0.5853593189962295,True,0.0041242457239904825,0.0028380055556996146,0.016330644689845724,0.009101801560391603,1048,,`ftol` termination condition is satisfied.,0.0876712328767123,2.580821917808219,-0.2996984494150367,0.199809588548892
3788,-2.754939181821643,0.7915088372474489,-0.8618675578778694,0.7309492435662143,0.5729059415269622,True,0.004323833409402256,0.002934179720789441,0.016719407419133362,0.009425946227015545,1038,,`ftol` termination condition is satisfied.,0.084931506849315,2.578082191780822,-0.298517548475883,0.1975996665304653
3789,-2.819692660411431,0.8206527867877089,-0.8335945325687111,0.7267176876599895,0.5810735760905995,True,0.0037049163439842247,0.0026869955964200624,0.01643892886631546,0.009013578302005812,1039,,`ftol` termination condition is satisfied.,0.0821917808219178,2.5753424657534247,-0.299836993359353,0.1996169383631794
3790,-2.7453127407932607,0.8023581566434488,-0.8721192410281576,0.7388077202499358,0.5596114068399622,True,0.003906249017479696,0.002722889787549395,0.01672344308061071,0.00927381424146526,1037,,`ftol` termination condition is satisfied.,0.0794520547945205,2.5726027397260274,-0.2984474014383173,0.198853188505425
3791,-2.774034552315503,0.8154053309581482,-0.8518238917928137,0.7375152495339062,0.5658908027335171,True,0.0037541602319694466,0.0026874971658637577,0.017104348591563994,0.009352382452248719,1034,,`ftol` termination condition is satisfied.,0.0767123287671232,2.56986301369863,-0.2982270301659528,0.1987094814393707
3795,-2.842885329088797,0.8222942311271915,-0.8502608999704463,0.7187856709400419,0.5775766431198999,True,0.003173469044687913,0.00246665809664773,0.01701283782498139,0.009050260183524226,1020,,`ftol` termination condition is satisfied.,0.0657534246575342,2.558904109589041,-0.2996476449212701,0.1997492830210977
3796,-2.892365303670958,0.8403785768620518,-0.8403198999887729,0.6924412615150002,0.5922170662132907,True,0.0028055754561643184,0.0023032699049139447,0.015552438065352657,0.008578408290136617,1014,,`ftol` termination condition is satisfied.,0.0630136986301369,2.5561643835616437,-0.2976200319768508,0.1982831406648171
3797,-2.871991982077727,0.8264780129394346,-0.8304686767076414,0.6797256873680643,0.606849964872717,True,0.0028913337548323774,0.0023367018386285404,0.01616082296490252,0.008748928236303646,1023,,`ftol` termination condition is satisfied.,0.0602739726027397,2.5534246575342467,-0.297494889133672,0.1989712551264412
3798,-2.8968093657923495,0.8417221424714387,-0.8200265228213518,0.7134138690647619,0.5919410595782568,True,0.0025016065015273908,0.002153441440088776,0.015542890269387865,0.008284151040275089,1025,,`ftol` termination condition is satisfied.,0.0575342465753424,2.5506849315068494,-0.2999850551816666,0.1992623548130875
3801,-2.8748436725345354,0.8234632662741794,-0.8346313365019072,0.6709980652277058,0.6026443521666123,True,0.0027948068247484765,0.0023091204653137134,0.016467099289873242,0.008663507430198308,1016,,`ftol` termination condition is satisfied.,0.0493150684931506,2.5424657534246577,-0.2995413596057042,0.1959363737858742
3802,-2.906413634903886,0.8485059043962778,-0.8271006206459213,0.6757555796788555,0.6010953915189364,True,0.0024187427411207964,0.002128523331395814,0.01565361439791955,0.008219755692756105,1017,,`ftol` termination condition is satisfied.,0.0465753424657534,2.5397260273972604,-0.2983528768401532,0.199617263793792
3803,-2.9342591325327763,0.8710490637035563,-0.8022250161483977,0.7383637359815163,0.5817019227866125,True,0.002111545859432292,0.00198534690334835,0.014946322322156206,0.007765437219284758,1017,,`ftol` termination condition is satisfied.,0.0438356164383561,2.536986301369863,-0.2983556146442477,0.197160306632414
3804,-2.9220580772565303,0.8762793004659611,-0.8432212758475945,0.7120941359087412,0.5771516989594717,True,0.001958897504323053,0.001912196988144447,0.01524340691464073,0.007778932887092168,1000,,`ftol` termination condition is satisfied.,0.0410958904109589,2.5342465753424657,-0.2966311268576136,0.1984439507662099
3805,-3.023658016804215,0.9200283206207138,-0.7951990062509343,0.6914700870458502,0.6038663966999659,True,0.0015787790477717115,0.0017114592551264358,0.010716555946296375,0.006036869607222409,995,,`ftol` termination condition is satisfied.,0.1150684931506849,2.5315068493150683,-0.299568181886747,0.1976589537692558
3808,-3.01870049320586,0.9064042740827404,-0.7841895921131156,0.7059099132535771,0.602533670368998,True,0.001399695196070243,0.0016441013814074035,0.009845653508095057,0.0056460531093535035,988,,`ftol` termination condition is satisfied.,0.1068493150684931,2.5232876712328767,-0.2999975430810922,0.198196565398868
3809,-2.9379429862459956,0.8748942889188748,-0.8006824710646357,0.7164999932976513,0.5944565922382564,True,0.0014093235623321972,0.0016162124484346185,0.009868474787856137,0.005530545686465208,1013,,`ftol` termination condition is satisfied.,0.1041095890410958,2.5205479452054793,-0.2990602908852316,0.1979595632715998
3810,-2.928194577962686,0.8700124810110771,-0.8091921518377477,0.650909832883181,0.6182924734989363,True,0.0015340688580168715,0.0016786237801532388,0.010782895236660586,0.005848983925672664,1010,,`ftol` termination condition is satisfied.,0.1013698630136986,2.5178082191780824,-0.297848893279222,0.1988776612314987
3811,-2.5709073313692627,0.7067514493235852,-0.9089533281947666,0.6257992234947047,0.6050766894271097,True,0.0028573762273314054,0.0023770675805035997,0.012784989620414041,0.006803431895333097,1047,,`ftol` termination condition is satisfied.,0.0986301369863013,2.515068493150685,-0.2972027058944652,0.1990251357157899
3812,-2.662504164838821,0.7657864446630432,-0.8812474458491295,0.6502275917380484,0.6044847279711535,True,0.0019159258048742365,0.0019091203145893655,0.011676636687958604,0.006149723592106413,1021,,`ftol` termination condition is satisfied.,0.0958904109589041,2.5123287671232877,-0.2982483981754378,0.1997415455319216
3815,-2.7194777630017715,0.7879765282332329,-0.8472675959722493,0.6835862214160763,0.601590973419397,True,0.0017112414091135933,0.0017891459273064448,0.011657558520809692,0.006042370439109077,1022,,`ftol` termination condition is satisfied.,0.0876712328767123,2.504109589041096,-0.2998101043188963,0.1975924991149536
3816,-2.7388604404088204,0.8068531774003523,-0.8161518690830901,0.7298185446899111,0.5941196772306567,True,0.0014735976190772652,0.0016295607086037548,0.010649628576491104,0.005708706224307973,1031,,`ftol` termination condition is satisfied.,0.084931506849315,2.5013698630136987,-0.299808922442717,0.1994928267206434
3817,-2.7137198691219586,0.8002309055419954,-0.8367887570114172,0.7073953050661143,0.5967236163710854,True,0.0023523940658157433,0.0020758294719405144,0.013406764598010885,0.007027233893205693,1031,,`ftol` termination condition is satisfied.,0.0821917808219178,2.4986301369863013,-0.2980247121818937,0.1971686932912606
3818,-2.699582577592857,0.7987893767165312,-0.8472665716595592,0.7395617376597162,0.5734310687483769,True,0.002314662915188745,0.0020411867374057315,0.014191366491497647,0.007242131084861949,1021,,`ftol` termination condition is satisfied.,0.0794520547945205,2.495890410958904,-0.2951296385535654,0.1995764861156659
3819,-2.6209586618119163,0.7918705417217662,-0.8846002460960454,0.7925728195974003,0.53730121924762,True,0.003921842398362085,0.0031108261007785445,0.014821167766372273,0.008580050744528098,888,,`ftol` termination condition is satisfied.,0.0767123287671232,2.493150684931507,-0.2995034644842085,0.1996642934866393
3822,-2.7471562615554275,0.8261928202844989,-0.8500968035601356,0.7632199456410353,0.5591796965201554,True,0.0019269079520499626,0.001988194125116228,0.014386300259068443,0.007491881420120586,918,,`ftol` termination condition is satisfied.,0.0684931506849315,2.484931506849315,-0.2995779150998925,0.1998547573483517
3823,-2.749211234430196,0.8328065403203994,-0.8679182419039003,0.766579310784206,0.5506000238456259,True,0.0016825177393786656,0.0017870965785513283,0.013360507443776284,0.006821571001689928,983,,`ftol` termination condition is satisfied.,0.0657534246575342,2.4821917808219176,-0.2998673033504653,0.1999084842289404
3824,-2.6628888171188616,0.8004588899687995,-0.9330806341698248,0.7471711839588852,0.5308886818046333,True,0.002002921262280919,0.001978777077570974,0.013757846692321664,0.00720118756489126,975,,`ftol` termination condition is satisfied.,0.0630136986301369,2.4794520547945207,-0.2997239730932921,0.1991426188551456
3825,-2.7182532842266807,0.8141192976909186,-0.9151465941884654,0.7643281044767396,0.5273014451926584,True,0.0020389393288051064,0.0021046317110764135,0.015037816909892646,0.007911262547236925,897,,`ftol` termination condition is satisfied.,0.0602739726027397,2.4767123287671233,-0.2964278508001949,0.1993549245264143
3826,-2.641056546349681,0.7883244315085404,-0.950000043848907,0.7603346010427404,0.5109072136538069,True,0.002248608731209561,0.002050839526832335,0.014417480328300935,0.007207142280627683,1038,,`ftol` termination condition is satisfied.,0.0575342465753424,2.473972602739726,-0.298278773406117,0.1995647692294991
3829,-2.7240897954029464,0.8258353509405284,-0.9250752581328892,0.758069291833079,0.5232793289295727,True,0.0020726721904215607,0.0020252275403343325,0.013832237426133681,0.006823643802118921,1054,,`ftol` termination condition is satisfied.,0.0493150684931506,2.4657534246575343,-0.2998365006359522,0.1965253748953171
3830,-2.7883154055234973,0.8449299066018414,-0.9076546261909652,0.7563158344179285,0.5332193171175551,True,0.0019861873884110463,0.0020435979858590483,0.013494471379938925,0.00677221470711217,1041,,`ftol` termination condition is satisfied.,0.0465753424657534,2.463013698630137,-0.2997375229031326,0.1985069876981396
3831,-2.8232983443877857,0.8556925756994124,-0.8763032251182021,0.790812272588313,0.5324032625966943,True,0.0018890329881792315,0.001710337194916112,0.01374645038490136,0.006261954421900301,1149,,`ftol` termination condition is satisfied.,0.0438356164383561,2.4602739726027396,-0.2984056780163825,0.1984782492900182
3832,-2.8656093487183956,0.8666907620993953,-0.8562866346370499,0.8044346166964789,0.5369231301409995,True,0.0018113637672537257,0.0016763308485946591,0.01453077087571577,0.006412320450016041,1142,,`ftol` termination condition is satisfied.,0.0410958904109589,2.4575342465753423,-0.2998464709151062,0.1962883379567415
3836,-2.8799969925419506,0.8658189330151906,-0.8247459794411446,0.8268015132746479,0.540810656883855,True,0.0015344405213869594,0.0015575512216954202,0.010153015315727591,0.005207436616064385,1126,,`ftol` termination condition is satisfied.,0.1260273972602739,2.4465753424657533,-0.2989332063616413,0.1997990111030245
3837,-2.8231067748081657,0.8510744135545707,-0.867333915650615,0.7799864506696229,0.5437030133795475,True,0.0016791754633780102,0.001662263348309785,0.009981455601161449,0.00536553428729974,1141,,`ftol` termination condition is satisfied.,0.1232876712328767,2.4438356164383563,-0.299928521803991,0.1997343975633341
3838,-2.858084446419545,0.8633004157451477,-0.8622404974477542,0.7951504053955386,0.5404366780616215,True,0.0015955443577468685,0.0015937944171390513,0.010631252160746155,0.005466630622459003,1127,,`ftol` termination condition is satisfied.,0.1205479452054794,2.441095890410959,-0.298190239898327,0.1984716404944707
3839,-2.8195109901158686,0.8440904562164715,-0.8884164083697438,0.7916583544960191,0.5322092447052759,True,0.00165434951759693,0.0016084336522805838,0.010786453626679423,0.00564840276629169,1140,,`ftol` termination condition is satisfied.,0.1178082191780822,2.4383561643835616,-0.2993390361498972,0.1996909704321637
3840,-2.8655376102388823,0.8640815362396692,-0.8560086048497031,0.8018303779970871,0.5409575783753247,True,0.0016195527661341182,0.0015923076387368376,0.011444928831804067,0.00580041736105998,1132,,`ftol` termination condition is satisfied.,0.1150684931506849,2.4356164383561643,-0.2983894101797095,0.1997718887329919
3843,-2.752905671266682,0.8097500880971936,-0.878428527841207,0.7736393760483334,0.5458054703776368,True,0.0019532788650306263,0.0018178077380128581,0.012699890354411467,0.006709256761970315,1034,,`ftol` termination condition is satisfied.,0.1068493150684931,2.4273972602739726,-0.299204038875961,0.1967253516537125
3844,-2.8221075201904857,0.8417850796114154,-0.8647886139503955,0.8167034996662168,0.528710454775199,True,0.0018915725130127655,0.0018410553240020893,0.01195052961694183,0.006208369042011738,1114,,`ftol` termination condition is satisfied.,0.1041095890410958,2.4246575342465753,-0.2999000376408324,0.1992812373805041
3845,-2.8601255620979273,0.8563206391513337,-0.8223777326517858,0.8345091343959783,0.5379144741540303,True,0.0017566002483851233,0.001691161018630221,0.012228697878294571,0.006018715469636894,1124,,`ftol` termination condition is satisfied.,0.1013698630136986,2.421917808219178,-0.2996747578722734,0.1976847578232133
3846,-2.8526017364129457,0.8543888283348275,-0.8313228037686657,0.8296997292724666,0.5346326638528249,True,0.001661087142426251,0.0016575690405578043,0.012362429993735219,0.006001691869552486,1118,,`ftol` termination condition is satisfied.,0.0986301369863013,2.419178082191781,-0.2983231714686392,0.1997840604563634
3847,-2.8985014831352296,0.8798601175737811,-0.8067724121662683,0.8581285440136281,0.5328145646351491,True,0.0015804980316707678,0.0015957278796137734,0.013114035161532969,0.006177874442456503,1111,,`ftol` termination condition is satisfied.,0.0958904109589041,2.4164383561643836,-0.2977315633095222,0.1997214972553851
3850,-2.969131765345583,0.9113683153255663,-0.7849703438333505,0.8868602124306959,0.5316946092758427,True,0.001299003613381086,0.0015009914695578391,0.012114076751911942,0.0057183088907934955,1081,,`ftol` termination condition is satisfied.,0.0876712328767123,2.408219178082192,-0.2999047519295742,0.1988283392613029
3851,-2.9564899711735637,0.9068386796154941,-0.7922720983671613,0.8885143066584805,0.531515633148735,True,0.0012243847745530088,0.0014903164661556354,0.01173573866722024,0.005491527210979507,1077,,`ftol` termination condition is satisfied.,0.084931506849315,2.405479452054794,-0.2989359230426193,0.1970431926063769
3852,-2.9791786161392775,0.9157957279312023,-0.7857167532665655,0.893602343404021,0.5335782977381295,True,0.0012817761311460674,0.0014958880208203109,0.012568767546700218,0.005800504021980156,1077,,`ftol` termination condition is satisfied.,0.0821917808219178,2.4027397260273973,-0.2988482946713269,0.1987034640600778
3853,-2.925943618468334,0.8873213818246986,-0.8224147415887963,0.8329104749907629,0.541671385155401,True,0.0013370731067820136,0.0014972812178170665,0.012202953750430345,0.005625261126251417,1084,,`ftol` termination condition is satisfied.,0.0794520547945205,2.4,-0.2976507583509363,0.1983283572980597
3854,-2.894206086695162,0.8812034588323033,-0.8233781416221747,0.8522661060708978,0.5307112418579528,True,0.0014395661649706571,0.001560758120057292,0.013161314761961319,0.005949385749105657,1087,,`ftol` termination condition is satisfied.,0.0767123287671232,2.3972602739726026,-0.299343897648494,0.1990515105126979
3857,-2.926513959468068,0.9071608047348952,-0.8059196669439019,0.8602045431098028,0.5389634657004798,True,0.0012702281931760843,0.0014829799511992118,0.01334104243896601,0.005925520031005469,1077,,`ftol` termination condition is satisfied.,0.0684931506849315,2.389041095890411,-0.2989880546233041,0.1969910610256921
3858,-2.8962905049426544,0.9009334089630451,-0.8262885104435702,0.8356972985489908,0.5368262516474369,True,0.0013368468581118375,0.0015174255852073383,0.013392429083191063,0.00591279589896465,1073,,`ftol` termination condition is satisfied.,0.0657534246575342,2.3863013698630136,-0.2977003723778542,0.195957447765771
3859,-2.9280228196965172,0.9164830221767327,-0.8013591792088383,0.8657589436154145,0.5349088536654458,True,0.0014320342921313295,0.001573514638450768,0.014128155187213795,0.0060251166154199134,1062,,`ftol` termination condition is satisfied.,0.0630136986301369,2.3835616438356166,-0.2992484367639155,0.1967306788850806
3860,-2.901253932646248,0.9029270868721173,-0.8125021730629831,0.8494935473434898,0.5336837422214492,True,0.0014547601033227705,0.0015912882979285767,0.01404462748812402,0.006081708938632771,1069,,`ftol` termination condition is satisfied.,0.0602739726027397,2.3808219178082193,-0.2981533723190763,0.1978257433299198
3861,-2.9161731135359665,0.9088572384535104,-0.8099629780733422,0.828625223854848,0.5446501714184909,True,0.0013179781676839037,0.0015217934895570193,0.01421227447308622,0.006049848302437523,1059,,`ftol` termination condition is satisfied.,0.0575342465753424,2.378082191780822,-0.2983701196193802,0.1989223579467783
3864,-2.9339698893577495,0.914949147002466,-0.7973690757360886,0.8367116136814102,0.5480737331510652,True,0.0011842838148453448,0.0014626492434958605,0.01414613252364673,0.0059608172349884265,1046,,`ftol` termination condition is satisfied.,0.0493150684931506,2.3698630136986303,-0.2988112342113788,0.1971678814376174
3865,-2.958736840100294,0.9272713241278063,-0.7933389101572195,0.8380787166983444,0.5488113358014497,True,0.001102313171151513,0.0014146649635406795,0.01365495283541284,0.005699192470511601,1031,,`ftol` termination condition is satisfied.,0.0465753424657534,2.367123287671233,-0.2989548508718402,0.1931062559146014
3866,-2.980312273876165,0.9385221780586868,-0.7719616191290619,0.8701747247026338,0.5459991500684724,True,0.0010342919222102974,0.0013677004345118149,0.014074922677904713,0.0056890385879394805,1021,,`ftol` termination condition is satisfied.,0.0438356164383561,2.3643835616438356,-0.2985149441500472,0.1988561309001535
3867,-3.00319886350992,0.94118405434832,-0.7455523670996236,0.8694290376368633,0.5579817254187209,True,0.0009492963539142808,0.0013117595900444367,0.014855808329872067,0.005728311710467196,1014,,`ftol` termination condition is satisfied.,0.0410958904109589,2.361643835616438,-0.2995519799540615,0.1991802807824079
3868,-2.9975516451412973,0.936574850938177,-0.7453027422851121,0.8742926602626834,0.5554360956036564,True,0.0009179317181564764,0.0012815010453486237,0.011924645923404835,0.004790856325890584,999,,`ftol` termination condition is satisfied.,0.1150684931506849,2.3589041095890413,-0.2974548799269554,0.1984352992253787
3871,-3.004228622850204,0.9408620188760035,-0.7510911396045371,0.862944034470378,0.5589503696231654,True,0.000864386106206058,0.0012642001096784023,0.011891790241619257,0.004791437536340359,990,,`ftol` termination condition is satisfied.,0.1068493150684931,2.350684931506849,-0.2996058580545097,0.1962377260831933
3872,-2.9619910008420827,0.9168388728809286,-0.7588899677426838,0.8357410294185711,0.5655054027592138,True,0.000893277297301555,0.0012722122594076297,0.011626718952709636,0.004813146503236892,1001,,`ftol` termination condition is satisfied.,0.1041095890410958,2.347945205479452,-0.2984258890332208,0.1973490871920519
3873,-3.006083879935852,0.9454565374808711,-0.7349773646354163,0.8688084209126343,0.5644286657451735,True,0.0007958224260274633,0.0012338295517154941,0.011767363314449717,0.004753730212824718,982,,`ftol` termination condition is satisfied.,0.1013698630136986,2.345205479452055,-0.2997926874360017,0.1952206221421238
3874,-2.9912732047830892,0.945177381147854,-0.7203281280948673,0.8795440600977685,0.5621732361709795,True,0.000911969945832158,0.0012802306918914003,0.011978344073837131,0.004733156835406143,1017,,`ftol` termination condition is satisfied.,0.0986301369863013,2.3424657534246576,-0.2996156004394915,0.1956325857667022
3875,-2.9621790978027325,0.9447675772426359,-0.743324779312964,0.8820884818038708,0.5551058691464633,True,0.001064189297819041,0.0013702285474107743,0.01269760887991699,0.004996998923098163,1017,,`ftol` termination condition is satisfied.,0.0958904109589041,2.33972602739726,-0.2979352799768202,0.1969441477995158
3878,-3.0092902355072875,0.966999919766832,-0.736339620764941,0.8775742297482619,0.5579931005509877,True,0.000841218721303236,0.0012403439181980025,0.012285243251906322,0.004817446979014734,993,,`ftol` termination condition is satisfied.,0.0876712328767123,2.331506849315069,-0.2977702502117946,0.1924610966953336
3879,-3.0156505188836737,0.9704863829589638,-0.7432594352438329,0.882979241480725,0.5541078131270522,True,0.0009004703311649811,0.001285305652113882,0.012229133584908885,0.0049198440706319044,989,,`ftol` termination condition is satisfied.,0.084931506849315,2.328767123287671,-0.2996724964340953,0.1905338401291596
3880,-2.979997744902783,0.9581564219331632,-0.7639044763085192,0.8856889921455563,0.5501220299482213,True,0.0011741389110762534,0.0014735318722786405,0.01253704956805271,0.00512561586499826,960,,`ftol` termination condition is satisfied.,0.0821917808219178,2.326027397260274,-0.2980263069958273,0.1948990125684317
3881,-2.997822527720338,0.9660243515900214,-0.7491038907591592,0.8787408257421518,0.5599097606757043,True,0.0010804026713398828,0.0013018327048318868,0.011910478371299875,0.004718565768056436,1099,,`ftol` termination condition is satisfied.,0.0794520547945205,2.3232876712328765,-0.2978644495923097,0.1923718926474561
3882,-2.998351353425235,0.976985704034314,-0.7449317940812671,0.8973710764255245,0.5571524872719529,True,0.001137986610407958,0.0013338780771566076,0.011834830007966177,0.004738389325834017,1081,,`ftol` termination condition is satisfied.,0.0767123287671232,2.3205479452054796,-0.2996204246635264,0.1883583716529917
3885,-3.0095347615435086,0.965104801957475,-0.7552608961828522,0.885357111606505,0.556452186997996,True,0.0009363114081707958,0.001218039450028476,0.012567833148345925,0.004844180565782338,1065,,`ftol` termination condition is satisfied.,0.0684931506849315,2.3123287671232875,-0.2998906501207704,0.1791101974571581
3886,-3.0186900099923397,0.967765712063943,-0.7622610253731886,0.8672412130284337,0.5573310913663478,True,0.000876312273108734,0.00118669981064612,0.01265731109281539,0.004869273428285049,1055,,`ftol` termination condition is satisfied.,0.0657534246575342,2.3095890410958906,-0.2988441617662649,0.1742055581535776
3887,-3.0029697131259745,0.9519741175619366,-0.7538924644147678,0.8814172955832801,0.5549005548736615,True,0.000814192001271576,0.0011525988736581529,0.012388193117208433,0.004753422831536442,1049,,`ftol` termination condition is satisfied.,0.0630136986301369,2.3068493150684932,-0.2997235674045522,0.1634359058334136
3888,-2.977101000029275,0.9420279313309117,-0.758629595523194,0.8700127452592015,0.5579469517848613,True,0.0007751539705789735,0.0011018726395322848,0.012457866819105615,0.004709025165064956,1100,,`ftol` termination condition is satisfied.,0.0602739726027397,2.304109589041096,-0.2986272516633545,0.1620179206921997
3889,-2.9867417425275207,0.9402984243017071,-0.744995234185685,0.8979885309905528,0.5498794410914069,True,0.0009997452835011466,0.0012474654123922361,0.013721685507406309,0.005102657500021289,1085,,`ftol` termination condition is satisfied.,0.0575342465753424,2.3013698630136985,-0.2998236830465756,0.1561700374670796
3892,-2.903679352627554,0.8979573629534326,-0.745201917119483,0.8876546588954329,0.5512235676384978,True,0.0011094400115085063,0.001334416898357658,0.015151230285387552,0.005414555536805302,1097,,`ftol` termination condition is satisfied.,0.0493150684931506,2.293150684931507,-0.2978202473485665,0.158297425225645
3893,-2.9059382734453156,0.9001216944264209,-0.732654394017092,0.8855581868419915,0.5574820851017925,True,0.0010117973044708275,0.0013080650261818438,0.015099314384803705,0.005460333750154488,1083,,`ftol` termination condition is satisfied.,0.0465753424657534,2.2904109589041095,-0.2996704021581423,0.1497173424146246
3894,-2.863263897331176,0.8814535107075301,-0.6836682294493069,0.9752997476346401,0.5420197513102584,True,0.0012097880205846068,0.0014015173507235265,0.017484030696846682,0.006245863264920059,1070,,`ftol` termination condition is satisfied.,0.0438356164383561,2.287671232876712,-0.2993435106907646,0.1346547436134841
3895,-2.752511785910036,0.823709817291178,-0.7729181286642672,0.9192532234628321,0.5322374288567314,True,0.0013556248739575595,0.0017323810484441576,0.014835382319493228,0.005778907914672498,1154,,`ftol` termination condition is satisfied.,0.0410958904109589,2.2849315068493152,-0.2997739740177421,0.1871091605765301
3896,-2.7880454666326755,0.8584697703508439,-0.7884909259410144,0.8794429769475055,0.527701809889473,True,0.0009774505839969278,0.0013347679066130513,0.009687114943375118,0.004371976329380794,1156,,`ftol` termination condition is satisfied.,0.1150684931506849,2.282191780821918,-0.2985578390630471,0.1953052863481116
3900,-2.796196010845252,0.8512313547716156,-0.7919310508633874,0.9004272333145311,0.5064753787810872,True,0.0007860635953982668,0.0012528739283103197,0.00783002451861379,0.0036927585638844144,1123,,`ftol` termination condition is satisfied.,0.1041095890410958,2.271232876712329,-0.2999255254164849,0.1992364430303921
3901,-2.8681204149001998,0.8872324385184126,-0.733756899796512,0.9340886721027315,0.50933528635429,True,0.0007043126090961645,0.0012298426122075744,0.007693991289345844,0.00378254150973707,1127,,`ftol` termination condition is satisfied.,0.1013698630136986,2.2684931506849315,-0.2993695943500839,0.1999565401257554
3902,-2.8289106693658432,0.8625263535975928,-0.749136485601545,0.9206636380563193,0.505541781442118,True,0.0007847221129403195,0.0012479293160197367,0.007785109856519516,0.0037736185961130394,1114,,`ftol` termination condition is satisfied.,0.0986301369863013,2.265753424657534,-0.2989032972727197,0.199728081205926
3903,-2.8602807667909795,0.9015972913632053,-0.736905607547137,1.0027112456699177,0.48403930707488335,True,0.0006123412265764698,0.0011127843257056347,0.007535720064761963,0.0033982748725485956,1094,,`ftol` termination condition is satisfied.,0.0958904109589041,2.263013698630137,-0.299607893478467,0.1998418304818605
3906,-2.891674487190417,0.9071087115436356,-0.737607781698186,0.9825223602735422,0.4890483118179148,True,0.0006987101679239535,0.0012079267340463968,0.007985454164111434,0.003570414632147765,1090,,`ftol` termination condition is satisfied.,0.0876712328767123,2.254794520547945,-0.2982393767627457,0.1994656337696982
3907,-2.899872608049132,0.9140914439682868,-0.7384028292924388,0.9733073308125145,0.49268650541987397,True,0.000670005347879911,0.0011735022905488483,0.008343415584392135,0.0036438087538406654,1085,,`ftol` termination condition is satisfied.,0.084931506849315,2.252054794520548,-0.2994980619567877,0.1991322887153847
3908,-2.881530087364894,0.9094777147459973,-0.7444862873769494,0.975642737489821,0.4934077481387294,True,0.0006760463747646896,0.0011572069848957967,0.008858709886157654,0.003671467373925146,1085,,`ftol` termination condition is satisfied.,0.0821917808219178,2.249315068493151,-0.2999056267525544,0.1987247239196179
3909,-2.850626979031262,0.8998208680578337,-0.7717323953617377,0.9401507025405461,0.4880112732119845,True,0.0008573995393417392,0.00131568654212854,0.009362598066320019,0.003986158555851281,1075,,`ftol` termination condition is satisfied.,0.0794520547945205,2.2465753424657535,-0.2975228904698017,0.199939643727294
3910,-2.842030361923019,0.8983726121404187,-0.782164781009599,0.9345343794346258,0.47798366245332397,True,0.0010084531829834486,0.0014797613962481049,0.009810256175491567,0.0042314344593272326,1060,,`ftol` termination condition is satisfied.,0.0767123287671232,2.243835616438356,-0.2974400584047415,0.1989968279091496
3913,-2.7944161090840125,0.8738605884504248,-0.829416016917286,0.9009648104267393,0.4654050534933059,True,0.0007806777625112922,0.001282769762625219,0.009500046997931806,0.0040017130186875095,1052,,`ftol` termination condition is satisfied.,0.0684931506849315,2.2356164383561645,-0.2990292558223611,0.1994138317671678
3914,-2.7925756878556665,0.8687159385262886,-0.8132670192860736,0.9211450218313278,0.46848610538250557,True,0.0009219028572367248,0.0013593299119443786,0.011084927068312177,0.004408549609089354,1053,,`ftol` termination condition is satisfied.,0.0657534246575342,2.232876712328767,-0.2994130500778258,0.1981404742489025
3915,-2.739625966780848,0.8382223955460025,-0.8659837068924733,0.8563026683593087,0.46926632920133854,True,0.0010275996726907951,0.001440265515854181,0.011689384174017506,0.00458180920189145,1041,,`ftol` termination condition is satisfied.,0.0630136986301369,2.23013698630137,-0.2995050731986922,0.1995331058761899
3916,-2.750585289024094,0.8393269620577345,-0.847074801601672,0.8413178362625693,0.47915315670823433,True,0.0010134059213776267,0.0014352094573523144,0.01203521023966397,0.004702384423744697,1038,,`ftol` termination condition is satisfied.,0.0602739726027397,2.2273972602739724,-0.298481946663141,0.1979552127757775
3917,-2.789606738542371,0.86014439102923,-0.8213869210990721,0.8710502300875741,0.47778597556999153,True,0.0009186745710686787,0.0014147311171340455,0.012382720042312752,0.0046503769229498835,1039,,`ftol` termination condition is satisfied.,0.0575342465753424,2.2246575342465755,-0.2988589721811204,0.1982658441177332
3920,-2.8153633571713623,0.8648347481380941,-0.8150861912642833,0.8504020777442812,0.48657685346837104,True,0.0009020365887910267,0.0014345134881885927,0.011356074952412712,0.0043803669838933905,1045,,`ftol` termination condition is satisfied.,0.0493150684931506,2.216438356164383,-0.2992971562102642,0.1993507771233811
3921,-2.8359204884724916,0.865374878936346,-0.8065941734535113,0.8618204080668714,0.4877640108504663,True,0.0006735176430471135,0.0012247456463767479,0.010111192831371012,0.003982813821773696,1039,,`ftol` termination condition is satisfied.,0.0465753424657534,2.213698630136986,-0.2995750359044961,0.1997714656025432
3922,-2.820675738368241,0.8580842188007868,-0.8057494584660629,0.8292623480966104,0.49710221668090315,True,0.0007172448770959565,0.0012810555761608217,0.010922331738410694,0.004166772500139476,1041,,`ftol` termination condition is satisfied.,0.0438356164383561,2.210958904109589,-0.2979710005198202,0.1987773179125537
3923,-2.8078885308002954,0.8571400847776899,-0.790613576262109,0.8480342370083397,0.5002958953106038,True,0.0007917574557383287,0.0013196878224201241,0.011701286995466518,0.0043263627661891384,1047,,`ftol` termination condition is satisfied.,0.0410958904109589,2.208219178082192,-0.299547135911122,0.1990832147610504
3924,-2.7753463163393945,0.8431333484951089,-0.8157005816821855,0.8402785824589185,0.48988612552978844,True,0.0008124701556244326,0.0013821619558549649,0.005662417773157047,0.003251017112952885,1027,,`ftol` termination condition is satisfied.,0.1342465753424657,2.2054794520547945,-0.2982288870042526,0.1985663627931889
3927,-2.8285063870052696,0.8639764253739096,-0.7725511615489454,0.8698796165943893,0.49757311155718004,True,0.0006023917324824303,0.0011837937627628867,0.005435011314074581,0.003053829190893335,1023,,`ftol` termination condition is satisfied.,0.1260273972602739,2.197260273972603,-0.2999325841164177,0.199344029246366
3928,-2.8043007157066655,0.8531491444951889,-0.7792316642375441,0.8327421928674589,0.508819137328673,True,0.000686184071533592,0.0012175483904884707,0.005831352708082479,0.0032384762644023057,1012,,`ftol` termination condition is satisfied.,0.1232876712328767,2.1945205479452055,-0.2978982788209827,0.1991493430486285
3929,-2.859197032868318,0.8844788624030043,-0.749971029679323,0.875520380165471,0.5043663242538353,True,0.0005646137339105472,0.0011219383648064989,0.005424834298949784,0.003065222766838762,1007,,`ftol` termination condition is satisfied.,0.1205479452054794,2.191780821917808,-0.2983660084134058,0.1950660650285584
3930,-2.9037467680249174,0.909466401149965,-0.7512241155075681,0.8872148383192197,0.49786544011750117,True,0.0006362062852317077,0.0011879598106120145,0.0060038826450856154,0.0033821967197135935,984,,`ftol` termination condition is satisfied.,0.1178082191780822,2.1890410958904107,-0.297515584973804,0.1910644298448668
3931,-2.9612864853917076,0.9455137481450908,-0.7205368082184794,0.9775801106648726,0.485603146875956,True,0.0005306705916489063,0.001092887292850193,0.0059513743321140955,0.0035129524895549714,961,,`ftol` termination condition is satisfied.,0.1150684931506849,2.186301369863014,-0.2998261141187514,0.1820750452010289
3934,-2.998185139954999,0.9598262646551311,-0.7189194078425449,0.929884642299135,0.5089932686748979,True,0.0004913253702782195,0.0010457319601820715,0.005502198433540248,0.0032737090276040966,931,,`ftol` termination condition is satisfied.,0.1068493150684931,2.1780821917808217,-0.2987095844103494,0.1637485098806522
3935,-2.9826378496421695,0.9467799558225339,-0.7461166716643451,0.9211651474690656,0.5027190595548321,True,0.0004755879913788678,0.0010869755011264758,0.0049119512750986,0.003125651510146603,941,,`ftol` termination condition is satisfied.,0.1041095890410958,2.175342465753425,-0.2999840034820525,0.1723963580817334
3936,-2.9746275804203,0.9455377367310595,-0.7578145603884158,0.9317758682799996,0.4944499088814817,True,0.00036596857662658973,0.0009329413391363312,0.004079201766733242,0.0027298871300592714,945,,`ftol` termination condition is satisfied.,0.1013698630136986,2.1726027397260275,-0.2993233440596315,0.1796211129152544
3937,-2.9625961696120693,0.9389454942057446,-0.7678698104937041,0.8965670679633962,0.5040775831687833,True,0.0004825242210368515,0.001028443140593104,0.004083031436315944,0.0028274414599357427,1049,,`ftol` termination condition is satisfied.,0.0986301369863013,2.16986301369863,-0.2979820568060852,0.1810423526530383
3938,-2.932641528927705,0.926189005294009,-0.7845997289954735,0.8769387278294921,0.503890457839329,True,0.0005688300532266852,0.0010771440842099606,0.004464848601815009,0.0030411330735493456,1014,,`ftol` termination condition is satisfied.,0.0958904109589041,2.1671232876712327,-0.2999255562049289,0.1838135036152067
3941,-2.8670552321257134,0.9078209076096156,-0.8040293980136459,0.8573919230828402,0.5049711753435918,True,0.0006122497240450969,0.0011659257979605043,0.00397561519071258,0.002759793354793185,1076,,`ftol` termination condition is satisfied.,0.0876712328767123,2.158904109589041,-0.2983491681697429,0.1957756029044028
3942,-2.8755313424860605,0.9082835202609912,-0.809925374761245,0.8495089651640266,0.5069141615518856,True,0.0006408357646818239,0.0011625657289103058,0.00395287972096524,0.0028899520848176073,1066,,`ftol` termination condition is satisfied.,0.084931506849315,2.1561643835616437,-0.2979465290562506,0.1930186692576929
3943,-2.9039416542258754,0.9254444242967851,-0.8278336240047118,0.823967463887085,0.5074337001859733,True,0.0004713170165399004,0.0010242401483065947,0.0034629720458965074,0.0024880128333230654,1059,,`ftol` termination condition is satisfied.,0.0821917808219178,2.1534246575342464,-0.2986123637405757,0.1930934414740488
3944,-2.928429216074271,0.9237316472978468,-0.8191011650195424,0.8210253505409675,0.5137286712215966,True,0.0003951163574371563,0.0009461363703049799,0.0033532868308901354,0.0023934751457639464,1042,,`ftol` termination condition is satisfied.,0.0794520547945205,2.1506849315068495,-0.295868270244707,0.1881602393753657
3945,-2.9510440990234668,0.9270161646559404,-0.8329082752399525,0.7737176550697773,0.5267935999149316,True,0.00044859353837693364,0.001017391613360107,0.0037448365260817026,0.002573517892843674,1038,,`ftol` termination condition is satisfied.,0.0767123287671232,2.147945205479452,-0.2969930067559978,0.1872575580418977
3948,-2.85556250645601,0.8716134534884988,-0.8503079755561355,0.695137936325416,0.5509500776397263,True,0.00044337919179530196,0.0010126867759160602,0.003947892346006127,0.002531997659628096,1061,,`ftol` termination condition is satisfied.,0.0684931506849315,2.1397260273972605,-0.299642401174858,0.1989879494973144
3949,-2.8560527048117375,0.8565469182457451,-0.8519901022096854,0.6924793632896977,0.5535481218335635,True,0.00045159345816982036,0.001015826768336969,0.00391497624375585,0.0024449153775136147,1064,,`ftol` termination condition is satisfied.,0.0657534246575342,2.136986301369863,-0.2958459687476631,0.1985145235207799
3950,-2.7006851445647384,0.7597456867242308,-0.9239589915096253,0.5890335792371214,0.5804888305763635,True,0.0005401178449260075,0.0010810185480586286,0.005139686303163355,0.00286855103921636,1073,,`ftol` termination condition is satisfied.,0.0630136986301369,2.1342465753424658,-0.2978162841394036,0.1994928320166631
3951,-2.7537076506218403,0.7992513553938412,-0.8864216106139994,0.6144716247016705,0.5790019270988712,True,0.0005332006751256042,0.0011113391859773835,0.004803426587030001,0.0027692731132089627,1050,,`ftol` termination condition is satisfied.,0.0602739726027397,2.1315068493150684,-0.2998170795418264,0.1999007270284342
3952,-2.7484487137097404,0.7934488062972267,-0.9020889798326354,0.5731512653981969,0.5924354531950603,True,0.0007646632042096231,0.0012326958681855885,0.0050274946141516995,0.003221766671861962,1042,,`ftol` termination condition is satisfied.,0.0575342465753424,2.128767123287671,-0.2992650783726726,0.198981763186458
3955,-2.812979997387865,0.8181125817707389,-0.8472019247293354,0.5922628245627997,0.6011426562968891,True,0.0005088390323579064,0.0010523436674367173,0.005304189212765831,0.003020556465354015,1038,,`ftol` termination condition is satisfied.,0.0493150684931506,2.1205479452054794,-0.2992308819400973,0.1982765786055917
3956,-2.872071885148646,0.8564422266096695,-0.7831390928837444,0.6634149158747815,0.5849227510571455,True,0.0004689941418153738,0.001040143445830092,0.006427449465982277,0.0033285029084329336,1040,,`ftol` termination condition is satisfied.,0.0465753424657534,2.117808219178082,-0.2968925223005554,0.1998792565265105
3957,-2.9870998516286926,0.939261172559922,-0.744056115389033,0.7258006593102494,0.582218180198205,True,0.00040530964665971223,0.001017742420970534,0.004457926259655783,0.0026458909455971203,1004,,`ftol` termination condition is satisfied.,0.0438356164383561,2.115068493150685,-0.2996959509845208,0.1912353941174226
3958,-2.9978366278804955,0.9480051484011983,-0.7369945546525039,0.8169548912924827,0.54999436382016,True,0.00033355038538298345,0.0008875982891756946,0.004051150818639048,0.002399487266697711,982,,`ftol` termination condition is satisfied.,0.0410958904109589,2.112328767123288,-0.2995295870583933,0.1692478004640978
3959,-3.0283034531843422,0.9666514738569058,-0.7547590562436234,0.8334942023890701,0.5292438420225206,True,0.0003812430655749373,0.0009386526514276367,0.0042078731473974024,0.002586381435455989,948,,`ftol` termination condition is satisfied.,0.1150684931506849,2.1095890410958904,-0.2976599428112039,0.1711174447112873
3962,-3.08600535700466,0.9899760994884069,-0.7470090956615699,0.8970833514533101,0.519047564170218,True,0.00037710141766739017,0.0010164099565777404,0.0041072739009358145,0.0025149213810857244,923,,`ftol` termination condition is satisfied.,0.1068493150684931,2.1013698630136988,-0.2965962578695113,0.15790327039317
3963,-3.0917072138133204,1.004257911886354,-0.7504600544706418,0.8590673166125279,0.5372494147483973,True,0.0003431643940780976,0.0009418281712277267,0.004303125874959146,0.002623629947026198,921,,`ftol` termination condition is satisfied.,0.1041095890410958,2.0986301369863014,-0.2994261424903343,0.1595950700867922
3964,-3.119761043854717,1.029916473147577,-0.7344927819840427,0.8705497344934315,0.5375954726273463,True,0.0003952233905271295,0.0010273800226983524,0.004549693179348399,0.0029211419612201303,899,,`ftol` termination condition is satisfied.,0.1013698630136986,2.095890410958904,-0.2978251482769449,0.1515341533884447
3965,-3.062961207083341,1.0009423332867602,-0.7392910506235313,0.8445533806391072,0.5470160517870324,True,0.00030390715292458214,0.00088206247167138,0.0036787501338780017,0.0023156303184584683,915,,`ftol` termination condition is satisfied.,0.0986301369863013,2.0931506849315067,-0.2975064064951654,0.161514806081961
3966,-3.108897550493588,1.0319701832783401,-0.7313384962118938,0.8797600330834573,0.5350985795740846,True,0.0002884990136056344,0.0008713628368042851,0.004458612072869395,0.0026851384846438087,893,,`ftol` termination condition is satisfied.,0.0958904109589041,2.0904109589041098,-0.2995419970036593,0.1493586266508678
3969,-3.1173016510058456,1.0458334087636516,-0.7347871352646019,0.8889401468533902,0.5306091542163602,True,0.0003383273176333479,0.0009511135086053544,0.005298266416878653,0.0031043692556763708,873,,`ftol` termination condition is satisfied.,0.0876712328767123,2.0821917808219177,-0.2998019211500754,0.1353249514187544
3970,-3.103928968731821,1.0472803048957455,-0.7591644037112777,0.8724608084278224,0.5286406952246623,True,0.00031846999191343,0.0009649495006947937,0.0048581751850173835,0.0029155119162595855,871,,`ftol` termination condition is satisfied.,0.084931506849315,2.0794520547945203,-0.2986663452884174,0.1411235053608215
3971,-3.063108746191728,1.013866574602343,-0.7830404472221366,0.8102109329956031,0.5401725131386432,True,0.0006344814326519836,0.0012872980654481437,0.00547795284832927,0.0033563153856088546,886,,`ftol` termination condition is satisfied.,0.0821917808219178,2.0767123287671234,-0.2997824381891479,0.1542459224281941
3972,-3.0900884779774427,1.0232008252992129,-0.7752617977318145,0.8442292985711948,0.5308371366529161,True,0.00041036827461552724,0.0009464255996030291,0.00542128519438517,0.003160238873257618,982,,`ftol` termination condition is satisfied.,0.0794520547945205,2.073972602739726,-0.2987704119859438,0.1505888896794458
3973,-3.0634741950868483,1.0138505394499069,-0.7720487788127691,0.8368400626384522,0.5327355745479654,True,0.00041453205178690686,0.0009372655231738745,0.0053041285441599445,0.0031792843687657216,995,,`ftol` termination condition is satisfied.,0.0767123287671232,2.0712328767123287,-0.2993739669258499,0.1596472456512766
3976,-3.103475184859309,1.0317238198623455,-0.7748241275936789,0.8323171716469157,0.5376694643416075,True,0.000440408889884011,0.0009796436807937075,0.005622746375183419,0.0033425664165534527,966,,`ftol` termination condition is satisfied.,0.0684931506849315,2.063013698630137,-0.2989128941429557,0.150446407522434
3977,-3.141929347019675,1.0529424578209616,-0.7570443695420881,0.8507632605351434,0.5405370096734791,True,0.00039537419652169934,0.0009370876542738417,0.0057667365942191545,0.0033130062219197637,940,,`ftol` termination condition is satisfied.,0.0657534246575342,2.0602739726027397,-0.2984152342389252,0.1339228107183532
3978,-3.1497464586496235,1.0652043489122498,-0.7689548437013602,0.8554199800931014,0.5343611567208465,True,0.00038182372875133304,0.0009411070142026715,0.0057475565114465275,0.0033558851525622812,932,,`gtol` termination condition is satisfied.,0.0630136986301369,2.0575342465753423,-0.2990566891750834,0.1358269140920159
3980,-3.1441091665632435,1.0604448493334222,-0.7991885114812735,0.8202408960555192,0.5325983176618225,True,0.00048673902228115145,0.0010599365802126776,0.005705770941985454,0.003463200897550149,923,,`ftol` termination condition is satisfied.,0.0575342465753424,2.052054794520548,-0.2991922477500905,0.1330641527690684
3983,-3.1493572040069076,1.059687878126117,-0.7978423650856865,0.8195057816420417,0.5322507772815396,True,0.00035771535700412677,0.0009311211561051145,0.005249696614908217,0.0032272622290093673,909,,`ftol` termination condition is satisfied.,0.0493150684931506,2.043835616438356,-0.2990138514651426,0.1362470775509892
3984,-3.138440744271402,1.0592241953401504,-0.7956997433749748,0.8456685856149344,0.5223248891318993,True,0.0003023173862366594,0.0008610731608730709,0.0053740928110726305,0.003195245286601194,902,,`ftol` termination condition is satisfied.,0.0465753424657534,2.041095890410959,-0.2980298084472564,0.1278471060373452
3985,-3.13467243385567,1.0603120423527717,-0.8085000389121099,0.7922905800324478,0.5362691122853587,True,0.0003563663542420162,0.0009371624453020055,0.005511797100708969,0.0032696933656146407,894,,`ftol` termination condition is satisfied.,0.0438356164383561,2.0383561643835617,-0.2992713811786456,0.1245732520556211
3986,-3.1441136845020425,1.065376276953051,-0.7928724312093997,0.8107328333993133,0.5393431332066854,True,0.0003539217226056564,0.0009508121877465276,0.005564935470506565,0.003249656757079292,892,,`ftol` termination condition is satisfied.,0.0410958904109589,2.0356164383561643,-0.2992297795700972,0.1246657820816245
3987,-3.154473726769594,1.0759086611767092,-0.7945645466646597,0.8303508217677277,0.5348534202910997,True,0.00032646599808916607,0.0009109598464948555,0.004914057309534386,0.002987053443010819,863,,`ftol` termination condition is satisfied.,0.1150684931506849,2.032876712328767,-0.2971156292537733,0.1192835631990615
3990,-3.1433187389604687,1.0630836026582406,-0.7960885859315301,0.8208012780061613,0.5409059963330197,True,0.0003699278167653004,0.0009655482270892749,0.005097971494321328,0.003082613248227593,859,,`ftol` termination condition is satisfied.,0.1068493150684931,2.0246575342465754,-0.2970030009376777,0.1193212863427796
3991,-3.1693351271043126,1.0766818087325642,-0.8196218936630786,0.8029505741181933,0.5422680188406405,True,0.0004498934871743466,0.0010722831055515,0.005821612821197404,0.0035598829458662294,845,,`ftol` termination condition is satisfied.,0.1041095890410958,2.021917808219178,-0.2984259032732256,0.1162874682069732
3992,-3.127514471083888,1.0427047760444859,-0.8465714562852381,0.7622060718011068,0.5457366080379049,True,0.0005407110479077058,0.001173712244627475,0.005828858432042845,0.003616638951256449,864,,`ftol` termination condition is satisfied.,0.1013698630136986,2.0191780821917806,-0.2988036781760765,0.124930126214833
3993,-3.1117810417357608,1.0340477239614152,-0.8434158318713213,0.7795975006654506,0.540298312736929,True,0.0005336358865974103,0.0011637608997743351,0.0059417319497009685,0.003677635936932451,862,,`ftol` termination condition is satisfied.,0.0986301369863013,2.0164383561643837,-0.2987361392936475,0.1269197852271177
3994,-3.082690510343706,1.0251241687607224,-0.854931972884385,0.7679042106364056,0.5429678370901524,True,0.00046479709224505575,0.0010663361638941341,0.005509701596117065,0.003381619153914846,866,,`ftol` termination condition is satisfied.,0.0958904109589041,2.0136986301369864,-0.2984301670132476,0.1273735647445376
3997,-3.0485935321965014,1.0147098582825949,-0.8639839647778271,0.7703173094244242,0.5437020262949388,True,0.0005421835799067529,0.0011066094464456532,0.005082710639865466,0.0031120784637822347,986,,`ftol` termination condition is satisfied.,0.0876712328767123,2.0054794520547947,-0.2992945809366694,0.1310165257580256
3998,-3.096050887152559,1.0385020331862476,-0.8660757161358218,0.7678315094954463,0.5506539524412645,True,0.0005993809889968608,0.0011717023234644665,0.005835732780730208,0.0035617728161019477,954,,`ftol` termination condition is satisfied.,0.084931506849315,2.002739726027398,-0.2998831893341424,0.1194399314185078
3999,-3.115835452152606,1.0516310515962617,-0.8594666869058719,0.7679712360422711,0.5498496374612614,True,0.0006146811893751357,0.0011562300991117187,0.006219259620600053,0.003722902907356059,943,,`ftol` termination condition is satisfied.,0.0821917808219178,2.0,-0.2997264739034496,0.1167661145520257
4000,-3.13158480398247,1.0556201820047668,-0.8660864929228239,0.7595442385420105,0.5513680162070226,True,0.0007035516879053341,0.0020185934360524216,0.006411421994887086,0.0037460335943972577,1045,,`ftol` termination condition is satisfied.,0.0794520547945205,2.9945205479452053,-0.2996664620514904,0.122141214193953
4001,-3.1233086970107706,1.0471750806941658,-0.9132687544713384,0.7255627080646198,0.5458829531988978,True,0.0007498585462945091,0.0022251710489669704,0.006903822734178806,0.0039512877168357465,1038,,`ftol` termination condition is satisfied.,0.0767123287671232,2.9917808219178084,-0.2993087532719104,0.1221967246206883
4004,-3.0562701664373066,1.0195238555677717,-0.9035947810953419,0.7143497301906211,0.5559419254146472,True,0.00044883756325553444,0.0010347454544039842,0.004805148097040138,0.002807501654642787,1057,,`ftol` termination condition is satisfied.,0.0684931506849315,1.9863013698630136,-0.2974143678759329,0.1193601660885374
4005,-3.056076868717727,1.013314888576063,-0.9128220078494053,0.7273528489995976,0.5489439200872656,True,0.000696228012309813,0.002584686132936307,0.005705449387102885,0.003308381326563219,1170,,`ftol` termination condition is satisfied.,0.0657534246575342,2.9808219178082194,-0.2997049200281,0.1299863948226832
4006,-3.0905762053091546,1.0298817253186692,-0.9114229019181758,0.7233450119324325,0.5526179047342455,True,0.0007475707454829964,0.002149396518498726,0.005920178043843788,0.003443370604819503,1156,,`ftol` termination condition is satisfied.,0.0630136986301369,2.978082191780822,-0.2995694996047643,0.1291535134429958
4007,-3.1235399229079235,1.0461148877587636,-0.9169062663745986,0.731940694151164,0.5480322541743984,True,0.0008283107257604702,0.0019520375764974446,0.006850422218317906,0.003886003159775506,1139,,`ftol` termination condition is satisfied.,0.0602739726027397,2.9753424657534246,-0.2995619881117691,0.1249987917235994
4011,-3.1393555614734994,1.0497686817927239,-0.9145373114904768,0.7373859963114763,0.5512315091559956,True,0.0008102488061175029,0.0020056271380014786,0.006899634281521028,0.0039032131394310826,1106,,`ftol` termination condition is satisfied.,0.0493150684931506,2.9643835616438357,-0.299217274950616,0.1146554251807337
4012,-3.0894548627637572,1.0240620460215921,-0.9206835964424734,0.7294295796721121,0.5518112828925078,True,0.0008004254476175698,0.002028380538707981,0.006901459807628997,0.0037907347649134586,1117,,`ftol` termination condition is satisfied.,0.0465753424657534,2.9616438356164383,-0.2989009611723674,0.1158727881218092
4013,-3.105722700300637,1.0294630622550631,-0.9455780577330637,0.7091998478346853,0.5485428720657953,True,0.0009101714941787465,0.0023696938823082087,0.006948357395407471,0.004008678540082288,1109,,`ftol` termination condition is satisfied.,0.0438356164383561,2.958904109589041,-0.2986434403647957,0.1165928688444307
4014,-3.116864435831555,1.037666715011301,-0.9500000124396992,0.6990527806731874,0.555484364398142,True,0.000913311594195386,0.0021274984998801163,0.00710996994451761,0.004129568818387069,1088,,`ftol` termination condition is satisfied.,0.0410958904109589,2.956164383561644,-0.2987778086539094,0.1099365637296835
