Date,rate1month,rate3month,rate6month,rate1year,rate2year,rate3year
2009-12-01,0.09,0.06,0.15,0.26,0.67,1.14
2009-12-02,0.08,0.05,0.15,0.28,0.72,1.19
2009-12-03,0.09,0.06,0.16,0.3,0.74,1.23
2009-12-04,0.08,0.06,0.17,0.36,0.84,1.34
2009-12-07,0.07,0.04,0.16,0.32,0.78,1.26
2009-12-08,0.02,0.03,0.15,0.29,0.73,1.21
2009-12-09,0.01,0.03,0.14,0.31,0.76,1.23
2009-12-10,0.01,0.02,0.15,0.32,0.78,1.26
2009-12-11,0.01,0.03,0.16,0.35,0.83,1.3
2009-12-14,0.02,0.04,0.16,0.37,0.87,1.35
2009-12-15,0.02,0.05,0.17,0.41,0.88,1.38
2009-12-16,0.02,0.04,0.17,0.38,0.85,1.36
2009-12-17,0.01,0.04,0.15,0.35,0.77,1.27
2009-12-18,0.01,0.05,0.16,0.36,0.82,1.32
2009-12-21,0.01,0.08,0.17,0.4,0.89,1.42
2009-12-22,0.01,0.08,0.18,0.41,0.95,1.48
2009-12-23,0.01,0.07,0.17,0.41,0.96,1.51
2009-12-24,0.02,0.05,0.18,0.43,1.0,1.56
2009-12-25,0.02,0.05,0.18,0.43,1.0,1.56
2009-12-28,0.03,0.11,0.2,0.47,1.09,1.63
2009-12-29,0.02,0.1,0.2,0.47,1.09,1.64
2009-12-30,0.02,0.05,0.19,0.45,1.08,1.65
2009-12-31,0.04,0.06,0.2,0.47,1.14,1.7
2010-01-01,0.04,0.06,0.2,0.47,1.14,1.7
2010-01-04,0.05,0.08,0.18,0.45,1.09,1.66
2010-01-05,0.03,0.07,0.17,0.41,1.01,1.57
2010-01-06,0.03,0.06,0.15,0.4,1.01,1.6
2010-01-07,0.02,0.05,0.16,0.4,1.03,1.62
2010-01-08,0.02,0.05,0.15,0.37,0.96,1.56
2010-01-11,0.01,0.04,0.13,0.35,0.95,1.55
2010-01-12,0.02,0.05,0.14,0.34,0.92,1.5
2010-01-13,0.02,0.06,0.15,0.37,0.97,1.54
2010-01-14,0.02,0.05,0.14,0.34,0.94,1.49
2010-01-15,0.03,0.06,0.15,0.33,0.89,1.44
2010-01-18,0.03,0.06,0.15,0.33,0.89,1.44
2010-01-19,0.03,0.06,0.14,0.33,0.93,1.48
2010-01-20,0.03,0.05,0.14,0.31,0.92,1.46
2010-01-21,0.02,0.06,0.14,0.31,0.87,1.41
2010-01-22,0.02,0.06,0.14,0.3,0.84,1.39
2010-01-25,0.02,0.06,0.14,0.3,0.86,1.4
2010-01-26,0.02,0.07,0.14,0.32,0.87,1.4
2010-01-27,0.01,0.08,0.16,0.33,0.9,1.46
2010-01-28,0.01,0.08,0.15,0.31,0.87,1.44
2010-01-29,0.02,0.08,0.15,0.3,0.82,1.38
2010-02-01,0.05,0.1,0.17,0.33,0.86,1.41
2010-02-02,0.04,0.1,0.17,0.33,0.86,1.41
2010-02-03,0.05,0.1,0.17,0.35,0.88,1.44
2010-02-04,0.04,0.09,0.16,0.32,0.8,1.34
2010-02-05,0.03,0.1,0.17,0.31,0.77,1.28
2010-02-08,0.04,0.12,0.17,0.32,0.79,1.3
2010-02-09,0.05,0.12,0.18,0.34,0.84,1.37
2010-02-10,0.06,0.11,0.19,0.38,0.91,1.44
2010-02-11,0.05,0.11,0.18,0.38,0.91,1.43
2010-02-12,0.04,0.1,0.18,0.35,0.84,1.38
2010-02-15,0.04,0.1,0.18,0.35,0.84,1.38
2010-02-16,0.04,0.1,0.18,0.34,0.82,1.36
2010-02-17,0.07,0.1,0.18,0.35,0.87,1.42
2010-02-18,0.07,0.1,0.18,0.37,0.9,1.47
2010-02-19,0.06,0.11,0.2,0.39,0.95,1.51
2010-02-22,0.06,0.11,0.19,0.37,0.91,1.48
2010-02-23,0.08,0.12,0.2,0.36,0.87,1.42
2010-02-24,0.08,0.12,0.19,0.34,0.87,1.42
2010-02-25,0.09,0.13,0.19,0.32,0.82,1.38
2010-02-26,0.09,0.13,0.19,0.32,0.81,1.36
2010-03-01,0.09,0.13,0.19,0.32,0.8,1.34
2010-03-02,0.09,0.14,0.19,0.32,0.8,1.33
2010-03-03,0.09,0.14,0.19,0.33,0.82,1.34
2010-03-04,0.09,0.14,0.19,0.35,0.86,1.38
2010-03-05,0.11,0.15,0.2,0.38,0.91,1.43
2010-03-08,0.11,0.16,0.21,0.39,0.9,1.43
2010-03-09,0.12,0.16,0.21,0.37,0.89,1.43
2010-03-10,0.12,0.15,0.21,0.39,0.92,1.45
2010-03-11,0.12,0.16,0.22,0.4,0.97,1.5
2010-03-12,0.1,0.15,0.24,0.41,0.97,1.5
2010-03-15,0.12,0.17,0.24,0.4,0.96,1.49
2010-03-16,0.14,0.16,0.24,0.41,0.93,1.47
2010-03-17,0.13,0.15,0.23,0.41,0.95,1.47
2010-03-18,0.14,0.16,0.26,0.41,0.98,1.52
2010-03-19,0.13,0.16,0.25,0.42,1.02,1.56
2010-03-22,0.13,0.15,0.24,0.41,1.01,1.54
2010-03-23,0.11,0.14,0.23,0.4,1.02,1.55
2010-03-24,0.12,0.14,0.23,0.44,1.08,1.67
2010-03-25,0.12,0.14,0.25,0.44,1.1,1.69
2010-03-26,0.11,0.14,0.25,0.43,1.04,1.64
2010-03-29,0.11,0.15,0.24,0.42,1.04,1.65
2010-03-30,0.13,0.16,0.24,0.44,1.06,1.65
2010-03-31,0.15,0.16,0.24,0.41,1.02,1.6
2010-04-01,0.16,0.16,0.24,0.42,1.05,1.63
2010-04-02,0.15,0.16,0.26,0.46,1.11,1.7
2010-04-05,0.16,0.18,0.27,0.48,1.18,1.77
2010-04-06,0.17,0.17,0.26,0.49,1.14,1.74
2010-04-07,0.16,0.17,0.25,0.47,1.06,1.66
2010-04-08,0.16,0.17,0.24,0.46,1.09,1.68
2010-04-09,0.16,0.16,0.25,0.46,1.08,1.68
2010-04-12,0.15,0.16,0.24,0.46,1.07,1.65
2010-04-13,0.15,0.16,0.24,0.45,1.07,1.65
2010-04-14,0.15,0.16,0.24,0.45,1.07,1.65
2010-04-15,0.16,0.16,0.23,0.43,1.04,1.62
2010-04-16,0.15,0.16,0.24,0.41,0.98,1.56
2010-04-19,0.15,0.16,0.23,0.43,1.01,1.59
2010-04-20,0.14,0.16,0.24,0.42,1.05,1.62
2010-04-21,0.14,0.15,0.23,0.44,1.03,1.6
2010-04-22,0.15,0.16,0.24,0.45,1.07,1.64
2010-04-23,0.14,0.16,0.26,0.46,1.1,1.68
2010-04-26,0.14,0.16,0.25,0.47,1.09,1.67
2010-04-27,0.14,0.16,0.24,0.42,1.03,1.55
2010-04-28,0.14,0.16,0.24,0.43,1.03,1.61
2010-04-29,0.15,0.17,0.23,0.42,1.01,1.58
2010-04-30,0.14,0.16,0.25,0.41,0.97,1.51
2010-05-03,0.14,0.17,0.25,0.43,1.0,1.56
2010-05-04,0.15,0.16,0.24,0.43,0.96,1.49
2010-05-05,0.14,0.15,0.22,0.39,0.88,1.43
2010-05-06,0.06,0.11,0.16,0.34,0.75,1.27
2010-05-07,0.08,0.13,0.21,0.38,0.83,1.32
2010-05-10,0.13,0.16,0.22,0.39,0.87,1.4
2010-05-11,0.15,0.16,0.23,0.38,0.85,1.37
2010-05-12,0.16,0.16,0.22,0.4,0.89,1.4
2010-05-13,0.15,0.16,0.22,0.4,0.87,1.37
2010-05-14,0.15,0.16,0.22,0.34,0.79,1.28
2010-05-17,0.16,0.16,0.23,0.36,0.81,1.3
2010-05-18,0.17,0.17,0.23,0.35,0.76,1.23
2010-05-19,0.17,0.17,0.23,0.35,0.8,1.26
2010-05-20,0.17,0.17,0.22,0.34,0.76,1.2
2010-05-21,0.17,0.17,0.24,0.35,0.76,1.19
2010-05-24,0.16,0.17,0.23,0.35,0.77,1.21
2010-05-25,0.16,0.17,0.22,0.36,0.81,1.21
2010-05-26,0.16,0.17,0.23,0.37,0.82,1.28
2010-05-27,0.16,0.17,0.23,0.37,0.87,1.35
2010-05-28,0.15,0.16,0.22,0.34,0.76,1.26
2010-05-31,0.15,0.16,0.22,0.34,0.76,1.26
2010-06-01,0.14,0.16,0.23,0.35,0.78,1.26
2010-06-02,0.13,0.16,0.22,0.38,0.82,1.3
2010-06-03,0.13,0.14,0.22,0.38,0.82,1.31
2010-06-04,0.12,0.14,0.22,0.34,0.72,1.17
2010-06-07,0.1,0.12,0.21,0.35,0.74,1.17
2010-06-08,0.1,0.12,0.19,0.34,0.74,1.21
2010-06-09,0.08,0.1,0.17,0.33,0.74,1.19
2010-06-10,0.06,0.1,0.18,0.34,0.79,1.27
2010-06-11,0.04,0.08,0.16,0.3,0.75,1.21
2010-06-14,0.02,0.07,0.15,0.31,0.77,1.23
2010-06-15,0.03,0.09,0.16,0.31,0.79,1.26
2010-06-16,0.06,0.1,0.17,0.3,0.75,1.22
2010-06-17,0.05,0.09,0.16,0.28,0.72,1.18
2010-06-18,0.04,0.11,0.17,0.3,0.74,1.2
2010-06-21,0.05,0.12,0.17,0.29,0.74,1.21
2010-06-22,0.08,0.13,0.18,0.29,0.71,1.15
2010-06-23,0.07,0.13,0.19,0.3,0.66,1.11
2010-06-24,0.07,0.13,0.19,0.29,0.67,1.1
2010-06-25,0.05,0.13,0.2,0.29,0.65,1.07
2010-06-28,0.07,0.17,0.22,0.3,0.62,1.03
2010-06-29,0.09,0.15,0.22,0.31,0.61,0.99
2010-06-30,0.17,0.18,0.22,0.32,0.61,1.0
2010-07-01,0.16,0.17,0.22,0.32,0.63,1.01
2010-07-02,0.16,0.17,0.22,0.31,0.63,1.04
2010-07-05,0.16,0.17,0.22,0.31,0.63,1.04
2010-07-06,0.17,0.17,0.21,0.32,0.62,1.0
2010-07-07,0.17,0.16,0.2,0.31,0.63,1.01
2010-07-08,0.17,0.15,0.19,0.3,0.63,1.01
2010-07-09,0.16,0.16,0.2,0.3,0.63,1.03
2010-07-12,0.16,0.16,0.2,0.3,0.65,1.06
2010-07-13,0.16,0.15,0.2,0.3,0.67,1.09
2010-07-14,0.16,0.15,0.19,0.27,0.62,1.02
2010-07-15,0.16,0.15,0.2,0.27,0.61,0.98
2010-07-16,0.14,0.15,0.19,0.28,0.61,0.94
2010-07-19,0.15,0.17,0.2,0.28,0.61,0.95
2010-07-20,0.16,0.16,0.19,0.27,0.61,0.94
2010-07-21,0.16,0.16,0.19,0.27,0.58,0.91
2010-07-22,0.15,0.16,0.2,0.27,0.6,0.92
2010-07-23,0.15,0.16,0.2,0.27,0.6,0.94
2010-07-26,0.15,0.16,0.2,0.29,0.62,0.97
2010-07-27,0.16,0.15,0.21,0.3,0.65,1.02
2010-07-28,0.15,0.15,0.2,0.3,0.61,0.95
2010-07-29,0.15,0.15,0.2,0.3,0.59,0.92
2010-07-30,0.14,0.15,0.2,0.29,0.55,0.84
2010-08-02,0.14,0.16,0.2,0.28,0.56,0.85
2010-08-03,0.15,0.16,0.2,0.27,0.53,0.8
2010-08-04,0.15,0.16,0.2,0.28,0.56,0.86
2010-08-05,0.15,0.15,0.19,0.27,0.53,0.81
2010-08-06,0.14,0.15,0.19,0.25,0.5,0.78
2010-08-09,0.14,0.15,0.19,0.26,0.54,0.81
2010-08-10,0.15,0.15,0.19,0.25,0.52,0.78
2010-08-11,0.15,0.15,0.19,0.25,0.54,0.78
2010-08-12,0.15,0.16,0.18,0.25,0.55,0.81
2010-08-13,0.14,0.15,0.19,0.26,0.54,0.81
2010-08-16,0.15,0.16,0.19,0.25,0.51,0.76
2010-08-17,0.16,0.17,0.19,0.26,0.52,0.78
2010-08-18,0.16,0.16,0.19,0.25,0.51,0.77
2010-08-19,0.16,0.16,0.19,0.25,0.49,0.74
2010-08-20,0.15,0.15,0.19,0.26,0.49,0.78
2010-08-23,0.15,0.16,0.19,0.25,0.49,0.76
2010-08-24,0.17,0.16,0.2,0.27,0.5,0.72
2010-08-25,0.17,0.16,0.19,0.26,0.53,0.77
2010-08-26,0.17,0.16,0.19,0.25,0.51,0.77
2010-08-27,0.17,0.15,0.19,0.27,0.56,0.83
2010-08-30,0.16,0.14,0.19,0.26,0.5,0.75
2010-08-31,0.16,0.14,0.19,0.25,0.47,0.72
2010-09-01,0.16,0.13,0.19,0.25,0.5,0.75
2010-09-02,0.15,0.14,0.18,0.25,0.5,0.76
2010-09-03,0.15,0.14,0.19,0.25,0.52,0.81
2010-09-06,0.15,0.14,0.19,0.25,0.52,0.81
2010-09-07,0.13,0.14,0.18,0.25,0.49,0.77
2010-09-08,0.1,0.14,0.19,0.24,0.52,0.8
2010-09-09,0.1,0.14,0.19,0.26,0.57,0.87
2010-09-10,0.1,0.14,0.19,0.27,0.58,0.88
2010-09-13,0.1,0.15,0.19,0.26,0.53,0.82
2010-09-14,0.11,0.15,0.2,0.26,0.5,0.77
2010-09-15,0.11,0.15,0.2,0.26,0.5,0.77
2010-09-16,0.12,0.16,0.2,0.25,0.48,0.77
2010-09-17,0.12,0.16,0.2,0.26,0.48,0.75
2010-09-20,0.12,0.17,0.2,0.26,0.47,0.73
2010-09-21,0.12,0.17,0.2,0.26,0.43,0.68
2010-09-22,0.12,0.16,0.19,0.25,0.44,0.68
2010-09-23,0.13,0.16,0.2,0.25,0.45,0.67
2010-09-24,0.09,0.15,0.19,0.25,0.45,0.69
2010-09-27,0.08,0.16,0.19,0.26,0.44,0.66
2010-09-28,0.08,0.16,0.2,0.26,0.37,0.64
2010-09-29,0.12,0.16,0.2,0.27,0.44,0.67
2010-09-30,0.14,0.16,0.19,0.27,0.42,0.64
2010-10-01,0.15,0.16,0.19,0.26,0.42,0.63
2010-10-04,0.15,0.13,0.19,0.26,0.41,0.62
2010-10-05,0.14,0.12,0.18,0.25,0.41,0.6
2010-10-06,0.14,0.13,0.17,0.24,0.38,0.57
2010-10-07,0.15,0.13,0.17,0.23,0.36,0.54
2010-10-08,0.14,0.12,0.16,0.21,0.35,0.54
2010-10-11,0.14,0.12,0.16,0.21,0.35,0.54
2010-10-12,0.14,0.13,0.17,0.21,0.37,0.59
2010-10-13,0.14,0.13,0.18,0.22,0.37,0.57
2010-10-14,0.15,0.14,0.17,0.22,0.38,0.6
2010-10-15,0.14,0.14,0.17,0.22,0.37,0.59
2010-10-18,0.14,0.15,0.18,0.23,0.38,0.55
2010-10-19,0.14,0.14,0.18,0.22,0.37,0.54
2010-10-20,0.14,0.14,0.17,0.22,0.35,0.52
2010-10-21,0.13,0.13,0.18,0.22,0.37,0.52
2010-10-22,0.13,0.13,0.18,0.21,0.35,0.54
2010-10-25,0.13,0.14,0.18,0.23,0.37,0.55
2010-10-26,0.14,0.14,0.18,0.23,0.4,0.59
2010-10-27,0.14,0.14,0.18,0.23,0.4,0.64
2010-10-28,0.14,0.13,0.18,0.23,0.37,0.56
2010-10-29,0.14,0.12,0.17,0.22,0.34,0.51
2010-11-01,0.14,0.13,0.16,0.22,0.34,0.5
2010-11-02,0.13,0.13,0.16,0.22,0.34,0.51
2010-11-03,0.13,0.13,0.16,0.22,0.34,0.49
2010-11-04,0.13,0.13,0.17,0.21,0.33,0.45
2010-11-05,0.13,0.13,0.16,0.22,0.38,0.51
2010-11-08,0.12,0.13,0.16,0.22,0.41,0.59
2010-11-09,0.11,0.13,0.16,0.24,0.46,0.66
2010-11-10,0.12,0.13,0.16,0.24,0.44,0.63
2010-11-11,0.12,0.13,0.16,0.24,0.44,0.63
2010-11-12,0.11,0.13,0.17,0.27,0.51,0.73
2010-11-15,0.12,0.14,0.19,0.29,0.53,0.81
2010-11-16,0.13,0.15,0.19,0.27,0.51,0.79
2010-11-17,0.13,0.14,0.19,0.26,0.5,0.77
2010-11-18,0.13,0.15,0.19,0.26,0.52,0.77
2010-11-19,0.12,0.14,0.19,0.27,0.52,0.78
2010-11-22,0.12,0.15,0.2,0.26,0.49,0.72
2010-11-23,0.15,0.15,0.2,0.26,0.45,0.69
2010-11-24,0.16,0.16,0.2,0.28,0.53,0.81
2010-11-25,0.16,0.16,0.2,0.28,0.53,0.81
2010-11-26,0.16,0.16,0.21,0.28,0.51,0.78
2010-11-29,0.16,0.18,0.21,0.28,0.52,0.77
2010-11-30,0.18,0.17,0.21,0.27,0.45,0.72
2010-12-01,0.17,0.16,0.2,0.28,0.53,0.84
2010-12-02,0.16,0.16,0.19,0.29,0.55,0.86
2010-12-03,0.14,0.14,0.19,0.26,0.49,0.8
2010-12-06,0.14,0.15,0.19,0.26,0.42,0.73
2010-12-07,0.08,0.14,0.19,0.28,0.54,0.87
2010-12-08,0.08,0.15,0.18,0.3,0.63,0.97
2010-12-09,0.09,0.14,0.18,0.3,0.64,0.99
2010-12-10,0.09,0.13,0.18,0.29,0.64,1.03
2010-12-13,0.1,0.15,0.19,0.29,0.61,0.98
2010-12-14,0.09,0.15,0.2,0.3,0.66,1.06
2010-12-15,0.08,0.14,0.2,0.3,0.68,1.08
2010-12-16,0.08,0.13,0.19,0.31,0.66,1.05
2010-12-17,0.05,0.11,0.18,0.3,0.61,0.99
2010-12-20,0.04,0.14,0.19,0.3,0.62,1.01
2010-12-21,0.09,0.14,0.19,0.3,0.63,1.02
2010-12-22,0.07,0.14,0.2,0.3,0.65,1.05
2010-12-23,0.07,0.14,0.19,0.3,0.67,1.1
2010-12-24,0.07,0.14,0.19,0.3,0.67,1.1
2010-12-27,0.06,0.17,0.22,0.32,0.71,1.11
2010-12-28,0.08,0.15,0.21,0.31,0.75,1.17
2010-12-29,0.05,0.13,0.2,0.3,0.64,1.05
2010-12-30,0.05,0.12,0.2,0.29,0.66,1.07
2010-12-31,0.07,0.12,0.19,0.29,0.61,1.02
2011-01-03,0.11,0.15,0.19,0.29,0.61,1.03
2011-01-04,0.12,0.14,0.19,0.28,0.63,1.04
2011-01-05,0.13,0.14,0.19,0.31,0.71,1.16
2011-01-06,0.13,0.15,0.18,0.3,0.68,1.11
2011-01-07,0.13,0.14,0.18,0.29,0.6,1.02
2011-01-10,0.14,0.15,0.18,0.29,0.59,0.99
2011-01-11,0.15,0.15,0.19,0.28,0.6,1.03
2011-01-12,0.15,0.15,0.18,0.26,0.61,1.03
2011-01-13,0.15,0.15,0.18,0.26,0.59,1.0
2011-01-14,0.14,0.15,0.18,0.27,0.59,1.0
2011-01-17,0.14,0.15,0.18,0.27,0.59,1.0
2011-01-18,0.15,0.16,0.19,0.26,0.6,1.0
2011-01-19,0.16,0.16,0.19,0.27,0.6,0.98
2011-01-20,0.15,0.16,0.19,0.27,0.65,1.07
2011-01-21,0.15,0.16,0.19,0.27,0.63,1.05
2011-01-24,0.15,0.16,0.18,0.28,0.65,1.05
2011-01-25,0.15,0.16,0.18,0.27,0.62,1.0
2011-01-26,0.15,0.16,0.18,0.27,0.62,1.05
2011-01-27,0.13,0.15,0.17,0.25,0.59,1.0
2011-01-28,0.13,0.15,0.15,0.24,0.54,0.96
2011-01-31,0.15,0.15,0.17,0.26,0.58,0.98
2011-02-01,0.16,0.15,0.18,0.27,0.61,1.04
2011-02-02,0.15,0.16,0.18,0.28,0.67,1.12
2011-02-03,0.14,0.14,0.18,0.29,0.71,1.19
2011-02-04,0.13,0.15,0.18,0.31,0.77,1.25
2011-02-07,0.13,0.16,0.18,0.31,0.78,1.28
2011-02-08,0.14,0.15,0.18,0.31,0.86,1.4
2011-02-09,0.11,0.14,0.18,0.3,0.81,1.34
2011-02-10,0.08,0.12,0.16,0.3,0.85,1.4
2011-02-11,0.08,0.12,0.16,0.3,0.85,1.4
2011-02-14,0.09,0.13,0.17,0.3,0.87,1.41
2011-02-15,0.11,0.13,0.17,0.3,0.84,1.39
2011-02-16,0.1,0.12,0.16,0.29,0.86,1.4
2011-02-17,0.08,0.09,0.15,0.27,0.8,1.33
2011-02-18,0.08,0.1,0.15,0.28,0.78,1.32
2011-02-21,0.08,0.1,0.15,0.28,0.78,1.32
2011-02-22,0.1,0.12,0.16,0.28,0.74,1.22
2011-02-23,0.12,0.12,0.16,0.27,0.74,1.25
2011-02-24,0.13,0.13,0.16,0.26,0.73,1.24
2011-02-25,0.12,0.13,0.16,0.27,0.72,1.22
2011-02-28,0.13,0.15,0.18,0.25,0.69,1.18
2011-03-01,0.07,0.14,0.16,0.25,0.66,1.15
2011-03-02,0.12,0.13,0.17,0.26,0.69,1.18
2011-03-03,0.12,0.13,0.16,0.29,0.79,1.32
2011-03-04,0.11,0.12,0.16,0.26,0.68,1.2
2011-03-07,0.1,0.11,0.16,0.25,0.7,1.22
2011-03-08,0.07,0.11,0.16,0.26,0.73,1.27
2011-03-09,0.07,0.1,0.15,0.26,0.7,1.21
2011-03-10,0.04,0.08,0.14,0.25,0.65,1.13
2011-03-11,0.04,0.08,0.13,0.24,0.64,1.12
2011-03-14,0.05,0.09,0.14,0.22,0.61,1.07
2011-03-15,0.07,0.1,0.14,0.23,0.63,1.08
2011-03-16,0.06,0.1,0.14,0.21,0.58,0.98
2011-03-17,0.06,0.08,0.14,0.24,0.6,1.02
2011-03-18,0.06,0.07,0.14,0.23,0.61,1.05
2011-03-21,0.06,0.1,0.16,0.25,0.67,1.12
2011-03-22,0.07,0.1,0.16,0.25,0.68,1.14
2011-03-23,0.06,0.09,0.15,0.24,0.69,1.13
2011-03-24,0.04,0.09,0.17,0.26,0.72,1.19
2011-03-25,0.04,0.09,0.18,0.3,0.79,1.26
2011-03-28,0.04,0.11,0.18,0.3,0.81,1.29
2011-03-29,0.06,0.1,0.17,0.31,0.81,1.31
2011-03-30,0.03,0.1,0.17,0.3,0.8,1.28
2011-03-31,0.05,0.09,0.17,0.3,0.8,1.29
2011-04-01,0.03,0.07,0.15,0.27,0.8,1.31
2011-04-04,0.02,0.06,0.13,0.24,0.77,1.24
2011-04-05,0.05,0.07,0.15,0.3,0.84,1.33
2011-04-06,0.03,0.06,0.14,0.29,0.85,1.36
2011-04-07,0.03,0.04,0.12,0.27,0.81,1.31
2011-04-08,0.02,0.04,0.12,0.27,0.83,1.34
2011-04-11,0.02,0.05,0.12,0.26,0.85,1.35
2011-04-12,0.02,0.05,0.11,0.24,0.77,1.28
2011-04-13,0.03,0.06,0.11,0.23,0.75,1.26
2011-04-14,0.04,0.07,0.13,0.25,0.77,1.27
2011-04-15,0.04,0.07,0.12,0.24,0.71,1.2
2011-04-18,0.03,0.07,0.11,0.24,0.69,1.14
2011-04-19,0.04,0.06,0.11,0.24,0.68,1.13
2011-04-20,0.04,0.06,0.11,0.24,0.69,1.17
2011-04-21,0.03,0.06,0.11,0.23,0.68,1.16
2011-04-22,0.03,0.06,0.11,0.23,0.68,1.16
2011-04-25,0.03,0.07,0.12,0.23,0.67,1.13
2011-04-26,0.02,0.07,0.11,0.22,0.65,1.09
2011-04-27,0.03,0.06,0.11,0.22,0.65,1.09
2011-04-28,0.02,0.04,0.1,0.23,0.62,1.03
2011-04-29,0.02,0.04,0.11,0.22,0.61,1.01
2011-05-02,0.02,0.05,0.1,0.22,0.61,1.01
2011-05-03,0.02,0.03,0.09,0.2,0.61,1.01
2011-05-04,0.02,0.03,0.07,0.19,0.6,1.0
2011-05-05,0.01,0.02,0.07,0.2,0.58,0.97
2011-05-06,0.02,0.02,0.07,0.18,0.57,0.96
2011-05-09,0.01,0.03,0.07,0.17,0.57,0.94
2011-05-10,0.02,0.03,0.07,0.19,0.59,1.03
2011-05-11,0.01,0.03,0.07,0.18,0.56,0.96
2011-05-12,0.01,0.02,0.07,0.18,0.57,0.98
2011-05-13,0.01,0.03,0.08,0.19,0.57,0.96
2011-05-16,0.02,0.04,0.07,0.18,0.54,0.93
2011-05-17,0.03,0.04,0.07,0.19,0.55,0.91
2011-05-18,0.03,0.05,0.08,0.19,0.58,0.97
2011-05-19,0.02,0.05,0.1,0.19,0.55,0.94
2011-05-20,0.03,0.05,0.1,0.18,0.55,0.92
2011-05-23,0.03,0.06,0.1,0.2,0.55,0.91
2011-05-24,0.04,0.06,0.11,0.2,0.56,0.91
2011-05-25,0.04,0.06,0.1,0.18,0.54,0.9
2011-05-26,0.04,0.05,0.1,0.18,0.48,0.83
2011-05-27,0.04,0.05,0.11,0.18,0.48,0.81
2011-05-30,0.04,0.05,0.11,0.18,0.48,0.81
2011-05-31,0.04,0.06,0.12,0.18,0.45,0.79
2011-06-01,0.04,0.05,0.11,0.18,0.44,0.74
2011-06-02,0.04,0.04,0.11,0.19,0.45,0.78
2011-06-03,0.04,0.04,0.1,0.18,0.42,0.75
2011-06-06,0.03,0.05,0.1,0.18,0.43,0.74
2011-06-07,0.01,0.05,0.11,0.18,0.39,0.74
2011-06-08,0.01,0.04,0.11,0.18,0.39,0.68
2011-06-09,0.02,0.05,0.1,0.19,0.43,0.73
2011-06-10,0.02,0.05,0.1,0.19,0.41,0.71
2011-06-13,0.02,0.05,0.11,0.18,0.4,0.72
2011-06-14,0.03,0.05,0.11,0.19,0.45,0.79
2011-06-15,0.02,0.05,0.11,0.19,0.38,0.68
2011-06-16,0.02,0.05,0.11,0.18,0.38,0.68
2011-06-17,0.02,0.04,0.1,0.17,0.38,0.68
2011-06-20,0.02,0.03,0.1,0.18,0.38,0.68
2011-06-21,0.01,0.03,0.1,0.18,0.4,0.69
2011-06-22,0.01,0.02,0.09,0.16,0.39,0.68
2011-06-23,0.01,0.01,0.07,0.15,0.35,0.62
2011-06-24,0.01,0.02,0.07,0.16,0.35,0.57
2011-06-27,0.01,0.02,0.1,0.18,0.41,0.64
2011-06-28,0.01,0.03,0.11,0.21,0.48,0.75
2011-06-29,0.01,0.02,0.11,0.19,0.47,0.79
2011-06-30,0.01,0.03,0.1,0.19,0.45,0.81
2011-07-01,0.01,0.02,0.1,0.2,0.5,0.85
2011-07-04,0.01,0.02,0.1,0.2,0.5,0.85
2011-07-05,0.01,0.02,0.08,0.19,0.44,0.77
2011-07-06,0.01,0.01,0.06,0.19,0.43,0.75
2011-07-07,0.03,0.03,0.07,0.2,0.49,0.83
2011-07-08,0.03,0.03,0.07,0.17,0.4,0.7
2011-07-11,0.02,0.03,0.07,0.17,0.37,0.64
2011-07-12,0.01,0.03,0.07,0.18,0.37,0.63
2011-07-13,0.01,0.01,0.05,0.16,0.37,0.62
2011-07-14,0.01,0.01,0.05,0.15,0.38,0.66
2011-07-15,0.02,0.02,0.05,0.15,0.37,0.62
2011-07-18,0.01,0.02,0.06,0.15,0.37,0.62
2011-07-19,0.02,0.03,0.07,0.17,0.39,0.63
2011-07-20,0.01,0.02,0.08,0.19,0.4,0.64
2011-07-21,0.04,0.05,0.09,0.2,0.4,0.69
2011-07-22,0.05,0.05,0.09,0.2,0.4,0.66
2011-07-25,0.05,0.05,0.1,0.2,0.42,0.69
2011-07-26,0.07,0.07,0.11,0.21,0.41,0.66
2011-07-27,0.08,0.08,0.12,0.21,0.44,0.71
2011-07-28,0.1,0.07,0.13,0.21,0.42,0.68
2011-07-29,0.16,0.1,0.16,0.2,0.36,0.55
2011-08-01,0.13,0.1,0.16,0.22,0.38,0.55
2011-08-02,0.05,0.06,0.13,0.17,0.33,0.5
2011-08-03,0.01,0.02,0.08,0.16,0.33,0.52
2011-08-04,0.01,0.02,0.05,0.12,0.27,0.44
2011-08-05,0.01,0.01,0.05,0.11,0.28,0.49
2011-08-08,0.02,0.05,0.07,0.12,0.27,0.45
2011-08-09,0.02,0.03,0.06,0.11,0.19,0.33
2011-08-10,0.02,0.02,0.06,0.09,0.19,0.33
2011-08-11,0.01,0.03,0.08,0.1,0.19,0.34
2011-08-12,0.01,0.02,0.07,0.11,0.2,0.32
2011-08-15,0.0,0.02,0.08,0.12,0.19,0.34
2011-08-16,0.02,0.03,0.07,0.12,0.2,0.33
2011-08-17,0.01,0.01,0.06,0.12,0.19,0.33
2011-08-18,0.01,0.01,0.05,0.1,0.2,0.33
2011-08-19,0.0,0.02,0.04,0.1,0.2,0.34
2011-08-22,0.01,0.01,0.04,0.09,0.22,0.37
2011-08-23,0.01,0.01,0.04,0.1,0.22,0.38
2011-08-24,0.02,0.02,0.04,0.11,0.23,0.41
2011-08-25,0.01,0.01,0.03,0.1,0.22,0.37
2011-08-26,0.0,0.01,0.02,0.09,0.2,0.33
2011-08-29,0.0,0.02,0.05,0.09,0.2,0.35
2011-08-30,0.01,0.01,0.05,0.09,0.2,0.33
2011-08-31,0.01,0.02,0.05,0.1,0.2,0.33
2011-09-01,0.02,0.02,0.05,0.1,0.19,0.31
2011-09-02,0.02,0.02,0.05,0.1,0.2,0.33
2011-09-05,0.02,0.02,0.05,0.1,0.2,0.33
2011-09-06,0.02,0.02,0.07,0.13,0.21,0.33
2011-09-07,0.0,0.02,0.06,0.11,0.21,0.34
2011-09-08,0.01,0.02,0.07,0.12,0.19,0.33
2011-09-09,0.0,0.01,0.05,0.11,0.17,0.31
2011-09-12,0.01,0.01,0.05,0.11,0.21,0.35
2011-09-13,0.0,0.01,0.05,0.1,0.21,0.35
2011-09-14,0.0,0.01,0.03,0.09,0.19,0.35
2011-09-15,0.0,0.01,0.03,0.1,0.21,0.35
2011-09-16,0.01,0.01,0.02,0.09,0.18,0.33
2011-09-19,0.0,0.01,0.04,0.08,0.16,0.29
2011-09-20,0.0,0.01,0.03,0.09,0.18,0.3
2011-09-21,0.01,0.01,0.04,0.11,0.21,0.37
2011-09-22,0.0,0.0,0.03,0.1,0.2,0.34
2011-09-23,0.0,0.01,0.02,0.1,0.23,0.37
2011-09-26,0.0,0.02,0.03,0.1,0.25,0.39
2011-09-27,0.0,0.01,0.04,0.1,0.25,0.42
2011-09-28,0.0,0.02,0.04,0.12,0.27,0.42
2011-09-29,0.0,0.02,0.05,0.11,0.27,0.43
2011-09-30,0.02,0.02,0.06,0.13,0.25,0.42
2011-10-03,0.01,0.02,0.06,0.12,0.24,0.39
2011-10-04,0.01,0.01,0.04,0.11,0.25,0.4
2011-10-05,0.0,0.0,0.03,0.1,0.25,0.43
2011-10-06,0.01,0.01,0.03,0.09,0.29,0.46
2011-10-07,0.01,0.01,0.04,0.11,0.3,0.5
2011-10-10,0.01,0.01,0.04,0.11,0.3,0.5
2011-10-11,0.01,0.02,0.05,0.12,0.32,0.54
2011-10-12,0.01,0.02,0.06,0.09,0.29,0.54
2011-10-13,0.02,0.02,0.05,0.11,0.29,0.51
2011-10-14,0.02,0.02,0.06,0.11,0.28,0.5
2011-10-17,0.02,0.04,0.06,0.12,0.28,0.48
2011-10-18,0.02,0.04,0.07,0.12,0.28,0.47
2011-10-19,0.01,0.03,0.06,0.11,0.28,0.46
2011-10-20,0.02,0.03,0.06,0.12,0.28,0.46
2011-10-21,0.01,0.02,0.05,0.12,0.3,0.46
2011-10-24,0.01,0.02,0.06,0.11,0.3,0.47
2011-10-25,0.01,0.01,0.06,0.11,0.26,0.43
2011-10-26,0.01,0.02,0.06,0.13,0.28,0.48
2011-10-27,0.02,0.02,0.07,0.14,0.31,0.53
2011-10-28,0.02,0.01,0.06,0.13,0.28,0.5
2011-10-31,0.02,0.01,0.06,0.12,0.25,0.41
2011-11-01,0.01,0.01,0.05,0.13,0.23,0.38
2011-11-02,0.01,0.01,0.04,0.11,0.23,0.37
2011-11-03,0.01,0.01,0.04,0.11,0.24,0.39
2011-11-04,0.01,0.01,0.03,0.11,0.22,0.37
2011-11-07,0.01,0.01,0.04,0.09,0.25,0.38
2011-11-08,0.01,0.01,0.03,0.1,0.25,0.39
2011-11-09,0.01,0.01,0.04,0.1,0.24,0.37
2011-11-10,0.01,0.01,0.03,0.1,0.24,0.38
2011-11-11,0.01,0.01,0.03,0.1,0.24,0.38
2011-11-14,0.01,0.01,0.04,0.09,0.24,0.39
2011-11-15,0.01,0.01,0.05,0.11,0.26,0.4
2011-11-16,0.01,0.01,0.04,0.11,0.26,0.4
2011-11-17,0.01,0.02,0.04,0.1,0.27,0.4
2011-11-18,0.02,0.01,0.04,0.12,0.29,0.43
2011-11-21,0.02,0.02,0.05,0.11,0.27,0.41
2011-11-22,0.02,0.02,0.06,0.11,0.26,0.4
2011-11-23,0.02,0.02,0.06,0.12,0.26,0.4
2011-11-24,0.02,0.02,0.06,0.12,0.26,0.4
2011-11-25,0.02,0.02,0.07,0.13,0.28,0.41
2011-11-28,0.02,0.03,0.07,0.13,0.26,0.39
2011-11-29,0.02,0.02,0.05,0.14,0.27,0.4
2011-11-30,0.02,0.01,0.06,0.12,0.25,0.41
2011-12-01,0.02,0.01,0.05,0.12,0.27,0.41
2011-12-02,0.02,0.02,0.06,0.12,0.25,0.39
2011-12-05,0.01,0.01,0.05,0.11,0.27,0.4
2011-12-06,0.0,0.01,0.04,0.11,0.25,0.41
2011-12-07,0.0,0.02,0.05,0.11,0.24,0.36
2011-12-08,0.0,0.01,0.04,0.1,0.22,0.35
2011-12-09,0.0,0.01,0.05,0.11,0.22,0.37
2011-12-12,0.0,0.01,0.05,0.1,0.24,0.36
2011-12-13,0.0,0.01,0.06,0.11,0.24,0.35
2011-12-14,0.0,0.01,0.05,0.12,0.25,0.36
2011-12-15,0.0,0.0,0.05,0.12,0.26,0.37
2011-12-16,0.0,0.0,0.04,0.11,0.24,0.35
2011-12-19,0.0,0.01,0.04,0.11,0.24,0.36
2011-12-20,0.0,0.01,0.04,0.12,0.26,0.39
2011-12-21,0.0,0.01,0.04,0.13,0.28,0.4
2011-12-22,0.0,0.01,0.03,0.12,0.28,0.41
2011-12-23,0.0,0.01,0.04,0.12,0.28,0.45
2011-12-26,0.0,0.01,0.04,0.12,0.28,0.45
2011-12-27,0.01,0.02,0.06,0.12,0.3,0.45
2011-12-28,0.0,0.01,0.05,0.12,0.28,0.42
2011-12-29,0.0,0.02,0.07,0.12,0.28,0.41
2011-12-30,0.01,0.02,0.06,0.12,0.25,0.36
2012-01-02,0.01,0.02,0.06,0.12,0.25,0.36
2012-01-03,0.01,0.02,0.06,0.12,0.27,0.4
2012-01-04,0.01,0.02,0.06,0.12,0.25,0.4
2012-01-05,0.01,0.02,0.07,0.11,0.27,0.4
2012-01-06,0.02,0.02,0.05,0.12,0.25,0.4
2012-01-09,0.01,0.01,0.05,0.11,0.26,0.38
2012-01-10,0.01,0.02,0.05,0.11,0.24,0.37
2012-01-11,0.01,0.02,0.05,0.11,0.24,0.34
2012-01-12,0.02,0.03,0.06,0.11,0.22,0.35
2012-01-13,0.02,0.03,0.06,0.1,0.24,0.34
2012-01-16,0.02,0.03,0.06,0.1,0.24,0.34
2012-01-17,0.02,0.03,0.06,0.11,0.21,0.33
2012-01-18,0.02,0.03,0.07,0.11,0.24,0.35
2012-01-19,0.04,0.05,0.07,0.11,0.26,0.36
2012-01-20,0.03,0.05,0.07,0.11,0.26,0.38
2012-01-23,0.03,0.04,0.07,0.12,0.26,0.39
2012-01-24,0.02,0.04,0.07,0.12,0.24,0.39
2012-01-25,0.03,0.04,0.07,0.12,0.22,0.34
2012-01-26,0.04,0.05,0.08,0.12,0.22,0.31
2012-01-27,0.05,0.06,0.08,0.12,0.22,0.32
2012-01-30,0.05,0.05,0.08,0.12,0.22,0.31
2012-01-31,0.04,0.06,0.08,0.13,0.22,0.3
2012-02-01,0.05,0.06,0.09,0.13,0.23,0.31
2012-02-02,0.07,0.08,0.1,0.14,0.23,0.31
2012-02-03,0.06,0.08,0.1,0.14,0.23,0.33
2012-02-06,0.04,0.08,0.1,0.14,0.24,0.32
2012-02-07,0.06,0.08,0.11,0.14,0.25,0.35
2012-02-08,0.06,0.09,0.11,0.15,0.27,0.35
2012-02-09,0.06,0.09,0.12,0.15,0.27,0.38
2012-02-10,0.05,0.09,0.12,0.15,0.27,0.36
2012-02-13,0.06,0.11,0.14,0.15,0.29,0.4
2012-02-14,0.09,0.12,0.15,0.18,0.29,0.4
2012-02-15,0.09,0.11,0.13,0.18,0.29,0.38
2012-02-16,0.04,0.1,0.13,0.17,0.29,0.42
2012-02-17,0.03,0.09,0.13,0.18,0.29,0.42
2012-02-20,0.03,0.09,0.13,0.18,0.29,0.42
2012-02-21,0.03,0.08,0.13,0.17,0.31,0.44
2012-02-22,0.07,0.09,0.13,0.17,0.29,0.42
2012-02-23,0.07,0.09,0.14,0.17,0.31,0.43
2012-02-24,0.08,0.1,0.14,0.18,0.31,0.43
2012-02-27,0.08,0.12,0.14,0.17,0.3,0.4
2012-02-28,0.1,0.1,0.14,0.18,0.3,0.41
2012-02-29,0.08,0.08,0.13,0.18,0.3,0.43
2012-03-01,0.07,0.08,0.13,0.18,0.3,0.43
2012-03-02,0.06,0.07,0.12,0.17,0.28,0.41
2012-03-05,0.07,0.08,0.14,0.17,0.31,0.43
2012-03-06,0.06,0.08,0.13,0.17,0.3,0.4
2012-03-07,0.06,0.08,0.14,0.18,0.3,0.42
2012-03-08,0.07,0.08,0.14,0.18,0.32,0.44
2012-03-09,0.06,0.09,0.13,0.18,0.33,0.46
2012-03-12,0.05,0.09,0.15,0.18,0.33,0.47
2012-03-13,0.06,0.08,0.15,0.2,0.35,0.51
2012-03-14,0.08,0.09,0.15,0.21,0.4,0.6
2012-03-15,0.08,0.08,0.15,0.21,0.37,0.56
2012-03-16,0.07,0.09,0.15,0.21,0.37,0.57
2012-03-19,0.07,0.1,0.15,0.21,0.39,0.6
2012-03-20,0.08,0.1,0.15,0.22,0.41,0.62
2012-03-21,0.09,0.09,0.15,0.21,0.39,0.58
2012-03-22,0.06,0.08,0.14,0.19,0.37,0.56
2012-03-23,0.06,0.08,0.14,0.19,0.37,0.55
2012-03-26,0.06,0.09,0.15,0.19,0.36,0.54
2012-03-27,0.07,0.09,0.14,0.18,0.33,0.5
2012-03-28,0.05,0.09,0.14,0.18,0.34,0.51
2012-03-29,0.02,0.07,0.14,0.18,0.33,0.5
2012-03-30,0.05,0.07,0.15,0.19,0.33,0.51
2012-04-02,0.05,0.08,0.14,0.18,0.33,0.5
2012-04-03,0.07,0.08,0.15,0.2,0.36,0.56
2012-04-04,0.08,0.08,0.14,0.19,0.35,0.53
2012-04-05,0.07,0.08,0.14,0.19,0.35,0.5
2012-04-06,0.06,0.07,0.14,0.19,0.32,0.45
2012-04-09,0.07,0.09,0.15,0.19,0.32,0.46
2012-04-10,0.08,0.09,0.15,0.19,0.28,0.42
2012-04-11,0.08,0.09,0.14,0.18,0.3,0.43
2012-04-12,0.08,0.09,0.14,0.18,0.29,0.43
2012-04-13,0.07,0.09,0.13,0.17,0.27,0.41
2012-04-16,0.07,0.08,0.14,0.18,0.27,0.42
2012-04-17,0.07,0.08,0.13,0.18,0.27,0.42
2012-04-18,0.05,0.07,0.13,0.18,0.27,0.4
2012-04-19,0.04,0.07,0.12,0.17,0.27,0.4
2012-04-20,0.04,0.08,0.13,0.18,0.29,0.4
2012-04-23,0.04,0.08,0.13,0.17,0.27,0.39
2012-04-24,0.07,0.09,0.14,0.18,0.27,0.4
2012-04-25,0.08,0.09,0.14,0.18,0.26,0.39
2012-04-26,0.09,0.09,0.15,0.18,0.26,0.39
2012-04-27,0.07,0.09,0.14,0.19,0.26,0.39
2012-04-30,0.07,0.1,0.15,0.2,0.27,0.38
2012-05-01,0.07,0.09,0.15,0.19,0.27,0.39
2012-05-02,0.06,0.08,0.15,0.18,0.27,0.39
2012-05-03,0.05,0.09,0.15,0.19,0.28,0.4
2012-05-04,0.05,0.07,0.14,0.18,0.27,0.37
2012-05-07,0.06,0.1,0.15,0.18,0.27,0.37
2012-05-08,0.08,0.09,0.15,0.18,0.27,0.36
2012-05-09,0.07,0.09,0.15,0.18,0.27,0.36
2012-05-10,0.08,0.1,0.15,0.18,0.27,0.37
2012-05-11,0.07,0.1,0.15,0.18,0.27,0.36
2012-05-14,0.07,0.1,0.15,0.19,0.29,0.37
2012-05-15,0.08,0.09,0.15,0.19,0.29,0.38
2012-05-16,0.08,0.1,0.15,0.2,0.3,0.4
2012-05-17,0.08,0.1,0.16,0.2,0.32,0.4
2012-05-18,0.06,0.08,0.15,0.2,0.32,0.42
2012-05-21,0.06,0.09,0.14,0.21,0.3,0.41
2012-05-22,0.07,0.09,0.14,0.21,0.3,0.41
2012-05-23,0.07,0.09,0.13,0.2,0.28,0.4
2012-05-24,0.08,0.1,0.14,0.21,0.29,0.42
2012-05-25,0.07,0.09,0.14,0.2,0.3,0.41
2012-05-28,0.07,0.09,0.14,0.2,0.3,0.41
2012-05-29,0.06,0.09,0.14,0.2,0.3,0.42
2012-05-30,0.05,0.07,0.13,0.19,0.27,0.38
2012-05-31,0.03,0.07,0.14,0.18,0.27,0.35
2012-06-01,0.03,0.07,0.12,0.17,0.25,0.34
2012-06-04,0.04,0.08,0.13,0.18,0.25,0.35
2012-06-05,0.05,0.08,0.14,0.18,0.25,0.34
2012-06-06,0.05,0.09,0.13,0.18,0.26,0.37
2012-06-07,0.04,0.09,0.14,0.18,0.27,0.37
2012-06-08,0.04,0.09,0.14,0.19,0.28,0.39
2012-06-11,0.05,0.09,0.15,0.18,0.27,0.37
2012-06-12,0.06,0.1,0.15,0.19,0.3,0.41
2012-06-13,0.07,0.1,0.15,0.18,0.3,0.4
2012-06-14,0.08,0.11,0.15,0.18,0.3,0.41
2012-06-15,0.05,0.09,0.15,0.18,0.29,0.37
2012-06-18,0.06,0.1,0.15,0.18,0.29,0.38
2012-06-19,0.06,0.09,0.14,0.18,0.3,0.39
2012-06-20,0.06,0.09,0.16,0.2,0.32,0.41
2012-06-21,0.05,0.09,0.15,0.19,0.32,0.41
2012-06-22,0.05,0.09,0.15,0.19,0.31,0.42
2012-06-25,0.06,0.1,0.16,0.19,0.31,0.39
2012-06-26,0.07,0.1,0.15,0.21,0.31,0.42
2012-06-27,0.06,0.09,0.17,0.21,0.31,0.42
2012-06-28,0.02,0.09,0.17,0.22,0.31,0.4
2012-06-29,0.04,0.09,0.16,0.21,0.33,0.41
2012-07-02,0.06,0.1,0.15,0.21,0.3,0.39
2012-07-03,0.08,0.09,0.15,0.21,0.3,0.39
2012-07-04,0.08,0.09,0.15,0.21,0.3,0.39
2012-07-05,0.07,0.08,0.15,0.19,0.28,0.39
2012-07-06,0.06,0.08,0.15,0.2,0.27,0.37
2012-07-09,0.06,0.09,0.14,0.2,0.27,0.36
2012-07-10,0.07,0.09,0.15,0.2,0.27,0.37
2012-07-11,0.07,0.1,0.15,0.2,0.27,0.36
2012-07-12,0.08,0.1,0.15,0.2,0.25,0.35
2012-07-13,0.08,0.1,0.15,0.2,0.25,0.34
2012-07-16,0.04,0.1,0.14,0.18,0.24,0.31
2012-07-17,0.08,0.1,0.14,0.18,0.25,0.32
2012-07-18,0.07,0.09,0.14,0.18,0.22,0.3
2012-07-19,0.06,0.09,0.14,0.17,0.22,0.31
2012-07-20,0.07,0.09,0.14,0.17,0.22,0.29
2012-07-23,0.07,0.1,0.14,0.17,0.22,0.28
2012-07-24,0.08,0.1,0.15,0.18,0.22,0.28
2012-07-25,0.08,0.1,0.14,0.17,0.22,0.28
2012-07-26,0.08,0.11,0.15,0.18,0.23,0.31
2012-07-27,0.07,0.11,0.15,0.17,0.25,0.34
2012-07-30,0.06,0.11,0.15,0.18,0.23,0.31
2012-07-31,0.07,0.11,0.14,0.16,0.23,0.3
2012-08-01,0.07,0.1,0.14,0.17,0.24,0.32
2012-08-02,0.04,0.09,0.14,0.17,0.24,0.31
2012-08-03,0.03,0.09,0.14,0.16,0.24,0.33
2012-08-06,0.05,0.1,0.14,0.16,0.24,0.33
2012-08-07,0.09,0.11,0.14,0.19,0.27,0.37
2012-08-08,0.09,0.11,0.14,0.19,0.29,0.38
2012-08-09,0.1,0.11,0.15,0.2,0.29,0.38
2012-08-10,0.1,0.1,0.14,0.18,0.27,0.36
2012-08-13,0.1,0.11,0.15,0.19,0.27,0.36
2012-08-14,0.11,0.11,0.15,0.19,0.27,0.39
2012-08-15,0.11,0.09,0.14,0.19,0.27,0.42
2012-08-16,0.1,0.09,0.14,0.2,0.29,0.42
2012-08-17,0.09,0.09,0.14,0.2,0.29,0.42
2012-08-20,0.09,0.11,0.14,0.19,0.29,0.41
2012-08-21,0.1,0.11,0.14,0.2,0.31,0.42
2012-08-22,0.1,0.11,0.13,0.19,0.26,0.37
2012-08-23,0.1,0.11,0.13,0.19,0.26,0.36
2012-08-24,0.1,0.1,0.13,0.19,0.28,0.37
2012-08-27,0.1,0.11,0.14,0.18,0.28,0.37
2012-08-28,0.12,0.1,0.15,0.18,0.27,0.36
2012-08-29,0.12,0.12,0.14,0.18,0.27,0.36
2012-08-30,0.12,0.1,0.14,0.17,0.27,0.35
2012-08-31,0.09,0.09,0.14,0.16,0.22,0.3
2012-09-03,0.09,0.09,0.14,0.16,0.22,0.3
2012-09-04,0.1,0.1,0.14,0.16,0.23,0.31
2012-09-05,0.11,0.11,0.14,0.17,0.25,0.32
2012-09-06,0.1,0.11,0.14,0.18,0.27,0.34
2012-09-07,0.09,0.11,0.14,0.18,0.25,0.33
2012-09-10,0.09,0.1,0.14,0.18,0.25,0.33
2012-09-11,0.09,0.1,0.14,0.18,0.25,0.33
2012-09-12,0.09,0.1,0.13,0.18,0.25,0.33
2012-09-13,0.1,0.1,0.13,0.17,0.24,0.32
2012-09-14,0.08,0.11,0.13,0.18,0.27,0.35
2012-09-17,0.06,0.11,0.13,0.18,0.25,0.36
2012-09-18,0.08,0.1,0.13,0.18,0.25,0.35
2012-09-19,0.08,0.11,0.14,0.18,0.27,0.35
2012-09-20,0.06,0.11,0.14,0.18,0.27,0.36
2012-09-21,0.05,0.11,0.14,0.18,0.27,0.36
2012-09-24,0.03,0.11,0.14,0.18,0.27,0.35
2012-09-25,0.06,0.11,0.15,0.18,0.27,0.35
2012-09-26,0.05,0.11,0.13,0.17,0.26,0.34
2012-09-27,0.05,0.09,0.14,0.16,0.25,0.34
2012-09-28,0.06,0.1,0.14,0.17,0.23,0.31
2012-10-01,0.05,0.09,0.14,0.17,0.25,0.31
2012-10-02,0.09,0.09,0.14,0.16,0.23,0.31
2012-10-03,0.09,0.09,0.14,0.16,0.23,0.31
2012-10-04,0.1,0.1,0.14,0.18,0.23,0.32
2012-10-05,0.1,0.11,0.15,0.18,0.27,0.34
2012-10-08,0.1,0.11,0.15,0.18,0.27,0.34
2012-10-09,0.11,0.1,0.15,0.18,0.25,0.35
2012-10-10,0.12,0.1,0.15,0.18,0.27,0.35
2012-10-11,0.12,0.1,0.14,0.18,0.28,0.34
2012-10-12,0.12,0.11,0.15,0.18,0.27,0.34
2012-10-15,0.1,0.11,0.15,0.19,0.27,0.34
2012-10-16,0.13,0.09,0.15,0.18,0.27,0.36
2012-10-17,0.13,0.11,0.15,0.18,0.3,0.41
2012-10-18,0.12,0.1,0.15,0.18,0.29,0.41
2012-10-19,0.11,0.1,0.14,0.18,0.3,0.41
2012-10-22,0.1,0.1,0.15,0.19,0.32,0.42
2012-10-23,0.11,0.11,0.15,0.18,0.29,0.41
2012-10-24,0.13,0.11,0.16,0.18,0.29,0.4
2012-10-25,0.13,0.11,0.16,0.19,0.31,0.43
2012-10-26,0.12,0.12,0.15,0.19,0.3,0.41
2012-10-29,0.13,0.14,0.16,0.18,0.3,0.4
2012-10-30,0.13,0.14,0.16,0.18,0.3,0.4
2012-10-31,0.09,0.11,0.16,0.18,0.3,0.38
2012-11-01,0.06,0.09,0.15,0.18,0.3,0.38
2012-11-02,0.08,0.09,0.15,0.19,0.28,0.38
2012-11-05,0.09,0.11,0.15,0.19,0.28,0.38
2012-11-06,0.12,0.1,0.15,0.19,0.3,0.41
2012-11-07,0.12,0.1,0.14,0.18,0.27,0.36
2012-11-08,0.13,0.1,0.15,0.2,0.27,0.35
2012-11-09,0.13,0.09,0.15,0.18,0.27,0.35
2012-11-12,0.13,0.09,0.15,0.18,0.27,0.35
2012-11-13,0.12,0.11,0.15,0.18,0.27,0.33
2012-11-14,0.15,0.1,0.15,0.18,0.25,0.33
2012-11-15,0.13,0.08,0.14,0.17,0.24,0.32
2012-11-16,0.07,0.06,0.13,0.16,0.24,0.32
2012-11-19,0.06,0.09,0.14,0.16,0.25,0.33
2012-11-20,0.15,0.08,0.14,0.16,0.27,0.36
2012-11-21,0.17,0.1,0.14,0.17,0.27,0.37
2012-11-22,0.17,0.1,0.14,0.17,0.27,0.37
2012-11-23,0.16,0.1,0.14,0.19,0.29,0.37
2012-11-26,0.14,0.1,0.15,0.17,0.27,0.36
2012-11-27,0.17,0.1,0.15,0.18,0.27,0.36
2012-11-28,0.17,0.1,0.14,0.18,0.27,0.35
2012-11-29,0.16,0.09,0.15,0.18,0.25,0.35
2012-11-30,0.11,0.08,0.13,0.18,0.25,0.34
2012-12-03,0.13,0.1,0.14,0.18,0.25,0.34
2012-12-04,0.07,0.1,0.15,0.18,0.25,0.34
2012-12-05,0.07,0.1,0.14,0.18,0.25,0.32
2012-12-06,0.07,0.1,0.14,0.18,0.25,0.32
2012-12-07,0.06,0.09,0.14,0.18,0.25,0.33
2012-12-10,0.05,0.09,0.14,0.18,0.24,0.33
2012-12-11,0.04,0.08,0.13,0.16,0.24,0.32
2012-12-12,0.04,0.07,0.1,0.14,0.25,0.32
2012-12-13,0.02,0.06,0.11,0.14,0.27,0.34
2012-12-14,0.01,0.04,0.09,0.13,0.24,0.34
2012-12-17,0.01,0.05,0.1,0.13,0.25,0.37
2012-12-18,0.04,0.06,0.12,0.16,0.28,0.39
2012-12-19,0.03,0.05,0.1,0.15,0.28,0.39
2012-12-20,0.02,0.06,0.1,0.15,0.28,0.39
2012-12-21,0.02,0.06,0.12,0.15,0.26,0.38
2012-12-24,0.03,0.06,0.11,0.16,0.26,0.38
2012-12-25,0.03,0.06,0.11,0.16,0.26,0.38
2012-12-26,0.05,0.09,0.13,0.16,0.26,0.39
2012-12-27,0.01,0.08,0.12,0.15,0.26,0.37
2012-12-28,0.0,0.01,0.1,0.15,0.27,0.36
2012-12-31,0.02,0.05,0.11,0.16,0.25,0.36
2013-01-01,0.02,0.05,0.11,0.16,0.25,0.36
2013-01-02,0.07,0.08,0.12,0.15,0.27,0.37
2013-01-03,0.06,0.08,0.12,0.15,0.27,0.4
2013-01-04,0.06,0.07,0.11,0.15,0.27,0.41
2013-01-07,0.05,0.07,0.11,0.15,0.27,0.41
2013-01-08,0.06,0.07,0.11,0.14,0.25,0.38
2013-01-09,0.04,0.06,0.09,0.13,0.24,0.37
2013-01-10,0.05,0.06,0.1,0.14,0.26,0.37
2013-01-11,0.04,0.07,0.1,0.14,0.26,0.37
2013-01-14,0.05,0.08,0.11,0.14,0.26,0.37
2013-01-15,0.09,0.09,0.11,0.14,0.26,0.36
2013-01-16,0.07,0.08,0.11,0.14,0.26,0.36
2013-01-17,0.05,0.07,0.11,0.14,0.28,0.39
2013-01-18,0.04,0.08,0.1,0.14,0.26,0.38
2013-01-21,0.04,0.08,0.1,0.14,0.26,0.38
2013-01-22,0.04,0.08,0.1,0.14,0.26,0.38
2013-01-23,0.06,0.08,0.1,0.15,0.26,0.37
2013-01-24,0.06,0.08,0.1,0.15,0.23,0.37
2013-01-25,0.06,0.08,0.11,0.15,0.28,0.42
2013-01-28,0.03,0.07,0.11,0.16,0.29,0.45
2013-01-29,0.03,0.07,0.11,0.15,0.3,0.43
2013-01-30,0.04,0.07,0.11,0.15,0.27,0.42
2013-01-31,0.04,0.07,0.12,0.15,0.27,0.42
2013-02-01,0.02,0.06,0.11,0.15,0.27,0.4
2013-02-04,0.03,0.07,0.11,0.15,0.25,0.38
2013-02-05,0.06,0.07,0.11,0.15,0.27,0.41
2013-02-06,0.06,0.07,0.12,0.15,0.27,0.39
2013-02-07,0.03,0.07,0.11,0.15,0.25,0.39
2013-02-08,0.03,0.07,0.11,0.14,0.25,0.39
2013-02-11,0.05,0.09,0.12,0.15,0.27,0.4
2013-02-12,0.08,0.09,0.12,0.14,0.29,0.41
2013-02-13,0.09,0.1,0.12,0.15,0.29,0.44
2013-02-14,0.1,0.11,0.13,0.16,0.27,0.42
2013-02-15,0.09,0.1,0.13,0.17,0.29,0.42
2013-02-18,0.09,0.1,0.13,0.17,0.29,0.42
2013-02-19,0.09,0.12,0.13,0.17,0.29,0.44
2013-02-20,0.12,0.12,0.13,0.17,0.27,0.42
2013-02-21,0.12,0.13,0.13,0.16,0.26,0.4
2013-02-22,0.11,0.13,0.14,0.16,0.27,0.4
2013-02-25,0.09,0.12,0.14,0.16,0.25,0.37
2013-02-26,0.11,0.14,0.14,0.17,0.25,0.37
2013-02-27,0.11,0.11,0.13,0.17,0.27,0.36
2013-02-28,0.07,0.11,0.13,0.17,0.25,0.36
2013-03-01,0.07,0.11,0.12,0.16,0.25,0.35
2013-03-04,0.07,0.11,0.12,0.16,0.24,0.35
2013-03-05,0.09,0.08,0.12,0.15,0.25,0.36
2013-03-06,0.09,0.1,0.12,0.15,0.25,0.38
2013-03-07,0.1,0.1,0.11,0.15,0.25,0.4
2013-03-08,0.09,0.1,0.11,0.15,0.27,0.42
2013-03-11,0.09,0.1,0.12,0.15,0.27,0.43
2013-03-12,0.1,0.1,0.12,0.15,0.27,0.41
2013-03-13,0.09,0.09,0.12,0.15,0.27,0.42
2013-03-14,0.08,0.1,0.12,0.15,0.27,0.42
2013-03-15,0.07,0.09,0.11,0.14,0.25,0.4
2013-03-18,0.07,0.07,0.11,0.15,0.26,0.38
2013-03-19,0.08,0.07,0.11,0.15,0.24,0.37
2013-03-20,0.08,0.07,0.11,0.15,0.26,0.38
2013-03-21,0.08,0.07,0.11,0.14,0.27,0.38
2013-03-22,0.07,0.07,0.11,0.14,0.26,0.39
2013-03-25,0.06,0.08,0.11,0.14,0.24,0.38
2013-03-26,0.08,0.07,0.11,0.14,0.25,0.38
2013-03-27,0.06,0.09,0.12,0.14,0.25,0.36
2013-03-28,0.04,0.07,0.11,0.14,0.25,0.36
2013-03-29,0.04,0.07,0.11,0.14,0.25,0.36
2013-04-01,0.06,0.08,0.11,0.14,0.23,0.36
2013-04-02,0.06,0.07,0.11,0.14,0.25,0.36
2013-04-03,0.06,0.06,0.1,0.13,0.24,0.34
2013-04-04,0.07,0.07,0.1,0.13,0.22,0.33
2013-04-05,0.05,0.07,0.1,0.13,0.24,0.33
2013-04-08,0.05,0.07,0.1,0.13,0.24,0.34
2013-04-09,0.06,0.06,0.1,0.13,0.24,0.34
2013-04-10,0.07,0.07,0.1,0.12,0.24,0.36
2013-04-11,0.06,0.07,0.1,0.12,0.24,0.35
2013-04-12,0.05,0.06,0.09,0.11,0.22,0.33
2013-04-15,0.04,0.06,0.09,0.12,0.22,0.32
2013-04-16,0.06,0.06,0.09,0.13,0.24,0.33
2013-04-17,0.05,0.06,0.09,0.13,0.24,0.35
2013-04-18,0.03,0.05,0.09,0.12,0.24,0.35
2013-04-19,0.04,0.05,0.09,0.12,0.24,0.35
2013-04-22,0.04,0.05,0.09,0.12,0.24,0.35
2013-04-23,0.04,0.05,0.09,0.12,0.23,0.35
2013-04-24,0.05,0.06,0.09,0.13,0.23,0.34
2013-04-25,0.04,0.05,0.08,0.12,0.23,0.35
2013-04-26,0.04,0.05,0.09,0.12,0.22,0.32
2013-04-29,0.03,0.05,0.08,0.12,0.2,0.32
2013-04-30,0.03,0.05,0.09,0.11,0.22,0.32
2013-05-01,0.03,0.06,0.08,0.11,0.2,0.3
2013-05-02,0.02,0.05,0.08,0.11,0.2,0.3
2013-05-03,0.02,0.05,0.08,0.11,0.22,0.34
2013-05-06,0.01,0.04,0.08,0.11,0.22,0.34
2013-05-07,0.01,0.04,0.08,0.1,0.22,0.35
2013-05-08,0.01,0.04,0.08,0.11,0.22,0.35
2013-05-09,0.02,0.04,0.08,0.11,0.22,0.35
2013-05-10,0.02,0.04,0.08,0.11,0.26,0.38
2013-05-13,0.02,0.05,0.08,0.13,0.24,0.4
2013-05-14,0.01,0.05,0.09,0.12,0.26,0.41
2013-05-15,0.01,0.04,0.09,0.12,0.26,0.4
2013-05-16,0.0,0.03,0.08,0.12,0.23,0.37
2013-05-17,0.01,0.04,0.08,0.12,0.26,0.4
2013-05-20,0.01,0.05,0.09,0.12,0.26,0.4
2013-05-21,0.04,0.04,0.09,0.12,0.26,0.39
2013-05-22,0.04,0.04,0.08,0.11,0.26,0.41
2013-05-23,0.03,0.05,0.08,0.12,0.26,0.42
2013-05-24,0.03,0.04,0.07,0.12,0.26,0.41
2013-05-27,0.03,0.04,0.07,0.12,0.26,0.41
2013-05-28,0.02,0.05,0.09,0.13,0.29,0.49
2013-05-29,0.04,0.05,0.08,0.14,0.3,0.49
2013-05-30,0.02,0.04,0.07,0.13,0.31,0.49
2013-05-31,0.03,0.04,0.07,0.14,0.3,0.52
2013-06-03,0.03,0.05,0.08,0.14,0.3,0.5
2013-06-04,0.05,0.04,0.08,0.14,0.32,0.48
2013-06-05,0.04,0.05,0.08,0.14,0.3,0.48
2013-06-06,0.04,0.05,0.08,0.14,0.3,0.48
2013-06-07,0.04,0.04,0.07,0.14,0.32,0.52
2013-06-10,0.04,0.05,0.08,0.14,0.32,0.55
2013-06-11,0.05,0.05,0.08,0.14,0.34,0.57
2013-06-12,0.04,0.05,0.08,0.14,0.34,0.57
2013-06-13,0.04,0.05,0.08,0.14,0.32,0.55
2013-06-14,0.04,0.05,0.08,0.13,0.29,0.49
2013-06-17,0.05,0.05,0.08,0.13,0.27,0.49
2013-06-18,0.04,0.05,0.08,0.13,0.27,0.48
2013-06-19,0.04,0.05,0.08,0.13,0.31,0.58
2013-06-20,0.03,0.05,0.09,0.14,0.33,0.62
2013-06-21,0.02,0.05,0.09,0.13,0.38,0.7
2013-06-24,0.01,0.06,0.11,0.16,0.42,0.73
2013-06-25,0.03,0.06,0.11,0.17,0.43,0.74
2013-06-26,0.02,0.06,0.11,0.16,0.39,0.69
2013-06-27,0.02,0.06,0.11,0.15,0.36,0.66
2013-06-28,0.02,0.04,0.1,0.15,0.36,0.66
2013-07-01,0.01,0.04,0.09,0.15,0.34,0.65
2013-07-02,0.02,0.03,0.08,0.14,0.34,0.64
2013-07-03,0.03,0.05,0.08,0.14,0.36,0.67
2013-07-04,0.03,0.05,0.08,0.14,0.36,0.67
2013-07-05,0.03,0.04,0.08,0.15,0.4,0.77
2013-07-08,0.02,0.05,0.07,0.14,0.37,0.71
2013-07-09,0.04,0.04,0.08,0.14,0.37,0.71
2013-07-10,0.03,0.04,0.08,0.13,0.38,0.73
2013-07-11,0.02,0.04,0.07,0.13,0.34,0.65
2013-07-12,0.02,0.04,0.07,0.12,0.37,0.66
2013-07-15,0.02,0.04,0.07,0.11,0.34,0.66
2013-07-16,0.02,0.03,0.07,0.1,0.34,0.64
2013-07-17,0.02,0.03,0.08,0.11,0.32,0.6
2013-07-18,0.01,0.03,0.07,0.11,0.32,0.61
2013-07-19,0.01,0.03,0.07,0.11,0.32,0.59
2013-07-22,0.01,0.04,0.07,0.1,0.32,0.59
2013-07-23,0.02,0.02,0.07,0.12,0.33,0.6
2013-07-24,0.02,0.03,0.07,0.12,0.34,0.64
2013-07-25,0.02,0.02,0.06,0.12,0.32,0.62
2013-07-26,0.02,0.03,0.07,0.11,0.31,0.59
2013-07-29,0.01,0.03,0.07,0.11,0.33,0.61
2013-07-30,0.03,0.04,0.07,0.11,0.33,0.62
2013-07-31,0.03,0.04,0.08,0.11,0.31,0.61
2013-08-01,0.02,0.04,0.08,0.13,0.35,0.65
2013-08-02,0.02,0.04,0.07,0.11,0.3,0.59
2013-08-05,0.03,0.05,0.08,0.12,0.32,0.61
2013-08-06,0.05,0.04,0.08,0.12,0.32,0.62
2013-08-07,0.05,0.05,0.08,0.12,0.32,0.61
2013-08-08,0.05,0.05,0.07,0.12,0.3,0.61
2013-08-09,0.05,0.05,0.07,0.11,0.32,0.61
2013-08-12,0.05,0.06,0.08,0.12,0.32,0.62
2013-08-13,0.06,0.06,0.08,0.12,0.34,0.68
2013-08-14,0.06,0.05,0.07,0.12,0.34,0.67
2013-08-15,0.05,0.05,0.08,0.13,0.36,0.7
2013-08-16,0.05,0.05,0.08,0.13,0.36,0.73
2013-08-19,0.03,0.06,0.08,0.13,0.36,0.76
2013-08-20,0.03,0.04,0.07,0.13,0.36,0.73
2013-08-21,0.02,0.04,0.07,0.14,0.38,0.76
2013-08-22,0.01,0.03,0.06,0.14,0.42,0.82
2013-08-23,0.02,0.03,0.06,0.14,0.4,0.8
2013-08-26,0.03,0.04,0.07,0.13,0.41,0.79
2013-08-27,0.04,0.05,0.07,0.12,0.38,0.77
2013-08-28,0.04,0.03,0.07,0.14,0.4,0.79
2013-08-29,0.03,0.02,0.06,0.14,0.39,0.79
2013-08-30,0.02,0.03,0.05,0.13,0.39,0.79
2013-09-02,0.02,0.03,0.05,0.13,0.39,0.79
2013-09-03,0.03,0.02,0.05,0.14,0.43,0.83
2013-09-04,0.02,0.02,0.05,0.14,0.46,0.89
2013-09-05,0.03,0.02,0.06,0.16,0.52,0.97
2013-09-06,0.02,0.02,0.05,0.14,0.46,0.91
2013-09-09,0.02,0.02,0.04,0.12,0.45,0.87
2013-09-10,0.01,0.02,0.04,0.13,0.5,0.92
2013-09-11,0.01,0.02,0.05,0.12,0.47,0.88
2013-09-12,0.01,0.01,0.02,0.13,0.45,0.87
2013-09-13,0.01,0.01,0.02,0.13,0.45,0.87
2013-09-16,0.01,0.02,0.04,0.13,0.41,0.8
2013-09-17,0.01,0.01,0.04,0.12,0.39,0.78
2013-09-18,0.01,0.01,0.04,0.11,0.34,0.67
2013-09-19,0.0,0.01,0.03,0.1,0.34,0.69
2013-09-20,0.01,0.01,0.05,0.11,0.34,0.69
2013-09-23,0.01,0.02,0.05,0.1,0.35,0.68
2013-09-24,0.02,0.02,0.05,0.1,0.35,0.67
2013-09-25,0.02,0.02,0.05,0.1,0.36,0.66
2013-09-26,0.04,0.0,0.03,0.09,0.34,0.67
2013-09-27,0.03,0.02,0.03,0.1,0.34,0.64
2013-09-30,0.03,0.02,0.04,0.1,0.33,0.63
2013-10-01,0.1,0.02,0.04,0.1,0.33,0.66
2013-10-02,0.08,0.02,0.05,0.11,0.31,0.62
2013-10-03,0.12,0.03,0.05,0.11,0.33,0.61
2013-10-04,0.11,0.03,0.04,0.11,0.33,0.66
2013-10-07,0.13,0.03,0.06,0.12,0.37,0.66
2013-10-08,0.27,0.05,0.09,0.15,0.4,0.7
2013-10-09,0.26,0.05,0.08,0.15,0.37,0.68
2013-10-10,0.25,0.05,0.07,0.14,0.35,0.68
2013-10-11,0.25,0.08,0.07,0.14,0.35,0.66
2013-10-14,0.25,0.08,0.07,0.14,0.35,0.66
2013-10-15,0.32,0.14,0.16,0.16,0.37,0.68
2013-10-16,0.14,0.1,0.11,0.15,0.34,0.64
2013-10-17,0.01,0.05,0.08,0.13,0.33,0.61
2013-10-18,0.01,0.04,0.08,0.12,0.33,0.62
2013-10-21,0.02,0.04,0.07,0.11,0.33,0.63
2013-10-22,0.04,0.04,0.07,0.1,0.31,0.59
2013-10-23,0.02,0.04,0.07,0.11,0.31,0.6
2013-10-24,0.02,0.03,0.07,0.12,0.33,0.59
2013-10-25,0.02,0.04,0.08,0.11,0.32,0.59
2013-10-28,0.02,0.04,0.08,0.11,0.32,0.59
2013-10-29,0.06,0.04,0.08,0.11,0.31,0.59
2013-10-30,0.05,0.04,0.09,0.11,0.33,0.58
2013-10-31,0.03,0.04,0.08,0.1,0.31,0.57
2013-11-01,0.03,0.04,0.08,0.1,0.33,0.61
2013-11-04,0.02,0.05,0.09,0.09,0.32,0.6
2013-11-05,0.06,0.05,0.08,0.1,0.32,0.6
2013-11-06,0.05,0.05,0.09,0.11,0.3,0.58
2013-11-07,0.04,0.05,0.09,0.11,0.29,0.55
2013-11-08,0.04,0.06,0.09,0.12,0.32,0.62
2013-11-11,0.04,0.06,0.09,0.12,0.32,0.62
2013-11-12,0.05,0.08,0.1,0.13,0.34,0.65
2013-11-13,0.06,0.08,0.1,0.13,0.32,0.61
2013-11-14,0.06,0.08,0.1,0.13,0.29,0.56
2013-11-15,0.06,0.08,0.1,0.13,0.31,0.58
2013-11-18,0.05,0.09,0.1,0.13,0.31,0.56
2013-11-19,0.05,0.08,0.1,0.14,0.29,0.58
2013-11-20,0.06,0.08,0.11,0.12,0.28,0.57
2013-11-21,0.02,0.07,0.1,0.12,0.29,0.55
2013-11-22,0.02,0.07,0.1,0.12,0.31,0.57
2013-11-25,0.04,0.08,0.11,0.14,0.3,0.57
2013-11-26,0.07,0.07,0.11,0.13,0.29,0.55
2013-11-27,0.06,0.07,0.11,0.13,0.28,0.55
2013-11-28,0.06,0.07,0.11,0.13,0.28,0.55
2013-11-29,0.05,0.06,0.11,0.13,0.28,0.56
2013-12-02,0.02,0.05,0.1,0.13,0.3,0.59
2013-12-03,0.04,0.06,0.1,0.13,0.28,0.58
2013-12-04,0.04,0.06,0.1,0.14,0.3,0.6
2013-12-05,0.02,0.06,0.1,0.13,0.3,0.61
2013-12-06,0.03,0.06,0.1,0.13,0.3,0.64
2013-12-09,0.04,0.07,0.1,0.13,0.3,0.64
2013-12-10,0.03,0.07,0.1,0.14,0.3,0.62
2013-12-11,0.02,0.07,0.1,0.13,0.31,0.63
2013-12-12,0.01,0.07,0.09,0.14,0.34,0.67
2013-12-13,0.02,0.07,0.09,0.14,0.34,0.68
2013-12-16,0.02,0.07,0.09,0.13,0.34,0.68
2013-12-17,0.02,0.07,0.09,0.14,0.34,0.65
2013-12-18,0.01,0.07,0.1,0.13,0.32,0.64
2013-12-19,0.01,0.06,0.09,0.13,0.35,0.7
2013-12-20,0.02,0.07,0.09,0.13,0.37,0.74
2013-12-23,0.01,0.07,0.09,0.14,0.38,0.77
2013-12-24,0.01,0.07,0.09,0.14,0.38,0.8
2013-12-25,0.01,0.07,0.09,0.14,0.38,0.8
2013-12-26,0.0,0.07,0.09,0.13,0.42,0.81
2013-12-27,0.01,0.07,0.09,0.12,0.4,0.79
2013-12-30,0.01,0.07,0.1,0.13,0.39,0.77
2013-12-31,0.01,0.07,0.1,0.13,0.38,0.78
2014-01-01,0.01,0.07,0.1,0.13,0.38,0.78
2014-01-02,0.01,0.07,0.09,0.13,0.39,0.76
2014-01-03,0.02,0.07,0.1,0.13,0.41,0.8
2014-01-06,0.01,0.05,0.08,0.12,0.4,0.78
2014-01-07,0.01,0.04,0.08,0.13,0.4,0.8
2014-01-08,0.0,0.05,0.08,0.13,0.43,0.87
2014-01-09,0.01,0.04,0.06,0.13,0.44,0.86
2014-01-10,0.01,0.05,0.06,0.12,0.39,0.77
2014-01-13,0.0,0.03,0.06,0.11,0.39,0.74
2014-01-14,0.0,0.04,0.06,0.11,0.39,0.78
2014-01-15,0.01,0.04,0.06,0.13,0.41,0.81
2014-01-16,0.01,0.04,0.07,0.11,0.41,0.8
2014-01-17,0.01,0.05,0.07,0.11,0.4,0.79
2014-01-20,0.01,0.05,0.07,0.11,0.4,0.79
2014-01-21,0.01,0.04,0.07,0.12,0.4,0.81
2014-01-22,0.0,0.04,0.07,0.11,0.44,0.85
2014-01-23,0.01,0.04,0.05,0.11,0.39,0.77
2014-01-24,0.04,0.04,0.06,0.11,0.37,0.75
2014-01-27,0.04,0.05,0.07,0.11,0.37,0.76
2014-01-28,0.05,0.05,0.07,0.11,0.38,0.75
2014-01-29,0.04,0.04,0.07,0.11,0.36,0.71
2014-01-30,0.04,0.02,0.06,0.1,0.36,0.72
2014-01-31,0.03,0.02,0.06,0.1,0.34,0.69
2014-02-03,0.04,0.05,0.07,0.11,0.3,0.64
2014-02-04,0.12,0.06,0.07,0.12,0.31,0.65
2014-02-05,0.13,0.07,0.07,0.12,0.32,0.66
2014-02-06,0.07,0.07,0.08,0.13,0.33,0.69
2014-02-07,0.1,0.08,0.09,0.12,0.3,0.66
2014-02-10,0.07,0.07,0.1,0.12,0.32,0.66
2014-02-11,0.05,0.05,0.1,0.12,0.35,0.71
2014-02-12,0.01,0.05,0.09,0.12,0.35,0.74
2014-02-13,0.01,0.03,0.08,0.12,0.32,0.7
2014-02-14,0.01,0.02,0.07,0.11,0.32,0.71
2014-02-17,0.01,0.02,0.07,0.11,0.32,0.71
2014-02-18,0.02,0.05,0.08,0.12,0.31,0.67
2014-02-19,0.04,0.06,0.09,0.11,0.33,0.69
2014-02-20,0.02,0.05,0.08,0.12,0.34,0.72
2014-02-21,0.02,0.05,0.08,0.12,0.33,0.71
2014-02-24,0.02,0.05,0.08,0.11,0.35,0.72
2014-02-25,0.04,0.05,0.08,0.11,0.34,0.7
2014-02-26,0.04,0.05,0.08,0.11,0.33,0.68
2014-02-27,0.04,0.04,0.07,0.11,0.33,0.68
2014-02-28,0.04,0.05,0.08,0.12,0.33,0.69
2014-03-03,0.04,0.05,0.08,0.12,0.32,0.66
2014-03-04,0.06,0.05,0.08,0.12,0.33,0.71
2014-03-05,0.06,0.06,0.09,0.13,0.33,0.71
2014-03-06,0.06,0.05,0.08,0.12,0.37,0.73
2014-03-07,0.06,0.06,0.09,0.13,0.38,0.79
2014-03-10,0.05,0.05,0.08,0.12,0.37,0.79
2014-03-11,0.06,0.05,0.08,0.13,0.37,0.79
2014-03-12,0.05,0.05,0.08,0.12,0.37,0.78
2014-03-13,0.06,0.05,0.08,0.12,0.34,0.74
2014-03-14,0.05,0.05,0.08,0.12,0.36,0.74
2014-03-17,0.05,0.06,0.08,0.13,0.38,0.77
2014-03-18,0.07,0.05,0.07,0.13,0.36,0.75
2014-03-19,0.07,0.06,0.09,0.15,0.47,0.91
2014-03-20,0.06,0.06,0.09,0.14,0.45,0.9
2014-03-21,0.05,0.06,0.08,0.14,0.45,0.91
2014-03-24,0.05,0.06,0.08,0.14,0.47,0.93
2014-03-25,0.05,0.05,0.08,0.13,0.47,0.92
2014-03-26,0.05,0.05,0.07,0.12,0.45,0.89
2014-03-27,0.02,0.04,0.06,0.12,0.45,0.9
2014-03-28,0.03,0.04,0.06,0.13,0.45,0.93
2014-03-31,0.03,0.05,0.07,0.13,0.44,0.9
2014-04-01,0.02,0.04,0.06,0.13,0.44,0.91
2014-04-02,0.02,0.02,0.06,0.12,0.47,0.94
2014-04-03,0.03,0.02,0.05,0.11,0.46,0.95
2014-04-04,0.03,0.03,0.05,0.11,0.43,0.89
2014-04-07,0.03,0.03,0.06,0.11,0.41,0.87
2014-04-08,0.04,0.03,0.06,0.11,0.4,0.88
2014-04-09,0.03,0.04,0.05,0.1,0.37,0.85
2014-04-10,0.03,0.04,0.06,0.09,0.37,0.81
2014-04-11,0.04,0.04,0.06,0.09,0.37,0.8
2014-04-14,0.03,0.04,0.06,0.1,0.37,0.82
2014-04-15,0.03,0.04,0.05,0.11,0.39,0.84
2014-04-16,0.03,0.04,0.05,0.11,0.39,0.87
2014-04-17,0.02,0.03,0.05,0.11,0.43,0.91
2014-04-18,0.02,0.03,0.05,0.11,0.43,0.91
2014-04-21,0.02,0.04,0.06,0.11,0.42,0.91
2014-04-22,0.02,0.03,0.06,0.11,0.45,0.93
2014-04-23,0.02,0.02,0.05,0.11,0.43,0.91
2014-04-24,0.0,0.01,0.04,0.1,0.43,0.91
2014-04-25,0.01,0.03,0.04,0.11,0.43,0.9
2014-04-28,0.0,0.03,0.05,0.1,0.44,0.9
2014-04-29,0.02,0.02,0.05,0.11,0.44,0.91
2014-04-30,0.02,0.03,0.05,0.11,0.42,0.87
2014-05-01,0.02,0.03,0.05,0.1,0.41,0.86
2014-05-02,0.01,0.02,0.05,0.1,0.42,0.89
2014-05-05,0.01,0.03,0.05,0.11,0.43,0.9
2014-05-06,0.03,0.03,0.05,0.1,0.43,0.92
2014-05-07,0.03,0.03,0.05,0.1,0.41,0.89
2014-05-08,0.02,0.03,0.05,0.1,0.4,0.86
2014-05-09,0.02,0.03,0.05,0.1,0.4,0.86
2014-05-12,0.02,0.03,0.05,0.09,0.41,0.87
2014-05-13,0.03,0.03,0.05,0.1,0.39,0.84
2014-05-14,0.02,0.03,0.05,0.1,0.39,0.81
2014-05-15,0.01,0.03,0.05,0.09,0.38,0.8
2014-05-16,0.01,0.03,0.05,0.09,0.38,0.8
2014-05-19,0.01,0.03,0.05,0.09,0.36,0.79
2014-05-20,0.04,0.03,0.06,0.09,0.35,0.77
2014-05-21,0.04,0.04,0.06,0.09,0.37,0.79
2014-05-22,0.03,0.03,0.05,0.09,0.37,0.8
2014-05-23,0.04,0.04,0.05,0.1,0.37,0.79
2014-05-26,0.04,0.04,0.05,0.1,0.37,0.79
2014-05-27,0.03,0.04,0.06,0.09,0.39,0.79
2014-05-28,0.04,0.04,0.05,0.1,0.37,0.76
2014-05-29,0.05,0.04,0.05,0.1,0.37,0.77
2014-05-30,0.05,0.04,0.06,0.1,0.37,0.79
2014-06-02,0.04,0.04,0.06,0.1,0.39,0.83
2014-06-03,0.04,0.04,0.06,0.1,0.41,0.85
2014-06-04,0.04,0.04,0.06,0.1,0.41,0.85
2014-06-05,0.03,0.04,0.06,0.1,0.4,0.82
2014-06-06,0.02,0.04,0.06,0.11,0.41,0.86
2014-06-09,0.03,0.04,0.06,0.11,0.43,0.88
2014-06-10,0.04,0.04,0.06,0.11,0.45,0.93
2014-06-11,0.03,0.04,0.06,0.11,0.44,0.91
2014-06-12,0.02,0.04,0.07,0.1,0.42,0.88
2014-06-13,0.02,0.04,0.07,0.11,0.45,0.93
2014-06-16,0.03,0.04,0.07,0.11,0.49,0.95
2014-06-17,0.03,0.04,0.07,0.11,0.51,0.99
2014-06-18,0.03,0.03,0.06,0.1,0.48,0.95
2014-06-19,0.01,0.02,0.05,0.09,0.48,0.94
2014-06-20,0.01,0.02,0.04,0.09,0.5,0.94
2014-06-23,0.02,0.03,0.06,0.1,0.48,0.96
2014-06-24,0.01,0.03,0.06,0.12,0.49,0.95
2014-06-25,0.01,0.03,0.05,0.11,0.48,0.92
2014-06-26,0.01,0.04,0.06,0.11,0.46,0.9
2014-06-27,0.02,0.03,0.06,0.1,0.45,0.88
2014-06-30,0.02,0.04,0.07,0.11,0.47,0.88
2014-07-01,0.03,0.02,0.06,0.11,0.47,0.9
2014-07-02,0.02,0.02,0.06,0.12,0.49,0.95
2014-07-03,0.01,0.01,0.06,0.11,0.52,0.98
2014-07-04,0.01,0.01,0.06,0.11,0.52,0.98
2014-07-07,0.02,0.04,0.06,0.12,0.52,1.0
2014-07-08,0.02,0.03,0.06,0.11,0.51,0.99
2014-07-09,0.03,0.03,0.06,0.11,0.51,0.97
2014-07-10,0.02,0.02,0.06,0.1,0.46,0.93
2014-07-11,0.02,0.02,0.07,0.11,0.48,0.92
2014-07-14,0.02,0.03,0.06,0.11,0.48,0.95
2014-07-15,0.02,0.02,0.06,0.11,0.49,0.97
2014-07-16,0.02,0.02,0.06,0.11,0.5,0.98
2014-07-17,0.02,0.02,0.06,0.1,0.47,0.94
2014-07-18,0.03,0.02,0.05,0.1,0.51,0.97
2014-07-21,0.02,0.03,0.06,0.11,0.51,0.99
2014-07-22,0.03,0.03,0.07,0.11,0.49,0.97
2014-07-23,0.03,0.03,0.05,0.11,0.5,0.96
2014-07-24,0.04,0.03,0.06,0.11,0.53,1.0
2014-07-25,0.03,0.03,0.06,0.11,0.53,0.98
2014-07-28,0.03,0.04,0.06,0.11,0.54,1.01
2014-07-29,0.03,0.02,0.06,0.12,0.54,1.0
2014-07-30,0.03,0.04,0.06,0.13,0.56,1.04
2014-07-31,0.01,0.03,0.05,0.12,0.53,1.02
2014-08-01,0.01,0.03,0.05,0.13,0.47,0.94
2014-08-04,0.02,0.04,0.06,0.12,0.47,0.93
2014-08-05,0.03,0.03,0.05,0.12,0.47,0.93
2014-08-06,0.03,0.03,0.05,0.11,0.48,0.93
2014-08-07,0.03,0.03,0.04,0.11,0.44,0.89
2014-08-08,0.03,0.03,0.05,0.1,0.45,0.91
2014-08-11,0.03,0.04,0.05,0.1,0.47,0.93
2014-08-12,0.05,0.03,0.05,0.1,0.45,0.92
2014-08-13,0.04,0.04,0.06,0.1,0.43,0.88
2014-08-14,0.04,0.04,0.06,0.1,0.42,0.87
2014-08-15,0.03,0.03,0.05,0.09,0.42,0.86
2014-08-18,0.02,0.03,0.05,0.1,0.44,0.89
2014-08-19,0.04,0.03,0.05,0.11,0.46,0.9
2014-08-20,0.04,0.04,0.06,0.12,0.49,0.94
2014-08-21,0.03,0.02,0.06,0.1,0.49,0.95
2014-08-22,0.04,0.03,0.06,0.1,0.53,0.98
2014-08-25,0.02,0.04,0.05,0.11,0.53,0.99
2014-08-26,0.04,0.03,0.05,0.12,0.52,0.98
2014-08-27,0.02,0.04,0.05,0.11,0.51,0.97
2014-08-28,0.02,0.03,0.05,0.11,0.5,0.95
2014-08-29,0.02,0.03,0.05,0.09,0.48,0.94
2014-09-01,0.02,0.03,0.05,0.09,0.48,0.94
2014-09-02,0.02,0.03,0.05,0.1,0.53,0.99
2014-09-03,0.02,0.03,0.05,0.11,0.52,0.99
2014-09-04,0.02,0.03,0.05,0.1,0.54,1.01
2014-09-05,0.02,0.03,0.05,0.1,0.52,0.99
2014-09-08,0.01,0.02,0.05,0.1,0.54,1.02
2014-09-09,0.01,0.02,0.05,0.11,0.56,1.06
2014-09-10,0.01,0.02,0.05,0.11,0.58,1.07
2014-09-11,0.01,0.02,0.05,0.11,0.58,1.07
2014-09-12,0.01,0.02,0.05,0.11,0.58,1.07
2014-09-15,0.01,0.02,0.05,0.11,0.58,1.06
2014-09-16,0.01,0.02,0.04,0.13,0.55,1.04
2014-09-17,0.01,0.02,0.05,0.12,0.59,1.08
2014-09-18,0.01,0.02,0.04,0.12,0.59,1.1
2014-09-19,0.01,0.02,0.04,0.11,0.59,1.09
2014-09-22,0.0,0.01,0.04,0.1,0.58,1.06
2014-09-23,0.01,0.01,0.04,0.1,0.57,1.05
2014-09-24,0.01,0.02,0.03,0.11,0.59,1.08
2014-09-25,0.0,0.01,0.03,0.1,0.56,1.03
2014-09-26,0.01,0.01,0.03,0.11,0.59,1.08
2014-09-29,0.01,0.02,0.05,0.11,0.58,1.06
2014-09-30,0.02,0.02,0.03,0.13,0.58,1.07
2014-10-01,0.01,0.02,0.04,0.1,0.53,1.0
2014-10-02,0.01,0.01,0.03,0.1,0.53,1.01
2014-10-03,0.01,0.01,0.03,0.11,0.57,1.05
2014-10-06,0.01,0.02,0.05,0.11,0.54,1.02
2014-10-07,0.02,0.02,0.04,0.1,0.52,0.98
2014-10-08,0.01,0.01,0.05,0.1,0.46,0.9
2014-10-09,0.02,0.01,0.05,0.1,0.46,0.91
2014-10-10,0.02,0.01,0.04,0.1,0.45,0.89
2014-10-13,0.02,0.01,0.04,0.1,0.45,0.89
2014-10-14,0.03,0.02,0.04,0.09,0.39,0.8
2014-10-15,0.02,0.02,0.05,0.1,0.34,0.73
2014-10-16,0.04,0.03,0.05,0.1,0.35,0.75
2014-10-17,0.03,0.02,0.05,0.11,0.39,0.79
2014-10-20,0.03,0.02,0.06,0.1,0.37,0.76
2014-10-21,0.04,0.02,0.06,0.1,0.38,0.77
2014-10-22,0.04,0.02,0.06,0.11,0.41,0.8
2014-10-23,0.02,0.01,0.06,0.11,0.41,0.83
2014-10-24,0.02,0.01,0.06,0.11,0.41,0.82
2014-10-27,0.03,0.02,0.06,0.11,0.41,0.81
2014-10-28,0.02,0.02,0.05,0.11,0.42,0.84
2014-10-29,0.01,0.03,0.07,0.11,0.48,0.93
2014-10-30,0.01,0.01,0.06,0.11,0.48,0.91
2014-10-31,0.01,0.01,0.05,0.11,0.5,0.95
2014-11-03,0.03,0.02,0.07,0.12,0.52,0.96
2014-11-04,0.04,0.03,0.06,0.11,0.52,0.97
2014-11-05,0.04,0.03,0.07,0.11,0.52,0.97
2014-11-06,0.04,0.03,0.06,0.12,0.54,1.01
2014-11-07,0.04,0.03,0.06,0.12,0.51,0.95
2014-11-10,0.04,0.02,0.07,0.13,0.55,1.0
2014-11-11,0.04,0.02,0.07,0.13,0.55,1.0
2014-11-12,0.05,0.02,0.07,0.14,0.55,1.0
2014-11-13,0.05,0.02,0.08,0.15,0.53,0.97
2014-11-14,0.04,0.02,0.07,0.15,0.54,0.96
2014-11-17,0.02,0.03,0.07,0.15,0.54,0.96
2014-11-18,0.04,0.02,0.07,0.14,0.53,0.96
2014-11-19,0.04,0.01,0.07,0.15,0.54,0.99
2014-11-20,0.04,0.02,0.07,0.14,0.53,0.97
2014-11-21,0.04,0.01,0.07,0.14,0.53,0.96
2014-11-24,0.04,0.02,0.08,0.14,0.53,0.95
2014-11-25,0.06,0.02,0.07,0.14,0.51,0.94
2014-11-26,0.06,0.02,0.07,0.14,0.53,0.93
2014-11-27,0.06,0.02,0.07,0.14,0.53,0.93
2014-11-28,0.04,0.02,0.07,0.13,0.47,0.88
2014-12-01,0.01,0.03,0.08,0.13,0.49,0.9
2014-12-02,0.04,0.03,0.08,0.14,0.55,0.96
2014-12-03,0.03,0.01,0.07,0.15,0.57,0.98
2014-12-04,0.03,0.02,0.08,0.14,0.55,0.97
2014-12-05,0.02,0.02,0.08,0.18,0.65,1.09
2014-12-08,0.03,0.03,0.1,0.18,0.64,1.1
2014-12-09,0.05,0.04,0.11,0.23,0.64,1.07
2014-12-10,0.05,0.03,0.1,0.21,0.59,1.01
2014-12-11,0.02,0.03,0.09,0.21,0.62,1.05
2014-12-12,0.02,0.02,0.09,0.19,0.56,0.98
2014-12-15,0.02,0.04,0.11,0.22,0.6,1.03
2014-12-16,0.03,0.03,0.11,0.21,0.58,0.99
2014-12-17,0.03,0.03,0.11,0.23,0.62,1.06
2014-12-18,0.04,0.04,0.12,0.25,0.67,1.1
2014-12-19,0.01,0.04,0.11,0.26,0.67,1.1
2014-12-22,0.01,0.05,0.16,0.28,0.71,1.13
2014-12-23,0.02,0.03,0.14,0.26,0.73,1.17
2014-12-24,0.01,0.01,0.14,0.26,0.73,1.18
2014-12-25,0.01,0.01,0.14,0.26,0.73,1.18
2014-12-26,0.01,0.01,0.1,0.26,0.73,1.19
2014-12-29,0.01,0.03,0.12,0.25,0.72,1.14
2014-12-30,0.03,0.03,0.12,0.23,0.69,1.11
2014-12-31,0.03,0.04,0.12,0.25,0.67,1.1
2015-01-01,0.03,0.04,0.12,0.25,0.67,1.1
2015-01-02,0.02,0.02,0.11,0.25,0.66,1.07
2015-01-05,0.02,0.03,0.1,0.26,0.68,1.06
2015-01-06,0.02,0.03,0.1,0.25,0.65,1.02
2015-01-07,0.02,0.03,0.09,0.25,0.62,1.0
2015-01-08,0.01,0.03,0.08,0.23,0.62,1.0
2015-01-09,0.02,0.02,0.08,0.22,0.59,0.96
2015-01-12,0.02,0.03,0.09,0.19,0.56,0.91
2015-01-13,0.02,0.03,0.08,0.2,0.54,0.88
2015-01-14,0.02,0.04,0.09,0.18,0.51,0.83
2015-01-15,0.03,0.03,0.08,0.16,0.44,0.75
2015-01-16,0.02,0.03,0.07,0.17,0.49,0.8
2015-01-19,0.02,0.03,0.07,0.17,0.49,0.8
2015-01-20,0.01,0.03,0.08,0.17,0.53,0.85
2015-01-21,0.01,0.03,0.08,0.17,0.53,0.87
2015-01-22,0.02,0.03,0.08,0.17,0.53,0.9
2015-01-23,0.02,0.02,0.07,0.17,0.52,0.86
2015-01-26,0.02,0.03,0.08,0.18,0.54,0.89
2015-01-27,0.02,0.02,0.08,0.17,0.54,0.87
2015-01-28,0.02,0.02,0.08,0.17,0.5,0.81
2015-01-29,0.01,0.03,0.07,0.17,0.51,0.84
2015-01-30,0.01,0.02,0.07,0.18,0.47,0.77
2015-02-02,0.01,0.02,0.07,0.17,0.49,0.78
2015-02-03,0.02,0.02,0.07,0.21,0.52,0.85
2015-02-04,0.01,0.01,0.06,0.2,0.52,0.86
2015-02-05,0.02,0.02,0.06,0.2,0.52,0.87
2015-02-06,0.01,0.02,0.07,0.26,0.65,1.03
2015-02-09,0.02,0.01,0.08,0.24,0.65,1.04
2015-02-10,0.02,0.01,0.08,0.25,0.67,1.05
2015-02-11,0.02,0.01,0.07,0.24,0.67,1.06
2015-02-12,0.02,0.02,0.07,0.23,0.61,1.02
2015-02-13,0.02,0.01,0.07,0.23,0.66,1.03
2015-02-16,0.02,0.01,0.07,0.23,0.66,1.03
2015-02-17,0.02,0.02,0.07,0.25,0.7,1.1
2015-02-18,0.02,0.02,0.07,0.23,0.62,1.0
2015-02-19,0.02,0.02,0.07,0.23,0.67,1.05
2015-02-20,0.02,0.02,0.07,0.23,0.67,1.07
2015-02-23,0.01,0.02,0.08,0.22,0.64,1.03
2015-02-24,0.02,0.02,0.08,0.22,0.6,0.97
2015-02-25,0.02,0.02,0.07,0.21,0.61,0.98
2015-02-26,0.02,0.03,0.07,0.22,0.66,1.04
2015-02-27,0.02,0.02,0.07,0.22,0.63,1.01
2015-03-02,0.02,0.02,0.08,0.22,0.66,1.06
2015-03-03,0.01,0.02,0.08,0.26,0.68,1.09
2015-03-04,0.01,0.01,0.08,0.26,0.66,1.07
2015-03-05,0.02,0.02,0.08,0.25,0.65,1.05
2015-03-06,0.02,0.01,0.08,0.27,0.73,1.16
2015-03-09,0.01,0.02,0.1,0.27,0.7,1.13
2015-03-10,0.03,0.02,0.1,0.25,0.7,1.1
2015-03-11,0.03,0.03,0.1,0.25,0.7,1.09
2015-03-12,0.03,0.03,0.1,0.24,0.67,1.06
2015-03-13,0.03,0.03,0.11,0.24,0.68,1.07
2015-03-16,0.02,0.05,0.15,0.26,0.66,1.06
2015-03-17,0.05,0.05,0.15,0.27,0.7,1.07
2015-03-18,0.02,0.03,0.12,0.23,0.57,0.92
2015-03-19,0.02,0.03,0.12,0.26,0.63,0.99
2015-03-20,0.0,0.01,0.11,0.24,0.6,0.95
2015-03-23,0.02,0.03,0.11,0.24,0.6,0.93
2015-03-24,0.03,0.02,0.11,0.24,0.58,0.91
2015-03-25,0.02,0.04,0.11,0.25,0.59,0.94
2015-03-26,0.02,0.03,0.13,0.28,0.61,0.98
2015-03-27,0.02,0.04,0.12,0.27,0.58,0.92
2015-03-30,0.02,0.04,0.14,0.27,0.58,0.93
2015-03-31,0.05,0.03,0.14,0.26,0.56,0.89
2015-04-01,0.02,0.03,0.12,0.27,0.55,0.86
2015-04-02,0.02,0.02,0.1,0.25,0.55,0.87
2015-04-03,0.04,0.02,0.1,0.21,0.49,0.8
2015-04-06,0.02,0.03,0.1,0.21,0.51,0.83
2015-04-07,0.02,0.02,0.1,0.22,0.52,0.85
2015-04-08,0.02,0.03,0.1,0.22,0.54,0.86
2015-04-09,0.02,0.03,0.1,0.22,0.56,0.89
2015-04-10,0.01,0.02,0.09,0.24,0.57,0.91
2015-04-13,0.02,0.03,0.11,0.23,0.54,0.89
2015-04-14,0.02,0.02,0.1,0.23,0.53,0.85
2015-04-15,0.02,0.02,0.08,0.23,0.51,0.85
2015-04-16,0.03,0.02,0.08,0.22,0.5,0.81
2015-04-17,0.03,0.01,0.08,0.23,0.51,0.84
2015-04-20,0.03,0.03,0.1,0.24,0.55,0.86
2015-04-21,0.02,0.03,0.09,0.23,0.55,0.86
2015-04-22,0.01,0.03,0.1,0.23,0.57,0.91
2015-04-23,0.01,0.03,0.09,0.24,0.55,0.87
2015-04-24,0.03,0.03,0.1,0.24,0.54,0.84
2015-04-27,0.01,0.02,0.1,0.25,0.54,0.87
2015-04-28,0.0,0.02,0.09,0.24,0.56,0.9
2015-04-29,0.0,0.01,0.07,0.25,0.56,0.91
2015-04-30,0.0,0.01,0.06,0.24,0.58,0.91
2015-05-01,0.0,0.01,0.05,0.25,0.6,0.97
2015-05-04,0.01,0.02,0.08,0.25,0.6,0.96
2015-05-05,0.01,0.01,0.08,0.24,0.62,1.0
2015-05-06,0.02,0.02,0.08,0.25,0.65,1.03
2015-05-07,0.01,0.01,0.08,0.24,0.63,1.02
2015-05-08,0.01,0.01,0.08,0.23,0.59,0.96
2015-05-11,0.02,0.02,0.09,0.25,0.62,1.02
2015-05-12,0.01,0.03,0.09,0.25,0.61,1.0
2015-05-13,0.02,0.02,0.09,0.24,0.59,0.97
2015-05-14,0.0,0.01,0.08,0.23,0.56,0.91
2015-05-15,0.02,0.02,0.09,0.23,0.55,0.9
2015-05-18,0.01,0.02,0.08,0.22,0.58,0.95
2015-05-19,0.02,0.02,0.07,0.23,0.63,1.01
2015-05-20,0.02,0.02,0.08,0.23,0.6,0.98
2015-05-21,0.02,0.02,0.07,0.22,0.6,0.95
2015-05-22,0.01,0.02,0.08,0.23,0.64,1.01
2015-05-25,0.01,0.02,0.08,0.23,0.64,1.01
2015-05-26,0.01,0.02,0.09,0.24,0.64,0.99
2015-05-27,0.02,0.01,0.09,0.27,0.64,1.0
2015-05-28,0.01,0.01,0.08,0.26,0.62,0.97
2015-05-29,0.01,0.01,0.06,0.26,0.61,0.94
2015-06-01,0.02,0.02,0.07,0.26,0.64,0.99
2015-06-02,0.02,0.01,0.07,0.26,0.64,1.02
2015-06-03,0.02,0.02,0.07,0.26,0.69,1.07
2015-06-04,0.02,0.02,0.08,0.27,0.66,1.04
2015-06-05,0.02,0.03,0.08,0.29,0.73,1.13
2015-06-08,0.01,0.02,0.09,0.27,0.7,1.09
2015-06-09,0.01,0.02,0.08,0.27,0.72,1.12
2015-06-10,0.01,0.02,0.1,0.28,0.75,1.15
2015-06-11,0.01,0.01,0.1,0.28,0.73,1.12
2015-06-12,0.01,0.02,0.1,0.28,0.74,1.12
2015-06-15,0.0,0.02,0.11,0.28,0.72,1.1
2015-06-16,0.0,0.01,0.11,0.28,0.71,1.08
2015-06-17,0.0,0.01,0.1,0.27,0.67,1.03
2015-06-18,0.0,0.01,0.08,0.26,0.66,1.03
2015-06-19,0.0,0.01,0.05,0.25,0.65,0.99
2015-06-22,0.0,0.01,0.08,0.27,0.68,1.06
2015-06-23,0.0,0.01,0.09,0.3,0.7,1.07
2015-06-24,0.0,0.01,0.08,0.3,0.68,1.06
2015-06-25,0.0,0.01,0.07,0.29,0.68,1.06
2015-06-26,0.0,0.01,0.08,0.29,0.72,1.09
2015-06-29,0.0,0.02,0.11,0.27,0.64,1.0
2015-06-30,0.02,0.01,0.11,0.28,0.64,1.01
2015-07-01,0.01,0.01,0.13,0.28,0.69,1.08
2015-07-02,0.01,0.01,0.1,0.26,0.64,1.01
2015-07-03,0.01,0.01,0.1,0.26,0.64,1.01
2015-07-06,0.01,0.02,0.09,0.26,0.6,0.95
2015-07-07,0.02,0.02,0.08,0.25,0.58,0.96
2015-07-08,0.02,0.02,0.08,0.24,0.55,0.91
2015-07-09,0.02,0.03,0.08,0.25,0.6,0.95
2015-07-10,0.01,0.01,0.09,0.28,0.65,1.04
2015-07-13,0.02,0.02,0.1,0.28,0.69,1.06
2015-07-14,0.03,0.01,0.1,0.27,0.66,1.03
2015-07-15,0.03,0.02,0.11,0.28,0.64,1.0
2015-07-16,0.03,0.02,0.1,0.29,0.67,1.05
2015-07-17,0.03,0.03,0.11,0.29,0.68,1.05
2015-07-20,0.03,0.04,0.14,0.31,0.71,1.09
2015-07-21,0.04,0.03,0.13,0.34,0.71,1.07
2015-07-22,0.04,0.04,0.13,0.34,0.75,1.08
2015-07-23,0.04,0.03,0.13,0.33,0.71,1.06
2015-07-24,0.04,0.04,0.14,0.32,0.7,1.04
2015-07-27,0.04,0.05,0.15,0.32,0.68,1.0
2015-07-28,0.05,0.05,0.14,0.32,0.69,1.03
2015-07-29,0.05,0.06,0.14,0.33,0.7,1.05
2015-07-30,0.05,0.07,0.15,0.36,0.72,1.07
2015-07-31,0.04,0.08,0.14,0.33,0.67,1.0
2015-08-03,0.03,0.08,0.17,0.33,0.68,0.99
2015-08-04,0.05,0.08,0.18,0.37,0.74,1.08
2015-08-05,0.05,0.08,0.19,0.38,0.73,1.1
2015-08-06,0.04,0.04,0.2,0.35,0.71,1.08
2015-08-07,0.03,0.06,0.23,0.38,0.73,1.08
2015-08-10,0.03,0.12,0.24,0.4,0.73,1.09
2015-08-11,0.06,0.1,0.23,0.37,0.68,1.03
2015-08-12,0.06,0.1,0.22,0.37,0.67,1.01
2015-08-13,0.06,0.1,0.24,0.4,0.72,1.06
2015-08-14,0.04,0.09,0.25,0.41,0.73,1.08
2015-08-17,0.03,0.1,0.24,0.4,0.72,1.07
2015-08-18,0.05,0.07,0.25,0.42,0.74,1.07
2015-08-19,0.05,0.05,0.22,0.39,0.67,0.98
2015-08-20,0.01,0.02,0.22,0.39,0.69,1.0
2015-08-21,0.02,0.03,0.21,0.36,0.64,0.95
2015-08-24,0.02,0.06,0.2,0.33,0.59,0.9
2015-08-25,0.04,0.07,0.19,0.36,0.67,0.98
2015-08-26,0.03,0.06,0.2,0.35,0.67,0.98
2015-08-27,0.02,0.06,0.22,0.36,0.68,0.99
2015-08-28,0.02,0.06,0.25,0.38,0.72,1.04
2015-08-31,0.0,0.08,0.27,0.39,0.74,1.07
2015-09-01,0.01,0.03,0.26,0.39,0.7,1.03
2015-09-02,0.01,0.03,0.25,0.37,0.72,1.04
2015-09-03,0.02,0.02,0.24,0.36,0.71,1.0
2015-09-04,0.02,0.02,0.23,0.36,0.71,1.0
2015-09-07,0.02,0.02,0.23,0.36,0.71,1.0
2015-09-08,0.02,0.06,0.27,0.39,0.74,1.05
2015-09-09,0.02,0.03,0.26,0.39,0.75,1.06
2015-09-10,0.02,0.02,0.25,0.39,0.75,1.06
2015-09-11,0.04,0.04,0.25,0.4,0.71,1.03
2015-09-14,0.02,0.07,0.26,0.4,0.73,1.03
2015-09-15,0.0,0.07,0.27,0.47,0.82,1.12
2015-09-16,0.0,0.06,0.24,0.46,0.82,1.13
2015-09-17,0.0,0.01,0.16,0.39,0.7,1.0
2015-09-18,0.0,0.0,0.1,0.35,0.69,0.97
2015-09-21,0.0,0.01,0.11,0.36,0.72,1.01
2015-09-22,0.0,0.0,0.1,0.35,0.69,0.97
2015-09-23,0.0,0.01,0.09,0.34,0.7,1.0
2015-09-24,0.0,0.01,0.09,0.32,0.67,0.97
2015-09-25,0.0,0.0,0.07,0.35,0.7,1.0
2015-09-28,0.0,0.01,0.1,0.34,0.67,0.97
2015-09-29,0.0,0.01,0.09,0.33,0.64,0.92
2015-09-30,0.0,0.0,0.08,0.33,0.64,0.92
2015-10-01,0.0,0.0,0.08,0.31,0.64,0.92
2015-10-02,0.0,0.0,0.06,0.25,0.58,0.85
2015-10-05,0.0,0.01,0.06,0.26,0.61,0.89
2015-10-06,0.0,0.0,0.07,0.26,0.61,0.9
2015-10-07,0.0,0.0,0.08,0.27,0.65,0.92
2015-10-08,0.0,0.0,0.07,0.27,0.65,0.93
2015-10-09,0.01,0.01,0.07,0.28,0.65,0.96
2015-10-12,0.01,0.01,0.07,0.28,0.65,0.96
2015-10-13,0.0,0.01,0.08,0.27,0.64,0.92
2015-10-14,0.0,0.0,0.08,0.21,0.57,0.84
2015-10-15,0.0,0.01,0.08,0.22,0.61,0.9
2015-10-16,0.03,0.01,0.07,0.23,0.61,0.91
2015-10-19,0.06,0.02,0.12,0.23,0.61,0.89
2015-10-20,0.08,0.02,0.12,0.23,0.66,0.93
2015-10-21,0.01,0.01,0.12,0.23,0.64,0.91
2015-10-22,0.02,0.0,0.11,0.23,0.61,0.89
2015-10-23,0.01,0.01,0.13,0.24,0.66,0.94
2015-10-26,0.01,0.02,0.16,0.25,0.66,0.94
2015-10-27,0.01,0.03,0.18,0.29,0.65,0.92
2015-10-28,0.03,0.04,0.21,0.33,0.73,1.0
2015-10-29,0.02,0.07,0.21,0.33,0.75,1.05
2015-10-30,0.01,0.08,0.23,0.34,0.75,1.05
2015-11-02,0.01,0.08,0.27,0.37,0.77,1.08
2015-11-03,0.07,0.06,0.26,0.39,0.8,1.1
2015-11-04,0.07,0.05,0.27,0.4,0.84,1.16
2015-11-05,0.04,0.05,0.27,0.42,0.85,1.16
2015-11-06,0.04,0.08,0.32,0.47,0.9,1.23
2015-11-09,0.06,0.14,0.34,0.47,0.89,1.27
2015-11-10,0.08,0.13,0.34,0.51,0.87,1.22
2015-11-11,0.08,0.13,0.34,0.51,0.87,1.22
2015-11-12,0.08,0.14,0.35,0.51,0.89,1.24
2015-11-13,0.03,0.14,0.31,0.5,0.86,1.2
2015-11-16,0.05,0.15,0.33,0.5,0.88,1.18
2015-11-17,0.07,0.14,0.34,0.5,0.86,1.18
2015-11-18,0.07,0.12,0.31,0.49,0.9,1.21
2015-11-19,0.06,0.11,0.31,0.49,0.91,1.21
2015-11-20,0.05,0.12,0.31,0.49,0.93,1.23
2015-11-23,0.06,0.14,0.35,0.5,0.94,1.26
2015-11-24,0.13,0.16,0.36,0.52,0.93,1.23
2015-11-25,0.14,0.19,0.39,0.52,0.93,1.25
2015-11-26,0.14,0.19,0.39,0.52,0.93,1.25
2015-11-27,0.13,0.18,0.38,0.5,0.92,1.23
2015-11-30,0.11,0.22,0.42,0.51,0.94,1.24
2015-12-01,0.19,0.21,0.42,0.51,0.91,1.19
2015-12-02,0.19,0.21,0.42,0.52,0.94,1.23
2015-12-03,0.18,0.21,0.45,0.57,0.96,1.27
2015-12-04,0.17,0.23,0.49,0.6,0.96,1.25
2015-12-07,0.21,0.29,0.57,0.67,0.94,1.24
2015-12-08,0.23,0.27,0.58,0.76,0.94,1.25
2015-12-09,0.19,0.26,0.53,0.72,0.93,1.22
2015-12-10,0.19,0.24,0.55,0.71,0.95,1.25
2015-12-11,0.15,0.23,0.52,0.68,0.88,1.16
2015-12-14,0.13,0.26,0.54,0.68,0.97,1.25
2015-12-15,0.21,0.25,0.54,0.69,0.98,1.29
2015-12-16,0.2,0.27,0.51,0.7,1.02,1.35
2015-12-17,0.18,0.23,0.48,0.69,1.0,1.33
2015-12-18,0.16,0.19,0.47,0.67,0.97,1.27
2015-12-21,0.14,0.24,0.51,0.64,0.96,1.28
2015-12-22,0.19,0.21,0.47,0.66,0.99,1.31
2015-12-23,0.19,0.2,0.47,0.65,1.01,1.32
2015-12-24,0.15,0.2,0.49,0.64,1.03,1.33
2015-12-25,0.15,0.2,0.49,0.64,1.03,1.33
2015-12-28,0.13,0.23,0.51,0.66,1.05,1.33
2015-12-29,0.18,0.23,0.5,0.67,1.09,1.38
2015-12-30,0.08,0.21,0.47,0.64,1.08,1.36
2015-12-31,0.14,0.16,0.49,0.65,1.06,1.31
2016-01-01,0.14,0.16,0.49,0.65,1.06,1.31
2016-01-04,0.17,0.22,0.49,0.61,1.02,1.31
2016-01-05,0.2,0.2,0.49,0.68,1.04,1.32
2016-01-06,0.21,0.21,0.47,0.67,0.99,1.26
2016-01-07,0.2,0.2,0.46,0.66,0.96,1.22
2016-01-08,0.2,0.2,0.45,0.64,0.94,1.2
2016-01-11,0.19,0.21,0.48,0.63,0.94,1.2
2016-01-12,0.22,0.21,0.47,0.62,0.93,1.18
2016-01-13,0.22,0.22,0.46,0.6,0.91,1.15
2016-01-14,0.22,0.25,0.43,0.55,0.9,1.14
2016-01-15,0.19,0.24,0.37,0.49,0.85,1.08
2016-01-18,0.19,0.24,0.37,0.49,0.85,1.08
2016-01-19,0.21,0.26,0.37,0.48,0.88,1.11
2016-01-20,0.26,0.26,0.35,0.43,0.85,1.06
2016-01-21,0.27,0.28,0.38,0.44,0.84,1.06
2016-01-22,0.26,0.31,0.41,0.47,0.88,1.11
2016-01-25,0.25,0.31,0.42,0.47,0.88,1.1
2016-01-26,0.29,0.31,0.45,0.47,0.85,1.07
2016-01-27,0.28,0.32,0.43,0.47,0.84,1.07
2016-01-28,0.26,0.35,0.45,0.47,0.83,1.05
2016-01-29,0.22,0.33,0.43,0.47,0.76,0.97
2016-02-01,0.19,0.35,0.47,0.47,0.81,1.01
2016-02-02,0.26,0.34,0.47,0.54,0.75,0.93
2016-02-03,0.27,0.33,0.46,0.54,0.72,0.91
2016-02-04,0.24,0.29,0.43,0.52,0.7,0.9
2016-02-05,0.23,0.3,0.45,0.55,0.74,0.91
2016-02-08,0.21,0.32,0.42,0.51,0.66,0.83
2016-02-09,0.27,0.3,0.43,0.52,0.69,0.85
2016-02-10,0.27,0.31,0.42,0.52,0.71,0.85
2016-02-11,0.27,0.28,0.39,0.47,0.64,0.81
2016-02-12,0.26,0.3,0.39,0.51,0.71,0.89
2016-02-15,0.26,0.3,0.39,0.51,0.71,0.89
2016-02-16,0.23,0.3,0.42,0.51,0.74,0.91
2016-02-17,0.28,0.3,0.43,0.53,0.74,0.93
2016-02-18,0.28,0.3,0.45,0.53,0.71,0.88
2016-02-19,0.26,0.31,0.46,0.53,0.76,0.91
2016-02-22,0.28,0.33,0.46,0.55,0.78,0.92
2016-02-23,0.28,0.32,0.47,0.55,0.76,0.9
2016-02-24,0.28,0.33,0.46,0.55,0.75,0.9
2016-02-25,0.27,0.32,0.46,0.56,0.72,0.85
2016-02-26,0.26,0.33,0.47,0.6,0.8,0.93
2016-02-29,0.23,0.33,0.49,0.62,0.78,0.91
2016-03-01,0.29,0.33,0.5,0.68,0.85,0.98
2016-03-02,0.28,0.36,0.48,0.67,0.85,1.0
2016-03-03,0.25,0.28,0.46,0.65,0.85,0.99
2016-03-04,0.25,0.29,0.47,0.67,0.88,1.04
2016-03-07,0.27,0.32,0.49,0.67,0.91,1.08
2016-03-08,0.27,0.29,0.48,0.68,0.88,1.04
2016-03-09,0.27,0.3,0.47,0.68,0.9,1.07
2016-03-10,0.27,0.32,0.5,0.69,0.93,1.11
2016-03-11,0.27,0.33,0.51,0.7,0.97,1.16
2016-03-14,0.28,0.34,0.52,0.7,0.97,1.15
2016-03-15,0.29,0.34,0.52,0.71,0.98,1.16
2016-03-16,0.28,0.31,0.47,0.66,0.87,1.05
2016-03-17,0.29,0.29,0.47,0.64,0.87,1.04
2016-03-18,0.27,0.3,0.44,0.62,0.84,1.0
2016-03-21,0.26,0.31,0.46,0.63,0.87,1.05
2016-03-22,0.28,0.3,0.46,0.64,0.91,1.08
2016-03-23,0.27,0.3,0.46,0.64,0.87,1.03
2016-03-24,0.24,0.3,0.46,0.63,0.89,1.05
2016-03-25,0.24,0.3,0.46,0.63,0.89,1.05
2016-03-28,0.19,0.29,0.49,0.65,0.89,1.04
2016-03-29,0.18,0.23,0.45,0.63,0.78,0.94
2016-03-30,0.14,0.2,0.39,0.61,0.76,0.91
2016-03-31,0.18,0.21,0.39,0.59,0.73,0.87
2016-04-01,0.2,0.23,0.4,0.62,0.76,0.9
2016-04-04,0.18,0.23,0.38,0.59,0.75,0.88
2016-04-05,0.19,0.23,0.36,0.56,0.72,0.85
2016-04-06,0.19,0.23,0.36,0.55,0.73,0.88
2016-04-07,0.2,0.23,0.36,0.52,0.7,0.83
2016-04-08,0.2,0.23,0.34,0.54,0.7,0.84
2016-04-11,0.19,0.23,0.34,0.53,0.7,0.85
2016-04-12,0.21,0.22,0.34,0.54,0.74,0.9
2016-04-13,0.21,0.23,0.36,0.55,0.75,0.9
2016-04-14,0.21,0.22,0.37,0.55,0.77,0.92
2016-04-15,0.19,0.22,0.37,0.53,0.74,0.87
2016-04-18,0.16,0.22,0.35,0.52,0.75,0.9
2016-04-19,0.18,0.21,0.36,0.53,0.77,0.92
2016-04-20,0.18,0.23,0.36,0.54,0.8,0.97
2016-04-21,0.19,0.23,0.37,0.56,0.82,0.98
2016-04-22,0.19,0.23,0.38,0.56,0.84,1.01
2016-04-25,0.17,0.25,0.4,0.57,0.85,1.01
2016-04-26,0.19,0.24,0.43,0.61,0.86,1.04
2016-04-27,0.18,0.24,0.4,0.58,0.83,0.99
2016-04-28,0.17,0.22,0.39,0.56,0.78,0.93
2016-04-29,0.16,0.22,0.4,0.56,0.77,0.92
2016-05-02,0.11,0.22,0.41,0.55,0.8,0.96
2016-05-03,0.18,0.21,0.4,0.53,0.75,0.92
2016-05-04,0.18,0.19,0.39,0.52,0.75,0.89
2016-05-05,0.2,0.2,0.39,0.51,0.72,0.87
2016-05-06,0.2,0.19,0.39,0.51,0.74,0.9
2016-05-09,0.21,0.24,0.38,0.51,0.72,0.86
2016-05-10,0.25,0.24,0.36,0.52,0.72,0.88
2016-05-11,0.25,0.26,0.37,0.53,0.74,0.87
2016-05-12,0.25,0.27,0.37,0.54,0.76,0.92
2016-05-13,0.25,0.29,0.38,0.55,0.76,0.91
2016-05-16,0.21,0.28,0.38,0.57,0.79,0.94
2016-05-17,0.25,0.28,0.4,0.58,0.82,0.97
2016-05-18,0.25,0.3,0.43,0.63,0.9,1.08
2016-05-19,0.25,0.31,0.43,0.64,0.89,1.06
2016-05-20,0.26,0.33,0.46,0.67,0.89,1.05
2016-05-23,0.26,0.35,0.48,0.69,0.91,1.05
2016-05-24,0.28,0.35,0.48,0.69,0.92,1.08
2016-05-25,0.24,0.33,0.47,0.67,0.92,1.08
2016-05-26,0.17,0.31,0.46,0.65,0.87,1.03
2016-05-27,0.23,0.32,0.47,0.68,0.9,1.06
2016-05-30,0.23,0.32,0.47,0.68,0.9,1.06
2016-05-31,0.27,0.34,0.49,0.68,0.87,1.03
2016-06-01,0.27,0.3,0.49,0.7,0.91,1.07
2016-06-02,0.19,0.29,0.48,0.68,0.89,1.03
2016-06-03,0.19,0.3,0.43,0.6,0.78,0.92
2016-06-06,0.19,0.28,0.43,0.6,0.8,0.94
2016-06-07,0.2,0.28,0.43,0.59,0.78,0.94
2016-06-08,0.2,0.24,0.43,0.6,0.78,0.93
2016-06-09,0.21,0.26,0.43,0.59,0.77,0.91
2016-06-10,0.18,0.26,0.42,0.57,0.73,0.87
2016-06-13,0.23,0.27,0.4,0.55,0.73,0.84
2016-06-14,0.24,0.27,0.41,0.55,0.74,0.85
2016-06-15,0.23,0.26,0.37,0.52,0.69,0.81
2016-06-16,0.23,0.27,0.36,0.53,0.7,0.81
2016-06-17,0.22,0.27,0.37,0.51,0.7,0.83
2016-06-20,0.23,0.28,0.41,0.56,0.74,0.87
2016-06-21,0.25,0.27,0.41,0.57,0.76,0.89
2016-06-22,0.25,0.27,0.4,0.56,0.75,0.88
2016-06-23,0.27,0.31,0.43,0.58,0.78,0.92
2016-06-24,0.24,0.27,0.38,0.48,0.64,0.76
2016-06-27,0.22,0.27,0.35,0.45,0.61,0.7
2016-06-28,0.25,0.26,0.35,0.45,0.61,0.71
2016-06-29,0.18,0.26,0.35,0.46,0.62,0.74
2016-06-30,0.2,0.26,0.36,0.45,0.58,0.71
2016-07-01,0.24,0.28,0.37,0.45,0.59,0.71
2016-07-04,0.24,0.28,0.37,0.45,0.59,0.71
2016-07-05,0.27,0.28,0.35,0.44,0.56,0.66
2016-07-06,0.26,0.27,0.36,0.46,0.58,0.69
2016-07-07,0.27,0.29,0.37,0.47,0.58,0.69
2016-07-08,0.26,0.28,0.36,0.48,0.61,0.71
2016-07-11,0.28,0.31,0.4,0.5,0.66,0.77
2016-07-12,0.29,0.29,0.4,0.52,0.69,0.81
2016-07-13,0.29,0.31,0.4,0.51,0.68,0.8
2016-07-14,0.29,0.32,0.41,0.53,0.68,0.82
2016-07-15,0.27,0.32,0.42,0.52,0.71,0.87
2016-07-18,0.26,0.32,0.44,0.52,0.68,0.85
2016-07-19,0.29,0.31,0.44,0.56,0.7,0.84
2016-07-20,0.28,0.32,0.44,0.56,0.73,0.86
2016-07-21,0.28,0.32,0.44,0.54,0.7,0.82
2016-07-22,0.29,0.33,0.44,0.55,0.71,0.84
2016-07-25,0.28,0.32,0.44,0.55,0.72,0.87
2016-07-26,0.24,0.31,0.43,0.55,0.75,0.87
2016-07-27,0.25,0.31,0.4,0.53,0.73,0.83
2016-07-28,0.19,0.25,0.39,0.53,0.72,0.82
2016-07-29,0.19,0.28,0.38,0.5,0.67,0.76
2016-08-01,0.2,0.29,0.4,0.5,0.67,0.78
2016-08-02,0.28,0.29,0.41,0.5,0.67,0.79
2016-08-03,0.26,0.28,0.42,0.53,0.67,0.78
2016-08-04,0.24,0.26,0.41,0.51,0.64,0.76
2016-08-05,0.23,0.28,0.45,0.56,0.72,0.86
2016-08-08,0.27,0.31,0.45,0.57,0.74,0.86
2016-08-09,0.27,0.29,0.44,0.55,0.71,0.84
2016-08-10,0.27,0.28,0.43,0.55,0.69,0.8
2016-08-11,0.27,0.28,0.45,0.55,0.76,0.88
2016-08-12,0.27,0.29,0.43,0.56,0.71,0.82
2016-08-15,0.26,0.31,0.46,0.56,0.72,0.85
2016-08-16,0.27,0.27,0.45,0.57,0.76,0.87
2016-08-17,0.27,0.3,0.46,0.58,0.74,0.86
2016-08-18,0.27,0.3,0.44,0.58,0.71,0.81
2016-08-19,0.27,0.3,0.44,0.59,0.76,0.88
2016-08-22,0.24,0.29,0.45,0.58,0.76,0.86
2016-08-23,0.28,0.3,0.45,0.58,0.74,0.86
2016-08-24,0.28,0.31,0.46,0.59,0.76,0.87
2016-08-25,0.28,0.33,0.46,0.6,0.78,0.89
2016-08-26,0.28,0.34,0.47,0.62,0.84,0.96
2016-08-29,0.25,0.33,0.49,0.62,0.81,0.92
2016-08-30,0.23,0.33,0.47,0.61,0.8,0.92
2016-08-31,0.26,0.33,0.47,0.61,0.8,0.92
2016-09-01,0.27,0.33,0.47,0.6,0.78,0.91
2016-09-02,0.25,0.33,0.45,0.59,0.8,0.92
2016-09-05,0.25,0.33,0.45,0.59,0.8,0.92
2016-09-06,0.24,0.32,0.45,0.56,0.74,0.86
2016-09-07,0.25,0.34,0.49,0.57,0.74,0.86
2016-09-08,0.26,0.35,0.5,0.57,0.78,0.91
2016-09-09,0.24,0.35,0.51,0.58,0.79,0.93
2016-09-12,0.24,0.37,0.53,0.57,0.79,0.92
2016-09-13,0.25,0.36,0.54,0.63,0.8,0.95
2016-09-14,0.24,0.33,0.52,0.62,0.77,0.9
2016-09-15,0.2,0.29,0.49,0.6,0.74,0.87
2016-09-16,0.2,0.3,0.5,0.61,0.77,0.91
2016-09-19,0.16,0.3,0.48,0.6,0.79,0.92
2016-09-20,0.17,0.3,0.49,0.61,0.79,0.93
2016-09-21,0.12,0.22,0.44,0.61,0.79,0.92
2016-09-22,0.1,0.18,0.39,0.6,0.79,0.91
2016-09-23,0.09,0.18,0.4,0.6,0.77,0.9
2016-09-26,0.12,0.25,0.42,0.58,0.76,0.87
2016-09-27,0.16,0.26,0.42,0.58,0.75,0.86
2016-09-28,0.14,0.27,0.44,0.6,0.75,0.87
2016-09-29,0.12,0.26,0.43,0.59,0.73,0.85
2016-09-30,0.2,0.29,0.45,0.59,0.77,0.88
2016-10-03,0.25,0.32,0.48,0.63,0.8,0.91
2016-10-04,0.28,0.33,0.48,0.64,0.82,0.95
2016-10-05,0.26,0.32,0.48,0.65,0.85,0.98
2016-10-06,0.26,0.33,0.46,0.65,0.86,1.0
2016-10-07,0.26,0.33,0.46,0.66,0.83,0.99
2016-10-10,0.26,0.33,0.46,0.66,0.83,0.99
2016-10-11,0.27,0.35,0.48,0.69,0.87,1.03
2016-10-12,0.26,0.37,0.49,0.68,0.87,0.99
2016-10-13,0.26,0.3,0.45,0.66,0.85,1.0
2016-10-14,0.26,0.32,0.46,0.66,0.84,1.0
2016-10-17,0.24,0.34,0.47,0.65,0.81,0.98
2016-10-18,0.26,0.34,0.47,0.66,0.82,0.96
2016-10-19,0.25,0.35,0.48,0.65,0.81,0.96
2016-10-20,0.25,0.35,0.48,0.66,0.84,0.98
2016-10-21,0.25,0.34,0.47,0.66,0.84,0.98
2016-10-24,0.23,0.33,0.46,0.66,0.84,1.0
2016-10-25,0.22,0.34,0.49,0.66,0.86,1.0
2016-10-26,0.25,0.33,0.49,0.67,0.86,1.01
2016-10-27,0.19,0.3,0.49,0.68,0.87,1.04
2016-10-28,0.18,0.3,0.49,0.66,0.86,1.02
2016-10-31,0.2,0.34,0.51,0.66,0.86,1.0
2016-11-01,0.24,0.35,0.5,0.65,0.83,0.99
2016-11-02,0.24,0.37,0.51,0.64,0.81,0.98
2016-11-03,0.24,0.38,0.52,0.64,0.81,0.98
2016-11-04,0.25,0.38,0.52,0.62,0.8,0.95
2016-11-07,0.28,0.41,0.54,0.63,0.82,0.99
2016-11-08,0.28,0.43,0.56,0.71,0.87,1.04
2016-11-09,0.3,0.45,0.56,0.72,0.9,1.12
2016-11-10,0.3,0.48,0.59,0.72,0.92,1.17
2016-11-11,0.3,0.48,0.59,0.72,0.92,1.17
2016-11-14,0.32,0.55,0.65,0.77,1.0,1.27
2016-11-15,0.3,0.51,0.61,0.78,1.02,1.28
2016-11-16,0.32,0.47,0.62,0.76,1.0,1.28
2016-11-17,0.3,0.44,0.61,0.77,1.04,1.31
2016-11-18,0.28,0.44,0.6,0.77,1.07,1.36
2016-11-21,0.28,0.46,0.6,0.78,1.08,1.36
2016-11-22,0.34,0.49,0.61,0.78,1.07,1.35
2016-11-23,0.35,0.51,0.63,0.8,1.12,1.4
2016-11-24,0.35,0.51,0.63,0.8,1.12,1.4
2016-11-25,0.34,0.49,0.62,0.81,1.12,1.41
2016-11-28,0.32,0.48,0.6,0.79,1.11,1.38
2016-11-29,0.34,0.48,0.6,0.78,1.09,1.37
2016-11-30,0.38,0.48,0.62,0.8,1.11,1.4
2016-12-01,0.32,0.48,0.6,0.82,1.14,1.45
2016-12-02,0.34,0.49,0.61,0.8,1.11,1.4
2016-12-05,0.34,0.49,0.63,0.82,1.13,1.42
2016-12-06,0.35,0.49,0.63,0.83,1.12,1.41
2016-12-07,0.38,0.52,0.63,0.85,1.1,1.39
2016-12-08,0.39,0.51,0.62,0.84,1.12,1.4
2016-12-09,0.41,0.54,0.64,0.85,1.15,1.43
2016-12-12,0.42,0.51,0.64,0.85,1.15,1.44
2016-12-13,0.47,0.54,0.66,0.88,1.17,1.46
2016-12-14,0.49,0.55,0.66,0.92,1.27,1.57
2016-12-15,0.48,0.51,0.65,0.91,1.29,1.61
2016-12-16,0.46,0.51,0.65,0.91,1.28,1.59
2016-12-19,0.45,0.52,0.65,0.9,1.24,1.55
2016-12-20,0.48,0.52,0.66,0.9,1.25,1.56
2016-12-21,0.46,0.52,0.65,0.88,1.21,1.54
2016-12-22,0.42,0.51,0.65,0.87,1.22,1.54
2016-12-23,0.42,0.52,0.65,0.87,1.22,1.54
2016-12-26,0.42,0.52,0.65,0.87,1.22,1.54
2016-12-27,0.5,0.51,0.66,0.89,1.28,1.58
2016-12-28,0.48,0.53,0.62,0.9,1.26,1.55
2016-12-29,0.39,0.47,0.62,0.85,1.22,1.49
2016-12-30,0.44,0.51,0.62,0.85,1.2,1.47
2017-01-02,0.44,0.51,0.62,0.85,1.2,1.47
2017-01-03,0.52,0.53,0.65,0.89,1.22,1.5
2017-01-04,0.49,0.53,0.63,0.87,1.24,1.5
2017-01-05,0.51,0.52,0.62,0.83,1.17,1.43
2017-01-06,0.5,0.53,0.61,0.85,1.22,1.5
2017-01-09,0.5,0.5,0.6,0.82,1.21,1.47
2017-01-10,0.51,0.52,0.6,0.82,1.19,1.47
2017-01-11,0.51,0.52,0.6,0.82,1.2,1.47
2017-01-12,0.52,0.52,0.59,0.81,1.18,1.45
2017-01-13,0.52,0.53,0.61,0.82,1.21,1.48
2017-01-16,0.52,0.53,0.61,0.82,1.21,1.48
2017-01-17,0.52,0.55,0.62,0.8,1.17,1.42
2017-01-18,0.48,0.53,0.63,0.82,1.23,1.51
2017-01-19,0.47,0.52,0.62,0.83,1.25,1.53
2017-01-20,0.46,0.5,0.62,0.82,1.2,1.5
2017-01-23,0.46,0.51,0.59,0.79,1.16,1.43
2017-01-24,0.5,0.51,0.62,0.81,1.21,1.49
2017-01-25,0.48,0.5,0.61,0.82,1.23,1.52
2017-01-26,0.49,0.51,0.62,0.82,1.21,1.49
2017-01-27,0.49,0.52,0.63,0.82,1.22,1.48
2017-01-30,0.49,0.51,0.63,0.81,1.22,1.48
2017-01-31,0.5,0.52,0.64,0.84,1.19,1.46
2017-02-01,0.5,0.51,0.65,0.83,1.22,1.49
2017-02-02,0.5,0.52,0.64,0.84,1.21,1.48
2017-02-03,0.49,0.51,0.63,0.82,1.21,1.49
2017-02-06,0.48,0.53,0.62,0.79,1.16,1.43
2017-02-07,0.51,0.53,0.63,0.8,1.16,1.43
2017-02-08,0.52,0.54,0.63,0.79,1.15,1.4
2017-02-09,0.51,0.54,0.64,0.8,1.2,1.46
2017-02-10,0.51,0.55,0.64,0.81,1.2,1.47
2017-02-13,0.5,0.52,0.63,0.82,1.2,1.48
2017-02-14,0.51,0.54,0.66,0.84,1.25,1.53
2017-02-15,0.53,0.54,0.67,0.86,1.27,1.57
2017-02-16,0.51,0.53,0.66,0.82,1.22,1.5
2017-02-17,0.5,0.53,0.66,0.82,1.21,1.48
2017-02-20,0.5,0.53,0.66,0.82,1.21,1.48
2017-02-21,0.49,0.53,0.69,0.83,1.22,1.5
2017-02-22,0.47,0.52,0.68,0.82,1.22,1.49
2017-02-23,0.39,0.51,0.66,0.81,1.18,1.44
2017-02-24,0.4,0.52,0.65,0.8,1.12,1.38
2017-02-27,0.44,0.5,0.68,0.81,1.2,1.46
2017-02-28,0.4,0.53,0.69,0.88,1.22,1.49
2017-03-01,0.46,0.63,0.79,0.92,1.29,1.57
2017-03-02,0.52,0.67,0.84,0.98,1.32,1.6
2017-03-03,0.56,0.71,0.84,0.98,1.32,1.59
2017-03-06,0.56,0.74,0.83,0.97,1.31,1.6
2017-03-07,0.55,0.76,0.87,1.02,1.32,1.62
2017-03-08,0.54,0.73,0.86,1.03,1.36,1.65
2017-03-09,0.5,0.73,0.88,1.04,1.37,1.67
2017-03-10,0.6,0.75,0.89,1.03,1.36,1.66
2017-03-13,0.69,0.79,0.93,1.06,1.4,1.69
2017-03-14,0.77,0.78,0.93,1.06,1.4,1.68
2017-03-15,0.71,0.73,0.89,1.02,1.33,1.59
2017-03-16,0.68,0.73,0.89,1.01,1.35,1.63
2017-03-17,0.71,0.73,0.87,1.0,1.33,1.6
2017-03-20,0.7,0.76,0.89,1.01,1.3,1.57
2017-03-21,0.76,0.77,0.91,1.0,1.27,1.54
2017-03-22,0.74,0.77,0.9,0.99,1.27,1.52
2017-03-23,0.73,0.76,0.9,0.99,1.26,1.52
2017-03-24,0.73,0.78,0.89,1.0,1.26,1.52
2017-03-27,0.73,0.78,0.91,1.0,1.27,1.51
2017-03-28,0.75,0.78,0.92,1.03,1.3,1.56
2017-03-29,0.76,0.78,0.92,1.04,1.26,1.53
2017-03-30,0.75,0.78,0.91,1.03,1.28,1.55
2017-03-31,0.74,0.76,0.91,1.03,1.27,1.5
2017-04-03,0.73,0.79,0.92,1.02,1.24,1.47
2017-04-04,0.77,0.79,0.92,1.03,1.25,1.47
2017-04-05,0.77,0.8,0.93,1.03,1.24,1.44
2017-04-06,0.78,0.79,0.94,1.05,1.24,1.45
2017-04-07,0.77,0.82,0.95,1.08,1.29,1.52
2017-04-10,0.77,0.82,0.97,1.07,1.29,1.52
2017-04-11,0.74,0.82,0.94,1.05,1.24,1.45
2017-04-12,0.77,0.81,0.95,1.04,1.24,1.44
2017-04-13,0.76,0.81,0.94,1.03,1.21,1.4
2017-04-14,0.76,0.81,0.94,1.03,1.21,1.4
2017-04-17,0.76,0.83,0.94,1.04,1.21,1.42
2017-04-18,0.76,0.82,0.94,1.02,1.18,1.35
2017-04-19,0.75,0.81,0.94,1.02,1.19,1.38
2017-04-20,0.73,0.79,0.93,1.01,1.21,1.41
2017-04-21,0.72,0.79,0.92,0.99,1.2,1.4
2017-04-24,0.74,0.81,0.96,1.03,1.25,1.44
2017-04-25,0.73,0.82,0.98,1.09,1.29,1.49
2017-04-26,0.74,0.83,0.99,1.07,1.28,1.46
2017-04-27,0.7,0.81,0.98,1.06,1.25,1.44
2017-04-28,0.68,0.8,0.99,1.07,1.28,1.45
2017-05-01,0.67,0.83,0.98,1.09,1.28,1.48
2017-05-02,0.72,0.82,0.99,1.08,1.27,1.45
2017-05-03,0.73,0.85,1.0,1.1,1.3,1.5
2017-05-04,0.71,0.86,1.0,1.11,1.32,1.51
2017-05-05,0.71,0.9,1.01,1.1,1.32,1.52
2017-05-08,0.73,0.91,1.02,1.12,1.33,1.53
2017-05-09,0.74,0.91,1.04,1.14,1.37,1.57
2017-05-10,0.71,0.9,1.04,1.13,1.35,1.56
2017-05-11,0.68,0.89,1.04,1.13,1.35,1.55
2017-05-12,0.69,0.88,1.03,1.11,1.29,1.49
2017-05-15,0.73,0.9,1.02,1.11,1.31,1.49
2017-05-16,0.72,0.9,1.04,1.11,1.29,1.48
2017-05-17,0.72,0.9,1.0,1.08,1.26,1.42
2017-05-18,0.73,0.93,1.02,1.09,1.27,1.44
2017-05-19,0.71,0.92,1.03,1.1,1.28,1.45
2017-05-22,0.7,0.93,1.05,1.12,1.29,1.45
2017-05-23,0.76,0.92,1.08,1.14,1.31,1.49
2017-05-24,0.76,0.93,1.07,1.18,1.29,1.46
2017-05-25,0.72,0.94,1.08,1.16,1.3,1.46
2017-05-26,0.75,0.94,1.08,1.17,1.3,1.46
2017-05-29,0.75,0.94,1.08,1.17,1.3,1.46
2017-05-30,0.77,0.93,1.07,1.16,1.28,1.44
2017-05-31,0.86,0.98,1.08,1.17,1.28,1.44
2017-06-01,0.82,0.98,1.07,1.16,1.28,1.45
2017-06-02,0.82,0.98,1.06,1.16,1.28,1.42
2017-06-05,0.83,0.96,1.06,1.16,1.32,1.45
2017-06-06,0.83,0.97,1.08,1.16,1.3,1.42
2017-06-07,0.84,1.0,1.09,1.17,1.32,1.45
2017-06-08,0.8,1.01,1.11,1.19,1.33,1.47
2017-06-09,0.8,1.01,1.13,1.2,1.35,1.5
2017-06-12,0.82,0.98,1.09,1.19,1.35,1.5
2017-06-13,0.89,1.0,1.12,1.22,1.38,1.51
2017-06-14,0.9,1.01,1.12,1.2,1.35,1.48
2017-06-15,0.86,1.02,1.13,1.21,1.35,1.49
2017-06-16,0.85,1.03,1.13,1.21,1.32,1.48
2017-06-19,0.85,1.02,1.13,1.22,1.36,1.52
2017-06-20,0.88,1.01,1.14,1.22,1.36,1.5
2017-06-21,0.85,0.99,1.12,1.22,1.36,1.5
2017-06-22,0.8,0.96,1.1,1.22,1.34,1.48
2017-06-23,0.76,0.97,1.1,1.21,1.34,1.48
2017-06-26,0.81,0.99,1.1,1.2,1.36,1.48
2017-06-27,0.89,1.0,1.13,1.22,1.38,1.53
2017-06-28,0.89,1.02,1.12,1.21,1.34,1.51
2017-06-29,0.88,1.04,1.14,1.23,1.38,1.53
2017-06-30,0.84,1.03,1.14,1.24,1.38,1.55
2017-07-03,0.96,1.06,1.13,1.24,1.41,1.6
2017-07-04,0.96,1.06,1.13,1.24,1.41,1.6
2017-07-05,0.97,1.05,1.15,1.24,1.41,1.59
2017-07-06,0.95,1.04,1.14,1.23,1.4,1.6
2017-07-07,0.94,1.05,1.14,1.22,1.4,1.6
2017-07-10,0.95,1.04,1.13,1.23,1.4,1.59
2017-07-11,0.97,1.05,1.14,1.2,1.37,1.57
2017-07-12,0.94,1.05,1.13,1.21,1.35,1.53
2017-07-13,0.95,1.05,1.14,1.23,1.37,1.55
2017-07-14,0.93,1.04,1.12,1.22,1.35,1.54
2017-07-17,0.95,1.07,1.1,1.22,1.36,1.53
2017-07-18,0.95,1.07,1.11,1.19,1.36,1.52
2017-07-19,0.99,1.11,1.12,1.23,1.37,1.52
2017-07-20,1.0,1.15,1.12,1.22,1.37,1.51
2017-07-21,1.0,1.16,1.1,1.22,1.36,1.5
2017-07-24,1.0,1.17,1.12,1.23,1.37,1.53
2017-07-25,0.96,1.18,1.15,1.24,1.4,1.56
2017-07-26,1.02,1.13,1.14,1.23,1.36,1.5
2017-07-27,1.01,1.11,1.13,1.22,1.36,1.52
2017-07-28,1.0,1.08,1.13,1.22,1.34,1.51
2017-07-31,1.0,1.07,1.13,1.23,1.34,1.51
2017-08-01,1.0,1.08,1.15,1.22,1.34,1.5
2017-08-02,1.02,1.08,1.15,1.24,1.36,1.52
2017-08-03,1.0,1.08,1.13,1.22,1.34,1.49
2017-08-04,1.0,1.08,1.14,1.23,1.36,1.51
2017-08-07,0.99,1.02,1.14,1.22,1.36,1.52
2017-08-08,1.0,1.06,1.16,1.24,1.36,1.53
2017-08-09,1.01,1.06,1.15,1.21,1.33,1.5
2017-08-10,1.02,1.05,1.14,1.22,1.33,1.49
2017-08-11,0.99,1.03,1.14,1.21,1.3,1.43
2017-08-14,0.95,1.02,1.13,1.23,1.33,1.48
2017-08-15,0.97,1.04,1.16,1.23,1.35,1.51
2017-08-16,0.97,1.02,1.13,1.24,1.33,1.49
2017-08-17,0.95,1.0,1.11,1.24,1.32,1.46
2017-08-18,0.97,1.02,1.13,1.24,1.33,1.47
2017-08-21,0.95,1.0,1.11,1.23,1.32,1.46
2017-08-22,0.93,1.0,1.13,1.24,1.33,1.48
2017-08-23,0.98,1.0,1.11,1.22,1.32,1.45
2017-08-24,0.98,1.02,1.11,1.23,1.33,1.47
2017-08-25,0.99,1.03,1.11,1.23,1.35,1.47
2017-08-28,0.99,0.98,1.12,1.24,1.33,1.46
2017-08-29,0.96,1.03,1.13,1.23,1.33,1.43
2017-08-30,0.96,1.03,1.11,1.23,1.33,1.44
2017-08-31,0.95,1.01,1.08,1.23,1.33,1.44
2017-09-01,0.96,1.02,1.1,1.24,1.35,1.46
2017-09-04,0.96,1.02,1.1,1.24,1.35,1.46
2017-09-05,1.3,1.03,1.13,1.23,1.3,1.4
2017-09-06,1.04,1.07,1.17,1.24,1.3,1.42
2017-09-07,0.98,1.05,1.15,1.21,1.27,1.38
2017-09-08,0.96,1.04,1.14,1.22,1.27,1.39
2017-09-11,0.97,1.05,1.16,1.24,1.32,1.44
2017-09-12,0.99,1.03,1.16,1.27,1.33,1.46
2017-09-13,0.99,1.04,1.16,1.27,1.35,1.48
2017-09-14,0.99,1.05,1.17,1.28,1.37,1.5
2017-09-15,0.98,1.05,1.17,1.3,1.39,1.53
2017-09-18,0.96,1.05,1.18,1.3,1.4,1.54
2017-09-19,0.97,1.04,1.19,1.31,1.4,1.55
2017-09-20,0.98,1.04,1.2,1.32,1.45,1.6
2017-09-21,0.99,1.04,1.19,1.31,1.45,1.59
2017-09-22,0.97,1.03,1.19,1.3,1.46,1.58
2017-09-25,0.97,1.05,1.19,1.3,1.44,1.56
2017-09-26,0.96,1.06,1.19,1.31,1.45,1.57
2017-09-27,0.99,1.07,1.2,1.33,1.47,1.6
2017-09-28,0.97,1.06,1.18,1.31,1.45,1.59
2017-09-29,0.96,1.06,1.2,1.31,1.47,1.62
2017-10-02,0.95,1.01,1.22,1.31,1.49,1.63
2017-10-03,1.01,1.07,1.21,1.32,1.47,1.62
2017-10-04,1.0,1.08,1.21,1.33,1.47,1.62
2017-10-05,1.02,1.07,1.21,1.35,1.49,1.63
2017-10-06,1.03,1.07,1.22,1.35,1.54,1.66
2017-10-09,1.03,1.07,1.22,1.35,1.54,1.66
2017-10-10,1.03,1.08,1.26,1.42,1.51,1.64
2017-10-11,1.04,1.1,1.25,1.4,1.51,1.66
2017-10-12,0.99,1.09,1.27,1.41,1.51,1.66
2017-10-13,0.97,1.09,1.26,1.39,1.51,1.64
2017-10-16,0.97,1.1,1.24,1.42,1.54,1.68
2017-10-17,0.99,1.09,1.25,1.41,1.54,1.69
2017-10-18,0.99,1.09,1.24,1.42,1.59,1.7
2017-10-19,0.99,1.1,1.25,1.41,1.58,1.69
2017-10-20,0.99,1.11,1.27,1.43,1.6,1.72
2017-10-23,1.0,1.09,1.25,1.42,1.58,1.7
2017-10-24,1.0,1.12,1.27,1.43,1.6,1.73
2017-10-25,1.01,1.12,1.27,1.43,1.61,1.74
2017-10-26,0.99,1.11,1.29,1.43,1.63,1.76
2017-10-27,0.98,1.1,1.28,1.42,1.59,1.73
2017-10-30,0.97,1.12,1.24,1.42,1.58,1.71
2017-10-31,0.99,1.15,1.28,1.43,1.6,1.73
2017-11-01,1.06,1.18,1.3,1.46,1.61,1.74
2017-11-02,1.02,1.17,1.29,1.46,1.61,1.73
2017-11-03,1.02,1.18,1.31,1.49,1.63,1.74
2017-11-06,1.03,1.19,1.3,1.5,1.61,1.73
2017-11-07,1.05,1.22,1.33,1.49,1.63,1.75
2017-11-08,1.05,1.23,1.35,1.53,1.65,1.77
2017-11-09,1.07,1.24,1.36,1.53,1.63,1.75
2017-11-10,1.06,1.23,1.37,1.54,1.67,1.79
2017-11-13,1.07,1.24,1.37,1.55,1.7,1.82
2017-11-14,1.06,1.26,1.4,1.55,1.68,1.81
2017-11-15,1.08,1.25,1.39,1.55,1.68,1.79
2017-11-16,1.08,1.27,1.42,1.59,1.72,1.83
2017-11-17,1.08,1.29,1.42,1.6,1.73,1.83
2017-11-20,1.09,1.3,1.46,1.62,1.77,1.86
2017-11-21,1.15,1.3,1.45,1.62,1.77,1.88
2017-11-22,1.16,1.29,1.45,1.61,1.74,1.84
2017-11-23,1.16,1.29,1.45,1.61,1.74,1.84
2017-11-24,1.14,1.29,1.45,1.61,1.75,1.85
2017-11-27,1.15,1.27,1.41,1.62,1.74,1.84
2017-11-28,1.16,1.3,1.46,1.61,1.75,1.85
2017-11-29,1.17,1.29,1.45,1.61,1.78,1.86
2017-11-30,1.14,1.27,1.44,1.62,1.78,1.9
2017-12-01,1.14,1.27,1.45,1.62,1.78,1.9
2017-12-04,1.16,1.29,1.45,1.66,1.8,1.93
2017-12-05,1.21,1.3,1.48,1.64,1.83,1.94
2017-12-06,1.18,1.3,1.48,1.68,1.78,1.92
2017-12-07,1.16,1.29,1.47,1.67,1.8,1.92
2017-12-08,1.14,1.28,1.45,1.65,1.8,1.92
2017-12-11,1.18,1.33,1.47,1.69,1.82,1.95
2017-12-12,1.26,1.34,1.49,1.7,1.83,1.95
2017-12-13,1.22,1.3,1.47,1.68,1.79,1.9
2017-12-14,1.21,1.32,1.48,1.7,1.82,1.92
2017-12-15,1.24,1.31,1.48,1.71,1.84,1.95
2017-12-18,1.26,1.38,1.51,1.7,1.84,1.94
2017-12-19,1.25,1.37,1.51,1.71,1.87,1.97
2017-12-20,1.22,1.38,1.51,1.72,1.87,1.98
2017-12-21,1.21,1.35,1.54,1.73,1.89,2.01
2017-12-22,1.15,1.33,1.54,1.73,1.91,2.01
2017-12-25,1.15,1.33,1.54,1.73,1.91,2.01
2017-12-26,1.24,1.47,1.52,1.75,1.92,2.02
2017-12-27,1.18,1.44,1.53,1.75,1.89,1.99
2017-12-28,1.19,1.39,1.54,1.76,1.91,2.0
2017-12-29,1.28,1.39,1.53,1.76,1.89,1.98
2018-01-01,1.28,1.39,1.53,1.76,1.89,1.98
2018-01-02,1.29,1.44,1.61,1.83,1.92,2.01
2018-01-03,1.29,1.41,1.59,1.81,1.94,2.02
2018-01-04,1.28,1.41,1.6,1.82,1.96,2.05
2018-01-05,1.27,1.39,1.58,1.8,1.96,2.06
2018-01-08,1.3,1.45,1.6,1.79,1.96,2.07
2018-01-09,1.27,1.44,1.6,1.78,1.98,2.09
2018-01-10,1.31,1.42,1.59,1.78,1.98,2.08
2018-01-11,1.32,1.43,1.58,1.77,1.98,2.09
2018-01-12,1.31,1.43,1.59,1.78,1.99,2.12
2018-01-15,1.31,1.43,1.59,1.78,1.99,2.12
2018-01-16,1.33,1.45,1.63,1.79,2.03,2.12
2018-01-17,1.31,1.44,1.63,1.79,2.05,2.15
2018-01-18,1.29,1.45,1.63,1.79,2.05,2.17
2018-01-19,1.28,1.44,1.62,1.79,2.06,2.2
2018-01-22,1.27,1.44,1.65,1.79,2.08,2.21
2018-01-23,1.26,1.44,1.63,1.78,2.06,2.18
2018-01-24,1.25,1.43,1.63,1.79,2.08,2.2
2018-01-25,1.23,1.42,1.64,1.8,2.08,2.2
2018-01-26,1.24,1.41,1.64,1.8,2.13,2.24
2018-01-29,1.28,1.44,1.66,1.8,2.11,2.26
2018-01-30,1.49,1.44,1.66,1.88,2.13,2.27
2018-01-31,1.43,1.46,1.66,1.9,2.14,2.29
2018-02-01,1.41,1.48,1.64,1.89,2.16,2.33
2018-02-02,1.4,1.48,1.65,1.88,2.15,2.33
2018-02-05,1.4,1.51,1.67,1.85,2.08,2.25
2018-02-06,1.48,1.52,1.69,1.87,2.1,2.3
2018-02-07,1.36,1.55,1.73,1.91,2.15,2.33
2018-02-08,1.32,1.55,1.73,1.91,2.13,2.32
2018-02-09,1.31,1.55,1.73,1.89,2.05,2.26
2018-02-12,1.35,1.62,1.82,1.93,2.09,2.3
2018-02-13,1.34,1.59,1.8,1.95,2.1,2.3
2018-02-14,1.32,1.58,1.81,1.98,2.17,2.4
2018-02-15,1.3,1.58,1.82,1.99,2.19,2.4
2018-02-16,1.35,1.62,1.83,2.0,2.21,2.38
2018-02-19,1.35,1.62,1.83,2.0,2.21,2.38
2018-02-20,1.39,1.66,1.87,2.01,2.25,2.4
2018-02-21,1.4,1.64,1.85,2.03,2.26,2.44
2018-02-22,1.34,1.63,1.84,2.02,2.25,2.42
2018-02-23,1.38,1.64,1.85,2.02,2.25,2.39
2018-02-26,1.39,1.66,1.87,2.03,2.22,2.37
2018-02-27,1.49,1.66,1.87,2.08,2.27,2.43
2018-02-28,1.5,1.65,1.86,2.07,2.25,2.42
2018-03-01,1.5,1.63,1.85,2.05,2.22,2.36
2018-03-02,1.5,1.65,1.86,2.06,2.25,2.4
2018-03-05,1.53,1.7,1.86,2.06,2.24,2.41
2018-03-06,1.56,1.68,1.87,2.06,2.25,2.42
2018-03-07,1.57,1.68,1.87,2.05,2.25,2.42
2018-03-08,1.57,1.67,1.89,2.05,2.25,2.42
2018-03-09,1.57,1.67,1.89,2.03,2.27,2.45
2018-03-12,1.6,1.71,1.89,2.05,2.27,2.43
2018-03-13,1.64,1.73,1.9,2.03,2.26,2.41
2018-03-14,1.71,1.76,1.94,2.05,2.26,2.41
2018-03-15,1.7,1.77,1.95,2.07,2.29,2.42
2018-03-16,1.71,1.78,1.96,2.08,2.31,2.44
2018-03-19,1.7,1.8,1.99,2.08,2.31,2.45
2018-03-20,1.76,1.81,1.97,2.08,2.34,2.49
2018-03-21,1.71,1.74,1.95,2.06,2.31,2.46
2018-03-22,1.67,1.72,1.95,2.05,2.29,2.43
2018-03-23,1.69,1.74,1.92,2.04,2.28,2.41
2018-03-26,1.71,1.79,1.94,2.06,2.33,2.44
2018-03-27,1.69,1.77,1.93,2.1,2.26,2.39
2018-03-28,1.65,1.73,1.95,2.12,2.28,2.41
2018-03-29,1.63,1.73,1.93,2.09,2.27,2.39
2018-03-30,1.63,1.73,1.93,2.09,2.27,2.39
2018-04-02,1.68,1.77,1.92,2.08,2.25,2.37
2018-04-03,1.7,1.75,1.92,2.09,2.28,2.41
2018-04-04,1.67,1.71,1.9,2.07,2.28,2.42
2018-04-05,1.67,1.72,1.93,2.07,2.3,2.45
2018-04-06,1.68,1.73,1.91,2.06,2.27,2.4
2018-04-09,1.67,1.76,1.93,2.08,2.29,2.43
2018-04-10,1.63,1.74,1.93,2.09,2.32,2.45
2018-04-11,1.64,1.73,1.95,2.09,2.32,2.45
2018-04-12,1.65,1.75,1.95,2.11,2.34,2.49
2018-04-13,1.64,1.76,1.97,2.12,2.37,2.51
2018-04-16,1.64,1.79,1.98,2.12,2.39,2.52
2018-04-17,1.68,1.8,2.02,2.16,2.41,2.52
2018-04-18,1.67,1.81,2.01,2.17,2.42,2.57
2018-04-19,1.67,1.82,2.01,2.21,2.44,2.58
2018-04-20,1.65,1.81,2.01,2.22,2.46,2.62
2018-04-23,1.69,1.87,2.04,2.25,2.49,2.64
2018-04-24,1.7,1.87,2.05,2.25,2.48,2.63
2018-04-25,1.65,1.85,2.03,2.26,2.49,2.64
2018-04-26,1.62,1.82,2.02,2.25,2.49,2.63
2018-04-27,1.62,1.82,2.02,2.24,2.49,2.62
2018-04-30,1.65,1.87,2.04,2.24,2.49,2.62
2018-05-01,1.68,1.85,2.05,2.26,2.5,2.66
2018-05-02,1.69,1.84,2.03,2.24,2.49,2.64
2018-05-03,1.68,1.84,2.02,2.24,2.49,2.62
2018-05-04,1.67,1.84,2.03,2.24,2.51,2.63
2018-05-07,1.69,1.86,2.05,2.25,2.49,2.64
2018-05-08,1.69,1.87,2.05,2.26,2.51,2.66
2018-05-09,1.68,1.88,2.05,2.27,2.54,2.68
2018-05-10,1.69,1.9,2.05,2.27,2.54,2.69
2018-05-11,1.68,1.92,2.06,2.28,2.54,2.69
2018-05-14,1.7,1.93,2.09,2.28,2.55,2.7
2018-05-15,1.69,1.92,2.09,2.31,2.58,2.75
2018-05-16,1.69,1.92,2.09,2.32,2.58,2.76
2018-05-17,1.7,1.92,2.1,2.32,2.57,2.75
2018-05-18,1.68,1.91,2.09,2.32,2.55,2.71
2018-05-21,1.71,1.93,2.14,2.35,2.58,2.73
2018-05-22,1.73,1.93,2.13,2.34,2.59,2.73
2018-05-23,1.76,1.92,2.11,2.29,2.53,2.67
2018-05-24,1.74,1.91,2.09,2.28,2.5,2.65
2018-05-25,1.7,1.9,2.07,2.27,2.48,2.6
2018-05-28,1.7,1.9,2.07,2.27,2.48,2.6
2018-05-29,1.77,1.93,2.06,2.17,2.32,2.43
2018-05-30,1.77,1.94,2.08,2.23,2.42,2.53
2018-05-31,1.76,1.93,2.08,2.23,2.4,2.54
2018-06-01,1.74,1.92,2.1,2.28,2.47,2.61
2018-06-04,1.77,1.94,2.13,2.3,2.52,2.64
2018-06-05,1.82,1.94,2.13,2.32,2.49,2.62
2018-06-06,1.81,1.95,2.13,2.32,2.52,2.65
2018-06-07,1.78,1.94,2.12,2.31,2.5,2.63
2018-06-08,1.78,1.93,2.12,2.3,2.5,2.63
2018-06-11,1.82,1.94,2.11,2.32,2.52,2.66
2018-06-12,1.81,1.92,2.1,2.31,2.54,2.67
2018-06-13,1.82,1.94,2.09,2.35,2.59,2.71
2018-06-14,1.81,1.94,2.07,2.35,2.59,2.69
2018-06-15,1.82,1.94,2.07,2.35,2.55,2.68
2018-06-18,1.84,1.94,2.13,2.35,2.56,2.67
2018-06-19,1.85,1.94,2.13,2.34,2.54,2.64
2018-06-20,1.85,1.94,2.14,2.36,2.56,2.67
2018-06-21,1.85,1.94,2.12,2.34,2.56,2.65
2018-06-22,1.83,1.93,2.11,2.33,2.56,2.65
2018-06-25,1.8,1.93,2.13,2.34,2.54,2.63
2018-06-26,1.79,1.93,2.14,2.33,2.53,2.63
2018-06-27,1.79,1.93,2.1,2.33,2.52,2.59
2018-06-28,1.76,1.93,2.11,2.33,2.52,2.6
2018-06-29,1.77,1.93,2.11,2.33,2.52,2.63
2018-07-02,1.9,1.98,2.14,2.34,2.57,2.65
2018-07-03,1.91,1.98,2.12,2.33,2.53,2.63
2018-07-04,1.91,1.98,2.12,2.33,2.53,2.63
2018-07-05,1.87,1.96,2.11,2.32,2.55,2.65
2018-07-06,1.86,1.97,2.13,2.34,2.53,2.64
2018-07-09,1.87,1.98,2.15,2.34,2.57,2.66
2018-07-10,1.88,1.99,2.15,2.36,2.59,2.69
2018-07-11,1.89,1.97,2.14,2.36,2.58,2.67
2018-07-12,1.89,1.98,2.17,2.39,2.6,2.68
2018-07-13,1.87,1.98,2.16,2.37,2.59,2.66
2018-07-16,1.9,2.01,2.19,2.39,2.59,2.67
2018-07-17,1.93,2.02,2.19,2.39,2.62,2.69
2018-07-18,1.9,2.0,2.17,2.43,2.6,2.69
2018-07-19,1.89,2.0,2.16,2.4,2.6,2.67
2018-07-20,1.86,1.99,2.16,2.41,2.6,2.68
2018-07-23,1.88,1.99,2.19,2.42,2.64,2.72
2018-07-24,1.92,2.02,2.19,2.42,2.63,2.74
2018-07-25,1.9,2.01,2.2,2.42,2.66,2.74
2018-07-26,1.89,1.99,2.19,2.41,2.69,2.78
2018-07-27,1.9,2.0,2.2,2.43,2.67,2.76
2018-07-30,1.91,2.04,2.21,2.43,2.66,2.77
2018-07-31,1.94,2.03,2.21,2.44,2.67,2.77
2018-08-01,1.93,2.03,2.22,2.45,2.67,2.78
2018-08-02,1.89,2.02,2.22,2.45,2.66,2.76
2018-08-03,1.9,2.01,2.23,2.43,2.63,2.74
2018-08-06,1.92,2.05,2.23,2.44,2.64,2.73
2018-08-07,1.96,2.06,2.23,2.45,2.68,2.76
2018-08-08,1.93,2.06,2.24,2.44,2.68,2.77
2018-08-09,1.91,2.06,2.25,2.44,2.64,2.74
2018-08-10,1.92,2.05,2.23,2.42,2.61,2.68
2018-08-13,1.93,2.06,2.22,2.42,2.61,2.68
2018-08-14,1.96,2.08,2.25,2.44,2.63,2.71
2018-08-15,1.96,2.07,2.23,2.45,2.61,2.68
2018-08-16,1.96,2.07,2.24,2.45,2.63,2.7
2018-08-17,1.95,2.05,2.24,2.44,2.61,2.68
2018-08-20,1.93,2.06,2.25,2.43,2.6,2.65
2018-08-21,1.94,2.08,2.25,2.45,2.61,2.67
2018-08-22,1.95,2.09,2.24,2.43,2.6,2.65
2018-08-23,1.94,2.08,2.23,2.43,2.61,2.66
2018-08-24,1.95,2.09,2.25,2.44,2.63,2.68
2018-08-27,1.96,2.12,2.25,2.47,2.67,2.7
2018-08-28,1.96,2.13,2.28,2.47,2.67,2.73
2018-08-29,1.97,2.13,2.28,2.48,2.67,2.75
2018-08-30,1.97,2.11,2.28,2.47,2.64,2.72
2018-08-31,1.95,2.11,2.28,2.46,2.62,2.7
2018-09-03,1.95,2.11,2.28,2.46,2.62,2.7
2018-09-04,2.0,2.13,2.29,2.49,2.66,2.73
2018-09-05,2.0,2.14,2.3,2.49,2.66,2.72
2018-09-06,1.98,2.13,2.3,2.5,2.64,2.71
2018-09-07,1.98,2.14,2.3,2.53,2.71,2.78
2018-09-10,1.98,2.14,2.32,2.54,2.73,2.78
2018-09-11,2.02,2.15,2.31,2.55,2.76,2.83
2018-09-12,2.01,2.16,2.33,2.56,2.74,2.82
2018-09-13,2.01,2.15,2.33,2.55,2.76,2.83
2018-09-14,2.02,2.16,2.33,2.56,2.78,2.85
2018-09-17,2.02,2.16,2.35,2.57,2.78,2.85
2018-09-18,2.05,2.17,2.36,2.58,2.81,2.88
2018-09-19,2.03,2.16,2.36,2.58,2.81,2.89
2018-09-20,2.03,2.17,2.37,2.58,2.81,2.89
2018-09-21,2.05,2.18,2.38,2.58,2.81,2.89
2018-09-24,2.07,2.22,2.38,2.6,2.83,2.89
2018-09-25,2.12,2.21,2.38,2.59,2.83,2.91
2018-09-26,2.11,2.2,2.37,2.58,2.83,2.89
2018-09-27,2.1,2.18,2.37,2.58,2.83,2.89
2018-09-28,2.12,2.19,2.36,2.59,2.81,2.88
2018-10-01,2.13,2.23,2.4,2.6,2.82,2.9
2018-10-02,2.14,2.23,2.41,2.61,2.82,2.88
2018-10-03,2.15,2.23,2.41,2.62,2.85,2.94
2018-10-04,2.16,2.22,2.42,2.63,2.87,2.97
2018-10-05,2.15,2.23,2.41,2.64,2.88,2.99
2018-10-08,2.15,2.23,2.41,2.64,2.88,2.99
2018-10-09,2.17,2.25,2.46,2.65,2.88,2.98
2018-10-10,2.18,2.27,2.45,2.67,2.88,2.97
2018-10-11,2.14,2.27,2.44,2.66,2.85,2.94
2018-10-12,2.14,2.28,2.44,2.66,2.85,2.93
2018-10-15,2.17,2.31,2.47,2.67,2.85,2.94
2018-10-16,2.19,2.3,2.46,2.66,2.87,2.95
2018-10-17,2.2,2.31,2.47,2.66,2.89,2.97
2018-10-18,2.19,2.32,2.47,2.67,2.87,2.95
2018-10-19,2.19,2.31,2.48,2.67,2.92,2.99
2018-10-22,2.18,2.34,2.49,2.68,2.92,2.99
2018-10-23,2.21,2.33,2.48,2.67,2.89,2.95
2018-10-24,2.2,2.34,2.47,2.64,2.84,2.89
2018-10-25,2.19,2.34,2.47,2.66,2.86,2.92
2018-10-26,2.16,2.33,2.47,2.63,2.81,2.85
2018-10-29,2.17,2.34,2.49,2.64,2.81,2.86
2018-10-30,2.21,2.33,2.48,2.66,2.84,2.9
2018-10-31,2.2,2.34,2.49,2.69,2.87,2.93
2018-11-01,2.21,2.32,2.49,2.67,2.84,2.91
2018-11-02,2.19,2.33,2.5,2.7,2.91,2.98
2018-11-05,2.2,2.36,2.51,2.71,2.91,2.99
2018-11-06,2.23,2.35,2.52,2.72,2.93,3.01
2018-11-07,2.23,2.37,2.51,2.74,2.96,3.03
2018-11-08,2.21,2.35,2.52,2.74,2.98,3.05
2018-11-09,2.21,2.36,2.52,2.73,2.94,3.01
2018-11-12,2.21,2.36,2.52,2.73,2.94,3.01
2018-11-13,2.24,2.38,2.53,2.72,2.89,2.95
2018-11-14,2.24,2.38,2.52,2.71,2.86,2.92
2018-11-15,2.2,2.37,2.51,2.7,2.86,2.91
2018-11-16,2.21,2.36,2.5,2.68,2.81,2.85
2018-11-19,2.23,2.38,2.52,2.66,2.79,2.82
2018-11-20,2.23,2.39,2.51,2.67,2.79,2.83
2018-11-21,2.25,2.41,2.52,2.67,2.81,2.84
2018-11-22,2.25,2.41,2.52,2.67,2.81,2.84
2018-11-23,2.25,2.41,2.52,2.67,2.81,2.83
2018-11-26,2.24,2.41,2.54,2.7,2.84,2.86
2018-11-27,2.31,2.41,2.53,2.7,2.83,2.86
2018-11-28,2.31,2.4,2.53,2.69,2.81,2.84
2018-11-29,2.31,2.37,2.52,2.69,2.81,2.83
2018-11-30,2.31,2.37,2.52,2.7,2.8,2.83
2018-12-03,2.3,2.38,2.56,2.72,2.83,2.84
2018-12-04,2.37,2.42,2.58,2.71,2.8,2.81
2018-12-05,2.37,2.42,2.58,2.71,2.8,2.81
2018-12-06,2.36,2.41,2.56,2.7,2.75,2.76
2018-12-07,2.32,2.4,2.54,2.68,2.72,2.72
2018-12-10,2.32,2.41,2.54,2.69,2.72,2.73
2018-12-11,2.28,2.41,2.55,2.7,2.78,2.78
2018-12-12,2.3,2.43,2.56,2.7,2.77,2.78
2018-12-13,2.36,2.43,2.56,2.69,2.75,2.76
2018-12-14,2.36,2.42,2.56,2.68,2.73,2.72
2018-12-17,2.36,2.4,2.54,2.66,2.7,2.68
2018-12-18,2.35,2.39,2.53,2.64,2.65,2.64
2018-12-19,2.35,2.4,2.54,2.62,2.63,2.61
2018-12-20,2.42,2.39,2.55,2.64,2.67,2.65
2018-12-21,2.41,2.39,2.54,2.62,2.63,2.61
2018-12-24,2.42,2.45,2.52,2.61,2.55,2.56
2018-12-25,2.42,2.45,2.52,2.61,2.55,2.56
2018-12-26,2.41,2.44,2.54,2.61,2.61,2.6
2018-12-27,2.43,2.41,2.49,2.58,2.56,2.55
2018-12-28,2.39,2.4,2.48,2.57,2.52,2.5
2018-12-31,2.44,2.45,2.56,2.63,2.48,2.46
2019-01-01,2.44,2.45,2.56,2.63,2.48,2.46
2019-01-02,2.4,2.42,2.51,2.6,2.5,2.47
2019-01-03,2.42,2.41,2.47,2.5,2.39,2.35
2019-01-04,2.4,2.42,2.51,2.57,2.5,2.47
2019-01-07,2.42,2.45,2.54,2.58,2.53,2.51
2019-01-08,2.4,2.46,2.54,2.6,2.58,2.57
2019-01-09,2.4,2.45,2.52,2.59,2.56,2.54
2019-01-10,2.42,2.43,2.51,2.59,2.56,2.54
2019-01-11,2.41,2.43,2.5,2.58,2.55,2.51
2019-01-14,2.42,2.45,2.52,2.57,2.53,2.51
2019-01-15,2.41,2.45,2.52,2.57,2.53,2.51
2019-01-16,2.41,2.43,2.49,2.57,2.55,2.53
2019-01-17,2.41,2.42,2.5,2.57,2.56,2.55
2019-01-18,2.4,2.41,2.5,2.6,2.62,2.6
2019-01-21,2.4,2.41,2.5,2.6,2.62,2.6
2019-01-22,2.38,2.43,2.51,2.59,2.58,2.55
2019-01-23,2.37,2.41,2.51,2.59,2.58,2.57
2019-01-24,2.38,2.37,2.5,2.58,2.56,2.54
2019-01-25,2.36,2.39,2.51,2.6,2.6,2.58
2019-01-28,2.39,2.42,2.51,2.6,2.6,2.58
2019-01-29,2.39,2.42,2.51,2.6,2.56,2.54
2019-01-30,2.4,2.42,2.5,2.57,2.52,2.49
2019-01-31,2.42,2.41,2.46,2.55,2.45,2.43
2019-02-01,2.41,2.4,2.46,2.56,2.52,2.5
2019-02-04,2.41,2.42,2.49,2.57,2.53,2.52
2019-02-05,2.39,2.42,2.5,2.56,2.53,2.5
2019-02-06,2.4,2.42,2.5,2.56,2.52,2.5
2019-02-07,2.43,2.42,2.49,2.55,2.48,2.46
2019-02-08,2.43,2.43,2.49,2.54,2.45,2.43
2019-02-11,2.44,2.45,2.51,2.55,2.48,2.47
2019-02-12,2.42,2.43,2.5,2.55,2.5,2.48
2019-02-13,2.42,2.44,2.51,2.55,2.53,2.52
2019-02-14,2.45,2.43,2.51,2.53,2.5,2.48
2019-02-15,2.43,2.43,2.5,2.55,2.52,2.5
2019-02-18,2.43,2.43,2.5,2.55,2.52,2.5
2019-02-19,2.44,2.45,2.52,2.54,2.5,2.47
2019-02-20,2.41,2.45,2.51,2.54,2.5,2.47
2019-02-21,2.43,2.45,2.51,2.55,2.53,2.49
2019-02-22,2.43,2.46,2.51,2.55,2.48,2.46
2019-02-25,2.44,2.47,2.51,2.56,2.51,2.48
2019-02-26,2.43,2.45,2.51,2.55,2.48,2.44
2019-02-27,2.43,2.45,2.52,2.54,2.5,2.48
2019-02-28,2.44,2.45,2.5,2.54,2.52,2.5
2019-03-01,2.44,2.44,2.52,2.55,2.55,2.54
2019-03-04,2.45,2.46,2.54,2.54,2.55,2.52
2019-03-05,2.44,2.46,2.53,2.54,2.55,2.52
2019-03-06,2.43,2.47,2.53,2.54,2.52,2.49
2019-03-07,2.45,2.45,2.52,2.52,2.47,2.44
2019-03-08,2.45,2.46,2.52,2.53,2.45,2.43
2019-03-11,2.44,2.46,2.54,2.53,2.47,2.45
2019-03-12,2.44,2.46,2.53,2.52,2.45,2.41
2019-03-13,2.43,2.45,2.53,2.53,2.45,2.41
2019-03-14,2.48,2.45,2.52,2.52,2.46,2.42
2019-03-15,2.46,2.45,2.52,2.52,2.43,2.39
2019-03-18,2.47,2.44,2.51,2.52,2.45,2.41
2019-03-19,2.46,2.46,2.52,2.5,2.46,2.42
2019-03-20,2.45,2.48,2.49,2.47,2.4,2.34
2019-03-21,2.51,2.49,2.5,2.48,2.41,2.34
2019-03-22,2.49,2.46,2.48,2.45,2.31,2.24
2019-03-25,2.47,2.46,2.49,2.41,2.26,2.19
2019-03-26,2.46,2.46,2.49,2.44,2.24,2.18
2019-03-27,2.45,2.44,2.46,2.4,2.22,2.16
2019-03-28,2.44,2.43,2.44,2.4,2.23,2.18
2019-03-29,2.43,2.4,2.44,2.4,2.27,2.21
2019-04-01,2.42,2.43,2.46,2.41,2.33,2.29
2019-04-02,2.43,2.42,2.45,2.41,2.3,2.26
2019-04-03,2.42,2.44,2.45,2.41,2.33,2.29
2019-04-04,2.43,2.44,2.46,2.41,2.33,2.29
2019-04-05,2.42,2.44,2.46,2.43,2.35,2.3
2019-04-08,2.43,2.43,2.48,2.43,2.36,2.31
2019-04-09,2.42,2.42,2.46,2.42,2.35,2.31
2019-04-10,2.4,2.43,2.46,2.41,2.31,2.27
2019-04-11,2.42,2.43,2.46,2.44,2.35,2.3
2019-04-12,2.41,2.44,2.47,2.44,2.4,2.36
2019-04-15,2.42,2.43,2.46,2.43,2.4,2.36
2019-04-16,2.43,2.43,2.47,2.45,2.41,2.38
2019-04-17,2.43,2.44,2.47,2.44,2.4,2.37
2019-04-18,2.44,2.42,2.47,2.44,2.38,2.36
2019-04-19,2.44,2.42,2.47,2.44,2.38,2.36
2019-04-22,2.44,2.44,2.47,2.46,2.38,2.36
2019-04-23,2.43,2.45,2.46,2.43,2.36,2.34
2019-04-24,2.42,2.44,2.46,2.42,2.32,2.28
2019-04-25,2.43,2.43,2.46,2.42,2.33,2.29
2019-04-26,2.42,2.42,2.46,2.41,2.28,2.25
2019-04-29,2.45,2.44,2.47,2.42,2.3,2.27
2019-04-30,2.43,2.43,2.46,2.39,2.27,2.24
2019-05-01,2.42,2.43,2.44,2.39,2.31,2.28
2019-05-02,2.44,2.47,2.46,2.41,2.35,2.32
2019-05-03,2.42,2.43,2.46,2.41,2.33,2.3
2019-05-06,2.43,2.44,2.46,2.39,2.31,2.27
2019-05-07,2.44,2.43,2.46,2.37,2.28,2.24
2019-05-08,2.42,2.43,2.45,2.37,2.3,2.26
2019-05-09,2.43,2.43,2.46,2.36,2.26,2.22
2019-05-10,2.42,2.43,2.45,2.36,2.26,2.23
2019-05-13,2.41,2.41,2.42,2.32,2.18,2.15
2019-05-14,2.41,2.41,2.43,2.32,2.2,2.17
2019-05-15,2.4,2.42,2.43,2.3,2.16,2.12
2019-05-16,2.4,2.4,2.43,2.33,2.2,2.15
2019-05-17,2.39,2.39,2.42,2.33,2.2,2.15
2019-05-20,2.39,2.39,2.42,2.34,2.21,2.17
2019-05-21,2.37,2.39,2.42,2.36,2.26,2.2
2019-05-22,2.36,2.38,2.41,2.37,2.23,2.17
2019-05-23,2.38,2.37,2.4,2.32,2.12,2.08
2019-05-24,2.37,2.35,2.39,2.33,2.16,2.1
2019-05-27,2.37,2.35,2.39,2.33,2.16,2.1
2019-05-28,2.35,2.37,2.38,2.31,2.12,2.06
2019-05-29,2.35,2.37,2.38,2.3,2.09,2.04
2019-05-30,2.37,2.38,2.4,2.29,2.06,2.0
2019-05-31,2.35,2.35,2.35,2.21,1.95,1.9
2019-06-03,2.36,2.35,2.31,2.11,1.82,1.79
2019-06-04,2.34,2.35,2.29,2.11,1.88,1.84
2019-06-05,2.31,2.35,2.25,2.04,1.83,1.81
2019-06-06,2.32,2.33,2.22,2.02,1.88,1.85
2019-06-07,2.3,2.28,2.15,1.97,1.85,1.82
2019-06-10,2.3,2.29,2.21,2.03,1.9,1.87
2019-06-11,2.27,2.27,2.21,2.05,1.93,1.87
2019-06-12,2.19,2.24,2.2,2.02,1.88,1.83
2019-06-13,2.24,2.19,2.18,2.0,1.83,1.78
2019-06-14,2.23,2.2,2.18,2.0,1.84,1.79
2019-06-17,2.22,2.23,2.2,2.03,1.86,1.8
2019-06-18,2.18,2.22,2.2,2.04,1.86,1.8
2019-06-19,2.14,2.18,2.11,1.96,1.74,1.7
2019-06-20,2.17,2.14,2.04,1.91,1.72,1.69
2019-06-21,2.16,2.11,2.05,1.95,1.77,1.74
2019-06-24,2.12,2.13,2.1,1.92,1.72,1.69
2019-06-25,2.11,2.12,2.1,1.93,1.71,1.67
2019-06-26,2.11,2.15,2.12,1.96,1.77,1.74
2019-06-27,2.19,2.14,2.12,1.93,1.74,1.71
2019-06-28,2.18,2.12,2.09,1.92,1.75,1.71
2019-07-01,2.17,2.21,2.1,1.94,1.78,1.74
2019-07-02,2.21,2.2,2.09,1.91,1.77,1.71
2019-07-03,2.25,2.21,2.08,1.91,1.77,1.71
2019-07-04,2.25,2.21,2.08,1.91,1.77,1.71
2019-07-05,2.26,2.23,2.14,1.98,1.87,1.82
2019-07-08,2.23,2.26,2.14,1.99,1.88,1.84
2019-07-09,2.22,2.26,2.15,2.0,1.92,1.88
2019-07-10,2.18,2.2,2.07,1.93,1.82,1.79
2019-07-11,2.17,2.17,2.08,1.97,1.85,1.84
2019-07-12,2.16,2.14,2.07,1.96,1.84,1.81
2019-07-15,2.17,2.16,2.06,1.95,1.83,1.8
2019-07-16,2.16,2.15,2.06,2.0,1.87,1.84
2019-07-17,2.13,2.14,2.04,1.95,1.83,1.8
2019-07-18,2.11,2.05,2.01,1.9,1.77,1.74
2019-07-19,2.11,2.06,2.03,1.94,1.8,1.77
2019-07-22,2.13,2.09,2.08,1.95,1.8,1.77
2019-07-23,2.12,2.06,2.09,1.97,1.83,1.79
2019-07-24,2.1,2.1,2.08,1.98,1.83,1.79
2019-07-25,2.16,2.1,2.08,1.99,1.86,1.83
2019-07-26,2.13,2.12,2.1,2.0,1.86,1.83
2019-07-29,2.12,2.12,2.1,1.98,1.85,1.81
2019-07-30,2.07,2.08,2.07,1.97,1.85,1.82
2019-07-31,2.01,2.08,2.1,2.0,1.89,1.84
2019-08-01,2.11,2.07,2.04,1.88,1.73,1.67
2019-08-02,2.11,2.06,2.02,1.85,1.72,1.67
2019-08-05,2.07,2.05,1.99,1.78,1.59,1.55
2019-08-06,2.05,2.05,2.0,1.8,1.6,1.54
2019-08-07,2.02,2.02,1.95,1.75,1.59,1.51
2019-08-08,2.09,2.02,1.96,1.79,1.62,1.54
2019-08-09,2.05,2.0,1.95,1.78,1.63,1.58
2019-08-12,2.09,2.0,1.94,1.75,1.58,1.51
2019-08-13,2.05,2.0,1.96,1.86,1.66,1.6
2019-08-14,1.98,1.96,1.92,1.79,1.58,1.53
2019-08-15,2.08,1.91,1.86,1.72,1.48,1.44
2019-08-16,2.05,1.87,1.85,1.71,1.48,1.44
2019-08-19,2.06,1.94,1.9,1.75,1.53,1.49
2019-08-20,2.05,1.94,1.89,1.72,1.5,1.44
2019-08-21,2.03,1.97,1.9,1.77,1.56,1.5
2019-08-22,2.1,2.0,1.91,1.79,1.61,1.53
2019-08-23,2.07,1.97,1.87,1.73,1.51,1.43
2019-08-26,2.09,2.01,1.9,1.75,1.54,1.47
2019-08-27,2.07,1.98,1.94,1.77,1.53,1.43
2019-08-28,2.07,1.99,1.89,1.74,1.5,1.42
2019-08-29,2.1,1.99,1.89,1.75,1.53,1.44
2019-08-30,2.1,1.99,1.89,1.76,1.5,1.42
2019-09-02,2.1,1.99,1.89,1.76,1.5,1.42
2019-09-03,2.06,1.98,1.88,1.72,1.47,1.38
2019-09-04,2.05,1.97,1.87,1.69,1.43,1.36
2019-09-05,2.05,1.97,1.88,1.73,1.55,1.47
2019-09-06,2.05,1.96,1.88,1.73,1.53,1.46
2019-09-09,2.04,1.96,1.87,1.74,1.58,1.52
2019-09-10,2.04,1.95,1.89,1.81,1.67,1.61
2019-09-11,2.01,1.96,1.88,1.79,1.68,1.62
2019-09-12,1.99,1.95,1.9,1.82,1.72,1.67
2019-09-13,1.99,1.96,1.92,1.88,1.79,1.76
2019-09-16,2.08,1.99,1.93,1.86,1.74,1.71
2019-09-17,2.1,1.99,1.93,1.87,1.72,1.68
2019-09-18,1.94,1.95,1.91,1.87,1.77,1.72
2019-09-19,2.01,1.93,1.92,1.88,1.74,1.68
2019-09-20,1.95,1.91,1.91,1.84,1.69,1.63
2019-09-23,1.94,1.94,1.93,1.81,1.68,1.61
2019-09-24,1.9,1.92,1.91,1.78,1.6,1.53
2019-09-25,1.8,1.89,1.9,1.82,1.68,1.61
2019-09-26,1.91,1.83,1.88,1.79,1.66,1.61
2019-09-27,1.9,1.8,1.85,1.74,1.63,1.58
2019-09-30,1.91,1.88,1.83,1.75,1.63,1.56
2019-10-01,1.79,1.82,1.81,1.73,1.56,1.51
2019-10-02,1.75,1.79,1.75,1.67,1.48,1.43
2019-10-03,1.78,1.7,1.66,1.58,1.39,1.34
2019-10-04,1.73,1.71,1.65,1.58,1.4,1.35
2019-10-07,1.76,1.75,1.73,1.64,1.46,1.41
2019-10-08,1.69,1.72,1.69,1.62,1.42,1.38
2019-10-09,1.69,1.69,1.69,1.59,1.47,1.43
2019-10-10,1.74,1.68,1.68,1.63,1.53,1.49
2019-10-11,1.76,1.68,1.68,1.67,1.63,1.6
2019-10-14,1.76,1.68,1.68,1.67,1.63,1.6
2019-10-15,1.74,1.67,1.67,1.65,1.61,1.6
2019-10-16,1.71,1.66,1.64,1.59,1.58,1.57
2019-10-17,1.74,1.66,1.63,1.59,1.6,1.57
2019-10-18,1.75,1.66,1.63,1.58,1.58,1.56
2019-10-21,1.76,1.67,1.65,1.59,1.62,1.59
2019-10-22,1.75,1.65,1.64,1.59,1.6,1.59
2019-10-23,1.74,1.65,1.64,1.58,1.58,1.58
2019-10-24,1.75,1.67,1.65,1.59,1.58,1.58
2019-10-25,1.73,1.66,1.66,1.6,1.63,1.62
2019-10-28,1.74,1.65,1.65,1.6,1.64,1.65
2019-10-29,1.66,1.63,1.64,1.59,1.64,1.65
2019-10-30,1.61,1.62,1.62,1.59,1.61,1.6
2019-10-31,1.59,1.54,1.57,1.53,1.52,1.52
2019-11-01,1.58,1.52,1.55,1.53,1.56,1.55
2019-11-04,1.58,1.53,1.57,1.56,1.6,1.59
2019-11-05,1.56,1.56,1.58,1.62,1.63,1.63
2019-11-06,1.55,1.56,1.57,1.58,1.61,1.6
2019-11-07,1.57,1.56,1.58,1.58,1.68,1.7
2019-11-08,1.56,1.55,1.58,1.58,1.68,1.7
2019-11-11,1.56,1.55,1.58,1.58,1.68,1.7
2019-11-12,1.56,1.59,1.59,1.58,1.66,1.69
2019-11-13,1.56,1.57,1.59,1.57,1.63,1.65
2019-11-14,1.59,1.57,1.58,1.55,1.58,1.59
2019-11-15,1.59,1.57,1.59,1.54,1.61,1.61
2019-11-18,1.59,1.57,1.58,1.54,1.6,1.59
2019-11-19,1.58,1.57,1.58,1.54,1.6,1.59
2019-11-20,1.57,1.57,1.58,1.54,1.56,1.55
2019-11-21,1.57,1.58,1.59,1.55,1.6,1.59
2019-11-22,1.58,1.58,1.59,1.56,1.61,1.6
2019-11-25,1.6,1.61,1.61,1.58,1.61,1.6
2019-11-26,1.63,1.6,1.62,1.59,1.58,1.58
2019-11-27,1.65,1.62,1.63,1.6,1.63,1.61
2019-11-28,1.65,1.62,1.63,1.6,1.63,1.61
2019-11-29,1.62,1.59,1.63,1.6,1.61,1.61
2019-12-02,1.6,1.6,1.62,1.6,1.61,1.63
2019-12-03,1.56,1.57,1.57,1.57,1.53,1.54
2019-12-04,1.59,1.55,1.56,1.56,1.58,1.58
2019-12-05,1.52,1.54,1.55,1.56,1.58,1.6
2019-12-06,1.52,1.53,1.56,1.57,1.61,1.64
2019-12-09,1.54,1.54,1.58,1.56,1.63,1.63
2019-12-10,1.53,1.56,1.57,1.56,1.65,1.67
2019-12-11,1.54,1.57,1.58,1.55,1.61,1.62
2019-12-12,1.57,1.56,1.57,1.55,1.66,1.69
2019-12-13,1.55,1.57,1.56,1.54,1.61,1.62
2019-12-16,1.57,1.57,1.58,1.54,1.65,1.67
2019-12-17,1.56,1.56,1.58,1.53,1.63,1.66
2019-12-18,1.56,1.56,1.58,1.54,1.63,1.67
2019-12-19,1.54,1.57,1.57,1.52,1.62,1.65
2019-12-20,1.57,1.58,1.58,1.52,1.63,1.67
2019-12-23,1.57,1.59,1.6,1.53,1.64,1.67
2019-12-24,1.55,1.58,1.61,1.53,1.62,1.64
2019-12-25,1.55,1.58,1.61,1.53,1.62,1.64
2019-12-26,1.59,1.58,1.61,1.53,1.64,1.65
2019-12-27,1.56,1.57,1.59,1.51,1.59,1.6
2019-12-30,1.51,1.57,1.6,1.57,1.58,1.59
2019-12-31,1.48,1.55,1.6,1.59,1.58,1.62
2020-01-01,1.48,1.55,1.6,1.59,1.58,1.62
2020-01-02,1.53,1.54,1.57,1.56,1.58,1.59
2020-01-03,1.52,1.52,1.55,1.55,1.53,1.54
2020-01-06,1.54,1.56,1.56,1.54,1.54,1.56
2020-01-07,1.52,1.54,1.56,1.53,1.54,1.55
2020-01-08,1.5,1.54,1.56,1.55,1.58,1.61
2020-01-09,1.53,1.54,1.56,1.54,1.58,1.59
2020-01-10,1.52,1.54,1.55,1.53,1.56,1.59
2020-01-13,1.54,1.57,1.57,1.53,1.58,1.6
2020-01-14,1.53,1.57,1.57,1.53,1.58,1.59
2020-01-15,1.53,1.57,1.58,1.54,1.56,1.56
2020-01-16,1.54,1.55,1.56,1.54,1.58,1.58
2020-01-17,1.54,1.56,1.57,1.56,1.58,1.56
2020-01-20,1.54,1.56,1.57,1.56,1.58,1.56
2020-01-21,1.52,1.56,1.57,1.54,1.53,1.53
2020-01-22,1.52,1.55,1.56,1.55,1.53,1.52
2020-01-23,1.55,1.55,1.56,1.55,1.51,1.51
2020-01-24,1.54,1.54,1.55,1.55,1.49,1.48
2020-01-27,1.53,1.55,1.57,1.53,1.44,1.41
2020-01-28,1.53,1.57,1.58,1.53,1.45,1.45
2020-01-29,1.52,1.56,1.57,1.51,1.42,1.39
2020-01-30,1.59,1.57,1.57,1.48,1.41,1.37
2020-01-31,1.56,1.55,1.54,1.45,1.33,1.3
2020-02-03,1.56,1.57,1.56,1.46,1.36,1.34
2020-02-04,1.55,1.57,1.57,1.48,1.41,1.4
2020-02-05,1.55,1.57,1.57,1.49,1.44,1.43
2020-02-06,1.59,1.57,1.58,1.51,1.44,1.43
2020-02-07,1.57,1.56,1.57,1.49,1.41,1.39
2020-02-10,1.58,1.58,1.58,1.45,1.37,1.36
2020-02-11,1.57,1.57,1.55,1.48,1.41,1.39
2020-02-12,1.57,1.58,1.56,1.49,1.44,1.42
2020-02-13,1.59,1.59,1.56,1.48,1.44,1.42
2020-02-14,1.6,1.58,1.56,1.49,1.42,1.4
2020-02-17,1.6,1.58,1.56,1.49,1.42,1.4
2020-02-18,1.61,1.58,1.56,1.47,1.41,1.37
2020-02-19,1.61,1.58,1.56,1.47,1.42,1.39
2020-02-20,1.61,1.58,1.55,1.46,1.39,1.35
2020-02-21,1.6,1.56,1.53,1.43,1.34,1.3
2020-02-24,1.6,1.53,1.49,1.35,1.26,1.21
2020-02-25,1.59,1.53,1.47,1.3,1.2,1.16
2020-02-26,1.59,1.53,1.42,1.26,1.16,1.14
2020-02-27,1.56,1.45,1.33,1.18,1.11,1.08
2020-02-28,1.45,1.27,1.11,0.97,0.86,0.85
2020-03-02,1.41,1.13,0.95,0.89,0.84,0.85
2020-03-03,1.11,0.95,0.83,0.73,0.71,0.72
2020-03-04,1.0,0.72,0.68,0.59,0.67,0.68
2020-03-05,0.92,0.62,0.53,0.48,0.59,0.61
2020-03-06,0.79,0.45,0.41,0.39,0.49,0.53
2020-03-09,0.57,0.33,0.27,0.31,0.38,0.4
2020-03-10,0.57,0.44,0.43,0.43,0.5,0.58
2020-03-11,0.42,0.42,0.4,0.4,0.5,0.58
2020-03-12,0.41,0.33,0.37,0.39,0.5,0.58
2020-03-13,0.33,0.28,0.38,0.38,0.49,0.58
2020-03-16,0.25,0.24,0.29,0.29,0.36,0.43
2020-03-17,0.12,0.19,0.24,0.3,0.47,0.54
2020-03-18,0.04,0.02,0.08,0.21,0.54,0.66
2020-03-19,0.04,0.04,0.06,0.2,0.44,0.53
2020-03-20,0.04,0.05,0.05,0.15,0.37,0.41
2020-03-23,0.01,0.02,0.08,0.17,0.28,0.31
2020-03-24,0.01,0.01,0.09,0.25,0.38,0.44
2020-03-25,0.0,0.0,0.07,0.19,0.34,0.41
2020-03-26,0.01,0.0,0.04,0.13,0.3,0.36
2020-03-27,0.01,0.03,0.02,0.11,0.25,0.3
2020-03-30,0.04,0.12,0.12,0.14,0.23,0.29
2020-03-31,0.05,0.11,0.15,0.17,0.23,0.29
2020-04-01,0.03,0.09,0.14,0.16,0.23,0.28
2020-04-02,0.09,0.09,0.15,0.14,0.23,0.29
2020-04-03,0.09,0.1,0.15,0.15,0.23,0.3
2020-04-06,0.09,0.15,0.17,0.2,0.27,0.35
2020-04-07,0.1,0.14,0.2,0.2,0.28,0.36
2020-04-08,0.14,0.22,0.24,0.23,0.27,0.34
2020-04-09,0.2,0.25,0.24,0.25,0.23,0.29
2020-04-10,0.2,0.25,0.24,0.25,0.23,0.29
2020-04-13,0.17,0.26,0.27,0.27,0.25,0.31
2020-04-14,0.17,0.2,0.24,0.25,0.23,0.29
2020-04-15,0.14,0.14,0.19,0.19,0.2,0.24
2020-04-16,0.14,0.14,0.18,0.17,0.2,0.25
2020-04-17,0.12,0.12,0.16,0.16,0.2,0.26
2020-04-20,0.1,0.12,0.15,0.15,0.2,0.26
2020-04-21,0.08,0.11,0.14,0.17,0.2,0.24
2020-04-22,0.09,0.12,0.14,0.16,0.22,0.26
2020-04-23,0.09,0.11,0.14,0.17,0.22,0.26
2020-04-24,0.1,0.12,0.14,0.18,0.22,0.26
2020-04-27,0.09,0.12,0.15,0.17,0.24,0.29
2020-04-28,0.08,0.11,0.13,0.16,0.2,0.26
2020-04-29,0.1,0.1,0.12,0.18,0.2,0.24
2020-04-30,0.1,0.09,0.11,0.16,0.2,0.24
2020-05-01,0.1,0.12,0.12,0.17,0.2,0.25
2020-05-04,0.1,0.13,0.14,0.16,0.19,0.24
2020-05-05,0.09,0.13,0.15,0.16,0.19,0.24
2020-05-06,0.08,0.12,0.16,0.16,0.17,0.24
2020-05-07,0.1,0.11,0.14,0.15,0.13,0.19
2020-05-08,0.1,0.12,0.15,0.15,0.16,0.21
2020-05-11,0.09,0.12,0.16,0.16,0.17,0.24
2020-05-12,0.1,0.13,0.16,0.16,0.17,0.22
2020-05-13,0.1,0.13,0.15,0.15,0.16,0.2
2020-05-14,0.09,0.12,0.15,0.15,0.16,0.2
2020-05-15,0.09,0.12,0.15,0.15,0.16,0.19
2020-05-18,0.1,0.13,0.15,0.17,0.18,0.24
2020-05-19,0.09,0.13,0.15,0.16,0.17,0.22
2020-05-20,0.08,0.12,0.14,0.16,0.16,0.21
2020-05-21,0.09,0.12,0.14,0.16,0.17,0.21
2020-05-22,0.09,0.12,0.16,0.17,0.17,0.21
2020-05-25,0.09,0.12,0.16,0.17,0.17,0.21
2020-05-26,0.1,0.14,0.17,0.17,0.18,0.22
2020-05-27,0.11,0.15,0.17,0.18,0.19,0.22
2020-05-28,0.14,0.15,0.18,0.17,0.17,0.22
2020-05-29,0.13,0.14,0.18,0.17,0.16,0.19
2020-06-01,0.12,0.14,0.18,0.17,0.14,0.2
2020-06-02,0.12,0.15,0.18,0.17,0.17,0.2
2020-06-03,0.12,0.16,0.19,0.17,0.19,0.26
2020-06-04,0.13,0.15,0.18,0.17,0.19,0.26
2020-06-05,0.13,0.15,0.18,0.18,0.22,0.29
2020-06-08,0.15,0.17,0.19,0.19,0.22,0.29
2020-06-09,0.14,0.19,0.19,0.19,0.2,0.25
2020-06-10,0.13,0.17,0.19,0.18,0.17,0.22
2020-06-11,0.14,0.17,0.18,0.19,0.19,0.22
2020-06-12,0.14,0.16,0.18,0.18,0.19,0.22
2020-06-15,0.15,0.18,0.19,0.17,0.19,0.22
2020-06-16,0.14,0.17,0.19,0.18,0.21,0.23
2020-06-17,0.13,0.17,0.18,0.19,0.19,0.23
2020-06-18,0.13,0.16,0.17,0.19,0.19,0.22
2020-06-19,0.13,0.15,0.17,0.18,0.19,0.22
2020-06-22,0.14,0.16,0.18,0.17,0.19,0.22
2020-06-23,0.12,0.16,0.17,0.18,0.18,0.22
2020-06-24,0.11,0.15,0.17,0.17,0.19,0.21
2020-06-25,0.13,0.16,0.17,0.17,0.17,0.21
2020-06-26,0.12,0.14,0.17,0.17,0.17,0.19
2020-06-29,0.11,0.14,0.18,0.16,0.16,0.18
2020-06-30,0.13,0.16,0.18,0.16,0.16,0.18
2020-07-01,0.12,0.14,0.17,0.16,0.17,0.19
2020-07-02,0.13,0.14,0.16,0.16,0.16,0.19
2020-07-03,0.13,0.14,0.16,0.16,0.16,0.19
2020-07-06,0.12,0.15,0.16,0.16,0.16,0.19
2020-07-07,0.12,0.15,0.17,0.15,0.16,0.19
2020-07-08,0.11,0.15,0.17,0.15,0.16,0.19
2020-07-09,0.11,0.13,0.16,0.15,0.16,0.18
2020-07-10,0.1,0.13,0.15,0.15,0.16,0.19
2020-07-13,0.11,0.14,0.15,0.16,0.16,0.19
2020-07-14,0.11,0.15,0.14,0.17,0.14,0.19
2020-07-15,0.12,0.16,0.15,0.15,0.16,0.18
2020-07-16,0.12,0.11,0.13,0.14,0.16,0.17
2020-07-17,0.11,0.11,0.13,0.14,0.14,0.18
2020-07-20,0.11,0.13,0.14,0.14,0.16,0.18
2020-07-21,0.09,0.13,0.13,0.15,0.14,0.17
2020-07-22,0.09,0.13,0.14,0.14,0.14,0.17
2020-07-23,0.09,0.12,0.13,0.14,0.16,0.16
2020-07-24,0.1,0.11,0.14,0.16,0.14,0.17
2020-07-27,0.1,0.11,0.14,0.14,0.15,0.18
2020-07-28,0.09,0.11,0.12,0.14,0.14,0.16
2020-07-29,0.09,0.11,0.12,0.13,0.12,0.15
2020-07-30,0.1,0.09,0.11,0.11,0.11,0.14
2020-07-31,0.09,0.09,0.1,0.11,0.11,0.11
2020-08-03,0.09,0.1,0.11,0.12,0.11,0.13
2020-08-04,0.09,0.09,0.11,0.14,0.11,0.1
2020-08-05,0.08,0.1,0.12,0.12,0.11,0.13
2020-08-06,0.07,0.1,0.11,0.14,0.11,0.13
2020-08-07,0.08,0.1,0.12,0.14,0.13,0.14
2020-08-10,0.09,0.11,0.13,0.13,0.14,0.15
2020-08-11,0.08,0.11,0.12,0.15,0.16,0.18
2020-08-12,0.08,0.11,0.12,0.13,0.16,0.19
2020-08-13,0.08,0.1,0.12,0.14,0.16,0.19
2020-08-14,0.09,0.1,0.12,0.13,0.14,0.18
2020-08-17,0.09,0.1,0.12,0.13,0.14,0.18
2020-08-18,0.08,0.09,0.13,0.13,0.14,0.17
2020-08-19,0.07,0.11,0.12,0.13,0.14,0.17
2020-08-20,0.08,0.11,0.13,0.12,0.13,0.15
2020-08-21,0.07,0.1,0.12,0.13,0.16,0.16
2020-08-24,0.09,0.12,0.12,0.14,0.14,0.18
2020-08-25,0.08,0.11,0.12,0.13,0.15,0.18
2020-08-26,0.08,0.11,0.12,0.12,0.16,0.18
2020-08-27,0.09,0.11,0.11,0.13,0.16,0.19
2020-08-28,0.09,0.1,0.11,0.12,0.14,0.16
2020-08-31,0.08,0.11,0.13,0.12,0.14,0.15
2020-09-01,0.09,0.12,0.13,0.12,0.13,0.14
2020-09-02,0.1,0.12,0.12,0.13,0.14,0.16
2020-09-03,0.1,0.11,0.12,0.12,0.13,0.15
2020-09-04,0.09,0.11,0.12,0.13,0.14,0.18
2020-09-07,0.09,0.11,0.12,0.13,0.14,0.18
2020-09-08,0.1,0.13,0.14,0.15,0.14,0.17
2020-09-09,0.1,0.12,0.14,0.14,0.14,0.17
2020-09-10,0.1,0.12,0.12,0.15,0.14,0.17
2020-09-11,0.1,0.11,0.12,0.13,0.13,0.16
2020-09-14,0.1,0.11,0.13,0.14,0.14,0.16
2020-09-15,0.09,0.11,0.12,0.13,0.14,0.16
2020-09-16,0.08,0.12,0.12,0.12,0.14,0.16
2020-09-17,0.09,0.09,0.11,0.12,0.13,0.16
2020-09-18,0.09,0.1,0.12,0.13,0.14,0.16
2020-09-21,0.09,0.1,0.11,0.12,0.14,0.16
2020-09-22,0.08,0.1,0.11,0.12,0.13,0.15
2020-09-23,0.08,0.11,0.11,0.13,0.14,0.15
2020-09-24,0.08,0.1,0.11,0.12,0.14,0.16
2020-09-25,0.08,0.1,0.11,0.12,0.12,0.15
2020-09-28,0.09,0.11,0.11,0.12,0.14,0.16
2020-09-29,0.07,0.09,0.11,0.12,0.11,0.13
2020-09-30,0.08,0.1,0.11,0.12,0.13,0.16
2020-10-01,0.09,0.09,0.1,0.12,0.14,0.16
2020-10-02,0.1,0.09,0.11,0.12,0.13,0.16
2020-10-05,0.09,0.1,0.11,0.12,0.14,0.19
2020-10-06,0.08,0.1,0.11,0.14,0.14,0.17
2020-10-07,0.08,0.1,0.12,0.13,0.16,0.21
2020-10-08,0.09,0.09,0.12,0.13,0.13,0.18
2020-10-09,0.1,0.1,0.12,0.15,0.16,0.2
2020-10-12,0.1,0.1,0.12,0.15,0.16,0.2
2020-10-13,0.09,0.11,0.12,0.13,0.16,0.18
2020-10-14,0.1,0.12,0.12,0.13,0.14,0.18
2020-10-15,0.1,0.11,0.12,0.12,0.14,0.18
2020-10-16,0.09,0.11,0.12,0.12,0.14,0.18
2020-10-19,0.09,0.11,0.11,0.13,0.16,0.19
2020-10-20,0.08,0.1,0.12,0.13,0.14,0.19
2020-10-21,0.08,0.1,0.12,0.13,0.14,0.2
2020-10-22,0.09,0.09,0.11,0.13,0.16,0.21
2020-10-23,0.08,0.1,0.11,0.12,0.18,0.21
2020-10-26,0.08,0.11,0.12,0.12,0.16,0.18
2020-10-27,0.08,0.1,0.11,0.12,0.16,0.19
2020-10-28,0.07,0.1,0.11,0.12,0.16,0.19
2020-10-29,0.08,0.09,0.1,0.12,0.16,0.2
2020-10-30,0.08,0.09,0.11,0.13,0.14,0.19
2020-11-02,0.09,0.09,0.11,0.13,0.16,0.2
2020-11-03,0.09,0.1,0.12,0.14,0.17,0.21
2020-11-04,0.08,0.1,0.1,0.12,0.14,0.18
2020-11-05,0.09,0.1,0.1,0.12,0.14,0.18
2020-11-06,0.1,0.1,0.11,0.12,0.16,0.21
2020-11-09,0.1,0.11,0.11,0.12,0.17,0.25
2020-11-10,0.09,0.1,0.11,0.12,0.19,0.26
2020-11-11,0.09,0.1,0.11,0.12,0.19,0.26
2020-11-12,0.1,0.1,0.1,0.13,0.17,0.23
2020-11-13,0.1,0.09,0.1,0.12,0.17,0.23
2020-11-16,0.09,0.09,0.12,0.12,0.19,0.24
2020-11-17,0.08,0.09,0.1,0.12,0.18,0.22
2020-11-18,0.07,0.09,0.1,0.11,0.16,0.22
2020-11-19,0.08,0.07,0.1,0.11,0.18,0.22
2020-11-20,0.09,0.07,0.1,0.11,0.16,0.21
2020-11-23,0.08,0.08,0.08,0.1,0.16,0.22
2020-11-24,0.08,0.09,0.1,0.11,0.16,0.22
2020-11-25,0.07,0.09,0.09,0.11,0.17,0.21
2020-11-26,0.07,0.09,0.09,0.11,0.17,0.21
2020-11-27,0.09,0.09,0.1,0.11,0.16,0.2
2020-11-30,0.08,0.08,0.09,0.11,0.16,0.19
2020-12-01,0.07,0.09,0.1,0.12,0.17,0.22
2020-12-02,0.07,0.09,0.1,0.11,0.16,0.22
2020-12-03,0.08,0.08,0.09,0.1,0.16,0.21
2020-12-04,0.07,0.09,0.1,0.11,0.16,0.21
2020-12-07,0.09,0.08,0.1,0.1,0.14,0.2
2020-12-08,0.08,0.09,0.09,0.1,0.14,0.2
2020-12-09,0.07,0.08,0.09,0.1,0.16,0.21
2020-12-10,0.07,0.08,0.09,0.1,0.14,0.2
2020-12-11,0.08,0.08,0.08,0.1,0.11,0.18
2020-12-14,0.07,0.09,0.08,0.1,0.13,0.17
2020-12-15,0.07,0.08,0.08,0.09,0.11,0.18
2020-12-16,0.08,0.09,0.09,0.09,0.13,0.18
2020-12-17,0.08,0.08,0.09,0.09,0.13,0.19
2020-12-18,0.08,0.08,0.09,0.09,0.13,0.19
2020-12-21,0.08,0.09,0.09,0.09,0.13,0.18
2020-12-22,0.07,0.09,0.09,0.09,0.13,0.17
2020-12-23,0.07,0.09,0.09,0.09,0.13,0.18
2020-12-24,0.09,0.09,0.09,0.1,0.13,0.17
2020-12-25,0.09,0.09,0.09,0.1,0.13,0.17
2020-12-28,0.09,0.11,0.11,0.11,0.13,0.17
2020-12-29,0.08,0.1,0.12,0.11,0.12,0.17
2020-12-30,0.06,0.08,0.09,0.12,0.12,0.17
2020-12-31,0.08,0.09,0.09,0.1,0.13,0.17
2021-01-01,0.08,0.09,0.09,0.1,0.13,0.17
2021-01-04,0.09,0.09,0.09,0.1,0.11,0.16
2021-01-05,0.08,0.09,0.09,0.1,0.13,0.17
2021-01-06,0.09,0.09,0.09,0.11,0.14,0.2
2021-01-07,0.09,0.09,0.09,0.11,0.14,0.22
2021-01-08,0.08,0.08,0.09,0.1,0.14,0.24
